timestamp,AccX,AccY,AccZ
1753033038472,2.2829999923706055,3.724050283432007,9.354000091552734
1753033038482,2.496000051498413,4.165950298309326,8.422950744628906
1753033038499,2.299950122833252,4.011000156402588,8.526000022888184
1753033038516,2.1160500049591064,3.901050090789795,8.551950454711914
1753033038534,2.020050048828125,4.188000202178955,8.26200008392334
1753033038551,2.2450501918792725,4.0489501953125,8.338950157165527
1753033038568,2.4720001220703125,3.9250502586364746,8.772000312805176
1753033038585,2.568000078201294,3.889050245285034,8.956050872802734
1753033038602,2.284950017929077,3.7860002517700195,9.145050048828125
1753033038619,2.7139501571655273,4.051050186157227,8.473050117492676
1753033038636,2.7589502334594727,3.8310000896453857,8.341050148010254
1753033038654,2.6419501304626465,3.868950128555298,8.373000144958496
1753033038671,2.6010000705718994,3.919950246810913,8.430000305175781
1753033038688,2.5630500316619873,3.948000192642212,8.611950874328613
1753033038705,2.628000020980835,3.988950252532959,8.550000190734863
1753033038722,2.5530002117156982,3.916950225830078,8.71500015258789
1753033038739,2.3809502124786377,3.9220502376556396,8.976000785827637
1753033038756,,,9.418050765991211
1753033038757,2.3359501361846924,3.76200008392334,
1753033038773,2.451000213623047,3.670950174331665,9.201000213623047
1753033038790,,,8.61405086517334
1753033038791,2.5320000648498535,3.712050199508667,
1753033038808,3.0990002155303955,3.478950262069702,8.265000343322754
1753033038824,2.905050039291382,3.739950180053711,8.7649507522583
1753033038843,2.2710001468658447,4.228050231933594,8.860950469970703
1753033038861,1.9390500783920288,4.165950298309326,8.812950134277344
1753033038877,1.8720000982284546,4.248000144958496,8.71500015258789
1753033038893,2.1610500812530518,4.342950344085693,7.470000267028809
1753033038911,2.4340500831604004,4.374000072479248,6.690000534057617
1753033038929,2.508000135421753,4.288050174713135,6.865050315856934
1753033038945,2.7210001945495605,4.099050045013428,7.582950592041016
1753033038962,2.7430500984191895,3.463050127029419,8.80305004119873
1753033038979,2.368950128555298,3.24495005607605,9.604950904846191
1753033038996,2.095950126647949,3.511050224304199,10.633950233459473
1753033039013,2.2740001678466797,3.312000274658203,10.665000915527344
1753033039030,3.0799500942230225,2.725950241088867,10.219950675964355
1753033039047,,,9.021000862121582
1753033039048,3.9049501419067383,1.9170000553131104,
1753033039065,3.3480000495910645,2.379000186920166,8.039999961853027
1753033039082,2.3050501346588135,3.1519501209259033,7.603950500488281
1753033039099,1.234950065612793,4.012950420379639,8.052000045776367
1753033039116,0.9480000734329224,4.639950275421143,8.56605052947998
1753033039133,,,8.977950096130371
1753033039134,0.7680000066757202,5.1570000648498535,
1753033039151,1.024049997329712,5.499000072479248,9.13800048828125
1753033039167,,,9.11400032043457
1753033039168,1.3140000104904175,4.717050075531006,
1753033039185,1.6060501337051392,3.532050132751465,9.282000541687012
1753033039202,1.5169501304626465,3.7549502849578857,9.279000282287598
1753033039219,1.4580000638961792,3.891000270843506,9.238950729370117
1753033039236,,,8.997000694274902
1753033039237,1.807050108909607,3.6160502433776855,
1753033039253,,,8.920950889587402
1753033039254,1.651050090789795,3.724050283432007,
1753033039271,1.8430501222610474,3.8839502334594727,8.593050003051758
1753033039288,2.239950180053711,4.011000156402588,8.526000022888184
1753033039305,2.080049991607666,4.019999980926514,8.650050163269043
1753033039322,1.990950107574463,,8.265000343322754
1753033039323,,4.027050018310547,
1753033039340,2.149049997329712,3.558000087738037,8.023050308227539
1753033039356,,,8.700000762939453
1753033039357,2.058000087738037,3.5490002632141113,
1753033039373,1.7329500913619995,4.135050296783447,9.229050636291504
1753033039391,2.2540500164031982,3.4459502696990967,8.916000366210938
1753033039407,1.596000075340271,3.697050094604492,9.016050338745117
1753033039425,1.659000039100647,3.7710001468658447,8.437050819396973
1753033039443,2.080049991607666,3.7260000705718994,8.053950309753418
1753033039461,1.9069501161575317,3.7159502506256104,8.395950317382812
1753033039478,1.4620500802993774,3.6610500812530518,9.106950759887695
1753033039494,1.88100004196167,2.9860501289367676,9.121950149536133
1753033039511,2.07705020904541,2.662950038909912,9.720000267028809
1753033039527,,,10.167000770568848
1753033039528,1.5649501085281372,2.6920502185821533,
1753033039545,1.3519500494003296,2.7930002212524414,9.886950492858887
1753033039562,1.0339500904083252,,9.367950439453125
1753033039563,,2.9770500659942627,
1753033039579,1.2400500774383545,3.1090500354766846,8.968050003051758
1753033039596,1.9939501285552979,,8.772000312805176
1753033039597,,3.0420000553131104,
1753033039613,2.284950017929077,3.199050188064575,8.42805004119873
1753033039630,2.3329501152038574,3.373950242996216,8.418000221252441
1753033039647,,,8.82194995880127
1753033039648,2.1610500812530518,3.4870500564575195,
1753033039665,1.8720000982284546,3.475050210952759,9.196050643920898
1753033039682,1.5079500675201416,3.472050189971924,9.507000923156738
1753033039699,1.4100000858306885,3.352950096130371,9.552000045776367
1753033039716,1.582050085067749,3.2689502239227295,10.078950881958008
1753033039733,1.9720500707626343,,10.00200080871582
1753033039734,,3.1560001373291016,
1753033039750,2.0839500427246094,,9.526050567626953
1753033039751,,3.160950183868408,
1753033039818,,,9.094950675964355
1753033039819,2.061000108718872,3.38100004196167,
1753033039888,2.6200501918792725,3.807000160217285,7.31505012512207
1753033039956,1.8330000638961792,3.2880001068115234,9.720000267028809
1753033040024,,,8.059050559997559
1753033040025,2.0629501342773438,3.361950159072876,
1753033040094,1.6489500999450684,3.5080502033233643,7.570950508117676
1753033040161,,,6.504000186920166
1753033040162,1.88100004196167,3.271050214767456,
1753033040230,2.6710500717163086,3.135000228881836,3.7230002880096436
1753033040299,,,7.525050163269043
1753033040300,4.827000141143799,2.9599502086639404,
1753033040367,6.822000503540039,3.3960001468658447,10.303950309753418
1753033040435,,,9.469050407409668
1753033040436,6.3919501304626465,2.5030500888824463,
1753033040505,5.836950302124023,1.333050012588501,4.768950462341309
1753033040573,7.074000358581543,0.853950023651123,8.475000381469727
1753033040643,9.115050315856934,1.371000051498413,7.846050262451172
1753033040711,9.937950134277344,1.8550500869750977,6.922050476074219
1753033040779,,,7.552050590515137
1753033040780,11.343000411987305,0.6700500249862671,
1753033040847,11.302050590515137,-3.088050127029419,3.264000177383423
1753033040916,9.71505069732666,-3.466050148010254,-0.6640500426292419
1753033040984,8.497050285339355,-1.6309500932693481,2.356950044631958
1753033041053,7.36305046081543,0.43605002760887146,2.3779501914978027
1753033041121,,,4.668000221252441
1753033041122,6.435000419616699,2.476950168609619,
1753033041190,5.547000408172607,3.1519501209259033,7.090050220489502
1753033041260,7.8319501876831055,1.0600500106811523,5.575050354003906
1753033041327,10.495950698852539,0.3469500243663788,5.668950080871582
1753033041396,10.22295093536377,1.0030500888824463,2.3830502033233643
1753033041464,10.315950393676758,-3.6790502071380615,2.7900002002716064
1753033041532,9.63900089263916,-4.11899995803833,1.7130000591278076
1753033041601,8.530950546264648,-2.9640002250671387,4.360050201416016
1753033041670,8.605050086975098,-0.9010500311851501,1.4929500818252563
1753033041738,8.812950134277344,-0.8580000400543213,3.4050002098083496
1753033041807,9.160050392150879,-1.5610500574111938,1.162950038909912
1753033041877,10.302000045776367,-2.4589500427246094,0.23400001227855682
1753033041944,11.010000228881836,-2.449050188064575,4.075050354003906
1753033042013,9.58395004272461,-2.5230000019073486,-1.76295006275177
1753033042081,10.015050888061523,-5.2230000495910645,4.510050296783447
1753033042150,11.802000999450684,-7.1509504318237305,1.4359500408172607
1753033042218,7.480050563812256,-4.758000373840332,-4.965000152587891
1753033042287,,,0.7660500407218933
1753033042288,6.459000110626221,-3.8110501766204834,
1753033042355,,,-3.808950185775757
1753033042356,7.204950332641602,-1.7700001001358032,
1753033042427,7.999950408935547,-0.9439500570297241,0.7990500330924988
1753033042493,9.400050163269043,-0.7480500340461731,3.0889501571655273
1753033042562,13.063050270080566,-2.245950222015381,1.7419500350952148
1753033042630,12.172950744628906,-2.3970000743865967,0.4420500099658966
1753033042698,12.424050331115723,-3.68595027923584,-1.0429500341415405
1753033042767,9.321000099182129,-5.914050102233887,5.041950225830078
1753033042836,5.5759501457214355,,1.9069501161575317
1753033042837,,-4.183950424194336,
1753033042904,,,1.4710500240325928
1753033042905,5.893950462341309,-1.603950023651123,
1753033042973,5.833950042724609,-1.908000111579895,2.247000217437744
1753033043044,8.160000801086426,-3.0520501136779785,3.450000047683716
1753033043110,,,-0.2939999997615814
1753033043111,11.284950256347656,-4.13100004196167,
1753033043179,10.866000175476074,,1.5979501008987427
1753033043180,,-4.552950382232666,
1753033043248,10.618050575256348,-3.7009501457214355,-0.7189500331878662
1753033043316,11.292000770568848,-5.761050224304199,2.8159501552581787
1753033043384,,,3.580050230026245
1753033043385,9.957000732421875,-7.282950401306152,
1753033043452,7.815000534057617,-5.356950283050537,-0.16200000047683716
1753033043521,6.361050128936768,-2.8939502239227295,1.9860000610351562
1753033043589,6.066000461578369,,-2.0689501762390137
1753033043590,,-0.7170000076293945,
1753033043658,5.425050258636475,-0.3270000219345093,-1.855950117111206
1753033043727,7.725000381469727,-2.8150501251220703,2.485950231552124
1753033043795,11.581950187683105,-6.022050380706787,1.549950122833252
1753033043863,14.28795051574707,-4.617000102996826,-0.22905001044273376
1753033043932,14.719050407409668,-4.521000385284424,2.139000177383423
1753033044000,10.333050727844238,-7.668000221252441,2.365950107574463
1753033044069,7.825050354003906,-7.603950500488281,4.510050296783447
1753033044138,3.444000244140625,-3.5929501056671143,0.9379500150680542
1753033044209,4.486950397491455,-2.511000156402588,-0.492000013589859
1753033044275,5.502000331878662,-2.880000114440918,1.495050072669983
1753033044343,8.623950004577637,-4.62000036239624,3.453000068664551
1753033044412,11.769001007080078,-5.1820502281188965,-0.35100001096725464
1753033044480,,,-0.906000018119812
1753033044481,12.94800090789795,-4.2370500564575195,
1753033044549,13.579950332641602,-3.2560501098632812,1.9810501337051392
1753033044617,11.72295093536377,-4.087950229644775,4.703999996185303
1753033044686,9.412050247192383,,1.7059500217437744
1753033044687,,-6.9649505615234375,
1753033044755,4.105950355529785,-5.835000514984131,2.1130499839782715
1753033044809,3.0510001182556152,-3.805950164794922,2.5530002117156982
1753033044826,2.202000141143799,-3.235950231552124,2.1439499855041504
1753033044841,1.6819500923156738,-2.8510501384735107,1.8160500526428223
1753033044859,1.9270501136779785,-2.5860002040863037,1.88100004196167
1753033044875,2.640000104904175,-2.4400501251220703,1.927950143814087
1753033044892,3.252000093460083,-2.419950008392334,1.537950038909912
1753033044909,3.7189502716064453,-2.40405011177063,1.194000005722046
1753033044926,4.51800012588501,-2.3149502277374268,0.7660500407218933
1753033044944,5.892000198364258,-2.242950201034546,0.8089500665664673
1753033044961,7.369950294494629,-2.263050079345703,1.1440500020980835
1753033044979,8.397000312805176,-2.026050090789795,1.2130500078201294
1753033044995,9.4350004196167,-1.9950001239776611,1.2820500135421753
1753033045012,10.918950080871582,-2.31000018119812,1.7509500980377197
1753033045029,12.096000671386719,-2.8849501609802246,2.239950180053711
1753033045046,12.904950141906738,-3.0670502185821533,3.082050085067749
1753033045063,14.059050559997559,-3.235950231552124,4.278000354766846
1753033045080,15.480000495910645,-3.832050085067749,4.771050453186035
1753033045097,15.745950698852539,,3.4170000553131104
1753033045114,15.181050300598145,-4.870950222015381,1.8349500894546509
1753033045132,14.728950500488281,-5.503050327301025,1.519050121307373
1753033045149,14.463000297546387,-6.156000137329102,2.2920000553131104
1753033045166,13.870050430297852,-6.627000331878662,2.83305025100708
1753033045183,12.597000122070312,-6.4860005378723145,3.259050130844116
1753033045200,11.395051002502441,-6.582000255584717,3.7639501094818115
1753033045217,9.598050117492676,-6.558000087738037,4.341000080108643
1753033045234,7.7440505027771,-6.390000343322754,4.489050388336182
1753033045252,6.484950542449951,-6.121950149536133,3.9460501670837402
1753033045269,6.0259504318237305,-5.8660502433776855,3.0580501556396484
1753033045286,6.034950256347656,-5.448000431060791,2.2420501708984375
1753033045303,6.085050106048584,-4.975950241088867,1.311000108718872
1753033045320,5.755050182342529,-4.3279500007629395,0.4210500121116638
1753033045337,5.425050258636475,-3.6720001697540283,0.06405000388622284
1753033045355,5.272050380706787,-3.2749502658843994,0.4740000367164612
1753033045372,5.155050277709961,-3.058950185775757,1.2750000953674316
1753033045389,5.214000225067139,-3.1690502166748047,2.164950132369995
1753033045409,5.4150004386901855,-3.733950138092041,3.091050148010254
1753033045425,5.27400016784668,-4.23900032043457,4.204050064086914
1753033045440,,,4.98900032043457
1753033045441,5.245950222015381,-4.4760003089904785,
1753033045457,,,5.215950012207031
1753033045458,5.85105037689209,-4.7220001220703125,
1753033045475,6.789000511169434,-4.830000400543213,5.257050037384033
1753033045492,7.428000450134277,-4.701000213623047,4.9360504150390625
1753033045509,7.717050552368164,-4.537950038909912,4.281000137329102
1753033045526,8.062050819396973,-4.438050270080566,3.349950075149536
1753033045544,8.42805004119873,-4.194000244140625,2.3710501194000244
1753033045563,8.908950805664062,-3.8989500999450684,1.5739500522613525
1753033045578,9.261000633239746,-3.6190502643585205,0.9109500646591187
1753033045594,,,0.28905001282691956
1753033045595,9.370950698852539,-3.595050096511841,
1753033045612,9.394950866699219,-3.7270500659942627,0.1270500123500824
1753033045629,9.531000137329102,-4.183950424194336,0.5670000314712524
1753033045646,9.499950408935547,-4.794000148773193,1.0930500030517578
1753033045663,9.2920503616333,-5.443050384521484,1.4880000352859497
1753033045680,9.164999961853027,-6.151050090789795,1.8829500675201416
1753033045697,9.169950485229492,-6.816000461578369,2.622000217437744
1753033045714,9.268050193786621,-7.197000503540039,3.6850502490997314
1753033045731,,,4.552950382232666
1753033045732,9.495000839233398,-7.266000270843506,
1753033045748,,,4.72605037689209
1753033045749,9.880950927734375,-7.294950485229492,
1753033045766,9.796950340270996,-6.847050189971924,4.354950428009033
1753033045783,9.531000137329102,-6.514950275421143,3.6010501384735107
1753033045800,9.225000381469727,-6.508050441741943,2.7300000190734863
1753033045817,8.4660005569458,-6.352050304412842,2.284950017929077
1753033045834,7.780050277709961,-6.32295036315918,2.6730000972747803
1753033045852,7.747950553894043,-6.579000473022461,4.039050102233887
1753033045869,8.005050659179688,-6.976950168609619,5.178000450134277
1753033045886,7.882050514221191,-7.278000354766846,4.948050022125244
1753033045903,7.6459503173828125,-7.879050254821777,3.3450002670288086
1753033045920,7.219950199127197,-8.42400074005127,0.7180500626564026
1753033045937,6.541950225830078,-8.515049934387207,-1.516050100326538
1753033045955,6.03000020980835,-8.487000465393066,-2.533050060272217
1753033045971,6.028050422668457,-8.676000595092773,-2.30400013923645
1753033045991,6.148050308227539,-8.914950370788574,-1.4299501180648804
1753033046007,6.001950263977051,-9.001049995422363,-0.4420500099658966
1753033046025,5.527950286865234,-8.769000053405762,0.1860000044107437
1753033046040,5.008950233459473,-8.046000480651855,0.49500003457069397
1753033046058,5.0370001792907715,-7.627050399780273,0.43995001912117004
1753033046074,4.876950263977051,-7.25700044631958,-0.009000000543892384
1753033046091,4.31505012512207,-7.129950523376465,-0.5850000381469727
1753033046109,4.0320000648498535,-7.032000541687012,-0.5260500311851501
1753033046126,2.725950241088867,-6.466950416564941,-0.31995001435279846
1753033046144,2.754000186920166,-5.6770501136779785,0.22995001077651978
1753033046160,3.0700502395629883,-4.942950248718262,0.559950053691864
1753033046178,3.7380001544952393,-4.201050281524658,0.7969500422477722
1753033046194,4.623000144958496,-3.6600000858306885,0.8370000123977661
1753033046212,5.454000473022461,-3.378000259399414,0.6169500350952148
1753033046228,,,0.21495001018047333
1753033046229,6.435000419616699,-3.427950143814087,
1753033046246,7.4920501708984375,-3.7390501499176025,-0.07800000160932541
1753033046263,8.371050834655762,-4.063950061798096,-0.05700000375509262
1753033046280,9.088950157165527,-4.255949974060059,0.2179500162601471
1753033046297,9.490950584411621,-4.249050140380859,0.7129500508308411
1753033046314,9.538050651550293,-4.1670002937316895,1.440000057220459
1753033046331,9.849000930786133,-4.431000232696533,2.2609500885009766
1753033046348,10.606050491333008,-5.224950313568115,2.8159501552581787
1753033046366,11.197050094604492,-6.12000036239624,2.8309500217437744
1753033046383,11.551050186157227,-6.631950378417969,2.505000114440918
1753033046400,11.96505069732666,-6.58905029296875,2.2129499912261963
1753033046417,12.781050682067871,-6.607950210571289,1.8540000915527344
1753033046434,13.882050514221191,-7.588950157165527,1.0960500240325928
1753033046451,14.071050643920898,-8.355000495910645,0.7990500330924988
1753033046469,13.843050956726074,-9.331050872802734,1.1479500532150269
1753033046486,13.237950325012207,-9.829050064086914,1.380000114440918
1753033046503,12.280950546264648,-9.448050498962402,0.922950029373169
1753033046520,11.694000244140625,-9.295050621032715,0.6240000128746033
1753033046537,10.948050498962402,-9.2160005569458,0.9280500411987305
1753033046554,,,1.5769500732421875
1753033046555,9.361050605773926,-9.067950248718262,
1753033046571,7.111950397491455,-8.704050064086914,2.3710501194000244
1753033046591,5.008950233459473,-8.146950721740723,3.2280001640319824
1753033046607,3.682950258255005,-7.419000148773193,3.9409501552581787
1753033046624,3.283050060272217,-6.610050201416016,4.051050186157227
1753033046641,3.391050100326538,-5.7370500564575195,3.4050002098083496
1753033046658,3.403050184249878,-4.906949996948242,2.0820000171661377
1753033046674,3.4560000896453857,-4.252950191497803,0.7800000309944153
1753033046691,3.598950147628784,-3.825000286102295,-0.16005000472068787
1753033046711,3.7380001544952393,-3.5380501747131348,-0.6499500274658203
1753033046726,3.8770501613616943,-3.4180500507354736,-0.7960500121116638
1753033046743,3.9460501670837402,-3.4300501346588135,-0.6289500594139099
1753033046760,4.012950420379639,-3.5280001163482666,-0.0690000057220459
1753033046779,4.401000022888184,-3.8419501781463623,0.9160500168800354
1753033046795,4.827000141143799,-4.308000087738037,1.9519500732421875
1753033046811,4.939050197601318,-4.615050315856934,2.9290502071380615
1753033046828,5.013000011444092,-4.713000297546387,3.8020501136779785
1753033046845,5.389050483703613,,4.587000370025635
1753033046846,,-4.710000038146973,
1753033046863,5.91795015335083,-4.432950019836426,4.800000190734863
1753033046880,6.655050277709961,-4.146000385284424,4.128000259399414
1753033046897,7.636050224304199,-4.029000282287598,2.9890501499176025
1753033046914,8.608050346374512,-4.159950256347656,1.6560001373291016
1753033046931,9.604950904846191,-4.849050045013428,0.31995001435279846
1753033046948,10.563000679016113,-6.148950099945068,-0.49500003457069397
1753033046965,,,-0.22905001044273376
1753033046966,11.146050453186035,-7.063050270080566,
1753033046983,11.296950340270996,-7.291950225830078,0.9469500184059143
1753033047000,11.728050231933594,-7.027050495147705,2.4720001220703125
1753033047017,12.484050750732422,-6.522000312805176,3.343050241470337
1753033047034,12.747000694274902,-6.453000068664551,2.3400001525878906
1753033047051,12.084000587463379,-6.733050346374512,0.31800001859664917
1753033047068,11.053050994873047,-7.216050148010254,-1.0780500173568726
1753033047086,10.443000793457031,,-0.8389500379562378
1753033047087,,-7.840050220489502,
1753033047103,10.618050575256348,-8.506050109863281,0.6769500374794006
1753033047120,10.84695053100586,-9.187950134277344,2.4840002059936523
1753033047137,10.455000877380371,-9.621000289916992,4.33305025100708
1753033047154,9.382950782775879,-9.618000030517578,5.443950176239014
1753033047171,8.657999992370605,-9.81705093383789,4.8480000495910645
1753033047190,7.918050289154053,-10.083000183105469,2.5630500316619873
1753033047206,6.742950439453125,-9.760050773620605,0.2370000183582306
1753033047224,5.782050132751465,-9.166050910949707,-1.4209500551223755
1753033047240,5.013000011444092,-8.617950439453125,-2.2270500659942627
1753033047257,4.008000373840332,-7.8760504722595215,-2.305950164794922
1753033047274,2.8120501041412354,-6.976950168609619,-1.8349500894546509
1753033047291,1.9720500707626343,-6.28695011138916,-1.1500500440597534
1753033047308,1.6630500555038452,-5.719950199127197,-0.16905000805854797
1753033047325,,,0.8470500111579895
1753033047326,1.714050054550171,-5.325000286102295,
1753033047344,1.960050106048584,-5.131950378417969,1.612950086593628
1753033047362,2.1510000228881836,-5.124000072479248,1.9120501279830933
1753033047378,2.1510000228881836,-5.031000137329102,2.0839500427246094
1753033047394,2.5249500274658203,-4.762950420379639,2.16795015335083
1753033047412,3.361950159072876,-4.6080002784729,1.9930500984191895
1753033047428,4.729050159454346,-4.5960001945495605,1.4760000705718994
1753033047446,6.307950496673584,-4.593000411987305,0.8880000710487366
1753033047462,7.629000186920166,-4.294050216674805,-0.022950001060962677
1753033047480,8.517000198364258,-3.8080501556396484,-1.2460500001907349
1753033047497,9.091050148010254,-3.427950143814087,-2.3899500370025635
1753033047514,9.35205078125,-3.3540000915527344,-2.713050127029419
1753033047531,9.454950332641602,-3.516000270843506,-1.8750001192092896
1753033047548,9.691950798034668,-4.174050331115723,-0.7699500322341919
1753033047565,9.95205020904541,-4.935000419616699,0.1960500031709671
1753033047582,10.651050567626953,,1.3300501108169556
1753033047583,,-5.665050506591797,
1753033047600,11.284950256347656,-6.433050155639648,2.4019501209259033
1753033047617,11.467050552368164,-6.988950252532959,3.513000249862671
1753033047634,11.517000198364258,-7.192050457000732,4.363950252532959
1753033047651,11.629950523376465,-6.943050384521484,4.642050266265869
1753033047668,11.986050605773926,-6.424050331115723,4.396049976348877
1753033047685,12.702000617980957,-6.712950229644775,3.2400002479553223
1753033047702,12.427050590515137,-6.778050422668457,1.7850000858306885
1753033047719,,,1.6150500774383545
1753033047720,11.565000534057617,-6.654000282287598,
1753033047737,11.472000122070312,-6.961950302124023,3.2569501399993896
1753033047754,11.233050346374512,-8.010000228881836,4.453050136566162
1753033047771,10.072050094604492,-8.58495044708252,4.494000434875488
1753033047789,8.518950462341309,-8.515049934387207,3.769050121307373
1753033047807,7.288950443267822,-8.38800048828125,3.2470500469207764
1753033047824,6.679050445556641,-8.308950424194336,3.751950263977051
1753033047840,6.367950439453125,-8.191950798034668,4.341000080108643
1753033047857,5.748000144958496,-7.711050510406494,4.234950065612793
1753033047874,5.140050411224365,-7.123050212860107,3.6730501651763916
1753033047891,4.699950218200684,-6.498000144958496,2.4880502223968506
1753033047908,4.3720502853393555,-5.6770501136779785,1.227000117301941
1753033047926,,,0.2650500237941742
1753033047927,4.384050369262695,-4.864050388336182,
1753033047943,4.570950031280518,-4.093050003051758,-0.14295001327991486
1753033047960,4.693050384521484,,-0.226950004696846
1753033047961,,-3.4519500732421875,
1753033047978,4.7410502433776855,-3.1339502334594727,-0.38895002007484436
1753033047995,4.695000171661377,-3.2320501804351807,-0.12405000627040863
1753033048011,4.444050312042236,-3.6670501232147217,0.6550500392913818
1753033048028,4.171050071716309,-4.2870001792907715,1.6219500303268433
1753033048046,4.207050323486328,-4.816050052642822,2.5960500240325928
1753033048063,4.647000312805176,-5.131950378417969,3.501000165939331
1753033048079,5.374950408935547,-5.3710503578186035,3.9619503021240234
1753033048097,5.95395040512085,-5.701050281524658,3.739950180053711
1753033048114,6.009000301361084,-5.979000091552734,3.2760002613067627
1753033048131,6.166950225830078,-6.2659502029418945,2.9070000648498535
1753033048148,6.805950164794922,-6.747000217437744,2.3779501914978027
1753033048165,7.837050437927246,,1.8880500793457031
1753033048166,,-7.096050262451172,
1753033048182,9.072000503540039,-7.017000198364258,2.11995005607605
1753033048251,13.297950744628906,-6.730050086975098,3.3450002670288086
1753033048319,11.833050727844238,-7.363950252532959,1.1869500875473022
1753033048388,7.62600040435791,,1.9210500717163086
1753033048389,,-10.05405044555664,
1753033048458,3.1900501251220703,-9.855000495910645,-0.6720000505447388
1753033048526,0.9049500226974487,-6.673050403594971,0.04500000178813934
1753033048595,1.6390501260757446,-4.6840500831604,4.07295036315918
1753033048662,,,-1.144950032234192
1753033048663,8.557050704956055,-3.586050271987915,
1753033048731,9.712950706481934,-3.8299500942230225,2.2300500869750977
1753033048800,10.612950325012207,-7.16295051574707,6.250050067901611
1753033048868,11.98905086517334,-7.036050319671631,2.8879501819610596
1753033048937,10.243950843811035,-9.468000411987305,3.6540002822875977
1753033049007,6.415950298309326,-9.964950561523438,1.5289500951766968
1753033049074,4.882050037384033,-7.797000408172607,2.6650500297546387
1753033049144,4.1419501304626465,-4.240950107574463,-1.9729501008987427
1753033049211,4.173000335693359,-4.564949989318848,1.4119501113891602
1753033049279,5.350950241088867,-5.212950229644775,5.383950233459473
1753033049348,8.014050483703613,-5.908950328826904,2.9599502086639404
1753033049416,10.4170503616333,,2.4529500007629395
1753033049417,,-6.736950397491455,
1753033049486,11.338050842285156,,0.6990000605583191
1753033049487,,-7.9960503578186035,
1753033049555,8.803950309753418,,2.625000238418579
1753033049559,,-7.8600006103515625,
1753033049624,5.430000305175781,-10.357950210571289,-0.9490500688552856
1753033049696,2.48895001411438,-6.976950168609619,0.9259500503540039
1753033049761,3.882000207901001,-3.7390501499176025,2.5309500694274902
1753033049828,7.110000133514404,-2.2240500450134277,-0.527999997138977
1753033049896,9.151050567626953,-2.8510501384735107,0.019050000235438347
1753033049965,11.94795036315918,-5.83305025100708,3.201000213623047
1753033050033,,,0.9310500621795654
1753033050034,11.608050346374512,-6.283050060272217,
1753033050102,,,1.842000126838684
1753033050103,10.551000595092773,-6.3349504470825195,
1753033050172,8.836950302124023,-8.557950019836426,1.0600500106811523
1753033050242,4.708950042724609,-7.546050548553467,6.658950328826904
1753033050308,7.777050495147705,-4.183950424194336,-0.6409500241279602
1753033050376,5.974950313568115,-2.880000114440918,2.139000177383423
1753033050445,3.976950168609619,-2.6050500869750977,3.199050188064575
1753033050513,5.229000091552734,-3.504000186920166,2.4880502223968506
1753033050582,10.644000053405762,-6.840000152587891,1.1010000705718994
1753033050650,15.286050796508789,-6.1650004386901855,-0.12405000627040863
1753033050719,10.546050071716309,,1.8379501104354858
1753033050720,,-7.405050277709961,
1753033050790,6.873000144958496,-8.451000213623047,2.4690001010894775
1753033050856,3.790950298309326,-8.185050010681152,-1.5859500169754028
1753033050927,6.078000068664551,-3.7800002098083496,0.27000001072883606
1753033050993,5.278950214385986,-3.643050193786621,-0.2939999997615814
1753033051062,6.375000476837158,-3.6979501247406006,0.6030000448226929
1753033051131,8.055000305175781,,0.5190000534057617
1753033051132,,-4.201050281524658,
1753033051199,12.345000267028809,-5.529000282287598,0.9550500512123108
1753033051267,12.568050384521484,-7.467000484466553,-0.40095001459121704
1753033051336,9.526050567626953,-8.746950149536133,1.64805006980896
1753033051405,6.576000213623047,-6.943050384521484,2.54295015335083
1753033051473,5.920050144195557,-5.416050434112549,4.128000259399414
1753033051541,,,3.1249501705169678
1753033051542,4.128000259399414,-4.621950149536133,
1753033051610,,,0.33000001311302185
1753033051611,3.412950277328491,-4.717950344085693,
1753033051679,5.994000434875488,-5.335050106048584,-0.492000013589859
1753033051747,10.744050979614258,-8.789999961853027,-1.2510000467300415
1753033051816,12.321001052856445,-11.365050315856934,1.5649501085281372
1753033051884,5.085000038146973,-10.954050064086914,3.739950180053711
1753033051956,3.859950065612793,-5.815950393676758,4.075050354003906
1753033052022,6.89400053024292,-6.156000137329102,1.1530500650405884
1753033052092,4.776000022888184,-4.876049995422363,-1.4250000715255737
1753033052159,5.155050277709961,-4.170000076293945,-0.04005000367760658
1753033052227,5.614050388336182,-5.404050350189209,2.3299500942230225
1753033052296,7.480050563812256,,3.252000093460083
1753033052297,,-5.76300048828125,
1753033052364,12.139050483703613,-8.713950157165527,-0.16200000047683716
1753033052433,11.343000411987305,-8.206950187683105,0.9829500317573547
1753033052501,7.873050212860107,-6.940950393676758,3.112950086593628
1753033052572,8.832000732421875,-6.66795015335083,3.838050127029419
1753033052638,,,2.3209500312805176
1753033052639,8.859000205993652,-7.582050323486328,
1753033052707,4.059000015258789,-6.088950157165527,3.5839502811431885
1753033052776,3.3259501457214355,-5.1820502281188965,3.4860000610351562
1753033052844,3.5470502376556396,-5.353950023651123,0.9709500670433044
1753033052913,6.7819504737854,-6.027000427246094,-0.8340000510215759
1753033052982,10.894950866699219,-10.554000854492188,-0.19095000624656677
1753033053050,,,3.6630001068115234
1753033053051,11.239950180053711,-10.381950378417969,
1753033053118,,,5.797950267791748
1753033053119,5.904000282287598,-7.567950248718262,
1753033053188,,,1.0549499988555908
1753033053189,5.91795015335083,-5.493000030517578,
1753033053255,7.159950256347656,-4.921050071716309,-2.533050060272217
1753033053290,5.857950210571289,-4.717950344085693,-1.4350500106811523
1753033053308,5.628000259399414,-4.561950206756592,-0.6499500274658203
1753033053324,5.554050445556641,-4.375050067901611,-0.3559500277042389
1753033053341,5.347950458526611,-4.240950107574463,-0.39900001883506775
1753033053359,5.134950160980225,-4.234050273895264,-0.24105000495910645
1753033053376,4.896000385284424,-4.330049991607666,0.2580000162124634
1753033053393,4.675950050354004,-4.471050262451172,0.9400500655174255
1753033053410,4.642050266265869,-4.633950233459473,1.6600500345230103
1753033053427,4.420050144195557,-4.642950057983398,2.1750001907348633
1753033053444,4.389000415802002,-4.710000038146973,2.2900500297546387
1753033053461,4.470000267028809,-4.69605016708374,2.2009501457214355
1753033053478,4.79295015335083,-4.677000045776367,1.842000126838684
1753033053495,,,1.3590000867843628
1753033053496,5.755050182342529,-5.068950176239014,
1753033053513,6.484950542449951,-5.48805046081543,0.922950029373169
1753033053529,,,0.49500003457069397
1753033053530,7.392000198364258,-6.240000247955322,
1753033053547,8.550000190734863,-7.417050361633301,0.0690000057220459
1753033053564,9.784950256347656,-8.605950355529785,0.06195000186562538
1753033053581,11.046000480651855,-9.322050094604492,0.43800002336502075
1753033053599,11.95995044708252,-9.195000648498535,0.8970000147819519
1753033053615,,,1.366050124168396
1753033053616,13.06095027923584,-8.797950744628906,
1753033053633,14.571001052856445,-9.310050010681152,1.5840001106262207
1753033053649,,,1.8090001344680786
1753033053650,14.86500072479248,-9.766950607299805,
1753033053667,13.582050323486328,-8.95995044708252,2.1510000228881836
1753033053684,12.00105094909668,-7.458000183105469,1.9840500354766846
1753033053701,11.12505054473877,-6.112950325012207,1.864050030708313
1753033053718,11.266050338745117,-5.625000476837158,1.9669500589370728
1753033053737,11.280000686645508,-5.746950149536133,1.864050030708313
1753033053753,10.516950607299805,-6.079050064086914,1.3210500478744507
1753033053771,9.63900089263916,-6.567000389099121,1.141050100326538
1753033053788,8.800950050354004,-6.948000431060791,1.4910000562667847
1753033053804,8.158050537109375,-7.126950263977051,2.227950096130371
1753033053821,8.005050659179688,-7.477050304412842,3.1080000400543213
1753033053838,7.531050205230713,-7.548000335693359,3.8050501346588135
1753033053856,6.805950164794922,-7.2109503746032715,4.2709503173828125
1753033053875,5.901000499725342,-6.514950275421143,4.35705041885376
1753033053890,5.011050224304199,-5.608050346374512,4.111050128936768
1753033053909,4.567950248718262,-4.843950271606445,3.9619503021240234
1753033053924,,,3.976950168609619
1753033053925,4.575000286102295,-4.44195032119751,
1753033053941,4.590000152587891,-4.288949966430664,3.879000186920166
1753033053959,4.540050029754639,-4.394999980926514,3.610950231552124
1753033053975,4.647000312805176,-4.677000045776367,3.15405011177063
1753033053992,4.7719502449035645,-4.998000144958496,2.4810001850128174
1753033054010,4.6210503578186035,-5.067000389099121,1.6249500513076782
1753033054027,4.719000339508057,-5.098050117492676,0.909000039100647
1753033054044,5.053950309753418,-5.184000015258789,0.46905001997947693
1753033054061,5.475000381469727,-5.1409502029418945,0.23400001227855682
1753033054078,6.124050140380859,-5.257950305938721,-0.016050001606345177
1753033054095,,,-0.3169500231742859
1753033054096,6.60705041885376,-5.550000190734863,
1753033054112,6.898950099945068,-5.998050212860107,-0.6520500183105469
1753033054129,,,-0.8130000233650208
1753033054130,7.147950172424316,-6.6850504875183105,
1753033054147,7.73205041885376,-7.80495023727417,-0.35805001854896545
1753033054164,8.268000602722168,-9.123000144958496,0.286950021982193
1753033054182,8.074049949645996,-9.882000923156738,0.9280500411987305
1753033054198,7.570950508117676,-9.915000915527344,1.8930001258850098
1753033054215,7.477950572967529,-9.757050514221191,2.8159501552581787
1753033054233,8.044950485229492,-9.904950141906738,3.211050033569336
1753033054250,8.284049987792969,-10.390950202941895,2.697000026702881
1753033054267,7.516050338745117,-10.159050941467285,2.4760501384735107
1753033054284,6.364950180053711,-9.091950416564941,3.091050148010254
1753033054301,6.0259504318237305,-7.800000190734863,4.189949989318848
1753033054318,6.5970001220703125,-6.747000217437744,5.020050048828125
1753033054338,7.252950191497803,-5.9239501953125,4.888050079345703
1753033054354,7.531050205230713,-5.314050197601318,4.189949989318848
1753033054373,7.468950271606445,-5.124000072479248,3.052950143814087
1753033054387,7.357950210571289,-5.046000003814697,1.9330500364303589
1753033054405,7.783950328826904,-4.9930500984191895,1.0140000581741333
1753033054421,8.667000770568848,-5.203050136566162,0.021000001579523087
1753033054438,9.237000465393066,-5.470950126647949,-0.9439500570297241
1753033054455,9.172050476074219,-5.548050403594971,-1.5000001192092896
1753033054472,8.854050636291504,-5.7300004959106445,-1.2439500093460083
1753033054492,8.220000267028809,-5.791950225830078,-0.6379500031471252
1753033054509,7.533000469207764,-5.746950149536133,0.22500000894069672
1753033054524,6.9970502853393555,-5.634000301361084,1.1509500741958618
1753033054542,6.553950309753418,-5.500050067901611,1.90500009059906
1753033054559,,,2.3209500312805176
1753033054560,6.03795051574707,-5.37600040435791,
1753033054575,5.310000419616699,-5.235000133514404,2.4120001792907715
1753033054592,4.606950283050537,-4.974000453948975,2.3809502124786377
1753033054609,,,2.2829999923706055
1753033054610,4.413000106811523,-4.746000289916992,
1753033054627,4.291050434112549,-4.498050212860107,1.9620001316070557
1753033054644,,,1.4710500240325928
1753033054661,3.9720001220703125,-4.14300012588501,0.7440000176429749
1753033054678,4.030050277709961,-4.074000358581543,0.13095000386238098
1753033054695,4.236000061035156,-4.182000160217285,-0.35805001854896545
1753033054712,4.565999984741211,-4.420950412750244,-0.6930000185966492
1753033054730,5.418000221252441,-5.212950229644775,-0.7290000319480896
1753033054747,6.538050174713135,-6.69195032119751,-0.32505002617836
1753033054764,7.549950122833252,-8.391000747680664,0.37095001339912415
1753033054781,,,1.6440000534057617
1753033054782,8.598000526428223,-9.541950225830078,
1753033054798,9.877950668334961,-9.700050354003906,3.3139500617980957
1753033054815,11.593950271606445,-9.292950630187988,4.375950336456299
1753033054832,13.590001106262207,-9.319050788879395,4.39995002746582
1753033054849,,,4.116000175476074
1753033054850,15.049050331115723,-9.592050552368164,
1753033054866,15.229050636291504,-9.204000473022461,3.6660001277923584
1753033054884,14.128050804138184,-7.933950424194336,2.6700000762939453
1753033054901,12.916950225830078,-6.727950096130371,1.7869501113891602
1753033054918,12.283050537109375,-6.397050380706787,1.6320000886917114
1753033054937,11.623050689697266,-6.433050155639648,1.6459500789642334
1753033054953,,,1.4710500240325928
1753033054954,10.84695053100586,-6.697050094604492,
1753033054969,9.837000846862793,,1.5220500230789185
1753033054970,,-7.209000110626221,
1753033054987,8.44694995880127,-7.522050380706787,1.990950107574463
1753033055004,7.2960004806518555,-7.656000137329102,2.524050235748291
1753033055021,6.838950157165527,-7.840050220489502,3.289950132369995
1753033055038,6.3919501304626465,-7.696950435638428,3.781050205230713
1753033055055,5.773950099945068,-7.146000385284424,3.8809502124786377
1753033055074,5.10705041885376,,3.6060001850128174
1753033055075,,-6.28695011138916,
1753033055091,,,3.169950246810913
1753033055092,4.587000370025635,-5.316000461578369,
1753033055107,4.494000434875488,-4.62000036239624,3.022050142288208
1753033055126,4.774050235748291,-4.294050216674805,3.079050064086914
1753033055143,4.992000102996826,-4.263000011444092,3.079050064086914
1753033055158,4.957950115203857,-4.465950012207031,2.77305006980896
1753033055177,4.705049991607666,-4.72005033493042,2.1030001640319824
1753033055194,4.4509501457214355,-4.8919501304626465,1.440000057220459
1753033055209,4.353000164031982,-5.0119500160217285,0.9019500613212585
1753033055227,4.567950248718262,-4.9519500732421875,0.6940500140190125
1753033055244,5.061000347137451,-4.987950325012207,0.544950008392334
1753033055261,5.322000026702881,-5.005050182342529,0.32295000553131104
1753033055279,5.389050483703613,-5.304000377655029,-0.009000000543892384
1753033055295,5.688000202178955,-5.908950328826904,-0.1279500126838684
1753033055312,6.313050270080566,-6.86400032043457,0.09105000644922256
1753033055329,6.979950428009033,-8.06100082397461,0.5020500421524048
1753033055347,7.618950366973877,-9.313950538635254,0.8350500464439392
1753033055364,7.959000587463379,-10.08495044708252,1.4140501022338867
1753033055381,8.019000053405762,-10.018050193786621,2.1750001907348633
1753033055398,8.188950538635254,-9.5110502243042,2.674950122833252
1753033055415,8.560050010681152,-9.154050827026367,2.6010000705718994
1753033055433,8.521050453186035,-9.22095012664795,2.1319501399993896
1753033055449,7.993050575256348,-9.247050285339355,2.1559500694274902
1753033055466,7.35105037689209,-8.620950698852539,2.7970502376556396
1753033055483,,,3.340050220489502
1753033055484,7.264950275421143,-7.635000228881836,
1753033055501,7.792050361633301,-7.029000282287598,3.343050241470337
1753033055518,,,3.015000104904175
1753033055520,8.152950286865234,-6.3259501457214355,
1753033055536,8.493000030517578,-5.926050186157227,2.2829999923706055
1753033055553,8.541000366210938,-5.706000328063965,1.6579500436782837
1753033055569,8.45205020904541,-5.524050235748291,1.3450500965118408
1753033055587,8.581050872802734,-5.212950229644775,1.270050048828125
1753033055604,9.199050903320312,-5.148000240325928,0.8850000500679016
1753033055621,9.522000312805176,-5.244000434875488,0.06405000388622284
1753033055638,9.145950317382812,-5.260950088500977,-0.6450000405311584
1753033055655,8.52405071258545,-5.275050163269043,-0.7339500188827515
1753033055673,7.842000484466553,-5.325000286102295,-0.07304999977350235
1753033055690,6.978000164031982,-5.239050388336182,0.5620500445365906
1753033055707,6.337050437927246,-5.104950428009033,1.2370500564575195
1753033055724,6.006000518798828,-5.067000389099121,1.7730001211166382
1753033055741,5.659050464630127,-5.034000396728516,2.067000150680542
1753033055758,5.08305025100708,-4.962000370025635,2.1030001640319824
1753033055776,4.453050136566162,-4.7989501953125,2.050950050354004
1753033055794,3.894000291824341,-4.615050315856934,1.8570001125335693
1753033055817,3.690000057220459,-4.354050159454346,1.651050090789795
1753033055836,3.697050094604492,-4.170000076293945,1.4710500240325928
1753033055854,3.712050199508667,-4.069050312042236,1.2199500799179077
1753033055861,3.6040501594543457,,0.8280000686645508
1753033055862,,-4.06695032119751,
1753033055878,3.7140002250671387,,0.51705002784729
1753033055879,,-4.182000160217285,
1753033055895,4.147050380706787,-4.579050064086914,0.3130500018596649
1753033055912,5.245950222015381,-5.4210004806518555,0.41895002126693726
1753033055930,7.093050479888916,-7.113000392913818,0.7300500273704529
1753033055947,8.866050720214844,-9.109050750732422,1.2850500345230103
1753033055964,10.029000282287598,-10.243050575256348,1.9810501337051392
1753033055983,11.44800090789795,-10.228950500488281,3.0580501556396484
1753033056003,12.92400074005127,-9.196950912475586,3.6820502281188965
1753033056015,14.439001083374023,-8.367000579833984,3.5460002422332764
1753033056033,15.925050735473633,-9.1399507522583,3.2250001430511475
1753033056051,15.84795093536377,-9.865050315856934,2.473950147628784
1753033056067,13.996050834655762,-9.09000015258789,1.2460500001907349
1753033056084,12.316950798034668,-7.7059502601623535,0.4930500090122223
1753033056101,11.371050834655762,-6.639000415802002,0.6150000095367432
1753033056120,10.893000602722168,-6.175050258636475,1.1890500783920288
1753033056135,10.219950675964355,-6.064950466156006,1.4710500240325928
1753033056153,9.390000343322754,-6.475950241088867,1.4329500198364258
1753033056171,8.265000343322754,-6.835050106048584,1.6680001020431519
1753033056188,7.276950359344482,-7.242000579833984,2.0429999828338623
1753033056204,6.564000129699707,-7.450050354003906,2.3710501194000244
1753033056221,6.178950309753418,-7.555950164794922,2.7709500789642334
1753033056238,5.725950241088867,-7.314000129699707,3.1300501823425293
1753033056255,5.308050155639648,-6.6850504875183105,3.3520500659942627
1753033056272,4.884000301361084,,3.2179501056671143
1753033056273,,-5.8660502433776855,
1753033056290,4.582950115203857,-5.047950267791748,2.8279502391815186
1753033056308,4.567950248718262,-4.431000232696533,2.731950044631958
1753033056325,4.615950107574463,,2.6920502185821533
1753033056326,,-4.07895040512085,
1753033056341,4.53000020980835,-4.0980000495910645,2.307000160217285
1753033056358,4.528050422668457,-4.360949993133545,1.7149500846862793
1753033056375,4.549050331115723,-4.653000354766846,1.0930500030517578
1753033056392,,,0.49800002574920654
1753033056393,4.480050086975098,-4.78695011138916,
1753033056409,4.401000022888184,-4.617000102996826,0.10305000841617584
1753033056426,4.864950180053711,-4.488000392913818,0.07200000435113907
1753033056443,5.4370503425598145,-4.492950439453125,0.20295001566410065
1753033056461,5.869950294494629,-4.750950336456299,0.1960500031709671
1753033056478,6.303000450134277,-5.467050075531006,0.13095000386238098
1753033056495,6.949050426483154,-6.711000442504883,0.07395000010728836
1753033056512,7.837050437927246,-8.31195068359375,0.2370000183582306
1753033056529,,,0.8299500346183777
1753033056530,8.73900032043457,-9.694950103759766,
1753033056547,9.32805061340332,-10.255050659179688,1.1770501136779785
1753033056563,,,0.6550500392913818
1753033056564,9.427950859069824,-10.183050155639648,
1753033056583,9.0600004196167,-9.577950477600098,0.08400000631809235
1753033056602,9.244050025939941,-9.78600025177002,0.226950004696846
1753033056619,9.153000831604004,-10.528050422668457,1.0720500946044922
1753033056632,8.1739501953125,-10.67400074005127,2.347050189971924
1753033056650,6.636000156402588,-9.592050552368164,3.538950204849243
1753033056666,5.85105037689209,-8.242050170898438,4.230000019073486
1753033056737,6.03000020980835,-5.485950469970703,3.690000057220459
1753033056804,8.536050796508789,-5.4910502433776855,0.39000001549720764
1753033056872,8.158050537109375,-4.813050270080566,-2.2510499954223633
1753033056942,5.494050025939941,-4.741950035095215,-0.21495001018047333
1753033057009,,,1.818000078201294
1753033057010,3.5940001010894775,-4.621950149536133,
1753033057077,,,0.7080000042915344
1753033057078,5.182950019836426,-5.316000461578369,
1753033057146,12.406950950622559,-9.721050262451172,1.636950135231018
1753033057215,15.066000938415527,-9.355050086975098,1.6680001020431519
1753033057283,11.074950218200684,-6.559950351715088,1.90500009059906
1753033057353,6.6910505294799805,-7.395000457763672,2.4600000381469727
1753033057420,4.61400032043457,-6.313950061798096,4.414950370788574
1753033057491,4.645050048828125,-4.085999965667725,2.6700000762939453
1753033057557,3.9870002269744873,-5.005050182342529,0.8400000333786011
1753033057626,5.812950134277344,-5.308950424194336,0.2560500204563141
1753033057695,8.397000312805176,-9.870000839233398,0.3679500222206116
1753033057763,10.077000617980957,-9.456000328063965,2.54295015335083
1753033057832,6.022950172424316,-8.326050758361816,2.5000500679016113
1753033057900,6.909000396728516,-5.689050197601318,4.474950313568115
1753033057969,9.61500072479248,-4.945050239562988,-1.224000096321106
1753033058037,8.350950241088867,-4.477950096130371,-0.364950031042099
1753033058107,5.179050445556641,-5.218050479888916,1.5840001106262207
1753033058175,2.9599502086639404,-4.52400016784668,1.6770000457763672
1753033058243,4.114050388336182,-5.526000499725342,0.8970000147819519
1753033058312,9.660000801086426,-9.927000045776367,2.1439499855041504
1753033058381,14.464950561523438,-10.485000610351562,3.201000213623047
1753033058449,11.95995044708252,-5.932950496673584,2.4499502182006836
1753033058518,,,1.67205011844635
1753033058519,7.074000358581543,-7.326000213623047,
1753033058586,4.944000244140625,-6.046050071716309,3.211050033569336
1753033058655,4.674000263214111,-4.07895040512085,2.7970502376556396
1753033058724,4.281000137329102,-4.62000036239624,0.7030500173568726
1753033058792,6.070950508117676,-5.794050216674805,-0.6619500517845154
1753033058860,8.023950576782227,-10.542000770568848,0.9640500545501709
1753033058929,9.2920503616333,-10.176000595092773,4.044000148773193
1753033058997,6.837000370025635,-7.659000396728516,4.597050189971924
1753033059066,7.528050422668457,-5.63700008392334,2.347050189971924
1753033059135,9.490950584411621,-5.356950283050537,-2.146050214767456
1753033059203,6.298050403594971,,-0.27900001406669617
1753033059204,,-4.986000061035156,
1753033059273,4.223999977111816,-5.095950126647949,1.8520500659942627
1753033059340,3.3790502548217773,-4.768050193786621,1.1749500036239624
1753033059408,5.710050106048584,-6.010050296783447,0.7729500532150269
1753033059477,,,2.968950033187866
1753033059478,10.75200080871582,-10.071000099182129,
1753033059545,,,2.527050018310547
1753033059546,14.403000831604004,-9.853050231933594,
1753033059615,9.696000099182129,-6.654000282287598,2.307000160217285
1753033059683,6.88200044631958,-6.78000020980835,2.1060001850128174
1753033059751,5.7430500984191895,,2.791950225830078
1753033059752,,-6.709050178527832,
1753033059820,5.088000297546387,-4.62000036239624,2.365950107574463
1753033059891,4.389000415802002,-5.506950378417969,1.0669500827789307
1753033059957,5.3959503173828125,-5.553000450134277,0.17205001413822174
1753033060025,,,0.48795002698898315
1753033060026,6.904050350189209,,
1753033060094,7.624050140380859,-9.030000686645508,3.8430001735687256
1753033060163,8.647950172424316,-8.27400016784668,3.373950242996216
1753033060231,9.313050270080566,-6.646050453186035,1.9380000829696655
1753033060301,8.914050102233887,-5.7900004386901855,0.5140500068664551
1753033060369,6.066000461578369,-4.73205041885376,-1.440000057220459
1753033060439,4.195050239562988,-4.549950122833252,0.8040000200271606
1753033060505,,,4.249950408935547
1753033060506,4.165950298309326,-4.3660502433776855,
1753033060574,6.516000270843506,-4.146000385284424,-0.609000027179718
1753033060642,,,0.531000018119812
1753033060643,9.759000778198242,-8.33595085144043,
1753033060711,,,2.2920000553131104
1753033060712,12.56100082397461,-9.574950218200684,
1753033060780,11.469000816345215,-6.385950088500977,4.465050220489502
1753033060848,8.602950096130371,-6.40500020980835,2.244000196456909
1753033060917,6.892050266265869,-5.7270002365112305,2.8210501670837402
1753033060985,5.27400016784668,-3.80400013923645,2.4979500770568848
1753033061054,4.03695011138916,-4.62000036239624,1.7269500494003296
1753033061124,5.566050052642822,-4.902000427246094,0.6319500207901001
1753033061191,8.710050582885742,-8.848050117492676,0.29205000400543213
1753033061259,10.165050506591797,-9.2160005569458,3.4480502605438232
1753033061328,7.0759501457214355,-7.527000427246094,3.3040502071380615
1753033061397,,,3.4170000553131104
1753033061399,7.059000492095947,-5.698950290679932,
1753033061465,8.860950469970703,-5.500050067901611,-1.6260000467300415
1753033061535,6.006000518798828,-4.8919501304626465,-0.3940500319004059
1753033061602,,,0.49995002150535583
1753033061603,4.663950443267822,-4.693950176239014,
1753033061673,3.7740001678466797,-5.023950099945068,2.0220000743865967
1753033061741,,,1.01895010471344
1753033061742,5.377050399780273,-5.131950378417969,
1753033061758,6.889050483703613,-6.567000389099121,0.5740500092506409
1753033061774,8.377950668334961,-8.403000831604004,0.364050030708313
1753033061791,9.32805061340332,-9.56100082397461,0.7300500273704529
1753033061808,10.098000526428223,-9.702000617980957,1.6770000457763672
1753033061825,11.206050872802734,-9.38895034790039,2.5819501876831055
1753033061843,12.687000274658203,-9.841050148010254,3.1579501628875732
1753033061859,13.345050811767578,-10.417950630187988,3.9619503021240234
1753033061876,13.012950897216797,-10.147050857543945,4.695000171661377
1753033061894,12.309000968933105,-8.95305061340332,4.900050163269043
1753033061911,12.063000679016113,-7.639050483703613,4.764000415802002
1753033061928,12.084000587463379,-6.498000144958496,4.393050193786621
1753033061945,12.087000846862793,-5.842050075531006,3.811950206756592
1753033061962,,,2.694000244140625
1753033061963,11.620050430297852,-5.73900032043457,
1753033061979,10.32300090789795,-5.656050205230713,1.5910500288009644
1753033061996,,,1.2679500579833984
1753033061997,9.007050514221191,-5.818050384521484,
1753033062013,8.251049995422363,,1.6939500570297241
1753033062014,,-6.2989501953125,
1753033062031,7.629000186920166,-6.69195032119751,2.5510501861572266
1753033062048,6.897000312805176,-6.771000385284424,3.421950101852417
1753033062065,6.001950263977051,-6.426000118255615,3.9649500846862793
1753033062084,5.061000347137451,-5.689050197601318,4.153950214385986
1753033062101,4.296000003814697,-4.833000183105469,3.8020501136779785
1753033062118,4.042050361633301,-4.135950088500977,3.7230002880096436
1753033062134,4.252050399780273,-3.853950262069702,3.6780002117156982
1753033062152,4.348050117492676,-3.8560502529144287,3.3379502296447754
1753033062168,4.336050033569336,-4.099950313568115,2.701050043106079
1753033062185,4.453050136566162,-4.513950347900391,2.0310001373291016
1753033062205,4.783950328826904,-4.974000453948975,1.5070500373840332
1753033062219,5.1469502449035645,-4.927950382232666,1.102950096130371
1753033062237,5.632950305938721,-4.741950035095215,0.6820500493049622
1753033062256,6.088050365447998,-4.555050373077393,0.45705002546310425
1753033062273,6.621000289916992,-4.7029500007629395,0.45900002121925354
1753033062288,7.147950172424316,-5.236950397491455,0.6790500283241272
1753033062305,7.729050159454346,-6.153000354766846,1.0549499988555908
1753033062322,8.518950462341309,-7.467000484466553,1.6459500789642334
1753033062341,9.160050392150879,-9.100950241088867,2.0119500160217285
1753033062356,9.129000663757324,-10.212000846862793,2.428950071334839
1753033062374,8.622000694274902,-10.621050834655762,3.201000213623047
1753033062391,8.083050727844238,-10.261950492858887,4.3309502601623535
1753033062408,8.023950576782227,-9.855000495910645,4.954950332641602
1753033062425,8.18595027923584,-9.640050888061523,4.570050239562988
1753033062442,7.9710001945495605,-9.451050758361816,3.4860000610351562
1753033062459,7.119000434875488,-8.860050201416016,2.5480501651763916
1753033062476,6.211950302124023,-7.5319504737854,2.3140501976013184
1753033062493,,,2.54295015335083
1753033062494,6.379950523376465,-6.709050178527832,
1753033062510,6.961050510406494,-6.388050079345703,2.6010000705718994
1753033062528,7.006950378417969,-6.01200008392334,2.3620500564575195
1753033062545,6.775050163269043,-5.76300048828125,2.007000207901001
1753033062562,6.729000091552734,-5.662950038909912,2.009999990463257
1753033062580,6.990000247955322,-5.634000301361084,2.485950231552124
1753033062596,7.666950225830078,-5.586000442504883,2.983950138092041
1753033062613,,,2.505000114440918
1753033062614,8.566950798034668,-5.7870001792907715,
1753033062630,8.70300006866455,-5.686950206756592,1.0140000581741333
1753033062647,,,-0.5899500250816345
1753033062648,8.064000129699707,-5.248950481414795,
1753033062665,7.3060503005981445,-4.885050296783447,-1.311000108718872
1753033062683,6.813000202178955,-4.789050102233887,-0.8250000476837158
1753033062700,6.492000102996826,-4.876049995422363,0.2560500204563141
1753033062718,6.033000469207764,-4.750950336456299,1.120050072669983
1753033062734,5.821950435638428,-4.7029500007629395,1.6920000314712524
1753033062751,5.63100004196167,-4.780050277709961,1.7560501098632812
1753033062768,5.158950328826904,-4.758000373840332,1.5000001192092896
1753033062785,4.659000396728516,-4.701000213623047,1.38795006275177
1753033062802,4.321950435638428,-4.699050426483154,1.555050015449524
1753033062819,4.164000034332275,-4.77495002746582,1.7850000858306885
1753033062836,3.999000072479248,-4.717950344085693,1.9720500707626343
1753033062854,3.9720001220703125,-4.581000328063965,1.9720500707626343
1753033062873,4.309950351715088,-4.543050289154053,1.9380000829696655
1753033062889,4.858050346374512,-4.689000129699707,1.8349500894546509
1753033062905,5.616000175476074,-4.9519500732421875,1.6870501041412354
1753033062922,6.6190505027771,-5.626950263977051,1.3489500284194946
1753033062939,7.978050231933594,-6.973950386047363,1.0530000925064087
1753033062956,9.34005069732666,-8.63700008392334,1.2630000114440918
1753033062974,10.318050384521484,-9.618000030517578,1.9069501161575317
1753033062990,,,2.697000026702881
1753033062991,10.930950164794922,-9.360000610351562,
1753033063008,11.596050262451172,-8.55405044555664,3.094050168991089
1753033063025,12.2160005569458,-8.284950256347656,2.983950138092041
1753033063042,12.336000442504883,-8.71095085144043,2.995950222015381
1753033063059,11.613000869750977,-9.127950668334961,2.9359500408172607
1753033063076,10.47195053100586,-8.764050483703613,2.9449501037597656
1753033063093,9.720000267028809,-7.558050155639648,3.249000072479248
1753033063111,9.937950134277344,-6.694050312042236,3.787950277328491
1753033063128,10.033950805664062,-5.988000392913818,4.293000221252441
1753033063145,9.781949996948242,-5.646000385284424,4.293000221252441
1753033063162,9.495000839233398,,3.709050178527832
1753033063163,,-5.8690505027771,
1753033063179,8.923050880432129,-6.211050510406494,3.180000066757202
1753033063196,8.356050491333008,-6.541050434112549,3.3379502296447754
1753033063214,7.969050407409668,-6.820950508117676,3.727950096130371
1753033063230,7.702950477600098,-7.029000282287598,4.180050373077393
1753033063247,7.384950160980225,-6.984000205993652,4.482000350952148
1753033063265,6.837000370025635,-6.547950267791748,4.558050155639648
1753033063284,6.243000507354736,-5.859000205993652,4.354950428009033
1753033063300,5.607000350952148,-5.041050434112549,3.828000068664551
1753033063316,5.2069501876831055,-4.390050411224365,3.558000087738037
1753033063334,,,3.4579501152038574
1753033063335,5.269050121307373,-4.195950031280518,
1753033063350,5.398950099945068,-4.243950366973877,3.055950164794922
1753033063368,5.278950214385986,-4.440000057220459,2.118000030517578
1753033063385,4.996950149536133,-4.591050148010254,1.3039500713348389
1753033063404,4.827000141143799,-4.633950233459473,0.7270500063896179
1753033063422,4.984950065612793,-4.7659502029418945,0.43095001578330994
1753033063436,5.356050491333008,-4.809000015258789,0.5329500436782837
1753033063455,6.195000171661377,-4.746000289916992,0.9000000357627869
1753033063471,7.284000396728516,-4.651050090789795,1.0360500812530518
1753033063488,8.386950492858887,-4.867950439453125,1.120050072669983
1753033063506,9.390000343322754,-5.263050079345703,1.480950117111206
1753033063522,10.170000076293945,-6.0859503746032715,1.8900001049041748
1753033063539,10.450050354003906,-7.366950511932373,2.247000217437744
1753033063556,10.302000045776367,-8.353050231933594,3.180000066757202
1753033063573,10.005000114440918,,4.2210001945495605
1753033063574,,-8.620950698852539,
1753033063591,9.607950210571289,-8.166000366210938,5.527050495147705
1753033063607,9.00195026397705,-7.419000148773193,6.472950458526611
1753033063624,8.911050796508789,,6.532050132751465
1753033063625,,-7.34505033493042,
1753033063642,8.690999984741211,-7.584000587463379,6.133050441741943
1753033063659,7.858950138092041,-7.0219502449035645,6.115950107574463
1753033063676,7.1449503898620605,-5.686950206756592,6.664050102233887
1753033063693,7.14300012588501,-4.777050018310547,6.628050327301025
1753033063710,7.234050273895264,-4.105050086975098,5.7709503173828125
1753033063727,7.308000564575195,-3.390000104904175,5.070000171661377
1753033063745,7.579050540924072,-3.1020002365112305,4.672950267791748
1753033063762,7.984950542449951,-2.845950126647949,4.728000164031982
1753033063779,8.397000312805176,-2.7960002422332764,4.798050403594971
1753033063796,8.671950340270996,-2.7550501823425293,4.840950012207031
1753033063813,9.05505084991455,-3.079050064086914,4.465050220489502
1753033063830,8.931000709533691,-3.3820502758026123,3.4429502487182617
1753033063847,8.062050819396973,-3.283950090408325,2.5309500694274902
1753033063866,7.248000144958496,-3.076050043106079,2.485950231552124
1753033063883,6.757950305938721,-3.0400500297546387,3.132000207901001
1753033063899,,,4.111050128936768
1753033063900,6.334050178527832,-2.9010000228881836,
1753033063917,6.021000385284424,-2.482950210571289,4.81695032119751
1753033063934,5.56095027923584,-2.076000213623047,4.627950191497803
1753033063951,5.073000431060791,-1.755000114440918,4.44795036315918
1753033063967,4.860000133514404,-1.432050108909607,4.999050140380859
1753033063984,4.9870500564575195,-1.2580500841140747,5.683050155639648
1753033064002,5.047050476074219,-1.0210500955581665,6.004050254821777
1753033064022,4.9870500564575195,-0.595050036907196,5.833950042724609
1753033064039,5.035050392150879,-0.09195000678300858,5.551050186157227
1753033064053,5.14995002746582,,5.310000419616699
1753033064054,,0.40905001759529114,
1753033064071,5.353050231933594,0.8020500540733337,5.5849504470825195
1753033064088,5.776950359344482,1.051050066947937,5.958000183105469
1753033064104,,,6.087000370025635
1753033064105,6.370050430297852,1.0270500183105469,
1753033064122,6.904050350189209,0.6079500317573547,5.578050136566162
1753033064139,6.612000465393066,0.5149500370025635,4.888050079345703
1753033064158,6.487050533294678,0.12000000476837158,5.520000457763672
1753033064173,6.277050495147705,,7.501950263977051
1753033064190,,,9.214950561523438
1753033064191,6.3409504890441895,-0.46800002455711365,
1753033064207,6.7669501304626465,-0.970050036907196,8.820000648498535
1753033064224,,,7.82895040512085
1753033064225,6.736050128936768,-1.2769500017166138,
1753033064241,,,8.155050277709961
1753033064242,6.388950347900391,-1.533000111579895,
1753033064259,6.1620001792907715,-1.5970500707626343,9.42300033569336
1753033064276,6.363000392913818,-1.8840000629425049,10.717950820922852
1753033064293,6.814950466156006,,11.635950088500977
1753033064294,,-2.320050001144409,
1753033064310,7.0759501457214355,-2.5039501190185547,11.634000778198242
1753033064327,7.15500020980835,,10.102950096130371
1753033064328,,-2.6550002098083496,
1753033064344,6.544950485229492,-2.728950023651123,7.729050159454346
1753033064362,5.83905029296875,-2.8849501609802246,6.334050178527832
1753033064379,5.0970001220703125,-3.118950128555298,5.841000080108643
1753033064396,4.365000247955322,-3.4020001888275146,5.709000110626221
1753033064413,4.102050304412842,-3.8389501571655273,6.090000152587891
1753033064430,3.7380001544952393,-3.934950113296509,6.388950347900391
1753033064447,3.331050157546997,-3.945000171661377,6.250050067901611
1753033064466,3.1900501251220703,-3.8710501194000244,6.0199503898620605
1753033064482,3.658950090408325,-3.9619503021240234,5.569950103759766
1753033064500,4.084949970245361,-4.153050422668457,4.656000137329102
1753033064516,4.462950229644775,-4.5259504318237305,3.3930001258850098
1753033064533,4.944000244140625,-4.804050445556641,2.2800002098083496
1753033064551,5.974950313568115,-4.966950416564941,1.4880000352859497
1753033064567,6.910950183868408,-4.98105001449585,0.8680500388145447
1753033064585,7.099950313568115,-4.897050380706787,0.2440500110387802
1753033064601,,,0.04305000230669975
1753033064602,7.033050537109375,-4.816050052642822,
1753033064619,7.153050422668457,-4.7989501953125,0.42600002884864807
1753033064636,7.4160003662109375,-5.038050174713135,0.895050048828125
1753033064653,7.885050296783447,-5.557950496673584,1.443000078201294
1753033064671,8.445000648498535,-6.2989501953125,1.8450000286102295
1753033064687,9.262950897216797,-7.678050518035889,2.1030001640319824
1753033064704,,,2.7400500774383545
1753033064705,9.961950302124023,-9.25200080871582,
1753033064721,10.384950637817383,-10.276050567626953,3.7759501934051514
1753033064739,10.737000465393066,-10.461000442504883,4.978950023651123
1753033064756,11.134050369262695,-9.952950477600098,5.850000381469727
1753033064773,11.677950859069824,-9.685050010681152,5.617950439453125
1753033064790,11.740050315856934,-9.81705093383789,4.162950038909912
1753033064807,10.813950538635254,-9.733050346374512,2.734950065612793
1753033064824,9.30405044555664,-9.148950576782227,2.0820000171661377
1753033064841,,,2.1630001068115234
1753033064842,8.092950820922852,-8.245050430297852,
1753033064859,7.461000442504883,-7.089000225067139,2.8879501819610596
1753033064876,7.381950378417969,-6.378000259399414,3.3949501514434814
1753033064893,7.1449503898620605,-5.827950477600098,3.5460002422332764
1753033064910,6.841950416564941,-5.509950160980225,3.340050220489502
1753033064927,6.643050193786621,-5.328000068664551,3.169950246810913
1753033064944,,,3.151050090789795
1753033064945,7.114050388336182,-5.424000263214111,
1753033064962,7.9830002784729,-5.84505033493042,2.6509501934051514
1753033064978,8.337000846862793,-6.070050239562988,1.4760000705718994
1753033064996,7.9830002784729,-5.890050411224365,0.1189500093460083
1753033065013,7.495050430297852,-5.75100040435791,-0.48000001907348633
1753033065033,7.134000301361084,-5.632050037384033,-0.32895001769065857
1753033065047,6.7099504470825195,-5.629050254821777,-0.34095001220703125
1753033065065,5.95395040512085,-5.329950332641602,-0.3820500075817108
1753033065083,5.253000259399414,-5.187000274658203,-0.5400000214576721
1753033065098,4.425000190734863,-5.139000415802002,-0.5260500311851501
1753033065117,3.5590500831604004,-5.196000099182129,-0.15195000171661377
1753033065187,1.659000039100647,-5.212950229644775,3.0360002517700195
1753033065256,4.72605037689209,-5.433000087738037,2.0050501823425293
1753033065322,9.246000289916992,-10.032000541687012,1.3300501108169556
1753033065390,12.532050132751465,-10.422000885009766,4.789950370788574
1753033065459,11.512950897216797,-6.40500020980835,4.216050148010254
1753033065528,8.587950706481934,-6.957000255584717,1.7389501333236694
1753033065596,6.093000411987305,-6.67995023727417,5.245050430297852
1753033065665,,,3.301950216293335
1753033065666,4.82895040512085,-3.9180002212524414,
1753033065733,4.870050430297852,-5.00700044631958,0.8230500221252441
1753033065801,6.442050457000732,-5.895000457763672,1.7779500484466553
1753033065870,8.517000198364258,-9.826950073242188,1.8570001125335693
1753033065939,7.978050231933594,-9.030000686645508,5.620950222015381
1753033066007,5.533050060272217,-7.422000408172607,1.7320500612258911
1753033066076,5.332050323486328,-6.634050369262695,3.5269501209259033
1753033066144,,,2.2080001831054688
1753033066145,7.320000171661377,-6.283050060272217,
1753033066213,6.69795036315918,-4.7029500007629395,-0.9010500311851501
1753033066283,5.3580002784729,-4.897050380706787,-0.27000001072883606
1753033066350,3.951000213623047,-5.2819504737854,2.5909500122070312
1753033066420,5.944050312042236,-6.5460004806518555,2.6200501918792725
1753033066487,11.42400074005127,-9.592050552368164,3.091050148010254
1753033066556,12.094050407409668,-8.898000717163086,2.3740501403808594
1753033066624,9.27495002746582,-6.820950508117676,3.9100501537323
1753033066693,7.7560505867004395,-7.489050388336182,3.570000171661377
1753033066761,6.628950119018555,-7.174950122833252,4.479000091552734
1753033066830,5.104050159454346,-4.78695011138916,2.7990000247955322
1753033066898,3.939000129699707,-5.920950412750244,1.3489500284194946
1753033066967,5.313000202178955,-6.252000331878662,1.4380500316619873
1753033067036,9.34695053100586,-9.795000076293945,-0.625950038433075
1753033067104,8.605050086975098,-10.870050430297852,4.02495002746582
1753033067173,3.6760501861572266,-8.556000709533691,4.69005012512207
1753033067241,4.114050388336182,-5.5980000495910645,2.931000232696533
1753033067310,8.63895034790039,-6.201000213623047,-0.4990500211715698
1753033067378,7.593000411987305,-4.902000427246094,-1.0110000371932983
1753033067449,4.980000019073486,-4.821000099182129,1.3020000457763672
1753033067519,4.924950122833252,-5.344950199127197,1.6939500570297241
1753033067584,6.502050399780273,-7.108050346374512,1.8300000429153442
1753033067655,9.892950057983398,-9.83595085144043,4.5420002937316895
1753033067721,12.592050552368164,-7.9360504150390625,3.7230002880096436
1753033067789,,,2.7090001106262207
1753033067790,11.862000465393066,-7.2109503746032715,
1753033067858,7.878000259399414,-8.568000793457031,4.501049995422363
1753033067927,5.16195011138916,-5.827950477600098,3.9529502391815186
1753033067995,,,1.9450501203536987
1753033067996,4.111050128936768,-4.387050151824951,
1753033068065,3.9679501056671143,-5.84505033493042,0.9400500655174255
1753033068133,6.700050354003906,-7.1419501304626465,1.38795006275177
1753033068203,8.386950492858887,-10.147050857543945,2.625000238418579
1753033068269,8.095050811767578,-9.429000854492188,3.709050178527832
1753033068338,,,1.4089500904083252
1753033068339,6.4800004959106445,-7.630050182342529,
1753033068407,7.207950115203857,-6.019050121307373,1.90500009059906
1753033068475,7.062000274658203,-5.742000102996826,-1.4250000715255737
1753033068544,5.889000415802002,-4.900050163269043,0.016950000077486038
1753033068612,5.09505033493042,-5.050050258636475,1.4310001134872437
1753033068681,4.498950004577637,-5.0530500411987305,2.137050151824951
1753033068749,7.255950450897217,-6.555000305175781,0.531000018119812
1753033068818,10.036050796508789,-9.075000762939453,3.1560001373291016
1753033068886,10.327950477600098,-10.003950119018555,3.271050214767456
1753033068955,10.41195011138916,-6.193950176239014,3.052950143814087
1753033069023,,,1.9000500440597534
1753033069024,8.016000747680664,-6.739950180053711,
1753033069092,5.63100004196167,-6.043050289154053,3.649050235748291
1753033069161,4.774050235748291,-4.258049964904785,2.6460001468658447
1753033069231,4.369950294494629,-4.969050407409668,0.7489500641822815
1753033069298,6.708000183105469,-5.692050457000732,0.6630000472068787
1753033069366,9.574050903320312,-10.513050079345703,0.9739500284194946
1753033069437,8.842050552368164,-10.308000564575195,4.195050239562988
1753033069504,4.788000106811523,-8.326050758361816,2.9070000648498535
1753033069572,5.590050220489502,-6.297000408172607,1.5340501070022583
1753033069641,7.6050004959106445,-6.562950134277344,-0.820050060749054
1753033069709,5.1469502449035645,-5.980950355529785,-0.6720000505447388
1753033069778,3.289950132369995,-5.980950355529785,1.2799500226974487
1753033069847,4.522950172424316,-6.295050144195557,2.6269500255584717
1753033069915,6.463050365447998,,1.1269500255584717
1753033069916,,-6.627000331878662,
1753033069984,8.076000213623047,-10.059000015258789,1.9759501218795776
1753033070054,9.865950584411621,-10.272000312805176,3.747000217437744
1753033070121,8.212950706481934,-8.03700065612793,4.341000080108643
1753033070172,5.604000091552734,-7.6900506019592285,0.46605002880096436
1753033070189,5.0209503173828125,-7.849950313568115,0.5209500193595886
1753033070206,4.822050094604492,-8.098950386047363,0.8400000333786011
1753033070223,4.599000453948975,-8.25195026397705,1.1340000629425049
1753033070240,4.414950370788574,-8.26395034790039,1.3450500965118408
1753033070258,4.357950210571289,-8.050950050354004,1.5480000972747803
1753033070275,4.62600040435791,-7.63200044631958,1.6939500570297241
1753033070292,4.915050029754639,-7.053000450134277,1.270050048828125
1753033070309,4.80495023727417,-6.409050464630127,0.4540500342845917
1753033070326,3.970050096511841,-5.91195011138916,-0.31995001435279846
1753033070343,2.994000196456909,-5.851950168609619,-0.5809500217437744
1753033070360,2.686950206756592,,0.0
1753033070361,,-6.153000354766846,
1753033070377,3.183000087738037,-6.56505012512207,0.6360000371932983
1753033070395,4.126049995422363,-7.039050102233887,0.895050048828125
1753033070412,4.501049995422363,-7.198950290679932,0.6240000128746033
1753033070430,4.180950164794922,-7.000950336456299,0.16500000655651093
1753033070448,3.5680501461029053,-6.424050331115723,0.11205000430345535
1753033070464,3.541950225830078,-6.127050399780273,0.7219500541687012
1753033070480,3.9529502391815186,,1.5259500741958618
1753033070481,,-6.261000156402588,
1753033070497,4.756950378417969,-6.895050525665283,1.9399501085281372
1753033070515,5.281050205230713,-7.783050537109375,1.7899501323699951
1753033070532,5.824950218200684,-9.027000427246094,1.8450000286102295
1753033070549,6.832050323486328,-10.65000057220459,1.8690000772476196
1753033070566,7.861050605773926,-11.77695083618164,2.5980000495910645
1753033070586,8.292000770568848,-11.908050537109375,3.8209502696990967
1753033070602,8.634000778198242,-11.635950088500977,3.796950101852417
1753033070619,8.493000030517578,-11.320050239562988,2.9070000648498535
1753033070636,7.939950466156006,-11.140050888061523,1.7440500259399414
1753033070652,7.444950580596924,-11.19795036315918,0.7099500298500061
1753033070670,6.435000419616699,-10.681050300598145,-0.33705002069473267
1753033070686,5.620950222015381,-9.666000366210938,-0.7240500450134277
1753033070703,,,-0.42000001668930054
1753033070704,5.26200008392334,-9.006000518798828,
1753033070720,4.686000347137451,-8.874000549316406,0.2560500204563141
1753033070737,3.4770002365112305,-8.713950157165527,1.0980000495910645
1753033070754,2.6419501304626465,-8.647050857543945,1.7230501174926758
1753033070771,,,1.9480501413345337
1753033070772,2.635050058364868,-8.721000671386719,
1753033070789,3.214050054550171,-8.829000473022461,1.6390501260757446
1753033070806,3.681000232696533,-8.96505069732666,0.4140000343322754
1753033070823,3.7069501876831055,,-1.0399500131607056
1753033070840,3.4150502681732178,-9.133049964904785,-1.9039500951766968
1753033070857,2.716050148010254,-9.001049995422363,-1.6000500917434692
1753033070875,1.7950501441955566,-8.725950241088867,-0.9469500184059143
1753033070891,,,-0.22200001776218414
1753033070892,1.5100500583648682,-8.447999954223633,
1753033070909,1.5799500942230225,-8.034000396728516,0.32295000553131104
1753033070926,2.0839500427246094,-7.570050239562988,0.6529500484466553
1753033070943,,,0.7180500626564026
1753033070944,2.6710500717163086,-7.1610002517700195,
1753033070960,3.2310001850128174,-6.979050159454346,0.612000048160553
1753033070977,3.5869500637054443,-6.840000152587891,0.6670500040054321
1753033070995,3.787950277328491,-6.814050197601318,0.853950023651123
1753033071012,3.6349501609802246,,1.1269500255584717
1753033071013,,-6.642000198364258,
1753033071030,3.879000186920166,-6.462000370025635,1.4020500183105469
1753033071046,4.189949989318848,-6.175050258636475,1.5840001106262207
1753033071063,4.477050304412842,-6.043050289154053,1.4550000429153442
1753033071080,4.79295015335083,-5.917050361633301,1.227000117301941
1753033071097,5.278950214385986,-6.061950206756592,0.8730000257492065
1753033071114,5.841000080108643,-6.457050323486328,0.5650500059127808
1753033071132,6.757950305938721,-7.44795036315918,0.24105000495910645
1753033071148,,,0.20595000684261322
1753033071149,7.789050579071045,-9.031949996948242,
1753033071167,,,0.7770000100135803
1753033071168,8.49000072479248,-10.291050910949707,
1753033071183,8.871000289916992,-10.72095012664795,1.4860501289367676
1753033071202,9.08595085144043,-10.051050186157227,2.335050106048584
1753033071218,9.619950294494629,-9.417000770568848,2.524050235748291
1753033071236,10.291950225830078,-9.714000701904297,2.0530500411987305
1753033071251,9.823050498962402,,1.4209500551223755
1753033071252,,-10.174050331115723,
1753033071269,8.598000526428223,-10.420050621032715,1.1650500297546387
1753033071286,7.1569504737854,-10.168950080871582,1.4520000219345093
1753033071303,6.385050296783447,-9.681000709533691,2.1700501441955566
1753033071320,6.097050189971924,-9.661050796508789,2.955000162124634
1753033071337,5.2860002517700195,-9.53895092010498,3.223050117492676
1753033071354,4.40595006942749,-9.568050384521484,2.602950096130371
1753033071371,3.493950128555298,-9.310050010681152,1.8379501104354858
1753033071389,3.1210501194000244,-9.183000564575195,1.38795006275177
1753033071406,2.893050193786621,-9.192000389099121,1.1820000410079956
1753033071423,2.508000135421753,-9.433950424194336,1.1119500398635864
1753033071440,1.918950080871582,-9.77400016784668,1.3210500478744507
1753033071457,1.4380500316619873,-9.904950141906738,1.8780001401901245
1753033071474,1.3450500965118408,-9.76200008392334,2.515050172805786
1753033071491,,,2.9359500408172607
1753033071492,1.3519500494003296,-9.17805004119873,
1753033071509,,,2.9599502086639404
1753033071510,1.2660000324249268,-8.544000625610352,
1753033071526,,,1.9669500589370728
1753033071527,1.0200001001358032,-7.9170002937316895,
1753033071543,0.7920000553131104,-7.434000492095947,0.5140500068664551
1753033071561,0.8470500111579895,-7.1610002517700195,-0.34905001521110535
1753033071581,1.4650501012802124,-7.1509504318237305,-0.226950004696846
1753033071601,2.596950054168701,-7.378950119018555,0.4330500066280365
1753033071620,,,1.0170000791549683
1753033071621,3.2880001068115234,-7.3309502601623535,
1753033071641,3.8340001106262207,-7.318950176239014,1.4070000648498535
1753033071662,4.135050296783447,-7.198950290679932,1.8660000562667847
1753033071663,4.309950351715088,-7.156050205230713,2.3929500579833984
1753033071683,4.324050426483154,-6.9910502433776855,2.7589502334594727
1753033071704,4.374000072479248,-7.039050102233887,2.527050018310547
1753033071723,4.348050117492676,-7.3399505615234375,1.9380000829696655
1753033071736,4.872000217437744,-8.098950386047363,1.6080000400543213
1753033071753,5.680950164794922,-9.385950088500977,1.6320000886917114
1753033071770,6.508950233459473,-10.93005084991455,2.0340001583099365
1753033071788,6.906000137329102,-11.941950798034668,2.7880501747131348
1753033071808,6.586050510406494,-12.109050750732422,3.6130502223968506
1753033071817,6.4710001945495605,-11.880000114440918,4.69005012512207
1753033071835,6.739050388336182,-11.917950630187988,4.920000076293945
1753033071852,6.784050464630127,-12.373050689697266,3.7159502506256104
1753033071873,5.877000331878662,-12.331950187683105,1.8160500526428223
1753033071894,4.413000106811523,-11.362950325012207,0.8130000233650208
1753033071904,3.123000144958496,-9.984000205993652,0.700950026512146
1753033071920,2.3740501403808594,-9.469950675964355,0.7800000309944153
1753033071937,,,1.0860000848770142
1753033071938,1.821000099182129,-9.630000114440918,
1753033071955,1.0320000648498535,,1.4160000085830688
1753033071956,,-9.634950637817383,
1753033071973,0.5290500521659851,-9.481950759887695,1.6009501218795776
1753033071989,,,1.3369500637054443
1753033071990,0.4429500102996826,-9.427050590515137,
1753033072007,0.26805001497268677,-9.255000114440918,0.7489500641822815
1753033072023,0.08595000207424164,-9.148950576782227,-0.11400000751018524
1753033072040,-0.046950001269578934,-9.288000106811523,-0.8770500421524048
1753033072057,-0.5010000467300415,-9.440999984741211,-1.1809500455856323
1753033072074,-1.0440000295639038,,-0.8509500622749329
1753033072075,,-9.340950012207031,
1753033072091,-0.7069500088691711,-9.160950660705566,-0.08295000344514847
1753033072108,,,0.5140500068664551
1753033072109,0.283050000667572,-8.842950820922852,
1753033072126,1.4929500818252563,-8.527050018310547,0.6960000395774841
1753033072143,2.5990500450134277,-8.190000534057617,0.42795002460479736
1753033072160,3.183000087738037,-7.837950229644775,-0.21000000834465027
1753033072177,3.3409502506256104,-7.537050247192383,-0.6859500408172607
1753033072194,3.4200000762939453,-7.366950511932373,-0.6139500141143799
1753033072211,3.4770002365112305,-7.2109503746032715,-0.046950001269578934
1753033072231,3.5299501419067383,-7.1419501304626465,0.6889500617980957
1753033072246,3.621000289916992,-7.063050270080566,1.3420500755310059
1753033072263,3.690000057220459,-6.922050476074219,1.5810000896453857
1753033072281,3.640050172805786,-6.7159504890441895,1.480950117111206
1753033072297,3.511050224304199,-6.385950088500977,1.3300501108169556
1753033072314,3.6349501609802246,-6.160950183868408,1.218000054359436
1753033072334,4.044000148773193,-6.079050064086914,1.062000036239624
1753033072351,4.834050178527832,-6.438000202178955,0.7320000529289246
1753033072367,,,0.21300001442432404
1753033072368,5.901000499725342,-7.26900053024292,
1753033072385,7.1260504722595215,-8.802000045776367,-0.47805002331733704
1753033072402,8.016000747680664,-10.858050346374512,-0.9420000314712524
1753033072419,8.110050201416016,-12.39900016784668,-0.21900001168251038
1753033072434,7.879950523376465,-13.119000434875488,1.0600500106811523
1753033072452,7.203000545501709,-12.72900104522705,2.356950044631958
1753033072468,6.325050354003906,-12.253050804138184,2.7090001106262207
1753033072485,5.023050308227539,-12.361050605773926,1.894950032234192
1753033072502,3.859950065612793,-12.550050735473633,0.5719500184059143
1753033072520,3.682950258255005,-12.258000373840332,0.3750000298023224
1753033072537,4.255050182342529,-11.56095027923584,0.7129500508308411
1753033072554,4.671000003814697,-10.513050079345703,1.002000093460083
1753033072571,,,1.1100000143051147
1753033072572,5.100000381469727,-9.814950942993164,
1753033072588,5.4970502853393555,-9.63705062866211,0.9570000171661377
1753033072605,5.581050395965576,,0.286950021982193
1753033072606,,-9.736050605773926,
1753033072622,5.07105016708374,-9.814950942993164,-0.7030500173568726
1753033072640,3.702000141143799,-9.904950141906738,-1.3680000305175781
1753033072657,1.9309500455856323,-10.141950607299805,-0.76500004529953
1753033072674,0.2440500110387802,-10.609050750732422,0.2939999997615814
1753033072691,-1.114050030708313,-11.128050804138184,1.7269500494003296
1753033072709,-1.6140000820159912,-11.017950057983398,3.520050048828125
1753033072725,-1.2190500497817993,-10.462950706481934,5.1160502433776855
1753033072742,-0.27900001406669617,-9.865050315856934,5.64900016784668
1753033072760,1.2709500789642334,-9.355050086975098,4.4670000076293945
1753033072777,1.9120501279830933,-8.689949989318848,2.02905011177063
1753033072794,1.3380000591278076,-7.948050498962402,-0.39900001883506775
1753033072812,0.4429500102996826,-7.351950168609619,-1.686000108718872
1753033072829,0.6100500226020813,-7.1010003089904785,-0.973050057888031
1753033072846,1.4310001134872437,-7.015050411224365,1.1530500650405884
1753033072862,2.455050230026245,-6.859050273895264,2.871000051498413
1753033072880,3.1519501209259033,-6.460050106048584,3.2350502014160156
1753033072897,3.894000291824341,-6.235050201416016,3.003000259399414
1753033072914,4.306950092315674,-6.169950485229492,2.614950180053711
1753033072931,4.6810503005981445,-6.373950481414795,2.2200000286102295
1753033072950,4.840950012207031,-6.66795015335083,1.9519500732421875
1753033072965,4.507950305938721,-6.78795051574707,1.689000129699707
1753033072984,4.044000148773193,-7.087050437927246,1.6219500303268433
1753033073000,4.2210001945495605,-8.158950805664062,1.5859500169754028
1753033073017,5.269050121307373,-10.156950950622559,1.7200500965118408
1753033073034,6.637950420379639,-12.258000373840332,2.3710501194000244
1753033073051,7.65000057220459,-13.366050720214844,3.312000274658203
1753033073069,7.593000411987305,-12.643050193786621,4.089000225067139
1753033073085,7.357950210571289,-11.5420503616333,4.351950168609619
1753033073102,7.23900032043457,-11.521050453186035,3.4170000553131104
1753033073119,,,1.76295006275177
1753033073120,6.435000419616699,-12.15000057220459,
1753033073137,4.762050151824951,-11.83905029296875,0.5209500193595886
1753033073154,3.082050085067749,-10.848000526428223,0.3730500042438507
1753033073171,1.4359500408172607,-9.37695026397705,1.480950117111206
1753033073188,0.6919500231742859,-8.96505069732666,2.622000217437744
1753033073205,0.5719500184059143,-9.78795051574707,3.0289502143859863
1753033073223,0.598050057888031,-11.32395076751709,2.968950033187866
1753033073240,0.505050003528595,-12.550050735473633,2.1730501651763916
1753033073257,-0.10395000129938126,-12.277050971984863,1.3450500965118408
1753033073274,-0.5040000081062317,-11.545050621032715,1.0429500341415405
1753033073291,-0.2760000228881836,-11.214000701904297,1.215000033378601
1753033073308,-0.23100000619888306,-11.041950225830078,1.0980000495910645
1753033073325,-0.8580000400543213,-10.771950721740723,0.26805001497268677
1753033073342,-1.5610500574111938,-10.056000709533691,0.07905000448226929
1753033073360,-1.492050051689148,-9.19005012512207,0.4900500178337097
1753033073377,-0.49605002999305725,-8.515049934387207,1.0600500106811523
1753033073394,0.19905000925064087,-7.606050491333008,1.4020500183105469
1753033073412,0.9379500150680542,-6.844950199127197,1.3399500846862793
1753033073430,1.6489500999450684,-6.1650004386901855,1.1100000143051147
1753033073445,2.26200008392334,-5.683950424194336,1.0000500679016113
1753033073463,2.7280502319335938,-5.445000171661377,1.1460000276565552
1753033073480,3.2350502014160156,-5.347050189971924,1.5529500246047974
1753033073497,3.6160502433776855,-5.482950210571289,1.8469500541687012
1753033073514,3.5370001792907715,-5.605050086975098,2.0650501251220703
1753033073531,3.9270002841949463,-5.955000400543213,2.0119500160217285
1753033073549,4.102050304412842,-6.297000408172607,1.7749500274658203
1753033073674,7.7749505043029785,-9.56100082397461,1.765950083732605
1753033073740,8.011950492858887,-10.848000526428223,1.120050072669983
1753033073808,4.291050434112549,-11.791050910949707,1.2420001029968262
1753033073874,8.602950096130371,,5.331000328063965
1753033073875,9.072000503540039,-9.877050399780273,
1753033074009,2.3740501403808594,-10.366950035095215,-1.954050064086914
1753033074076,1.3159500360488892,-8.98905086517334,1.8379501104354858
1753033074143,,,-0.2050500065088272
1753033074144,1.2250500917434692,-7.114950180053711,
1753033074210,,,1.0120500326156616
1753033074279,4.711950302124023,-6.0769500732421875,0.9280500411987305
1753033074346,7.291050434112549,-11.092050552368164,1.555050015449524
1753033074412,7.1170501708984375,-11.581050872802734,3.1680002212524414
1753033074479,,,1.3420500755310059
1753033074480,6.199950218200684,-10.317000389099121,0.8760000467300415
1753033074547,4.075050354003906,-7.0600504875183105,1.1959500312805176
1753033074614,2.8429501056671143,-6.342000484466553,-1.1329500675201416
1753033074684,3.7069501876831055,-8.503050804138184,-1.1209501028060913
1753033074749,5.676000118255615,-8.521950721740723,1.765950083732605
1753033074818,6.708000183105469,-6.31095027923584,-0.5500500202178955
1753033074883,6.930000305175781,-3.567000150680542,-0.8220000267028809
1753033074951,8.16195011138916,,3.232950210571289
1753033074952,,-7.288050174713135,
1753033075017,9.799050331115723,-8.356950759887695,3.3450002670288086
1753033075084,,,1.9210500717163086
1753033075085,7.894050598144531,-9.334050178527832,1.8139500617980957
1753033075152,,,1.8160500526428223
1753033075153,5.289000034332275,-8.9839506149292,1.4910000562667847
1753033075219,3.0180001258850098,-9.286050796508789,1.4980500936508179
1753033075287,2.617950201034546,-7.371000289916992,1.333050012588501
1753033075354,3.283050060272217,-6.859050273895264,0.32805001735687256
1753033075421,5.170950412750244,-7.2300004959106445,1.7680500745773315
1753033075488,4.7310004234313965,-8.398050308227539,1.5259500741958618
1753033075556,6.106950283050537,-11.109000205993652,1.9429501295089722
1753033075623,5.356050491333008,-11.836950302124023,1.4640001058578491
1753033075690,,,3.5460002422332764
1753033075691,3.9649500846862793,-8.683050155639648,
1753033075758,4.047000408172607,-8.838000297546387,-1.6140000820159912
1753033075824,2.0650501251220703,-8.25,0.1980000138282776
1753033075892,3.811950206756592,-6.723000526428223,-0.2050500065088272
1753033075960,4.920000076293945,-6.027000427246094,-0.4249500334262848
1753033076029,5.752950191497803,-5.7270002365112305,-0.06105000153183937
1753033076095,8.533050537109375,-9.231000900268555,-0.5140500068664551
1753033076162,8.301000595092773,,2.199000120162964
1753033076163,,-10.063050270080566,
1753033076228,5.449050426483154,-10.260000228881836,3.4579501152038574
1753033076296,6.033000469207764,-9.666000366210938,0.42795002460479736
1753033076363,3.4680001735687256,-10.35105037689209,1.8400501012802124
1753033076430,2.269050121307373,-6.9649505615234375,3.6150002479553223
1753033076497,,,0.032999999821186066
1753033076498,3.0079500675201416,-5.148000240325928,
1753033076564,,,0.012000000104308128
1753033076565,5.5759501457214355,-6.052950382232666,0.2970000207424164
1753033076632,6.4519500732421875,-7.783050537109375,2.16795015335083
1753033076699,6.631050109863281,-11.052000999450684,4.34505033493042
1753033076766,,,2.1850500106811523
1753033076767,7.267950534820557,-11.242950439453125,1.549950122833252
1753033076834,7.480050563812256,-6.7159504890441895,1.380000114440918
1753033076901,4.309950351715088,-8.770950317382812,-2.662950038909912
1753033076968,2.0749499797821045,-8.67300033569336,0.3439500033855438
1753033077035,,,-0.28905001282691956
1753033077036,2.905050039291382,-7.479000568389893,
1753033077102,3.916950225830078,-6.445050239562988,-0.006000000052154064
1753033077170,4.324050426483154,-6.163050174713135,0.556950032711029
1753033077237,7.212000370025635,-9.343050003051758,0.1770000010728836
1753033077304,9.63900089263916,-10.261950492858887,3.9120001792907715
1753033077371,,,2.3329501152038574
1753033077372,9.459000587463379,-8.467050552368164,
1753033077439,9.58905029296875,-7.630050182342529,1.062000036239624
1753033077440,,-7.872000217437744,
1753033077573,5.889000415802002,-8.290050506591797,2.7559502124786377
1753033077641,3.6180002689361572,-5.955000400543213,2.512050151824951
1753033077707,,,-0.1189500093460083
1753033077708,4.044000148773193,-5.497950077056885,-0.9679500460624695
1753033077775,,,-0.7770000100135803
1753033077776,4.228950023651123,-7.2709503173828125,
1753033077842,,,1.0980000495910645
1753033077843,6.832050323486328,-10.095000267028809,
1753033077910,5.611950397491455,-11.362950325012207,3.4549500942230225
1753033077977,6.355950355529785,-9.381000518798828,1.5100500583648682
1753033078045,7.62600040435791,-6.429000377655029,1.7610000371932983
1753033078115,7.636050224304199,-6.429000377655029,1.4359500408172607
1753033078179,5.088000297546387,-5.854050159454346,-2.0500500202178955
1753033078246,4.2019500732421875,-4.882950305938721,0.06405000388622284
1753033078313,4.003950119018555,-5.199000358581543,0.9670500755310059
1753033078381,7.083000183105469,-5.211000442504883,0.26295000314712524
1753033078448,,,-0.8269500136375427
1753033078449,10.291950225830078,-8.494050025939941,
1753033078515,11.431050300598145,-11.248050689697266,2.448000192642212
1753033078584,9.865950584411621,-8.074950218200684,4.963050365447998
1753033078649,,,0.016950000077486038
1753033078650,7.432950496673584,-7.249050140380859,
1753033078717,4.300050258636475,-7.383000373840332,2.6730000972747803
1753033078784,4.51800012588501,-5.826000213623047,1.6870501041412354
1753033078851,2.824050188064575,-6.409050464630127,-0.07095000147819519
1753033078918,4.396049976348877,,0.31800001859664917
1753033078919,,-6.4360504150390625,
1753033078986,4.6810503005981445,-9.106050491333008,0.7320000529289246
1753033079053,6.081000328063965,-11.533050537109375,2.4600000381469727
1753033079121,6.910950183868408,-12.028050422668457,3.5370001792907715
1753033079188,7.258050441741943,-8.05305004119873,3.7540502548217773
1753033079255,6.133050441741943,-6.960000514984131,-5.332950115203857
1753033079322,2.3839499950408936,-8.758950233459473,0.10695000737905502
1753033079390,2.994000196456909,-6.832950115203857,1.2229501008987427
1753033079457,3.891000270843506,-5.734950065612793,0.31995001435279846
1753033079524,5.250000476837158,-5.881050109863281,1.2300000190734863
1753033079591,7.765050411224365,-9.312000274658203,0.7300500273704529
1753033079658,8.434950828552246,-10.305000305175781,2.164950132369995
1753033079727,7.600050449371338,-9.300000190734863,-0.8419500589370728
1753033079793,8.52405071258545,-8.404950141906738,0.8329500555992126
1753033079861,4.8319501876831055,-10.642950057983398,-0.37005001306533813
1753033079928,2.640000104904175,-9.730950355529785,2.890050172805786
1753033079995,2.1469500064849854,-7.510050296783447,-0.9780000448226929
1753033080062,4.441050052642822,-7.1419501304626465,0.6409500241279602
1753033080131,5.218950271606445,-6.637050151824951,1.2390000820159912
1753033080198,4.699950218200684,-7.555950164794922,1.9840500354766846
1753033080264,6.001950263977051,-8.908050537109375,2.137050151824951
1753033080333,7.018950462341309,-11.533050537109375,2.284950017929077
1753033080398,6.820050239562988,-12.306000709533691,-0.31005001068115234
1753033080465,3.1590001583099365,-9.925050735473633,1.957050085067749
1753033080533,2.0250000953674316,-7.414050579071045,-0.05895000323653221
1753033080600,,,-3.2700002193450928
1753033080601,2.6490001678466797,-7.699050426483154,
1753033080667,5.217000484466553,-7.132050514221191,1.818000078201294
1753033080735,6.106950283050537,-7.560000419616699,0.2560500204563141
1753033080802,4.650000095367432,-7.54395055770874,1.1080501079559326
1753033080869,6.205050468444824,-8.27595043182373,0.10005000233650208
1753033080936,,,0.2460000067949295
1753033080937,6.337050437927246,-8.905050277709961,0.5530500411987305
1753033081004,5.137950420379639,-10.461000442504883,1.371000051498413
1753033081139,7.4350504875183105,-11.595000267028809,4.567950248718262
1753033081207,,,-1.0980000495910645
1753033081209,5.289000034332275,-8.752050399780273,
1753033081273,2.9170501232147217,-8.695050239562988,2.2080001831054688
1753033081340,,,3.630000114440918
1753033081341,2.2710001468658447,-7.642050266265869,3.5029501914978027
1753033081417,,,2.3329501152038574
1753033081418,2.02905011177063,-6.823050498962402,
1753033081476,3.2950501441955566,-6.543000221252441,1.9950001239776611
1753033081544,4.654050350189209,-8.05305004119873,1.7920501232147217
1753033081626,4.930050373077393,-10.611000061035156,3.637050151824951
1753033081676,5.9350504875183105,-12.166950225830078,1.9519500732421875
1753033081744,5.551950454711914,-11.455950736999512,1.0860000848770142
1753033081811,4.336050033569336,-7.909950256347656,3.1249501705169678
1753033081878,4.824000358581543,-6.826050281524658,-0.3130500018596649
1753033081945,3.601950168609619,-6.763950347900391,1.062000036239624
1753033082014,2.3310000896453857,-6.02400016784668,0.505050003528595
1753033082081,4.489050388336182,-6.687000274658203,1.1680500507354736
1753033082147,6.727050304412842,-7.795050144195557,-0.6840000152587891
1753033082214,5.608950138092041,-8.017050743103027,-0.8700000643730164
1753033082281,6.190950393676758,,2.259000062942505
1753033082282,,-8.93595027923584,
1753033082349,8.16195011138916,-8.854949951171875,1.960050106048584
1753033082416,8.134050369262695,-10.549050331115723,1.201050043106079
1753033082483,6.258000373840332,-8.623050689697266,2.7589502334594727
1753033082550,4.207050323486328,-7.258950233459473,0.037950001657009125
1753033082618,4.223999977111816,-6.256050109863281,1.6560001373291016
1753033082685,4.456050395965576,-6.8710503578186035,1.3180500268936157
1753033082753,4.159049987792969,-7.513050556182861,2.83305025100708
1753033082820,4.564050197601318,-7.237050533294678,3.5650501251220703
1753033082887,5.260050296783447,-7.102950572967529,2.319000005722046
1753033082954,,,1.5529500246047974
1753033082955,5.514000415802002,-7.093950271606445,1.6290000677108765
1753033083021,,,2.77305006980896
1753033083022,5.167050361633301,-7.507950305938721,
1753033083089,5.590050220489502,-7.678050518035889,3.3859500885009766
1753033083156,6.753000259399414,-7.845000267028809,2.0650501251220703
1753033083224,6.7099504470825195,-7.759050369262695,2.196000099182129
1753033083291,,,1.9090501070022583
1753033083292,8.533050537109375,-8.934000015258789,1.4070000648498535
1753033083358,7.360950469970703,-7.9170002937316895,4.063050270080566
1753033083425,6.930000305175781,-7.189950466156006,3.0580501556396484
1753033083492,6.01800012588501,-7.591950416564941,-1.9900500774383545
1753033083560,4.2019500732421875,-7.324050426483154,-1.1209501028060913
1753033083627,3.1060502529144287,-7.777950286865234,1.6440000534057617
1753033083694,4.197000026702881,-7.3470001220703125,2.1220500469207764
1753033083764,5.596950054168701,-6.529050350189209,-0.12105000764131546
1753033083828,,,-0.5590500235557556
1753033083829,6.376950263977051,-6.357000350952148,0.1579500138759613
1753033083896,8.847000122070312,-8.5489501953125,2.3779501914978027
1753033083964,9.045000076293945,-10.449000358581543,2.814000129699707
1753033084031,9.546000480651855,-8.545949935913086,5.176050186157227
1753033084098,6.9970502853393555,-7.764000415802002,0.8419500589370728
1753033084165,4.195050239562988,,1.9380000829696655
1753033084166,,-7.402950286865234,
1753033084232,3.850050210952759,-6.1650004386901855,1.990950107574463
1753033084299,4.126049995422363,-5.731950283050537,0.8800500631332397
1753033084367,6.006000518798828,-5.980950355529785,1.4140501022338867
1753033084434,8.088000297546387,,2.0530500411987305
1753033084435,8.596050262451172,-8.93595027923584,
1753033084501,6.943950176239014,-11.32395076751709,4.156050205230713
1753033084569,6.03795051574707,-9.645000457763672,2.206050157546997
1753033084708,,,-0.1789500117301941
1753033084709,5.635950088500977,-7.198950290679932,0.21000000834465027
1753033084771,,,1.5049500465393066
1753033084772,5.985000133514404,-6.526950359344482,1.287000060081482
1753033084839,6.720000267028809,-7.279950141906738,-0.820050060749054
1753033084905,5.5570502281188965,,-0.527999997138977
1753033084906,5.061000347137451,-6.007050514221191,
1753033084978,4.719000339508057,-5.73900032043457,1.194000005722046
1753033085041,6.676050186157227,-7.16295051574707,0.9979500770568848
1753033085108,9.439949989318848,-8.31195068359375,0.2370000183582306
1753033085176,9.354000091552734,-9.652050018310547,-1.3609501123428345
1753033085248,6.796050548553467,-10.056000709533691,5.065950393676758
1753033085309,,,3.022050142288208
1753033085390,,,-0.5260500311851501
1753033085391,5.26200008392334,-7.594050407409668,0.7339500188827515
1753033085450,3.9559502601623535,,3.075000047683716
1753033085451,3.2860500812530518,-7.351950168609619,
1753033085510,3.3960001468658447,-7.3690505027771,4.639950275421143
1753033085582,4.683000087738037,-7.14900016784668,2.761050224304199
1753033085646,6.01800012588501,-8.628000259399414,0.5140500068664551
1753033085718,,,1.821000099182129
1753033085719,7.16895055770874,-10.321950912475586,1.9000500440597534
1753033085782,7.390050411224365,-10.099050521850586,1.3060500621795654
1753033085847,5.734050273895264,-7.704000473022461,0.9379500150680542
1753033085914,6.124050140380859,-6.892950534820557,0.5290500521659851
1753033085985,4.413000106811523,-5.938050270080566,0.06705000251531601
1753033086048,4.255050182342529,-4.600050449371338,0.8970000147819519
1753033086115,5.2669501304626465,,0.42795002460479736
1753033086116,,-5.16795015335083,
1753033086183,7.210050106048584,-6.654000282287598,0.34905001521110535
1753033086250,9.62505054473877,-7.551000595092773,-0.7170000076293945
1753033086317,,,0.8470500111579895
1753033086318,8.311050415039062,-7.966950416564941,
1753033086385,8.719950675964355,-9.853050231933594,-0.006000000052154064
1753033086452,7.815000534057617,-8.326050758361816,3.7110002040863037
1753033086519,6.373050212860107,-6.2059502601623535,-0.010950000956654549
1753033086586,4.993950366973877,-6.216000080108643,1.0309500694274902
1753033086653,,,3.063000202178955
1753033086654,3.790950298309326,-5.4210004806518555,
1753033086721,3.2880001068115234,-5.613000392913818,3.4240500926971436
1753033086788,5.48205041885376,-6.924000263214111,2.3929500579833984
1753033086857,7.212000370025635,-7.017000198364258,3.3829500675201416
1753033086923,7.570950508117676,-7.458000183105469,2.682000160217285
1753033086990,8.064000129699707,-7.3120503425598145,1.4520000219345093
1753033087058,7.131000518798828,-8.521950721740723,2.6010000705718994
1753033087125,6.6190505027771,-9.658950805664062,2.1409502029418945
1753033087192,7.52400016784668,-11.133000373840332,-0.43995001912117004
1753033087259,6.492000102996826,-10.212000846862793,3.2059502601623535
1753033087328,7.2460503578186035,-6.511950492858887,-0.032999999821186066
1753033087394,6.49500036239624,-5.826000213623047,-0.12405000627040863
1753033087462,3.8650500774383545,-5.06505012512207,0.38700002431869507
1753033087529,3.4050002098083496,-4.987950325012207,1.1959500312805176
1753033087595,4.597050189971924,-6.217950344085693,1.4470500946044922
1753033087663,5.812950134277344,-7.326000213623047,2.308950185775757
1753033087729,,,1.7080501317977905
1753033087730,7.291050434112549,-7.077000141143799,
1753033087797,9.201000213623047,-8.410050392150879,1.0069500207901
1753033087864,11.733000755310059,-9.52500057220459,1.0309500694274902
1753033087932,10.55505084991455,-7.930950164794922,1.9140000343322754
1753033087999,8.076000213623047,-5.5410003662109375,-0.05205000191926956
1753033088066,6.195000171661377,-6.046050071716309,1.4310001134872437
1753033088133,5.101950168609619,-6.424050331115723,2.416950225830078
1753033088268,,,3.0270001888275146
1753033088269,4.06095027923584,-6.57705020904541,3.3330001831054688
1753033088335,4.216950416564941,-6.562950134277344,4.080000400543213
1753033088402,5.691000461578369,-6.688950538635254,3.66795015335083
1753033088470,6.991950511932373,-6.874050140380859,2.674950122833252
1753033088537,7.102050304412842,-7.045950412750244,2.4910500049591064
1753033088604,6.862950325012207,-8.347949981689453,2.338050127029419
1753033088673,9.022050857543945,-10.432050704956055,0.46905001997947693
1753033088740,8.767950057983398,-10.462950706481934,-0.46095001697540283
1753033088806,6.51900053024292,-7.974000453948975,0.505050003528595
1753033088874,5.959050178527832,-6.151050090789795,0.7969500422477722
1753033088941,5.679000377655029,-4.897050380706787,0.3730500042438507
1753033089009,3.8269500732421875,-4.194000244140625,-0.2530499994754791
1753033089076,4.7719502449035645,-5.6010003089904785,0.7540500164031982
1753033089144,6.217050075531006,,1.6750500202178955
1753033089146,,-6.718050479888916,
1753033089210,7.062000274658203,-6.9720001220703125,1.1359500885009766
1753033089282,7.31505012512207,-6.934050559997559,0.5119500160217285
1753033089346,8.596050262451172,-8.752050399780273,0.7339500188827515
1753033089411,10.074000358581543,,1.215000033378601
1753033089412,,-9.22605037689209,
1753033089479,9.802050590515137,-8.094000816345215,1.2199500799179077
1753033089546,8.043000221252441,-5.850000381469727,-0.037950001657009125
1753033089613,5.770050048828125,-6.256050109863281,1.162950038909912
1753033089680,4.501049995422363,,2.236950159072876
1753033089681,,-5.557950496673584,
1753033089747,4.256999969482422,-6.064950466156006,3.0769500732421875
1753033089815,5.5489501953125,-6.541050434112549,3.5560500621795654
1753033089882,7.26300048828125,-6.400050163269043,3.2250001430511475
1753033089949,,,2.1750001907348633
1753033089950,8.229000091552734,-6.940950393676758,
1753033090017,6.8680500984191895,-8.008049964904785,2.725050210952759
1753033090085,3.0870001316070557,,-0.34095001220703125
1753033090086,,-9.517950057983398,
1753033090155,7.051950454711914,-11.511000633239746,-2.7370500564575195
1753033090219,7.3969502449035645,-11.040000915527344,0.5020500421524048
1753033090286,6.487050533294678,-7.117950439453125,-0.021000001579523087
1753033090353,6.705000400543213,-6.747000217437744,-0.9970500469207764
1753033090432,5.592000484466553,-6.124950408935547,0.8970000147819519
1753033090496,3.931950092315674,-5.515050411224365,1.8730500936508179
1753033090557,4.543950080871582,-6.261000156402588,1.1220000982284546
1753033090635,5.725950241088867,-7.24500036239624,0.1980000138282776
1753033090692,6.544950485229492,-7.900050163269043,1.0360500812530518
1753033090759,7.354050159454346,-7.7470502853393555,-0.7150500416755676
1753033090830,8.206049919128418,-8.616000175476074,-1.071000099182129
1753033090895,8.779950141906738,-9.814950942993164,-0.037950001657009125
1753033090959,8.980950355529785,-8.664000511169434,1.4140501022338867
1753033091026,7.969050407409668,,-0.5899500250816345
1753033091027,,-7.015050411224365,
1753033091093,5.407950401306152,-6.373950481414795,1.1650500297546387
1753033091161,4.102050304412842,-5.2009501457214355,1.9260001182556152
1753033091228,4.035000324249268,,2.2519500255584717
1753033091229,,-5.63700008392334,
1753033091297,5.200050354003906,-6.409050464630127,2.1850500106811523
1753033091363,6.214950084686279,,2.8780500888824463
1753033091364,,-7.3470001220703125,
1753033091430,6.448950290679932,-7.7470502853393555,3.642000198364258
1753033091497,6.106950283050537,-7.240050315856934,2.577000141143799
1753033091572,6.556950092315674,-7.3120503425598145,0.2650500237941742
1753033091632,7.009050369262695,-8.403000831604004,-1.39395010471344
1753033091698,8.395050048828125,-9.562950134277344,0.013950000517070293
1753033091834,8.976000785827637,,-0.3840000033378601
1753033091835,,-10.87695026397705,
1753033091901,7.618950366973877,-10.882050514221191,1.4310001134872437
1753033091969,7.090050220489502,-6.2440505027771,0.8760000467300415
1753033092043,6.492000102996826,-5.974050521850586,-0.3820500075817108
1753033092110,4.185000419616699,-5.622000217437744,1.0069500207901
1753033092169,2.908050060272217,,1.2919501066207886
1753033092170,,-5.562000274658203,
1753033092236,3.931950092315674,-5.7870001792907715,1.5430500507354736
1753033092305,5.841000080108643,-6.828000545501709,1.234950065612793
1753033092371,7.722000598907471,-7.318950176239014,0.6529500484466553
1753033092439,9.193950653076172,-7.6870503425598145,-0.5400000214576721
1753033092506,10.048050880432129,-8.601000785827637,0.48795002698898315
1753033092573,8.931000709533691,-9.582000732421875,1.4830501079559326
1753033092640,8.348999977111816,-8.496000289916992,1.765950083732605
1753033092710,7.689000129699707,-7.008000373840332,0.34905001521110535
1753033092774,5.193000316619873,-7.158000469207764,1.9519500732421875
1753033092842,4.128000259399414,-5.6010003089904785,2.4690001010894775
1753033092909,3.0679502487182617,-5.7270002365112305,2.1559500694274902
1753033092976,4.497000217437744,,3.022050142288208
1753033092977,,-6.520050525665283,
1753033093043,,,2.983950138092041
1753033093044,6.669000148773193,-7.479000568389893,
1753033093111,8.184000015258789,-7.491000175476074,3.201000213623047
1753033093178,7.069050312042236,-8.460000038146973,1.3300501108169556
1753033093245,,,-0.27195000648498535
1753033093246,6.289050102233887,-10.285950660705566,
1753033093312,6.754950523376465,-11.599950790405273,0.6169500350952148
1753033093380,6.69795036315918,-9.288000106811523,2.587050199508667
1753033093447,7.633950233459473,-6.169950485229492,-0.5089499950408936
1753033093514,,,-0.364950031042099
1753033093515,6.0520501136779785,,
1753033093516,5.592000484466553,-4.939950466156006,
1753033093581,,,0.16500000655651093
1753033093582,3.8359501361846924,-4.036050319671631,
1753033093648,,,0.7369500398635864
1753033093649,4.288050174713135,-5.404050350189209,0.5209500193595886
1753033093716,,,1.6270500421524048
1753033093717,6.325050354003906,-8.178000450134277,
1753033093783,7.449000358581543,-7.974000453948975,1.3090500831604004
1753033093850,6.39900016784668,-6.237000465393066,-0.8989500403404236
1753033093918,5.611950397491455,-6.175050258636475,0.019050000235438347
1753033093987,7.33905029296875,-8.35004997253418,0.8280000686645508
1753033094052,8.461950302124023,-9.550950050354004,1.1269500255584717
1753033094120,,,1.9330500364303589
1753033094121,9.079050064086914,-10.843950271606445,2.328000068664551
1753033094188,8.584050178527832,-7.063050270080566,1.002000093460083
1753033094255,6.568950176239014,-6.462000370025635,-0.04500000178813934
1753033094321,4.543950080871582,-5.641050338745117,2.0310001373291016
1753033094390,3.889050245285034,-5.236950397491455,3.063000202178955
1753033094456,3.879000186920166,-6.01200008392334,3.112950086593628
1753033094523,4.969950199127197,-7.158000469207764,3.3000001907348633
1753033094590,5.821950435638428,-7.3999505043029785,3.043950080871582
1753033094658,6.364950180053711,-7.654050350189209,1.6170001029968262
1753033094725,7.063950538635254,-7.972050189971924,0.14100000262260437
1753033094793,7.432950496673584,-8.86500072479248,1.2990000247955322
1753033094859,6.577950477600098,-9.369000434875488,2.3779501914978027
1753033094927,5.2669501304626465,-6.280050277709961,3.172950267791748
1753033094994,7.083000183105469,-5.107950210571289,-0.1789500117301941
1753033095061,,,-0.47505003213882446
1753033095062,7.710000514984131,-8.254050254821777,0.9499500393867493
1753033095130,5.4150004386901855,-7.948050498962402,3.082050085067749
1753033095197,4.768950462341309,-6.733050346374512,0.1960500031709671
1753033095263,,,-0.5400000214576721
1753033095264,5.596950054168701,-6.70395040512085,
1753033095398,5.217000484466553,-6.880950450897217,1.120050072669983
1753033095466,,,1.1080501079559326
1753033095467,6.334050178527832,,1.227000117301941
1753033095470,,-7.120050430297852,
1753033095533,7.630950450897217,-7.273050308227539,1.4640001058578491
1753033095600,8.815950393676758,-9.937050819396973,1.8570001125335693
1753033095667,9.156000137329102,,3.42900013923645
1753033095668,9.213000297546387,-7.555950164794922,
1753033095735,7.408950328826904,-8.344950675964355,0.547950029373169
1753033095801,,,4.3720502853393555
1753033095802,4.4509501457214355,-7.407000541687012,
1753033095872,3.9679501056671143,-5.9760003089904785,2.2710001468658447
1753033095936,4.288050174713135,,2.01705002784729
1753033095937,,-7.300050258636475,
1753033096005,6.966000556945801,-9.19005012512207,1.8019500970840454
1753033096073,8.480999946594238,-10.252050399780273,1.7389501333236694
1753033096140,,,2.8759500980377197
1753033096141,6.954000473022461,-11.289000511169434,2.5510501861572266
1753033096205,6.277050495147705,,0.853950023651123
1753033096206,,-8.96505069732666,
1753033096273,5.205000400543213,-5.950050354003906,1.4880000352859497
1753033096340,6.565950393676758,-6.784950256347656,0.7200000286102295
1753033096407,,,1.1839500665664673
1753033096408,6.69795036315918,-6.304050445556641,1.1080501079559326
1753033096475,4.549050331115723,,1.5310500860214233
1753033096541,3.991950273513794,-6.19605016708374,1.0000500679016113
1753033096608,5.19795036315918,-6.778050422668457,1.1239500045776367
1753033096675,,,1.2580500841140747
1753033096676,6.628950119018555,-6.901950359344482,0.9690000414848328
1753033096743,7.063950538635254,-6.7420501708984375,0.32505002617836
1753033096810,7.2270002365112305,-7.375950336456299,0.6670500040054321
1753033096877,7.159950256347656,-7.9360504150390625,2.436000108718872
1753033096945,9.36405086517334,-10.717050552368164,2.6539502143859863
1753033097012,8.719950675964355,-8.656050682067871,2.713050127029419
1753033097079,7.270050525665283,-6.319050312042236,0.2939999997615814
1753033097146,5.608950138092041,-6.4360504150390625,1.0909500122070312
1753033097213,,,2.4600000381469727
1753033097214,4.360050201416016,-5.746950149536133,
1753033097281,3.283050060272217,-6.4170002937316895,2.9860501289367676
1753033097348,3.9439501762390137,,4.408050060272217
1753033097349,,-6.949950218200684,
1753033097415,5.676000118255615,-7.198950290679932,3.871950149536133
1753033097483,6.970950126647949,-6.868950366973877,3.0870001316070557
1753033097550,,,2.448000192642212
1753033097551,6.88200044631958,-6.936000347137451,
1753033097617,,,2.2609500885009766
1753033097618,6.418050289154053,-8.211000442504883,
1753033097686,6.862950325012207,-10.000950813293457,2.058000087738037
1753033097753,8.280000686645508,-11.119050979614258,0.8640000224113464
1753033097819,6.093000411987305,-9.913050651550293,1.6680001020431519
1753033097886,6.174000263214111,-7.132050514221191,2.2990500926971436
1753033097953,6.186000347137451,-6.309000492095947,0.7849500179290771
1753033098021,5.551950454711914,-5.895000457763672,1.6009501218795776
1753033098088,4.3120503425598145,-4.5960001945495605,1.0720500946044922
1753033098156,4.425000190734863,-5.505000114440918,0.4710000157356262
1753033098223,5.7460503578186035,-7.7659502029418945,1.0309500694274902
1753033098290,6.028050422668457,-8.37405014038086,1.8160500526428223
1753033098357,5.734050273895264,-7.534050464630127,-0.19500000774860382
1753033098424,5.782050132751465,-6.6220502853393555,-0.44895002245903015
1753033098491,,,-0.18105000257492065
1753033098492,5.800950050354004,-6.289950370788574,-0.1189500093460083
1753033098559,6.660000324249268,-7.138950347900391,-0.009000000543892384
1753033098626,8.701050758361816,-9.286050796508789,1.0669500827789307
1753033098694,9.33495044708252,,2.323050022125244
1753033098695,,-11.734050750732422,
1753033098761,9.193950653076172,-10.156950950622559,2.1409502029418945
1753033098828,7.738950252532959,-6.724950313568115,-0.06599999964237213
1753033098963,5.257050037384033,-6.442950248718262,0.8059500455856323
1753033099029,3.7789502143859863,,2.3299500942230225
1753033099030,,-4.7820000648498535,
1753033099097,3.432000160217285,-4.171950340270996,2.196000099182129
1753033099164,,,2.1630001068115234
1753033099165,4.747950077056885,-6.567000389099121,2.4409501552581787
1753033099231,7.06695032119751,-8.788050651550293,2.8399500846862793
1753033099299,6.97605037689209,-8.500950813293457,4.900050163269043
1753033099366,5.8560004234313965,-6.543000221252441,2.905050039291382
1753033099433,4.864950180053711,,0.28005000948905945
1753033099434,4.7410502433776855,,
1753033099436,,-6.055050373077393,
1753033099503,5.254950046539307,-7.07205057144165,1.3729500770568848
1753033099572,7.348950386047363,-9.142050743103027,2.11995005607605
1753033099635,9.31605052947998,-10.537050247192383,1.3489500284194946
1753033099702,7.879950523376465,-10.603950500488281,1.5139501094818115
1753033099770,6.49500036239624,-9.397950172424316,1.735050082206726
1753033099837,6.154950141906738,-6.9120001792907715,1.4689500331878662
1753033099904,4.744950294494629,-6.450000286102295,1.120050072669983
1753033099972,4.353000164031982,-6.304050445556641,1.6560001373291016
1753033100039,4.099050045013428,-5.436000347137451,0.7770000100135803
1753033100106,4.657050132751465,-6.378000259399414,0.4069500267505646
1753033100173,5.169000148773193,-7.300050258636475,0.016950000077486038
1753033100240,5.26200008392334,-8.082000732421875,0.7249500155448914
1753033100308,5.836950302124023,-7.723050594329834,0.9259500503540039
1753033100375,7.423050403594971,-7.7659502029418945,0.28905001282691956
1753033100442,8.854050636291504,-9.223950386047363,1.0810500383377075
1753033100510,9.321000099182129,-10.755000114440918,3.856950283050537
1753033100577,8.521050453186035,-7.351950168609619,1.5340501070022583
1753033100644,7.308000564575195,-6.490950107574463,-0.22200001776218414
1753033100711,4.888950347900391,-6.484050273895264,2.3110501766204834
1753033100779,3.4960501194000244,-5.092950344085693,2.950050115585327
1753033100846,3.271050214767456,-5.620050430297852,3.271050214767456
1753033100913,4.6810503005981445,-6.961950302124023,3.4240500926971436
1753033100980,6.600000381469727,-7.387950420379639,3.7140002250671387
1753033101047,,,2.8429501056671143
1753033101048,7.0570502281188965,-7.111050128936768,2.455050230026245
1753033101115,5.64300012588501,-7.168050289154053,2.464050054550171
1753033101182,5.968050479888916,-8.688000679016113,1.2919501066207886
1753033101252,8.950050354003906,-11.551950454711914,0.7699500322341919
1753033101318,8.605050086975098,-11.506050109863281,2.7090001106262207
1753033101384,6.6190505027771,-7.0410003662109375,2.2420501708984375
1753033101452,6.307950496673584,-6.027000427246094,-0.09495000541210175
1753033101518,,,0.8800500631332397
1753033101519,5.257050037384033,-5.15595006942749,1.0170000791549683
1753033101587,2.707050085067749,-4.939950466156006,1.311000108718872
1753033101653,3.690000057220459,-6.301950454711914,1.194000005722046
1753033101720,5.824950218200684,-7.909950256347656,2.368950128555298
1753033101787,,,0.8779500126838684
1753033101788,6.913050174713135,-7.489050388336182,0.6319500207901001
1753033101856,6.621000289916992,-6.835050106048584,-0.004050000105053186
1753033101922,6.853950500488281,-7.35705041885376,0.0019500000635161996
1753033101990,8.095050811767578,-8.797950744628906,1.4280000925064087
1753033102056,8.950050354003906,-10.996950149536133,3.4549500942230225
1753033102124,8.553000450134277,-8.629950523376465,2.995950222015381
1753033102191,7.408950328826904,-6.70395040512085,1.0840500593185425
1753033102258,5.413050174713135,-6.271050453186035,1.7730001211166382
1753033102326,3.693000078201294,-4.7989501953125,2.634000062942505
1753033102393,3.463050127029419,-5.17995023727417,2.742000102996826
1753033102528,4.293000221252441,-6.517050266265869,3.4360501766204834
1753033102596,6.145050525665283,-7.455000400543213,4.719000339508057
1753033102663,,,4.099050045013428
1753033102664,7.002000331878662,-7.282950401306152,3.4810502529144287
1753033102730,,,2.2680001258850098
1753033102731,6.966000556945801,-7.105950355529785,
1753033102797,,,2.4529500007629395
1753033102798,5.824950218200684,-7.209000110626221,2.473950147628784
1753033102864,5.755050182342529,-7.8760504722595215,2.416950225830078
1753033102931,7.588050365447998,-9.444000244140625,1.902000069618225
1753033102998,8.943000793457031,-11.152050971984863,2.035950183868408
1753033103066,7.947000503540039,-9.609000205993652,3.4260001182556152
1753033103134,6.757950305938721,-6.639000415802002,-0.44700002670288086
1753033103200,4.461000442504883,-6.7009501457214355,2.095950126647949
1753033103268,2.829000234603882,-5.689050197601318,1.3350000381469727
1753033103335,3.412950277328491,-5.359050273895264,0.2650500237941742
1753033103402,4.449000358581543,-6.148950099945068,1.5859500169754028
1753033103470,5.427000045776367,-7.135050296783447,2.5600500106811523
1753033103536,6.1210503578186035,-7.2210001945495605,2.4570000171661377
1753033103604,7.516050338745117,-7.048050403594971,0.8970000147819519
1753033103671,,,1.4620500802993774
1753033103672,8.980950355529785,-9.013050079345703,
1753033103739,9.120000839233398,-9.850050926208496,2.9190001487731934
1753033103805,9.660000801086426,-8.778000831604004,3.5149502754211426
1753033103873,9.60300064086914,-6.441000461578369,1.3729500770568848
1753033103940,6.730950355529785,-6.759000301361084,1.6530001163482666
1753033104007,3.9940502643585205,-5.842050075531006,3.718050241470337
1753033104074,3.1680002212524414,-5.188950061798096,3.1339502334594727
1753033104142,3.9439501762390137,-6.634050369262695,3.4140002727508545
1753033104209,5.1160502433776855,-7.453050136566162,4.819050312042236
1753033104276,5.95395040512085,-7.075050354003906,5.085000038146973
1753033104344,6.174000263214111,-6.694050312042236,2.851950168609619
1753033104411,6.262050151824951,-7.5199503898620605,2.1940500736236572
1753033104478,7.35105037689209,-9.658950805664062,1.4689500331878662
1753033104545,8.584050178527832,,2.6200501918792725
1753033104546,,-11.358000755310059,
1753033104612,6.922950267791748,,1.4239500761032104
1753033104613,,-10.921950340270996,
1753033104680,5.974950313568115,-7.015050411224365,2.8570501804351807
1753033104747,5.868000507354736,-6.883050441741943,0.031050002202391624
1753033104814,4.800000190734863,-5.296950340270996,1.7869501113891602
1753033104883,3.3790502548217773,-3.2320501804351807,1.366050124168396
1753033104949,4.786050319671631,-4.768050193786621,0.9160500168800354
1753033105016,6.954000473022461,-8.185050010681152,1.5100500583648682
1753033105083,7.131000518798828,-8.982000350952148,1.7370001077651978
1753033105151,6.082950115203857,-7.54395055770874,0.4350000321865082
1753033105218,5.52495002746582,-6.40500020980835,-0.3270000219345093
1753033105285,6.865950107574463,-7.837950229644775,0.43095001578330994
1753033105352,,,2.0650501251220703
1753033105353,7.861050605773926,-9.118050575256348,2.485950231552124
1753033105420,7.413000583648682,-10.07295036315918,4.9360504150390625
1753033105487,8.42805004119873,-8.398050308227539,3.192000150680542
1753033105555,7.7989501953125,-6.535950183868408,0.42795002460479736
1753033105621,4.879050254821777,-6.060000419616699,3.3760502338409424
1753033105689,3.3670501708984375,-5.257950305938721,4.402950286865234
1753033105756,4.534950256347656,-6.3949503898620605,4.9170002937316895
1753033105823,,,4.699050426483154
1753033105824,6.262050151824951,,4.579950332641602
1753033105826,,-7.065000534057617,
1753033105892,4.6810503005981445,-8.434050559997559,4.192049980163574
1753033105959,4.177950382232666,-8.914950370788574,4.197000026702881
1753033106092,6.6910505294799805,-9.982050895690918,3.2280001640319824
1753033106160,8.521050453186035,-11.146950721740723,1.1989500522613525
1753033106226,,,2.7370500564575195
1753033106227,6.408000469207764,-8.745000839233398,
1753033106294,5.077950477600098,-6.361950397491455,1.6170001029968262
1753033106361,4.071000099182129,-5.54295015335083,0.8059500455856323
1753033106429,4.7410502433776855,-4.372950077056885,0.4930500090122223
1753033106496,5.401050090789795,-5.2819504737854,0.6100500226020813
1753033106563,6.376950263977051,-7.254000186920166,1.5240000486373901
1753033106632,6.270000457763672,-8.173049926757812,1.3519500494003296
1753033106698,5.611950397491455,-7.378950119018555,1.5769500732421875
1753033106765,4.944000244140625,-6.984000205993652,0.9900000691413879
1753033106832,4.9009504318237305,-6.883050441741943,1.0219500064849854
1753033106899,5.860050201416016,-7.123050212860107,1.5529500246047974
1753033106967,7.7440505027771,-7.546050548553467,2.0460000038146973
1753033107034,8.974050521850586,-8.491050720214844,1.6870501041412354
1753033107101,9.04995059967041,-7.891050338745117,3.421950101852417
1753033107168,7.843950271606445,-8.296950340270996,1.8379501104354858
1753033107235,,,3.4480502605438232
1753033107236,4.951050281524658,-8.599050521850586,3.879000186920166
1753033107304,4.255050182342529,-6.618000507354736,3.44100022315979
1753033107370,4.168950080871582,-6.169950485229492,1.5070500373840332
1753033107438,5.329050064086914,-5.890050411224365,0.5839500427246094
1753033107504,,,1.1359500885009766
1753033107505,5.692950248718262,-6.727950096130371,
1753033107572,7.23900032043457,-9.702000617980957,2.743950128555298
1753033107639,8.257950782775879,,4.764000415802002
1753033107706,7.594950199127197,-8.676000595092773,3.3070502281188965
1753033107774,6.229050159454346,-5.517000198364258,1.3690500259399414
1753033107841,6.6739501953125,-5.2819504737854,-0.16200000047683716
1753033107908,6.576000213623047,-6.952950477600098,0.22500000894069672
1753033107976,5.715000152587891,-7.063050270080566,2.4880502223968506
1753033108043,4.225950241088867,-6.460050106048584,1.3090500831604004
1753033108110,5.016000270843506,-7.063050270080566,0.5670000314712524
1753033108177,7.369950294494629,-7.813950538635254,0.6529500484466553
1753033108244,,,1.3420500755310059
1753033108245,8.872950553894043,-7.771050453186035,
1753033108312,8.136000633239746,-8.500950813293457,3.0700502395629883
1753033108379,9.967050552368164,-8.134950637817383,4.0320000648498535
1753033108447,7.533000469207764,-9.709050178527832,1.6939500570297241
1753033108516,0.2749500274658203,-7.843050479888916,5.122950077056885
1753033108582,1.8430501222610474,-6.697050094604492,2.742000102996826
1753033108648,4.273950099945068,-5.883000373840332,1.4280000925064087
1753033108716,6.880050182342529,-5.928000450134277,3.438000202178955
1753033108783,9.994950294494629,-5.467050075531006,2.8690500259399414
1753033108850,9.330000877380371,-5.263050079345703,2.845050096511841
1753033108917,9.169950485229492,-7.821000576019287,2.8879501819610596
1753033108984,8.076000213623047,-7.828050136566162,4.039050102233887
1753033109052,,,5.377050399780273
1753033109053,5.998950481414795,-5.325000286102295,
1753033109119,,,-2.7460501194000244
1753033109121,4.732950210571289,-6.534000396728516,
1753033109187,6.844050407409668,-6.364050388336182,-1.0500000715255737
1753033109254,,,2.07705020904541
1753033109255,6.199950218200684,-6.649050235748291,2.7400500774383545
1753033109330,5.9730000495910645,-5.092950344085693,1.5910500288009644
1753033109389,,,0.8230500221252441
1753033109390,6.6499505043029785,-5.656050205230713,
1753033109456,,,0.9709500670433044
1753033109457,11.191950798034668,-7.882950305938721,
1753033109523,11.934000968933105,-7.534050464630127,1.897050142288208
1753033109657,9.031050682067871,-7.16295051574707,2.634000062942505
1753033109724,5.443950176239014,,3.9049501419067383
1753033109725,,-5.2920002937316895,
1753033109792,4.564050197601318,-4.528950214385986,6.48900032043457
1753033109859,5.19795036315918,-3.3229501247406006,3.5370001792907715
1753033109926,5.0400004386901855,-4.002000331878662,1.7370001077651978
1753033109993,,,1.6150500774383545
1753033109994,4.686000347137451,-5.758950233459473,
1753033110061,8.78700065612793,-8.986950874328613,2.0050501823425293
1753033110128,11.178000450134277,-11.250000953674316,5.215950012207031
1753033110195,9.27495002746582,-10.461000442504883,2.8500001430511475
1753033110264,7.428000450134277,-5.938050270080566,2.713050127029419
1753033110331,5.250000476837158,-6.373950481414795,2.3209500312805176
1753033110397,,,1.5580500364303589
1753033110398,4.6810503005981445,-6.687000274658203,1.6579500436782837
1753033110464,4.546950340270996,-5.425950050354004,0.9379500150680542
1753033110532,3.9529502391815186,-4.879950046539307,1.6200001239776611
1753033110599,5.101950168609619,-4.963950157165527,2.6010000705718994
1753033110667,8.305950164794922,-6.400050163269043,1.4359500408172607
1753033110734,10.689000129699707,-9.724050521850586,-0.034950003027915955
1753033110801,7.842000484466553,-9.574950218200684,2.527050018310547
1753033110868,8.18595027923584,-7.563000202178955,5.242950439453125
1753033110935,7.576050281524658,-7.068000316619873,2.7709500789642334
1753033111002,5.5570502281188965,-6.345000267028809,2.746950149536133
1753033111070,3.349950075149536,-4.6080002784729,3.2370002269744873
1753033111137,3.2310001850128174,-5.548050403594971,2.2519500255584717
1753033111204,6.388950347900391,-5.967000484466553,-0.14805001020431519
1753033111272,9.4350004196167,-9.871950149536133,0.05700000375509262
1753033111339,7.555050373077393,,6.51300048828125
1753033111340,,-10.570950508117676,
1753033111406,6.034950256347656,-9.736050605773926,2.572050094604492
1753033111473,5.503950119018555,-6.967050552368164,1.4140501022338867
1753033111474,,-6.916950225830078,
1753033111540,,,1.9500000476837158
1753033111541,5.140050411224365,-6.867000102996826,
1753033111608,5.583000183105469,-6.832950115203857,-0.3169500231742859
1753033111675,5.1739501953125,-5.962050437927246,0.46905001997947693
1753033111742,4.507950305938721,-5.4120001792907715,1.2370500564575195
1753033111809,4.756950378417969,-5.014050006866455,1.9549500942230225
1753033111877,8.653050422668457,-7.261050224304199,-0.16005000472068787
1753033111944,9.414000511169434,-10.015950202941895,2.6800501346588135
1753033112011,8.836950302124023,-10.354950904846191,4.2019500732421875
1753033112082,9.3589506149292,-6.663000106811523,4.410000324249268
1753033112147,8.035950660705566,-6.694050312042236,1.828050136566162
1753033112213,5.305050373077393,-6.922050476074219,3.967050075531006
1753033112281,3.751950263977051,-5.493000030517578,3.718050241470337
1753033112348,3.637050151824951,-5.914050102233887,2.9140501022338867
1753033112415,,,3.948000192642212
1753033112416,4.707000255584717,-6.661050319671631,1.9480501413345337
1753033112482,6.892050266265869,-7.599000453948975,0.556950032711029
1753033112550,8.32800006866455,-9.879000663757324,3.7159502506256104
1753033112551,,-10.336050033569336,
1753033112618,7.770000457763672,-9.915000915527344,6.20205020904541
1753033112684,6.277050495147705,-6.2659502029418945,1.6390501260757446
1753033112751,4.23105001449585,-4.468950271606445,1.7590501308441162
1753033112818,5.182950019836426,-6.003000259399414,2.1750001907348633
1753033112886,6.13800048828125,-6.796950340270996,3.1630501747131348
1753033112953,6.085050106048584,-5.731950283050537,4.128000259399414
1753033113020,4.5520501136779785,-5.385000228881836,2.3299500942230225
1753033113087,5.64300012588501,-6.027000427246094,0.8970000147819519
1753033113222,8.329950332641602,-8.85300064086914,0.8730000257492065
1753033113289,10.02405071258545,-11.475000381469727,4.43595027923584
1753033113356,8.770050048828125,-8.617950439453125,5.082000255584717
1753033113424,7.878000259399414,-6.163050174713135,2.4049501419067383
1753033113491,5.085000038146973,-6.844950199127197,3.6940500736236572
1753033113559,4.128000259399414,-4.849050045013428,2.8590002059936523
1753033113626,3.0199501514434814,-4.998000144958496,2.854950189590454
1753033113693,5.463000297546387,-5.988000392913818,1.8090001344680786
1753033113760,8.584050178527832,-7.9069504737854,1.0720500946044922
1753033113829,7.597950458526611,-10.396050453186035,4.836000442504883
1753033113896,5.9920501708984375,-9.903000831604004,2.9860501289367676
1753033113963,6.294000148773193,-6.57705020904541,2.893050193786621
1753033114029,5.977950096130371,-6.262950420379639,1.0860000848770142
1753033114030,,-6.721050262451172,
1753033114097,5.857950210571289,-6.56505012512207,0.3060000240802765
1753033114164,4.611000061035156,-5.7300004959106445,1.4089500904083252
1753033114231,3.642000198364258,-5.608050346374512,1.5120000839233398
1753033114300,3.996000289916992,-5.068950176239014,2.0239500999450684
1753033114365,7.071000099182129,-7.773000240325928,0.9040500521659851
1753033114433,8.89905071258545,-9.291000366210938,4.471950054168701
1753033114501,10.218000411987305,-9.505950927734375,4.183050155639648
1753033114567,10.546050071716309,-7.032000541687012,4.5420002937316895
1753033114635,7.504050254821777,-7.6870503425598145,3.370950222015381
1753033114702,5.785950183868408,-6.0360002517700195,4.990950107574463
1753033114769,4.708950042724609,-4.933050155639648,4.9360504150390625
1753033114836,4.176000118255615,-5.505000114440918,1.6390501260757446
1753033114904,6.930000305175781,-6.043050289154053,1.1650500297546387
1753033114971,8.092950820922852,-8.479050636291504,2.871000051498413
1753033115038,6.621000289916992,-9.20205020904541,5.230950355529785
1753033115106,6.286050319671631,-6.397050380706787,5.398050308227539
1753033115172,,,2.9239501953125
1753033115173,6.87000036239624,-5.36400032043457,2.30400013923645
1753033115240,6.435000419616699,-5.349000453948975,-0.0970500037074089
1753033115307,5.064000129699707,-4.999950408935547,1.8139500617980957
1753033115374,3.6349501609802246,-4.830000400543213,2.8570501804351807
1753033115441,4.948950290679932,-5.010000228881836,3.268050193786621
1753033115509,9.682050704956055,-7.678050518035889,1.3420500755310059
1753033115577,11.580000877380371,-8.652000427246094,6.448950290679932
1753033115649,9.439949989318848,-7.9360504150390625,4.603950023651123
1753033115713,7.288950443267822,-7.34505033493042,1.665000081062317
1753033115781,4.256999969482422,-8.443050384521484,2.2870500087738037
1753033115850,4.4730000495910645,-6.58905029296875,3.0360002517700195
1753033115914,3.7069501876831055,-4.837050437927246,0.15495000779628754
1753033115982,6.178950309753418,-5.93595027923584,0.3730500042438507
1753033116047,7.52400016784668,-8.467050552368164,3.072000026702881
1753033116115,5.680950164794922,-11.278950691223145,6.154050350189209
1753033116181,5.63100004196167,,3.796950101852417
1753033116182,5.545050144195557,-10.398000717163086,
1753033116249,5.14995002746582,-6.711000442504883,2.794950246810913
1753033116316,6.478050231933594,-6.529050350189209,0.6319500207901001
1753033116383,5.401050090789795,-6.639000415802002,-0.12600000202655792
1753033116450,4.956000328063965,-5.778000354766846,1.2799500226974487
1753033116518,4.50600004196167,-5.689050197601318,0.922950029373169
1753033116585,5.884050369262695,-5.119950294494629,0.6720000505447388
1753033116652,10.062000274658203,-8.40000057220459,3.759000062942505
1753033116787,9.309000015258789,-9.003000259399414,5.794950485229492
1753033116854,7.086000442504883,-8.66100025177002,7.255050182342529
1753033116922,6.085050106048584,-6.988950252532959,4.656000137329102
1753033116988,,,4.258950233459473
1753033116989,4.996950149536133,-6.60105037689209,
1753033117056,4.408050060272217,-4.528950214385986,3.4579501152038574
1753033117123,,,2.433000087738037
1753033117124,3.3360002040863037,-4.830000400543213,2.3110501766204834
1753033117191,4.920000076293945,-5.851950168609619,2.5099501609802246
1753033117258,6.7669501304626465,-8.500950813293457,2.9479501247406006
1753033117325,6.5209503173828125,-10.45305061340332,6.195000171661377
1753033117392,6.3510003089904785,,4.567950248718262
1753033117393,,-9.879000663757324,
1753033117468,,,4.069950103759766
1753033117469,6.754950523376465,-7.3999505043029785,2.874000072479248
1753033117527,6.325050354003906,-7.699050426483154,-0.6450000405311584
1753033117594,3.9079501628875732,-6.046050071716309,0.07200000435113907
1753033117662,2.647050142288208,-5.608050346374512,0.2650500237941742
1753033117728,3.2790000438690186,,2.742000102996826
1753033117729,,-5.8690505027771,
1753033117796,7.6650004386901855,-6.2749505043029785,3.15405011177063
1753033117863,10.282950401306152,-8.782950401306152,2.694000244140625
1753033117930,10.096050262451172,-9.580050468444824,3.8620502948760986
1753033117998,8.78700065612793,-7.849950313568115,5.3359503746032715
1753033118065,6.459000110626221,-7.70205020904541,3.4860000610351562
1753033118132,4.200000286102295,-6.748950481414795,4.2970499992370605
1753033118199,3.7930502891540527,,3.1110000610351562
1753033118200,,-4.600050449371338,
1753033118267,3.9820501804351807,-5.091000080108643,0.9430500268936157
1753033118334,5.545050144195557,-6.397050380706787,2.593950033187866
1753033118401,7.69605016708374,-9.013050079345703,2.734950065612793
1753033118468,6.68595027923584,-10.884000778198242,6.688050270080566
1753033118536,6.117000102996826,-9.130050659179688,3.3949501514434814
1753033118603,5.724000453948975,-6.129000186920166,2.5510501861572266
1753033118670,,,2.098050117492676
1753033118671,5.715000152587891,-6.277950286865234,
1753033118738,4.863000392913818,,1.2750000953674316
1753033118739,,-6.0769500732421875,
1753033118804,,,1.9950001239776611
1753033118805,4.477050304412842,-5.293950080871582,1.9399501085281372
1753033118872,4.083000183105469,-5.400000095367432,2.6610000133514404
1753033118939,6.396000385284424,,3.7450501918792725
1753033118940,,-5.761050224304199,
1753033119012,9.856950759887695,-8.482049942016602,1.7040001153945923
1753033119075,10.048050880432129,-9.877050399780273,4.555950164794922
1753033119142,7.854000568389893,-8.08395004272461,7.288950443267822
1753033119219,6.810000419616699,-7.174950122833252,2.4310500621795654
1753033119281,5.8030500411987305,-6.723000526428223,2.874000072479248
1753033119356,5.242950439453125,-4.888050079345703,1.9999500513076782
1753033119415,4.272000312805176,-5.047950267791748,2.388000011444092
1753033119480,4.915050029754639,-5.689050197601318,2.353950023651123
1753033119547,6.799050331115723,-8.89995002746582,2.617950201034546
1753033119617,8.008950233459473,-10.219050407409668,4.000950336456299
1753033119682,6.954000473022461,-9.913050651550293,2.0410501956939697
1753033119748,6.418050289154053,-6.1459503173828125,2.323050022125244
1753033119749,,-6.487950325012207,
1753033119814,,,1.927950143814087
1753033119815,5.581050395965576,-6.9910502433776855,1.7230501174926758
1753033119882,5.230950355529785,-6.712950229644775,1.8259501457214355
1753033119953,4.249950408935547,-5.359050273895264,2.328000068664551
1753033120016,5.049000263214111,-4.942950248718262,2.0910000801086426
1753033120083,5.112000465393066,-5.614950180053711,2.098050117492676
1753033120150,10.942950248718262,-7.228050231933594,5.962950229644775
1753033120218,10.81095027923584,-9.022950172424316,3.6229500770568848
1753033120352,7.516050338745117,-8.359950065612793,6.811950206756592
1753033120419,,,5.9509501457214355
1753033120420,4.992000102996826,-6.115050315856934,
1753033120487,3.1680002212524414,-5.110050201416016,4.378950119018555
1753033120554,3.4990501403808594,-4.81095027923584,3.3670501708984375
1753033120621,4.1449503898620605,-5.341950416564941,2.0650501251220703
1753033120688,4.984950065612793,-6.354000091552734,3.3379502296447754
1753033120755,7.095000267028809,,3.787950277328491
1753033120756,7.588050365447998,-7.458000183105469,
1753033120823,8.020950317382812,-10.836000442504883,4.71405029296875
1753033120890,6.382050514221191,-10.669050216674805,5.224050045013428
1753033120957,5.7460503578186035,-6.961950302124023,3.9190502166748047
1753033121026,5.011050224304199,-6.807000160217285,1.8520500659942627
1753033121093,5.728950500488281,-7.084050178527832,3.1489500999450684
1753033121160,3.7260000705718994,-5.944950103759766,0.8760000467300415
1753033121227,4.297950267791748,-5.9760003089904785,2.425950050354004
1753033121294,5.214000225067139,-6.3160505294799805,2.2900500297546387
1753033121361,5.797950267791748,-6.358950138092041,1.0049999952316284
1753033121428,7.891950607299805,-9.585000038146973,2.8189501762390137
1753033121496,,,2.8690500259399414
1753033121497,8.682000160217285,-9.706950187683105,3.0670502185821533
1753033121563,7.408950328826904,-7.540950298309326,5.257050037384033
1753033121631,6.226950168609619,-7.084050178527832,2.4720001220703125
1753033121697,5.398950099945068,-7.800000190734863,3.6229500770568848
1753033121764,,,2.3590500354766846
1753033121765,4.744950294494629,,
1753033121766,,-5.017050266265869,
1753033121831,4.755000114440918,-5.361000061035156,1.897050142288208
1753033121899,5.293050289154053,-5.778000354766846,1.3780500888824463
1753033121966,8.560050010681152,-10.255050659179688,1.384950041770935
1753033122033,,,5.137050151824951
1753033122034,7.3750505447387695,-10.606950759887695,
1753033122101,4.650000095367432,-9.496050834655762,3.063000202178955
1753033122168,4.365000247955322,-6.414000511169434,2.4499502182006836
1753033122235,5.0400004386901855,-7.4599504470825195,2.2609500885009766
1753033122302,4.480050086975098,-7.009950160980225,0.7770000100135803
1753033122369,,,2.149049997329712
1753033122370,4.197000026702881,-5.778000354766846,2.035950183868408
1753033122437,3.988950252532959,-5.359050273895264,2.146050214767456
1753033122504,6.529950141906738,-5.968950271606445,2.009999990463257
1753033122571,9.835050582885742,-10.360050201416016,2.515050172805786
1753033122639,10.479000091552734,-10.231050491333008,4.546050071716309
1753033122706,8.143050193786621,-7.375950336456299,4.338000297546387
1753033122773,7.047000408172607,-7.407000541687012,2.4570000171661377
1753033122844,5.14995002746582,-7.852050304412842,4.507950305938721
1753033122908,4.192950248718262,-6.004950523376465,4.009950160980225
1753033122978,4.120950222015381,-5.755950450897217,2.2729501724243164
1753033122979,,,1.9690500497817993
1753033122980,4.080000400543213,-5.94795036315918,
1753033123042,4.884000301361084,,1.2510000467300415
1753033123043,6.424950122833252,-6.004950523376465,
1753033123110,,,0.89205002784729
1753033123111,7.081050395965576,-7.801950454711914,
1753033123179,6.472950458526611,-10.554000854492188,4.326000213623047
1753033123244,6.910950183868408,-9.919950485229492,2.8980002403259277
1753033123311,6.57105016708374,-6.66795015335083,1.7869501113891602
1753033123378,6.57105016708374,-6.271050453186035,1.4209500551223755
1753033123446,6.001950263977051,-6.136950492858887,0.6700500249862671
1753033123513,4.954050064086914,-5.329950332641602,1.927950143814087
1753033123580,4.42995023727417,-5.055000305175781,1.76295006275177
1753033123648,3.9940502643585205,-4.588050365447998,2.356950044631958
1753033123716,7.674000263214111,-7.222950458526611,1.3999500274658203
1753033123782,10.696950912475586,-10.558950424194336,4.494000434875488
1753033123917,11.580000877380371,-9.463050842285156,4.128000259399414
1753033123984,9.94800090789795,,2.55495023727417
1753033123985,,-6.414000511169434,
1753033124051,,,2.0149500370025635
1753033124052,6.59505033493042,-7.020000457763672,
1753033124119,3.44100022315979,-6.8020501136779785,4.543950080871582
1753033124185,4.080000400543213,-6.109950065612793,4.896000385284424
1753033124186,,-6.028950214385986,
1753033124253,3.433950185775757,-5.425950050354004,-0.609000027179718
1753033124320,4.53000020980835,-5.047950267791748,1.0600500106811523
1753033124387,,,1.158000111579895
1753033124388,8.208000183105469,-10.312050819396973,1.8229501247406006
1753033124455,9.94800090789795,-10.564050674438477,3.988950252532959
1753033124522,7.32705020904541,-8.836050033569336,1.3639500141143799
1753033124589,6.604950428009033,-6.163050174713135,0.9780000448226929
1753033124659,6.684000492095947,-6.631950378417969,0.5530500411987305
1753033124725,4.975050449371338,-6.072000503540039,0.41895002126693726
1753033124792,4.030050277709961,-4.986000061035156,0.5430000424385071
1753033124858,4.111050128936768,-5.797050476074219,2.035950183868408
1753033124927,6.763050556182861,-6.831000328063965,1.3830000162124634
1753033124995,9.979050636291504,-10.1850004196167,0.2770500183105469
1753033125061,,,1.5070500373840332
1753033125062,11.032050132751465,-10.378950119018555,1.7130000591278076
1753033125128,8.131050109863281,-6.511950492858887,3.0240001678466797
1753033125195,6.4110002517700195,-7.048050403594971,1.711050033569336
1753033125262,3.988950252532959,-7.419000148773193,3.5410501956939697
1753033125329,4.62600040435791,-5.479050159454346,3.778050184249878
1753033125396,4.209000110626221,-6.144000053405762,2.239950180053711
1753033125464,3.630000114440918,-6.541050434112549,1.9669500589370728
1753033125531,6.897000312805176,-7.065000534057617,-0.1860000044107437
1753033125599,6.210000514984131,-12.310050964355469,4.680000305175781
1753033125665,6.145050525665283,-12.211950302124023,5.2860002517700195
1753033125733,6.475050449371338,-7.809000492095947,2.8210501670837402
1753033125800,3.6090002059936523,-6.309000492095947,1.4520000219345093
1753033125868,2.3430001735687256,-6.591000080108643,1.2300000190734863
1753033125935,3.085050106048584,-5.287050247192383,4.063050270080566
1753033126002,3.991950273513794,-5.716050148010254,2.8189501762390137
1753033126069,5.190000057220459,-6.499950408935547,3.280050039291382
1753033126136,9.01200008392334,-9.196950912475586,1.2060000896453857
1753033126203,8.919000625610352,-10.192950248718262,4.635000228881836
1753033126270,,,3.9190502166748047
1753033126271,7.078050136566162,-9.76395034790039,4.525050163269043
1753033126338,6.5400004386901855,-6.70395040512085,4.375950336456299
1753033126405,4.120950222015381,-7.558050155639648,3.4579501152038574
1753033126406,,-7.680000305175781,
1753033126474,4.908000469207764,-5.8470001220703125,1.9519500732421875
1753033126542,4.2619500160217285,-5.5600504875183105,3.9190502166748047
1753033126607,3.7380001544952393,-6.309000492095947,2.9410500526428223
1753033126674,4.611000061035156,-7.084050178527832,2.7300000190734863
1753033126742,6.38700008392334,-11.535000801086426,3.391050100326538
1753033126809,7.062000274658203,-11.33595085144043,5.070000171661377
1753033126878,5.4370503425598145,-8.202000617980957,1.38795006275177
1753033126945,4.630950450897217,-6.759000301361084,1.8090001344680786
1753033127011,5.671050071716309,-7.252050399780273,0.29205000400543213
1753033127078,3.7710001468658447,-6.7920002937316895,1.9399501085281372
1753033127145,3.541950225830078,-6.039000511169434,2.806950092315674
1753033127214,3.289950132369995,-5.863950252532959,1.7370001077651978
1753033127280,5.518050193786621,-6.883050441741943,2.3209500312805176
1753033127347,9.234000205993652,-10.93005084991455,2.4210000038146973
1753033127481,,,2.7109501361846924
1753033127482,10.362000465393066,-10.966050148010254,
1753033127549,7.827000141143799,-7.627050399780273,3.8140501976013184
1753033127616,5.9509501457214355,-7.2210001945495605,2.6700000762939453
1753033127683,4.087049961090088,-8.094000816345215,4.9270501136779785
1753033127751,3.9679501056671143,-5.803950309753418,3.5680501461029053
1753033127818,3.5680501461029053,-5.926050186157227,1.8540000915527344
1753033127885,4.510950088500977,-5.878050327301025,1.9140000343322754
1753033127952,,,1.2420001029968262
1753033127953,6.8610005378723145,-7.950000286102295,
1753033128020,5.889000415802002,-11.5420503616333,5.515050411224365
1753033128087,5.599950313568115,-10.128000259399414,4.375950336456299
1753033128154,5.962950229644775,-6.627000331878662,1.2630000114440918
1753033128222,5.017950057983398,-6.594000339508057,2.01705002784729
1753033128290,5.836950302124023,-7.1700005531311035,0.42795002460479736
1753033128356,5.334000110626221,-6.1650004386901855,0.5929500460624695
1753033128423,3.709050178527832,-5.48805046081543,1.3830000162124634
1753033128491,3.882000207901001,-5.683950424194336,1.6219500303268433
1753033128560,7.765050411224365,-9.291000366210938,2.1630001068115234
1753033128625,10.357050895690918,-11.020950317382812,4.39995002746582
1753033128692,8.587950706481934,-9.904950141906738,2.5980000495910645
1753033128761,,,2.1559500694274902
1753033128762,7.459050178527832,-6.747000217437744,1.4980500936508179
1753033128827,4.223999977111816,-7.801950454711914,2.4790501594543457
1753033128894,3.4270501136779785,-6.180000305175781,3.838050127029419
1753033128961,3.613950252532959,-5.614950180053711,2.6460001468658447
1753033129028,,,1.6030501127243042
1753033129029,4.6020002365112305,-5.731950283050537,1.858950138092041
1753033129096,6.547050476074219,-6.676950454711914,2.115000009536743
1753033129163,7.7719502449035645,-11.391000747680664,2.7850501537323
1753033129232,6.432000160217285,,4.824000358581543
1753033129233,6.118950366973877,-10.531950950622559,
1753033129299,5.18595027923584,-7.9960503578186035,1.9429501295089722
1753033129366,5.152050018310547,,1.633950114250183
1753033129367,5.344050407409668,-6.213000297546387,
1753033129432,6.672000408172607,-6.889950275421143,1.048050045967102
1753033129500,5.121000289916992,-6.297000408172607,1.2990000247955322
1753033129567,4.07295036315918,-5.964000225067139,2.1030001640319824
1753033129634,3.115950107574463,-6.061950206756592,2.4570000171661377
1753033129701,,,1.3729500770568848
1753033129702,5.659050464630127,-6.883050441741943,0.8680500388145447
1753033129768,8.911050796508789,-10.296000480651855,1.3830000162124634
1753033129835,,,3.6469502449035645
1753033129836,9.60105037689209,-10.068000793457031,2.746950149536133
1753033129903,7.179000377655029,-8.395950317382812,3.928950071334839
1753033129970,6.49500036239624,-7.24500036239624,3.0079500675201416
1753033130038,5.671050071716309,-8.140049934387207,4.045950412750244
1753033130106,5.785950183868408,-5.574000358581543,2.512050151824951
1753033130172,3.255000114440918,-5.613000392913818,1.897050142288208
1753033130239,,,2.0029501914978027
1753033130240,4.177950382232666,-6.067050457000732,
1753033130307,7.0159502029418945,-8.161050796508789,1.7299500703811646
1753033130374,6.379950523376465,-11.655000686645508,4.573050022125244
1753033130443,5.389050483703613,-10.420050621032715,3.1969501972198486
1753033130508,4.909950256347656,-6.718050479888916,2.587050199508667
1753033130577,5.8030500411987305,-6.462000370025635,0.5329500436782837
1753033130644,6.1210503578186035,-6.868950366973877,-0.4420500099658966
1753033130711,4.554000377655029,-6.397050380706787,0.9280500411987305
1753033130777,4.171050071716309,-6.292050361633301,1.396950125694275
1753033130845,3.928950071334839,-6.514950275421143,2.0190000534057617
1753033130912,7.428000450134277,-8.158950805664062,1.1340000629425049
1753033131046,,,3.9030001163482666
1753033131047,9.664950370788574,-11.571000099182129,
1753033131114,10.216050148010254,-9.841050148010254,4.5610504150390625
1753033131181,7.827000141143799,-6.979050159454346,1.8109500408172607
1753033131249,3.432000160217285,-7.837950229644775,3.2130000591278076
1753033131316,2.797950029373169,-5.401950359344482,3.268050193786621
1753033131383,4.24500036239624,-5.755950450897217,1.3540500402450562
1753033131450,5.604000091552734,-6.067050457000732,2.5390501022338867
1753033131517,6.186000347137451,-7.903050422668457,4.113000392913818
1753033131584,6.001950263977051,-10.018050193786621,5.5489501953125
1753033131652,6.109050273895264,-10.366950035095215,3.9649500846862793
1753033131719,5.241000175476074,-8.032050132751465,2.206050157546997
1753033131789,4.8480000495910645,-6.9910502433776855,0.8590500354766846
1753033131855,5.638050079345703,-7.254000186920166,-1.224000096321106
1753033131921,4.659000396728516,-7.033950328826904,2.047950029373169
1753033131988,3.4960501194000244,-6.252000331878662,2.8590002059936523
1753033132055,3.712050199508667,-4.749000072479248,2.1750001907348633
1753033132123,6.753000259399414,-7.0410003662109375,-0.609000027179718
1753033132190,6.625950336456299,-8.33595085144043,3.5650501251220703
1753033132258,10.153050422668457,-12.98805046081543,1.4689500331878662
1753033132326,10.81095027923584,-9.535050392150879,5.145000457763672
1753033132392,6.79395055770874,-6.850050449371338,1.2750000953674316
1753033132472,3.451050281524658,-6.69195032119751,3.8740501403808594
1753033132530,2.9320502281188965,-5.425950050354004,2.4499502182006836
1753033132597,4.273950099945068,-6.3070502281188965,2.9860501289367676
1753033132661,7.198050498962402,-7.491000175476074,3.610950231552124
1753033132728,8.350950241088867,-9.070050239562988,4.53000020980835
1753033132795,4.993950366973877,-10.144950866699219,3.5629501342773438
1753033132863,4.630950450897217,-9.003000259399414,1.8019500970840454
1753033132930,5.680950164794922,-7.773000240325928,1.2850500345230103
1753033132997,,,0.21495001018047333
1753033132998,7.594950199127197,-7.966950416564941,
1753033133064,5.9160003662109375,-6.390000343322754,-0.9610500335693359
1753033133132,4.564050197601318,-6.381000518798828,1.5360000133514404
1753033133199,4.281000137329102,-6.559950351715088,2.4310500621795654
1753033133267,6.681000232696533,-6.78000020980835,0.6289500594139099
1753033133334,8.926050186157227,-7.903050422668457,1.1749500036239624
1753033133401,8.48805046081543,-10.777050971984863,1.9620001316070557
1753033133468,6.028050422668457,-8.592000007629395,1.7989500761032104
1753033133535,4.011000156402588,-9.268950462341309,3.6630001068115234
1753033133602,,,5.17995023727417
1753033133603,5.064000129699707,-6.547950267791748,3.8550002574920654
1753033133671,4.342950344085693,-5.950050354003906,-0.05700000375509262
1753033133738,2.2540500164031982,-5.4810004234313965,1.67205011844635
1753033133804,3.7710001468658447,-4.330049991607666,2.0239500999450684
1753033133871,5.3959503173828125,,-0.2460000067949295
1753033133872,,-6.000000476837158,
1753033133939,5.998950481414795,-5.719950199127197,2.54295015335083
1753033134005,,,2.0239500999450684
1753033134006,8.217000007629395,-11.242950439453125,4.019999980926514
1753033134074,11.050950050354004,-13.248001098632812,5.263950347900391
1753033134140,8.110050201416016,-8.341050148010254,-2.203050136566162
1753033134208,3.89805006980896,-7.249050140380859,-0.10500000417232513
1753033134275,1.6470000743865967,-4.25100040435791,1.4910000562667847
1753033134342,1.8160500526428223,-3.306000232696533,0.8490000367164612
1753033134410,4.087049961090088,-3.6790502071380615,0.26295000314712524
1753033134477,7.368000507354736,-5.707950115203857,1.0860000848770142
1753033134611,10.723050117492676,-15.156001091003418,2.743950128555298
1753033134679,,,5.121000289916992
1753033134680,8.136000633239746,-14.194050788879395,
1753033134746,8.064000129699707,-7.492950439453125,1.311000108718872
1753033134813,4.954050064086914,-4.794000148773193,0.2440500110387802
1753033134881,3.44100022315979,-2.0880000591278076,1.2990000247955322
1753033134948,4.297950267791748,-3.8680500984191895,0.7300500273704529
1753033135015,7.05495023727417,-6.783000469207764,3.0580501556396484
1753033135082,8.76300048828125,-10.558950424194336,4.969950199127197
1753033135151,8.17199993133545,-12.43695068359375,2.7709500789642334
1753033135216,8.614950180053711,-8.802000045776367,-1.746000051498413
1753033135284,5.47005033493042,-7.429050445556641,1.0429500341415405
1753033135351,3.6570000648498535,-5.725050449371338,1.8930001258850098
1753033135421,3.013050079345703,-3.9930002689361572,0.5670000314712524
1753033135487,4.0489501953125,-4.753950119018555,-1.440000057220459
1753033135554,4.963050365447998,-5.704050064086914,2.1940500736236572
1753033135621,8.122050285339355,-11.761950492858887,-0.45600003004074097
1753033135687,,,5.913000106811523
1753033135688,7.972950458526611,-12.270000457763672,
1753033135754,6.49500036239624,-11.202000617980957,2.674950122833252
1753033135822,6.1020002365112305,-6.297000408172607,1.3489500284194946
1753033135889,4.7719502449035645,-4.642950057983398,0.361050009727478
1753033135956,4.699950218200684,-4.6459503173828125,1.5289500951766968
1753033136025,5.265000343322754,-5.457000255584717,0.9400500655174255
1753033136093,7.879950523376465,-7.79295015335083,1.842000126838684
1753033136159,8.251049995422363,-11.032950401306152,4.72605037689209
1753033136225,7.2870001792907715,-11.773950576782227,3.38100004196167
1753033136293,7.183950424194336,-8.239950180053711,1.2630000114440918
1753033136360,4.8319501876831055,-5.092950344085693,-1.2460500001907349
1753033136427,2.4000000953674316,-2.740950107574463,0.44700002670288086
1753033136495,1.711050033569336,-3.8970000743865967,1.735050082206726
1753033136563,5.353050231933594,-4.761000156402588,2.070000171661377
1753033136629,8.671950340270996,-13.177050590515137,1.7179501056671143
1753033136696,11.838000297546387,-13.452000617980957,4.672950267791748
1753033136764,6.186000347137451,-7.869000434875488,4.932000160217285
1753033136831,3.961050271987915,-4.2270002365112305,0.4639500081539154
1753033136898,,,-2.8180501461029053
1753033136899,1.9860000610351562,-3.765000104904175,-1.8109500408172607
1753033136965,6.565950393676758,-4.555050373077393,-0.31995001435279846
1753033137033,9.523950576782227,-11.269050598144531,3.6250500679016113
1753033137100,10.618050575256348,-11.077950477600098,5.865000247955322
1753033137168,9.97095012664795,-9.409950256347656,1.8570001125335693
1753033137236,5.313000202178955,-5.257950305938721,-2.8129501342773438
1753033137304,3.8770501613616943,-4.363950252532959,0.5530500411987305
1753033137370,3.4459502696990967,-4.642950057983398,2.5030500888824463
1753033137436,5.52495002746582,-6.402000427246094,1.1839500665664673
1753033137503,5.974950313568115,-4.282050132751465,1.7590501308441162
1753033137571,7.291050434112549,-5.931000232696533,-0.25995001196861267
1753033137638,6.492000102996826,-9.427050590515137,3.639000177383423
1753033137705,7.519050121307373,-9.916950225830078,4.266000270843506
1753033137773,6.516000270843506,-7.800000190734863,4.489050388336182
1753033137840,6.621000289916992,-3.9180002212524414,-1.1620500087738037
1753033137907,,,1.4830501079559326
1753033137908,8.977950096130371,-9.19005012512207,
1753033137974,8.47800064086914,-11.89905071258545,7.003950119018555
1753033138042,5.7430500984191895,-11.152050971984863,4.351950168609619
1753033138176,6.327000141143799,-6.675000190734863,-1.3339500427246094
1753033138243,4.876950263977051,-4.291950225830078,-0.5070000290870667
1753033138310,,,2.428950071334839
1753033138311,3.384000062942505,-4.170000076293945,
1753033138378,3.8740501403808594,-5.674950122833252,1.9549500942230225
1753033138445,5.821950435638428,,1.3470001220703125
1753033138446,,-5.448000431060791,
1753033138512,,,1.5720000267028809
1753033138513,7.489950180053711,-12.42495059967041,
1753033138579,,,5.257050037384033
1753033138580,7.533000469207764,-10.37700080871582,4.795050144195557
1753033138646,,,3.142050266265869
1753033138647,3.6229500770568848,-8.652000427246094,
1753033138714,3.0319502353668213,-4.591050148010254,2.54295015335083
1753033138782,5.08305025100708,,2.4019501209259033
1753033138783,,-3.205050230026245,
1753033138848,8.371050834655762,-7.756950378417969,3.3000001907348633
1753033138916,9.562050819396973,-11.302950859069824,6.220950126647949
1753033138983,7.969050407409668,,4.003050327301025
1753033138984,,-12.042000770568848,
1753033139052,7.411050319671631,-7.567950248718262,0.29205000400543213
1753033139118,4.744950294494629,-4.693950176239014,-0.18105000257492065
1753033139185,2.8789501190185547,,2.0340001583099365
1753033139186,2.6130001544952393,-3.6409502029418945,
1753033139253,2.826000213623047,-3.3130502700805664,1.38795006275177
1753033139319,5.214000225067139,-5.550000190734863,3.1150500774383545
1753033139389,8.7649507522583,-9.463050842285156,-0.7150500416755676
1753033139454,8.45895004272461,-11.425050735473633,5.640000343322754
1753033139521,7.345950126647949,-10.417950630187988,4.963050365447998
1753033139590,7.027950286865234,-5.470950126647949,1.5259500741958618
1753033139657,5.6670002937316895,-4.633950233459473,-2.233950138092041
1753033139724,3.8550002574920654,-5.320950031280518,2.368950128555298
1753033139791,9.318000793457031,-7.888050556182861,2.9220001697540283
1753033139857,,,6.8359503746032715
1753033139858,11.42595100402832,-12.375000953674316,4.845000267028809
1753033139925,8.112000465393066,-13.51395034790039,0.9589500427246094
1753033139992,4.209000110626221,-7.849950313568115,1.636950135231018
1753033140059,,,-2.770050048828125
1753033140060,0.019050000235438347,-4.741950035095215,-1.984950065612793
1753033140127,3.271050214767456,-5.5219502449035645,0.23895001411437988
1753033140194,5.0560503005981445,-7.716000556945801,2.2200000286102295
1753033140261,8.430000305175781,-10.123050689697266,2.7400500774383545
1753033140328,,,-0.06405000388622284
1753033140329,9.711000442504883,-7.9860005378723145,
1753033140396,7.686000347137451,-9.172950744628906,1.5460500717163086
1753033140463,9.526050567626953,-7.675050258636475,4.13700008392334
1753033140530,9.145950317382812,-8.789999961853027,3.3040502071380615
1753033140597,,,0.6630000472068787
1753033140598,4.540050029754639,-7.045950412750244,
1753033140665,2.6920502185821533,-5.943000316619873,0.6510000228881836
1753033140732,3.9370501041412354,-6.735000133514404,0.9190500378608704
1753033140799,,,2.575050115585327
1753033140801,4.216950416564941,-6.925950527191162,
1753033140868,3.4360501766204834,-6.309000492095947,3.1369502544403076
1753033140935,3.5680501461029053,-5.572050094604492,1.7899501323699951
1753033141002,4.8670501708984375,-4.736999988555908,0.675000011920929
1753033141070,,,-0.609000027179718
1753033141125,11.182050704956055,-13.402050971984863,4.656000137329102
1753033141202,,,7.581000328063965
1753033141203,7.45395040512085,,5.995950222015381
1753033141204,,-13.27695083618164,
1753033141270,7.507050514221191,-7.717950344085693,-5.725050449371338
1753033141337,3.9030001163482666,-6.832950115203857,0.7339500188827515
1753033141408,1.467000126838684,,2.496000051498413
1753033141409,1.141950011253357,-5.047950267791748,
1753033141472,1.752000093460083,,3.699000120162964
1753033141473,,-4.207950115203857,
1753033141540,4.70205020904541,-5.47605037689209,1.5700501203536987
1753033141619,8.959050178527832,-7.252050399780273,-0.037950001657009125
1753033141674,9.90000057220459,-12.391950607299805,3.8209502696990967
1753033141741,7.387050151824951,-13.528050422668457,5.7330002784729
1753033141808,7.002000331878662,-7.615050315856934,5.544000148773193
1753033141875,5.008950233459473,-4.122000217437744,0.10005000233650208
1753033141943,3.7789502143859863,-2.574000120162964,0.27000001072883606
1753033142010,4.237950325012207,-3.994950294494629,1.4209500551223755
1753033142077,5.82705020904541,-5.827950477600098,3.3379502296447754
1753033142144,8.848950386047363,-10.006050109863281,1.2439500093460083
1753033142211,,,2.0029501914978027
1753033142212,9.306000709533691,-9.47700023651123,
1753033142278,7.717050552368164,,1.371000051498413
1753033142279,7.770000457763672,-10.951050758361816,
1753033142346,5.6569504737854,-5.653050422668457,-0.3270000219345093
1753033142413,3.022050142288208,,-1.26705002784729
1753033142414,3.3960001468658447,-4.051949977874756,
1753033142480,,,1.7940000295639038
1753033142481,4.999050140380859,-4.758000373840332,
1753033142615,4.819950103759766,-5.698950290679932,1.6560001373291016
1753033142683,7.2460503578186035,-11.736001014709473,-0.31005001068115234
1753033142750,7.122000217437744,-12.234000205993652,5.75700044631958
1753033142817,5.6260504722595215,-9.1399507522583,2.8500001430511475
1753033142888,5.1160502433776855,-4.801050186157227,0.13905000686645508
1753033142951,3.642000198364258,-4.432950019836426,0.3520500063896179
1753033143018,4.567950248718262,,1.4089500904083252
1753033143019,,-5.7870001792907715,
1753033143086,8.22195053100586,-11.475000381469727,1.1890500783920288
1753033143154,10.450050354003906,-10.894050598144531,4.300050258636475
1753033143223,8.442000389099121,-10.513050079345703,3.4480502605438232
1753033143288,6.294000148773193,-5.799000263214111,-3.1840500831604004
1753033143356,3.6760501861572266,-4.528950214385986,-1.0230000019073486
1753033143423,3.693000078201294,-4.597949981689453,2.3400001525878906
1753033143490,4.4730000495910645,-5.608050346374512,1.9429501295089722
1753033143557,8.50200080871582,-7.8949503898620605,0.3079500198364258
1753033143624,8.100000381469727,-11.569050788879395,1.2030000686645508
1753033143691,,,2.8570501804351807
1753033143692,8.248950004577637,-12.02595043182373,2.9449501037597656
1753033143759,5.664000034332275,-7.534050464630127,3.3979501724243164
1753033143826,,,0.4039500057697296
1753033143827,4.993950366973877,-5.235000133514404,0.1360500007867813
1753033143893,3.00600004196167,-3.7680001258850098,1.6390501260757446
1753033143960,,,2.067000150680542
1753033143961,3.8740501403808594,-3.748950242996216,2.1060001850128174
1753033144028,8.7649507522583,-7.98900032043457,1.1790000200271606
1753033144094,8.47095012664795,-12.330000877380371,1.864050030708313
1753033144095,,-13.315051078796387,
1753033144162,8.380050659179688,-12.306000709533691,4.624950408935547
1753033144230,8.305950164794922,-6.424050331115723,-0.5710500478744507
1753033144296,4.453050136566162,-4.840050220489502,0.23895001411437988
1753033144364,2.877000093460083,-4.051949977874756,2.038950204849243
1753033144434,3.610950231552124,-5.4910502433776855,3.747000217437744
1753033144500,4.963050365447998,-8.359950065612793,2.7060000896453857
1753033144567,,,2.517000198364258
1753033144568,7.086000442504883,-12.97605037689209,3.2370002269744873
1753033144633,6.364950180053711,-11.944050788879395,2.701050043106079
1753033144701,5.134950160980225,-8.956050872802734,5.448000431060791
1753033144768,3.232950210571289,-2.6170501708984375,2.9449501037597656
1753033144834,3.7480502128601074,-1.8130500316619873,0.895050048828125
1753033144835,,-3.2719502449035645,
1753033144905,5.26200008392334,-5.6770501136779785,1.8610501289367676
1753033144972,8.824950218200684,-11.056050300598145,2.9599502086639404
1753033145038,7.612050533294678,-10.34595012664795,3.4099502563476562
1753033145104,7.276950359344482,-12.934950828552246,-0.4630500078201294
1753033145172,7.488000392913818,-6.6220502853393555,0.505050003528595
1753033145238,,,-0.6880500316619873
1753033145239,3.81000018119812,-5.4120001792907715,
1753033145306,3.1300501823425293,-4.498050212860107,2.5000500679016113
1753033145373,3.9940502643585205,-4.261050224304199,3.2850000858306885
1753033145440,8.07194995880127,-11.272050857543945,-3.936000108718872
1753033145507,,,6.859950542449951
1753033145508,7.597950458526611,-11.053950309753418,
1753033145574,3.103950262069702,,-0.16695000231266022
1753033145575,2.515050172805786,-8.812050819396973,
1753033145642,4.156949996948242,-4.390050411224365,2.7300000190734863
1753033145709,7.033050537109375,,-1.0330500602722168
1753033145710,7.990050315856934,-7.563000202178955,
1753033145776,7.801050186157227,-12.17595100402832,1.8709501028060913
1753033145844,7.7410502433776855,-12.307950973510742,8.076000213623047
1753033145911,7.252950191497803,-6.615000247955322,-1.5310500860214233
1753033145978,,,-1.5829501152038574
1753033145979,5.461050033569336,-3.1840500831604004,-0.5710500478744507
1753033146046,3.312000274658203,-2.370000123977661,0.04800000041723251
1753033146180,5.298000335693359,-3.684000253677368,1.990950107574463
1753033146250,9.289950370788574,-9.898050308227539,-2.5690500736236572
1753033146316,10.845000267028809,-12.262950897216797,6.834000110626221
1753033146382,7.25100040435791,-9.709050178527832,4.699050426483154
1753033146450,7.147950172424316,-4.726950168609619,0.921000063419342
1753033146518,4.095000267028809,-2.6650500297546387,-1.8250501155853271
1753033146584,3.274050235748291,-4.315950393676758,0.6049500107765198
1753033146651,10.038000106811523,-7.084050178527832,3.532050132751465
1753033146720,13.38900089263916,-12.528000831604004,4.503000259399414
1753033146785,9.361050605773926,-10.1089506149292,4.582050323486328
1753033146853,6.016050338745117,-5.1409502029418945,-2.5879502296447754
1753033146920,4.510950088500977,-3.109950065612793,-0.07605000585317612
1753033146988,3.541950225830078,-1.9060500860214233,1.0170000791549683
1753033147054,4.446000099182129,-3.4609501361846924,1.3830000162124634
1753033147121,10.134000778198242,,0.9379500150680542
1753033147122,,-7.79295015335083,
1753033147189,13.647000312805176,-11.728950500488281,2.7400500774383545
1753033147256,7.189050197601318,-11.599950790405273,4.123050212860107
1753033147323,,,3.400050163269043
1753033147324,6.574050426483154,-7.600950241088867,
1753033147391,5.00100040435791,-4.73205041885376,2.6800501346588135
1753033147458,4.565999984741211,-2.253000020980835,0.8659500479698181
1753033147525,5.344050407409668,-2.4870002269744873,-0.004050000105053186
1753033147593,6.346050262451172,-3.7129502296447754,1.8540000915527344
1753033147661,9.949950218200684,-10.221000671386719,1.38795006275177
1753033147662,,-10.195050239562988,
1753033147736,12.154050827026367,-13.839000701904297,3.4459502696990967
1753033147794,8.131050109863281,-8.6089506149292,7.549050331115723
1753033147862,6.118950366973877,-3.20805025100708,-5.4810004234313965
1753033147929,4.803000450134277,-1.3200000524520874,0.5790000557899475
1753033147996,4.891050338745117,-4.252950191497803,0.5070000290870667
1753033148065,10.029000282287598,-10.792950630187988,1.818000078201294
1753033148132,11.991000175476074,-12.576000213623047,4.984050273895264
1753033148199,6.1050004959106445,-9.865050315856934,5.568000316619873
1753033148265,4.573050022125244,-4.864050388336182,2.8780500888824463
1753033148334,4.012950420379639,-3.0400500297546387,1.2679500579833984
1753033148399,4.31505012512207,-3.555000066757202,-1.1430000066757202
1753033148467,6.157050132751465,-5.353950023651123,-0.7080000042915344
1753033148534,7.423050403594971,-8.57295036315918,1.162950038909912
1753033148603,5.853000164031982,-7.25700044631958,5.535000324249268
1753033148669,6.898950099945068,-9.766950607299805,1.7920501232147217
1753033148737,12.070050239562988,-10.963050842285156,3.4240500926971436
1753033148803,7.897050380706787,-5.4810004234313965,0.016950000077486038
1753033148870,4.966050148010254,-2.77905011177063,-2.868000030517578
1753033148938,3.384000062942505,-4.22504997253418,-0.16905000805854797
1753033149005,6.930000305175781,-4.000050067901611,0.5290500521659851
1753033149073,6.553950309753418,-4.060050010681152,0.3949500322341919
1753033149139,6.7819504737854,-10.537050247192383,-3.8020501136779785
1753033149207,11.206050872802734,-17.1510009765625,-0.2550000250339508
1753033149274,8.65095043182373,-8.569950103759766,3.9409501552581787
1753033149342,7.411050319671631,-6.349950313568115,-3.4999501705169678
1753033149408,5.937000274658203,-5.035950183868408,0.12405000627040863
1753033149476,6.1840500831604,-9.21405029296875,1.7970000505447388
1753033149543,3.621000289916992,-12.612000465393066,0.6720000505447388
1753033149610,8.932950019836426,-8.391000747680664,5.821950435638428
1753033149745,3.996000289916992,-3.9300003051757812,-9.517950057983398
1753033149812,1.807050108909607,-3.655050277709961,-3.9810001850128174
1753033149881,1.5289500951766968,-5.5909504890441895,-0.40800002217292786
1753033149948,7.047000408172607,-7.087050437927246,4.105950355529785
1753033150013,13.546950340270996,-9.598950386047363,0.0880500078201294
1753033150081,10.723050117492676,-7.326000213623047,-0.6600000262260437
1753033150148,12.77595043182373,-7.62000036239624,2.734950065612793
1753033150215,7.354050159454346,-7.797000408172607,2.9740500450134277
1753033150283,4.981950283050537,-4.957050323486328,2.7559502124786377
1753033150350,3.2350502014160156,,1.5580500364303589
1753033150351,,-3.9970502853393555,
1753033150417,,,0.2580000162124634
1753033150418,3.3979501724243164,-4.5259504318237305,-0.0690000057220459
1753033150485,9.03795051574707,-6.936000347137451,0.853950023651123
1753033150554,12.106050491333008,-9.678000450134277,1.3570500612258911
1753033150619,8.138999938964844,-10.807950973510742,7.018050193786621
1753033150687,4.8319501876831055,-7.012050151824951,0.07605000585317612
1753033150754,6.364950180053711,-7.929000377655029,0.06405000388622284
1753033150822,4.437000274658203,-6.475950241088867,0.33195000886917114
1753033150889,,,1.1869500875473022
1753033150890,5.0400004386901855,,
1753033150892,,-4.689000129699707,
1753033150956,,,0.16695000231266022
1753033150957,5.587950229644775,-3.7099502086639404,0.2370000183582306
1753033151023,,,1.231950044631958
1753033151024,5.4150004386901855,-5.2920002937316895,1.4089500904083252
1753033151091,7.890000343322754,-8.881050109863281,0.5620500445365906
1753033151157,11.371050834655762,-10.46505069732666,1.6800000667572021
1753033151224,,,3.639000177383423
1753033151225,11.869050979614258,-8.881050109863281,3.192000150680542
1753033151292,10.948050498962402,-7.54395055770874,0.6030000448226929
1753033151359,5.347950458526611,-6.709050178527832,3.4860000610351562
1753033151426,3.192000150680542,-3.4900500774383545,2.871000051498413
1753033151494,2.1850500106811523,-3.0259501934051514,1.7299500703811646
1753033151561,4.860000133514404,-4.1509504318237305,0.08400000631809235
1753033151628,10.19895076751709,-9.123000144958496,-2.3710501194000244
1753033151698,10.108050346374512,-11.491950988769531,3.1560001373291016
1753033151764,5.920050144195557,-11.143050193786621,5.380950450897217
1753033151831,5.38200044631958,-6.928950309753418,3.312000274658203
1753033151897,8.593050003051758,-6.78000020980835,-2.4760501384735107
1753033151964,4.627950191497803,-5.308950424194336,-2.2680001258850098
1753033152032,3.6540002822875977,-4.734000205993652,1.380000114440918
1753033152101,2.5530002117156982,,0.28005000948905945
1753033152168,4.4730000495910645,-5.493000030517578,2.7880501747131348
1753033152235,10.354050636291504,-11.181000709533691,2.7660000324249268
1753033152301,15.255001068115234,-9.307050704956055,1.9330500364303589
1753033152368,11.42595100402832,-6.6250505447387695,2.473950147628784
1753033152435,8.689050674438477,-8.347949981689453,2.02905011177063
1753033152502,2.1229500770568848,-7.7470502853393555,3.192000150680542
1753033152570,2.953050136566162,-5.086050033569336,0.9040500521659851
1753033152637,3.3930001258850098,-5.034000396728516,-1.4040000438690186
1753033152704,5.179050445556641,-7.489050388336182,1.4160000085830688
1753033152771,7.629000186920166,-11.032950401306152,1.9090501070022583
1753033152839,6.763050556182861,-9.781050682067871,2.1250500679016113
1753033152906,6.886950492858887,-9.475050926208496,-0.5879999995231628
1753033152974,6.765000343322754,-8.743050575256348,2.3419501781463623
1753033153041,6.865950107574463,-7.998000144958496,1.1239500045776367
1753033153108,3.621000289916992,-5.404050350189209,-2.671950101852417
1753033153175,3.7069501876831055,-4.3560004234313965,1.3540500402450562
1753033153309,3.1090500354766846,-4.855950355529785,1.612950086593628
1753033153377,7.276950359344482,-8.593950271606445,0.8659500479698181
1753033153444,12.62505054473877,,1.270050048828125
1753033153445,,-11.008950233459473,
1753033153511,10.539000511169434,-8.383950233459473,0.6000000238418579
1753033153580,9.763050079345703,-8.944050788879395,0.3060000240802765
1753033153649,2.5320000648498535,-9.738000869750977,1.8880500793457031
1753033153713,3.2790000438690186,-5.8060503005981445,3.4860000610351562
1753033153780,2.2759501934051514,-4.348950386047363,-1.4280000925064087
1753033153849,3.6610500812530518,-5.593050479888916,0.9709500670433044
1753033153915,5.347950458526611,-8.308950424194336,2.2129499912261963
1753033153982,9.028950691223145,-11.527950286865234,1.842000126838684
1753033154050,10.825950622558594,-9.916950225830078,2.8759500980377197
1753033154117,7.747950553894043,,-1.771950125694275
1753033154118,,-6.28695011138916,
1753033154194,4.183050155639648,-8.332950592041016,2.25600004196167
1753033154251,3.100950241088867,-8.85300064086914,0.544950008392334
1753033154318,2.707050085067749,,0.853950023651123
1753033154319,3.022050142288208,-7.2300004959106445,
1753033154386,3.075000047683716,-5.850000381469727,-0.05205000191926956
1753033154453,3.709050178527832,-5.230050086975098,1.1560500860214233
1753033154520,5.109000205993652,-5.842050075531006,0.5760000348091125
1753033154587,9.841950416564941,-12.648000717163086,1.5649501085281372
1753033154654,,,2.353950023651123
1753033154655,12.373950958251953,-12.09000015258789,1.4359500408172607
1753033154722,8.353950500488281,-8.496000289916992,2.7709500789642334
1753033154789,5.377050399780273,-9.925050735473633,-0.7840500473976135
1753033154856,,,2.826000213623047
1753033154857,0.040950000286102295,-9.039000511169434,3.2950501441955566
1753033154924,0.6649500131607056,-6.283050060272217,1.0260000228881836
1753033154991,1.8619500398635864,-6.706050395965576,-0.06405000388622284
1753033155059,7.485000133514404,-9.940950393676758,2.0410501956939697
1753033155125,,,2.296950101852417
1753033155126,8.557050704956055,-10.956000328063965,
1753033155193,6.9370503425598145,-8.950950622558594,1.8499500751495361
1753033155260,,,-2.5909500122070312
1753033155261,3.7450501918792725,-8.568000793457031,
1753033155328,3.9649500846862793,-9.871950149536133,5.592000484466553
1753033155396,5.167050361633301,-8.074950218200684,-6.244950294494629
1753033155463,2.470050096511841,-5.074050426483154,-1.3699500560760498
1753033155529,2.6539502143859863,-4.0570502281188965,0.10695000737905502
1753033155596,5.176050186157227,-6.582000255584717,1.3159500360488892
1753033155664,7.432950496673584,-6.9649505615234375,0.9000000357627869
1753033155731,10.665000915527344,-10.824000358581543,0.47805002331733704
1753033155798,9.708000183105469,-9.346050262451172,1.443000078201294
1753033155866,9.778050422668457,-7.477050304412842,1.67205011844635
1753033155933,9.394950866699219,-9.574950218200684,1.045050024986267
1753033156000,3.582000255584717,-7.54395055770874,3.3570001125335693
1753033156067,2.5099501609802246,-4.923000335693359,1.8400501012802124
1753033156134,3.1399500370025635,,0.6910500526428223
1753033156135,,-4.6840500831604,
1753033156201,,,-0.5659500360488892
1753033156202,5.284050464630127,-5.263050079345703,
1753033156269,7.945050239562988,-9.83595085144043,1.27305006980896
1753033156336,,,3.199050188064575
1753033156337,8.308050155639648,-11.60205078125,
1753033156403,7.102050304412842,-9.927000045776367,3.181950092315674
1753033156404,,-8.230050086975098,
1753033156471,6.87000036239624,-6.454950332641602,1.2460500001907349
1753033156538,7.5259504318237305,-6.051000118255615,-1.818000078201294
1753033156605,4.462950229644775,-6.022050380706787,-1.3320000171661377
1753033156673,3.1660501956939697,-5.766000270843506,0.7200000286102295
1753033156740,2.640000104904175,-5.545950412750244,3.1900501251220703
1753033156874,3.195000171661377,,1.443000078201294
1753033156875,4.104000091552734,-5.074050426483154,
1753033156942,8.926050186157227,-9.870000839233398,0.6049500107765198
1753033157009,13.051050186157227,-11.277000427246094,3.5530502796173096
1753033157076,,,3.8020501136779785
1753033157080,11.886000633239746,-9.882000923156738,
1753033157145,7.114050388336182,-8.632050514221191,-0.17595000565052032
1753033157211,2.6760001182556152,-7.318950176239014,3.627000093460083
1753033157287,3.7480502128601074,-4.3560004234313965,-0.7630500197410583
1753033157349,3.0300002098083496,,0.47805002331733704
1753033157350,3.2569501399993896,-5.139000415802002,
1753033157413,3.988950252532959,-6.916950225830078,2.7090001106262207
1753033157482,8.006999969482422,-11.791050910949707,1.960050106048584
1753033157548,7.677000522613525,-11.9010009765625,2.9569501876831055
1753033157616,5.092050075531006,-8.565000534057617,0.47805002331733704
1753033157682,4.858050346374512,-6.796950340270996,0.6289500594139099
1753033157749,5.454000473022461,-7.393050193786621,0.922950029373169
1753033157816,4.111050128936768,-6.804000377655029,-0.934950053691864
1753033157883,3.8050501346588135,-6.297000408172607,1.0360500812530518
1753033157950,3.9370501041412354,,0.6940500140190125
1753033157951,,-5.7109503746032715,
1753033158018,4.888950347900391,-5.9070000648498535,0.700950026512146
1753033158085,8.581050872802734,-10.76205062866211,0.1360500007867813
1753033158152,10.996050834655762,-10.06095027923584,2.266050100326538
1753033158220,9.064949989318848,-9.38895034790039,1.2300000190734863
1753033158287,8.976000785827637,-8.488950729370117,2.308950185775757
1753033158354,6.03795051574707,-8.08395004272461,3.3520500659942627
1753033158421,3.882000207901001,-5.128950119018555,3.0840001106262207
1753033158489,3.352950096130371,-5.050050258636475,2.07705020904541
1753033158556,2.8650002479553223,-5.57895040512085,0.8419500589370728
1753033158625,7.215000152587891,-8.404950141906738,-0.07095000147819519
1753033158690,,,2.587050199508667
1753033158691,8.75100040435791,-10.966050148010254,
1753033158757,8.332050323486328,-9.433950424194336,4.672950267791748
1753033158825,6.973050117492676,,1.4590500593185425
1753033158827,,-6.538950443267822,
1753033158894,8.277000427246094,-5.536050319671631,-0.16005000472068787
1753033158962,5.86305046081543,-5.722950458526611,-0.6210000514984131
1753033159027,5.359950065612793,-5.278050422668457,0.3469500243663788
1753033159094,4.305000305175781,-5.917050361633301,1.4500501155853271
1753033159161,4.591950416564941,-5.794050216674805,0.9109500646591187
1753033159229,7.710000514984131,-10.37700080871582,-0.2530499994754791
1753033159296,10.027050018310547,-9.21405029296875,2.244000196456909
1753033159364,6.89400053024292,-9.235050201416016,2.473950147628784
1753033159432,10.240050315856934,-7.254000186920166,2.6770501136779785
1753033159499,8.365950584411621,-7.572000503540039,2.436000108718872
1753033159565,5.925000190734863,-4.773000240325928,2.247000217437744
1753033159632,4.171050071716309,-4.7220001220703125,1.1440500020980835
1753033159699,4.426949977874756,-5.445000171661377,0.687000036239624
1753033159767,6.817950248718262,-8.02695083618164,1.1959500312805176
1753033159834,8.152950286865234,,2.776050090789795
1753033159835,,-10.257000923156738,
1753033159901,,,2.8090500831604004
1753033159902,7.1449503898620605,-11.080050468444824,
1753033159968,,,1.5100500583648682
1753033159969,4.9270501136779785,-7.828050136566162,1.6530001163482666
1753033160036,6.8610005378723145,-7.3470001220703125,1.5619500875473022
1753033160103,5.214000225067139,-7.279950141906738,-4.480950355529785
1753033160171,3.192000150680542,-6.390000343322754,1.0890001058578491
1753033160237,,,2.2900500297546387
1753033160238,3.2260501384735107,-5.670000076293945,2.3329501152038574
1753033160305,4.477050304412842,-5.230050086975098,1.0219500064849854
1753033160439,,,-0.016050001606345177
1753033160440,7.813050270080566,-7.780950546264648,0.20595000684261322
1753033160507,9.70305061340332,,3.2160000801086426
1753033160508,,-8.37600040435791,
1753033160575,10.869000434875488,-9.283050537109375,1.0339500904083252
1753033160644,9.933000564575195,-7.812000274658203,4.414950370788574
1753033160708,,,2.3419501781463623
1753033160709,10.974000930786133,-9.384000778198242,
1753033160777,7.27500057220459,-7.600950241088867,4.417050361633301
1753033160843,2.6950502395629883,-6.4360504150390625,-1.6000500917434692
1753033160910,3.9049501419067383,-8.010000228881836,0.7969500422477722
1753033160977,6.154950141906738,-8.518050193786621,-1.6740000247955322
1753033161045,4.993950366973877,-9.334050178527832,3.3949501514434814
1753033161114,4.297950267791748,-9.907950401306152,1.7539501190185547
1753033161181,4.999050140380859,-8.769000053405762,3.4140002727508545
1753033161246,10.060050010681152,-7.711050510406494,1.8160500526428223
1753033161314,8.056950569152832,-4.459050178527832,-3.2100000381469727
1753033161381,,,-0.25005000829696655
1753033161382,4.872000217437744,-4.002000331878662,0.21000000834465027
1753033161449,3.8359501361846924,-4.203000068664551,1.9690500497817993
1753033161516,8.200950622558594,-5.683950424194336,2.388000011444092
1753033161583,11.163000106811523,-8.05305004119873,2.5890002250671387
1753033161650,11.986050605773926,-10.291050910949707,0.5359500050544739
1753033161717,8.806050300598145,-13.32300090789795,3.9150002002716064
1753033161784,5.19795036315918,-8.214000701904297,1.7130000591278076
1753033161852,4.035000324249268,-6.349950313568115,0.49995002150535583
1753033161919,4.635000228881836,-5.047950267791748,-1.231950044631958
1753033161986,3.271050214767456,-5.734950065612793,-0.3130500018596649
1753033162053,,,1.3420500755310059
1753033162054,6.130950450897217,-8.33595085144043,
1753033162121,7.207950115203857,-9.822000503540039,1.3489500284194946
1753033162189,6.636000156402588,-11.82705020904541,0.8760000467300415
1753033162256,7.818000316619873,-9.582000732421875,6.939000129699707
1753033162322,6.133050441741943,-8.314050674438477,-0.4320000112056732
1753033162390,4.494000434875488,-4.633950233459473,-0.8730000257492065
1753033162457,2.0940001010894775,-4.0570502281188965,0.12195000797510147
1753033162525,2.3910000324249268,-4.378050327301025,2.089050054550171
1753033162593,6.538050174713135,-8.42400074005127,2.1700501441955566
1753033162660,11.37405014038086,-9.160950660705566,1.8379501104354858
1753033162726,9.670050621032715,-9.666000366210938,2.187000036239624
1753033162794,9.832950592041016,-8.017050743103027,3.280050039291382
1753033162861,5.1739501953125,-8.218050003051758,3.513000249862671
1753033162930,3.2380502223968506,-4.7059502601623535,2.6200501918792725
1753033162995,3.403050184249878,-4.864050388336182,0.48600003123283386
1753033163066,5.9730000495910645,-6.133950233459473,-0.19305001199245453
1753033163130,9.120000839233398,-10.138050079345703,1.1239500045776367
1753033163197,6.922950267791748,-10.731000900268555,5.82705020904541
1753033163265,5.145000457763672,-9.925050735473633,0.3949500322341919
1753033163331,,,2.1559500694274902
1753033163398,,,0.687000036239624
1753033163399,5.329050064086914,-7.861950397491455,
1753033163466,4.5420002937316895,-6.688950538635254,-0.8850000500679016
1753033163533,4.080000400543213,-5.6770501136779785,-0.3150000274181366
1753033163600,3.730950117111206,-5.467050075531006,1.1010000705718994
1753033163668,5.547000408172607,-5.404050350189209,0.9040500521659851
1753033163735,10.594050407409668,-10.683000564575195,-0.9400500655174255
1753033163803,10.717950820922852,-9.766950607299805,3.010050058364868
1753033163870,7.369950294494629,-8.800050735473633,1.3759500980377197
1753033164004,8.301000595092773,-7.315950393676758,2.9290502071380615
1753033164071,6.9370503425598145,-7.821000576019287,3.06000018119812
1753033164138,,,2.791950225830078
1753033164139,4.765050411224365,-5.818050384521484,
1753033164206,3.841050148010254,-5.047950267791748,1.5360000133514404
1753033164275,4.402950286865234,-5.401950359344482,-0.16905000805854797
1753033164341,7.819950580596924,-7.600950241088867,-0.18300001323223114
1753033164408,7.570950508117676,-12.42300033569336,2.7880501747131348
1753033164476,5.767050266265869,-11.169000625610352,3.5029501914978027
1753033164542,5.2099504470825195,-7.096050262451172,1.9519500732421875
1753033164609,6.592950344085693,-5.811000347137451,0.9310500621795654
1753033164677,6.94005012512207,-6.402000427246094,-2.052000045776367
1753033164744,5.707050323486328,-5.158050060272217,-0.8370000123977661
1753033164811,4.165950298309326,-5.38800048828125,0.1860000044107437
1753033164879,4.42995023727417,-5.803950309753418,0.7609500288963318
1753033164946,8.950050354003906,-9.910050392150879,0.1579500138759613
1753033165013,,,2.8350000381469727
1753033165014,9.832950592041016,-11.265000343322754,2.943000078201294
1753033165080,7.923000335693359,-9.316950798034668,1.1749500036239624
1753033165147,9.33495044708252,-7.318950176239014,1.9429501295089722
1753033165215,6.885000228881836,-7.855050563812256,1.8900001049041748
1753033165282,3.5179500579833984,-6.469050407409668,3.1680002212524414
1753033165349,,,2.2519500255584717
1753033165350,3.460050106048584,-5.614950180053711,
1753033165416,,,1.3609501123428345
1753033165417,,,1.0000500679016113
1753033165418,4.537050247192383,-5.979000091552734,
1753033165484,6.432000160217285,-7.398000240325928,0.7890000343322754
1753033165551,7.191000461578369,-11.149950981140137,1.902000069618225
1753033165618,,,2.6100001335144043
1753033165619,6.097050189971924,-10.816950798034668,
1753033165686,5.080050468444824,-7.837950229644775,0.6360000371932983
1753033165753,6.526050090789795,-6.877950191497803,1.579050064086914
1753033165820,6.4009504318237305,,-0.2670000195503235
1753033165821,,-6.3760504722595215,
1753033165887,5.073000431060791,,0.8760000467300415
1753033165888,,-5.919000148773193,
1753033165955,4.896000385284424,,0.037950001657009125
1753033165956,,-5.596050262451172,
1753033166022,4.888950347900391,-5.227050304412842,1.0890001058578491
1753033166092,5.554050445556641,-5.589000225067139,0.6199500560760498
1753033166156,8.842050552368164,-8.652000427246094,-0.22200001776218414
1753033166224,9.457050323486328,-9.337950706481934,2.350050210952759
1753033166291,7.593000411987305,-8.155950546264648,1.7800500392913818
1753033166358,9.105000495910645,,3.075000047683716
1753033166359,9.490950584411621,-6.67995023727417,
1753033166425,8.268000602722168,-8.332950592041016,1.3020000457763672
1753033166493,5.217000484466553,-7.386000156402588,2.7850501537323
1753033166562,3.1110000610351562,-5.425950050354004,2.3299500942230225
1753033166629,3.2190001010894775,-5.467050075531006,1.6440000534057617
1753033166695,5.607000350952148,,0.3660000264644623
1753033166696,,-6.388050079345703,
1753033166763,6.949050426483154,-11.301000595092773,0.8830500245094299
1753033166830,4.933950424194336,-10.245000839233398,2.3110501766204834
1753033166904,5.980050086975098,-9.25005054473877,1.0069500207901
1753033166963,,,3.4240500926971436
1753033166964,5.181000232696533,-8.347949981689453,
1753033167031,6.94005012512207,-6.213000297546387,3.7350001335144043
1753033167098,5.7430500984191895,-5.871000289916992,-1.7269500494003296
1753033167165,5.041950225830078,-5.725050449371338,1.5769500732421875
1753033167233,4.522950172424316,-5.706000328063965,1.9860000610351562
1753033167300,5.640000343322754,-6.268050193786621,-0.14295001327991486
1753033167367,7.984950542449951,-9.243000030517578,-0.12600000202655792
1753033167434,11.379000663757324,-12.621000289916992,1.7179501056671143
1753033167569,10.759050369262695,-8.356950759887695,3.9220502376556396
1753033167636,,,-0.0019500000635161996
1753033167637,6.51900053024292,-9.204000473022461,
1753033167703,3.38100004196167,-7.087050437927246,3.891000270843506
1753033167771,3.598950147628784,-4.450050354003906,2.6989500522613525
1753033167838,3.481950283050537,,0.1980000138282776
1753033167839,,-5.304000377655029,
1753033167906,5.868000507354736,-6.22005033493042,0.18405000865459442
1753033167973,7.369950294494629,-10.296000480651855,0.13905000686645508
1753033168040,6.990000247955322,-10.330950736999512,4.183050155639648
1753033168107,6.058950424194336,-8.874000549316406,2.968950033187866
1753033168174,8.092950820922852,-6.688950538635254,1.4830501079559326
1753033168241,7.074000358581543,-6.168000221252441,-2.883000135421753
1753033168308,,,0.8899500370025635
1753033168309,4.006050109863281,-5.686950206756592,
1753033168376,3.8269500732421875,-4.990050315856934,2.0940001010894775
1753033168445,4.759950160980225,-5.074050426483154,0.8640000224113464
1753033168511,8.229000091552734,-9.042000770568848,-1.5000001192092896
1753033168579,11.730000495910645,-11.242950439453125,3.040950059890747
1753033168645,8.907000541687012,-7.930950164794922,3.2400002479553223
1753033168712,8.529000282287598,-7.540950298309326,0.9709500670433044
1753033168780,5.740950107574463,-8.452950477600098,3.871950149536133
1753033168847,4.50600004196167,-4.849050045013428,2.955000162124634
1753033168914,3.697050094604492,-5.0620503425598145,1.194000005722046
1753033168981,,,0.18195000290870667
1753033168982,4.870050430297852,-5.8060503005981445,
1753033169048,8.713050842285156,-9.913050651550293,-1.3440001010894775
1753033169116,6.6499505043029785,-10.932000160217285,4.342950344085693
1753033169183,,,2.7990000247955322
1753033169184,4.3720502853393555,-9.346050262451172,
1753033169251,7.011000156402588,-6.460050106048584,0.3349500298500061
1753033169318,8.047950744628906,-6.735000133514404,-0.4540500342845917
1753033169385,4.570950031280518,-6.478950500488281,-0.46095001697540283
1753033169452,4.61400032043457,-5.469000339508057,1.1890500783920288
1753033169453,,-5.38800048828125,
1753033169519,4.565999984741211,,0.739050030708313
1753033169521,,-5.176950454711914,
1753033169586,6.076050281524658,-5.883000373840332,0.17205001413822174
1753033169654,10.82295036315918,-9.721050262451172,-0.19995000958442688
1753033169723,10.291950225830078,-9.694950103759766,3.3760502338409424
1753033169789,7.3969502449035645,-7.225050449371338,2.2900500297546387
1753033169855,8.119050025939941,-5.802000045776367,1.2559500932693481
1753033169923,7.047000408172607,-8.355000495910645,2.5819501876831055
1753033169991,5.668950080871582,,2.9290502071380615
1753033169992,,-6.295050144195557,
1753033170063,4.284000396728516,-5.16795015335083,1.311000108718872
1753033170125,4.171050071716309,,0.48600003123283386
1753033170126,4.480050086975098,-5.7300004959106445,
1753033170198,6.727050304412842,-6.736950397491455,-0.3340500295162201
1753033170261,8.044950485229492,-11.724000930786133,-0.016050001606345177
1753033170335,7.15500020980835,-10.209000587463379,4.552950382232666
1753033170394,,,3.5410501956939697
1753033170395,6.127950191497803,-6.543000221252441,
1753033170462,,,-0.14505000412464142
1753033170463,6.934950351715088,-5.917050361633301,
1753033170533,8.344050407409668,-6.223050117492676,0.2850000262260437
1753033170602,5.647950172424316,-5.799000263214111,0.32805001735687256
1753033170664,,,1.0170000791549683
1753033170665,4.795950412750244,-5.668050289154053,0.9589500427246094
1753033170732,,,1.2799500226974487
1753033170733,4.497000217437744,-5.160000324249268,1.0770000219345093
1753033170798,6.4800004959106445,-6.249000072479248,0.2370000183582306
1753033170865,9.844950675964355,-10.342950820922852,0.09600000083446503
1753033170932,11.002950668334961,-9.348000526428223,2.416950225830078
1753033170999,7.594950199127197,-7.0909504890441895,1.858950138092041
1753033171134,8.19105052947998,-6.5460004806518555,1.8469500541687012
1753033171201,6.337050437927246,-7.953000545501709,2.9260501861572266
1753033171268,5.407950401306152,-5.839950084686279,2.761050224304199
1753033171335,,,2.1100502014160156
1753033171336,3.916950225830078,-5.646000385284424,
1753033171402,4.096950054168701,-5.325000286102295,1.1340000629425049
1753033171403,,-5.557950496673584,
1753033171472,6.7699503898620605,-6.6060004234313965,-0.556950032711029
1753033171539,7.758000373840332,-11.515950202941895,1.380000114440918
1753033171606,7.768050193786621,-10.822050094604492,3.2970001697540283
1753033171672,7.348950386047363,-6.67995023727417,2.1220500469207764
1753033171739,6.432000160217285,-5.7709503173828125,-1.1910001039505005
1753033171806,6.040050506591797,-6.058050155639648,0.032999999821186066
1753033171874,5.293050289154053,-5.6170501708984375,1.480950117111206
1753033171941,5.140050411224365,-5.031000137329102,1.0049999952316284
1753033172008,4.31505012512207,-4.9519500732421875,0.598050057888031
1753033172075,7.2360005378723145,-6.3760504722595215,0.06405000388622284
1753033172144,9.064949989318848,-11.176050186157227,2.2300500869750977
1753033172211,10.177050590515137,-10.420050621032715,3.8209502696990967
1753033172277,11.503050804138184,-6.979050159454346,1.3230000734329224
1753033172344,7.82295036315918,-7.582050323486328,1.4160000085830688
1753033172411,3.6570000648498535,-6.0360002517700195,3.57705020904541
1753033172479,2.7780001163482666,-4.744050025939941,2.6200501918792725
1753033172546,2.8120501041412354,-5.562000274658203,1.9690500497817993
1753033172613,6.174000263214111,-7.069950103759766,1.67205011844635
1753033172680,,,0.8490000367164612
1753033172681,10.414050102233887,-9.417000770568848,
1753033172748,6.943950176239014,-12.657000541687012,2.9860501289367676
1753033172815,4.378950119018555,-8.958000183105469,3.349950075149536
1753033172883,3.9220502376556396,-5.983950138092041,3.1180500984191895
1753033172950,6.613950252532959,-6.790050506591797,-0.21195000410079956
1753033173017,5.640000343322754,-6.450000286102295,-1.26705002784729
1753033173084,4.019999980926514,-6.342000484466553,1.3570500612258911
1753033173151,,,2.0460000038146973
1753033173152,3.4080002307891846,-5.93595027923584,1.6219500303268433
1753033173218,5.188050270080566,-6.061950206756592,0.2580000162124634
1753033173286,9.229950904846191,-9.606000900268555,-0.5760000348091125
1753033173354,9.751049995422363,-10.030050277709961,3.490950107574463
1753033173421,7.162050247192383,-9.361950874328613,1.7940000295639038
1753033173488,7.987950325012207,-6.66795015335083,2.2540500164031982
1753033173555,6.820050239562988,-8.35004997253418,2.8570501804351807
1753033173622,4.836000442504883,-6.759000301361084,3.1110000610351562
1753033173689,3.5560500621795654,-5.445000171661377,2.149049997329712
1753033173756,,,1.735050082206726
1753033173757,3.472050189971924,-6.028950214385986,
1753033173825,5.170950412750244,-6.997950553894043,0.5760000348091125
1753033173892,7.981050491333008,,0.9000000357627869
1753033173893,,-11.463000297546387,
1753033173961,6.720000267028809,-11.683050155639648,4.762050151824951
1753033174030,4.852950096130371,-8.575050354003906,2.038950204849243
1753033174107,5.3680500984191895,-6.280050277709961,0.5959500074386597
1753033174161,6.772050380706787,-6.535950183868408,0.8160000443458557
1753033174228,5.439000129699707,-6.271050453186035,-0.31995001435279846
1753033174305,4.894050121307373,-5.698950290679932,1.2420001029968262
1753033174363,4.008000373840332,-5.746950149536133,0.8800500631332397
1753033174430,,,-0.5929500460624695
1753033174431,5.490000247955322,,-0.7429500222206116
1753033174432,,-6.297000408172607,
1753033174497,8.679000854492188,-11.71500015258789,1.2820500135421753
1753033174564,,,3.799950122833252
1753033174698,,,0.7180500626564026
1753033174699,8.50200080871582,-7.153950214385986,
1753033174766,8.100000381469727,-6.919050216674805,1.4359500408172607
1753033174833,4.891050338745117,-8.338050842285156,4.019999980926514
1753033174901,3.4009501934051514,-5.620050430297852,3.010050058364868
1753033174967,3.790950298309326,-5.25600004196167,1.8400501012802124
1753033175035,4.348050117492676,-5.706000328063965,1.380000114440918
1753033175104,6.942000389099121,-7.446000576019287,0.34200000762939453
1753033175170,7.842000484466553,-12.604950904846191,1.7230501174926758
1753033175237,5.892000198364258,-10.309950828552246,3.120000123977661
1753033175304,6.7510504722595215,-6.574950218200684,0.4519500136375427
1753033175371,7.294050216674805,-6.510000228881836,0.9469500184059143
1753033175438,7.222050189971924,-6.570000171661377,1.0860000848770142
1753033175506,5.45805025100708,-6.160950183868408,0.9829500317573547
1753033175575,4.477050304412842,-5.455050468444824,0.687000036239624
1753033175642,3.255000114440918,-5.509950160980225,2.0839500427246094
1753033175708,6.069000244140625,-7.07205057144165,0.361050009727478
1753033175775,9.91395092010498,-10.978050231933594,-0.5209500193595886
1753033175842,9.592950820922852,-10.984950065612793,2.1010501384735107
1753033175909,8.18595027923584,-6.820950508117676,1.7850000858306885
1753033175976,7.804050445556641,-7.324050426483154,0.9469500184059143
1753033176044,4.992000102996826,-7.728000164031982,3.819000244140625
1753033176111,4.525050163269043,-5.2420501708984375,2.527050018310547
1753033176178,3.682950258255005,-5.572050094604492,1.4470500946044922
1753033176246,5.545050144195557,-5.871000289916992,0.6940500140190125
1753033176313,8.943000793457031,-8.098950386047363,0.2440500110387802
1753033176380,5.52495002746582,-11.485050201416016,3.123000144958496
1753033176447,5.302950382232666,-9.397950172424316,2.146050214767456
1753033176514,,,1.8060001134872437
1753033176515,7.023000240325928,-6.9120001792907715,0.7540500164031982
1753033176582,6.79395055770874,-6.084000110626221,-0.7669500112533569
1753033176649,4.565999984741211,-5.914050102233887,-0.6330000162124634
1753033176716,5.2069501876831055,-5.605050086975098,0.2989500164985657
1753033176783,,,1.4310001134872437
1753033176784,4.9870500564575195,-6.160950183868408,1.6150500774383545
1753033176851,5.320050239562988,-6.052950382232666,0.6430500149726868
1753033176920,8.059950828552246,-8.53695011138916,-0.8700000643730164
1753033176987,9.309000015258789,-10.107000350952148,2.6419501304626465
1753033177053,9.045000076293945,-9.2160005569458,1.5430500507354736
1753033177120,8.964000701904297,-5.920950412750244,2.4910500049591064
1753033177187,7.582950592041016,-8.080050468444824,1.324950098991394
1753033177254,5.896050453186035,-7.126950263977051,2.602950096130371
1753033177322,4.324050426483154,-5.908950328826904,0.9810000658035278
1753033177389,3.621000289916992,-5.778000354766846,1.2679500579833984
1753033177458,4.615950107574463,-5.610000133514404,0.9780000448226929
1753033177524,7.710000514984131,-10.566000938415527,0.5959500074386597
1753033177591,,,3.5629501342773438
1753033177592,9.244050025939941,-11.752950668334961,3.268050193786621
1753033177658,,,2.9239501953125
1753033177659,6.922950267791748,-8.395950317382812,
1753033177726,7.291050434112549,-5.584050178527832,0.08400000631809235
1753033177793,6.753000259399414,-6.529050350189209,-0.739050030708313
1753033177860,4.743000030517578,,0.6270000338554382
1753033177861,4.906050205230713,-6.309000492095947,
1753033177928,5.176050186157227,-6.2440505027771,0.22500000894069672
1753033177995,4.003950119018555,,0.4350000321865082
1753033177997,,-5.605050086975098,
1753033178062,4.72605037689209,-5.85705041885376,0.4210500121116638
1753033178130,8.047950744628906,-11.088000297546387,0.15105000138282776
1753033178264,10.986000061035156,-10.945950508117676,3.4140002727508545
1753033178332,8.560050010681152,-7.3690505027771,2.038950204849243
1753033178406,8.722050666809082,-6.619950294494629,0.5929500460624695
1753033178466,5.887050151824951,-8.128050804138184,3.418950080871582
1753033178532,4.297950267791748,-5.449950218200684,3.241950035095215
1753033178599,3.6540002822875977,-5.010000228881836,1.579050064086914
1753033178667,4.918050289154053,-5.890050411224365,0.8680500388145447
1753033178736,7.195950508117676,-7.099050521850586,0.742050051689148
1753033178801,9.438000679016113,-11.973000526428223,1.6440000534057617
1753033178868,6.873000144958496,,2.9479501247406006
1753033178869,5.638050079345703,-10.951050758361816,
1753033178936,4.297950267791748,-7.974000453948975,2.239950180053711
1753033179003,4.618950366973877,-5.9599504470825195,2.1409502029418945
1753033179071,5.899050235748291,-6.309000492095947,-1.071000099182129
1753033179138,5.628000259399414,-6.223050117492676,0.4330500066280365
1753033179205,4.876950263977051,-6.763950347900391,1.1149500608444214
1753033179273,4.096950054168701,-6.1870503425598145,1.065000057220459
1753033179340,5.989950180053711,-6.630000114440918,0.2749500274658203
1753033179407,9.97605037689209,-11.17905044555664,-0.6930000185966492
1753033179474,9.880950927734375,-10.224000930786133,3.346950054168701
1753033179541,6.885000228881836,-7.431000232696533,1.6050000190734863
1753033179609,8.385000228881836,-6.627000331878662,1.1530500650405884
1753033179676,6.51900053024292,-8.110950469970703,3.3949501514434814
1753033179743,5.628000259399414,-5.638950347900391,2.4600000381469727
1753033179810,3.721050262451172,-5.743950366973877,2.009999990463257
1753033179878,4.477050304412842,-6.0859503746032715,1.549950122833252
1753033179945,7.150050163269043,-7.612950325012207,0.16305001080036163
1753033180012,6.624000549316406,-11.829000473022461,1.6080000400543213
1753033180080,6.243000507354736,-10.72605037689209,2.2009501457214355
1753033180147,,,1.2780001163482666
1753033180148,6.166950225830078,-7.300050258636475,
1753033180214,5.662050247192383,-6.088950157165527,1.0530000925064087
1753033180281,6.262050151824951,-6.442950248718262,-0.8250000476837158
1753033180348,4.98900032043457,-6.151050090789795,0.6100500226020813
1753033180415,,,0.922950029373169
1753033180416,4.360050201416016,-5.811000347137451,
1753033180483,3.9720001220703125,-5.605050086975098,1.4380500316619873
1753033180553,6.528000354766846,-6.847050189971924,0.22995001077651978
1753033180618,9.82800006866455,-11.32395076751709,-0.21705001592636108
1753033180685,10.170000076293945,-11.419950485229492,3.7710001468658447
1753033180752,10.15095043182373,,1.2559500932693481
1753033180753,,-7.246950149536133,
1753033180819,8.622000694274902,-7.276050567626953,0.19095000624656677
1753033180886,3.3930001258850098,-8.758950233459473,2.9890501499176025
1753033180957,2.628000020980835,-6.211050510406494,3.5940001010894775
1753033181022,2.7810001373291016,-6.073950290679932,1.8730500936508179
1753033181088,4.3309502601623535,-5.395050048828125,0.9379500150680542
1753033181156,6.076050281524658,-7.1700005531311035,0.3679500222206116
1753033181222,8.730000495910645,-12.898950576782227,0.8880000710487366
1753033181290,7.669950485229492,-10.804950714111328,4.80495023727417
1753033181357,5.788950443267822,-7.522050380706787,1.1290500164031982
1753033181424,6.424950122833252,-5.895000457763672,-0.0970500037074089
1753033181492,6.784050464630127,-6.40500020980835,-0.7030500173568726
1753033181560,3.951000213623047,,1.0380001068115234
1753033181561,3.8460001945495605,-6.675000190734863,
1753033181627,,,1.6920000314712524
1753033181628,3.819000244140625,-6.366000175476074,1.555050015449524
1753033181694,3.652050256729126,,1.234950065612793
1753033181695,,-5.9239501953125,
1753033181828,5.310000419616699,-6.520050525665283,0.0019500000635161996
1753033181896,10.021950721740723,-11.539950370788574,-0.013950000517070293
1753033181963,9.696000099182129,-11.370000839233398,3.052950143814087
1753033182030,8.019000053405762,-7.91895055770874,1.9429501295089722
1753033182098,8.268000602722168,-6.240000247955322,0.4420500099658966
1753033182165,5.980050086975098,-7.675050258636475,2.674950122833252
1753033182232,4.044000148773193,-5.565000057220459,2.433000087738037
1753033182299,,,2.086050033569336
1753033182300,3.601950168609619,-5.5410003662109375,
1753033182368,4.815000057220459,-5.931000232696533,1.1149500608444214
1753033182434,7.014000415802002,-7.455000400543213,0.5070000290870667
1753033182501,7.42995023727417,-12.41100025177002,1.2990000247955322
1753033182568,5.85105037689209,-11.346000671386719,4.50600004196167
1753033182635,5.947050094604492,-7.1610002517700195,1.2820500135421753
1753033182704,6.210000514984131,,1.333050012588501
1753033182705,,-5.557950496673584,
1753033182772,7.123950481414795,-6.192000389099121,-0.09300000220537186
1753033182839,5.664000034332275,-5.893050193786621,0.025950001552700996
1753033182904,4.168950080871582,-6.163050174713135,0.7540500164031982
1753033182971,,,0.9070500135421753
1753033182972,3.1110000610351562,-5.7870001792907715,0.6220500469207764
1753033183039,5.38200044631958,-6.543000221252441,-0.9610500335693359
1753033183106,9.985950469970703,-12.199950218200684,1.7130000591278076
1753033183173,9.306000709533691,-11.518050193786621,5.098950386047363
1753033183240,,,1.215000033378601
1753033183241,8.138999938964844,-7.063050270080566,
1753033183308,8.138999938964844,-6.86400032043457,1.2559500932693481
1753033183375,5.755050182342529,-7.723050594329834,3.010050058364868
1753033183442,,,2.7900002002716064
1753033183443,4.579950332641602,-5.625000476837158,
1753033183510,4.267050266265869,-5.397000312805176,1.821000099182129
1753033183577,4.89900016784668,-5.742000102996826,1.443000078201294
1753033183644,6.070950508117676,-7.627050399780273,1.6600500345230103
1753033183712,7.018950462341309,-11.71500015258789,2.055000066757202
1753033183778,6.532950401306152,-11.370000839233398,3.2779500484466553
1753033183846,6.295950412750244,-7.70205020904541,0.8470500111579895
1753033183913,,,1.0669500827789307
1753033183914,6.373050212860107,-5.565000057220459,1.1790000200271606
1753033183980,,,-0.6619500517845154
1753033183981,6.877050399780273,,
1753033183982,,-6.0360002517700195,
1753033184048,5.3580002784729,-6.598050117492676,0.6430500149726868
1753033184117,4.9770002365112305,-6.442950248718262,1.5600000619888306
1753033184184,3.5490002632141113,-6.034050464630127,1.194000005722046
1753033184250,,,0.35895001888275146
1753033184251,4.525050163269043,-5.823000431060791,0.28005000948905945
1753033184317,7.89900016784668,-7.668000221252441,-0.06105000153183937
1753033184384,10.057950019836426,-9.850050926208496,1.974000096321106
1753033184451,9.084000587463379,-10.858050346374512,2.1750001907348633
1753033184518,9.580950736999512,,2.704050064086914
1753033184519,9.028950691223145,-8.105999946594238,
1753033184587,7.31505012512207,-7.386000156402588,2.3899500370025635
1753033184655,3.751950263977051,-7.123050212860107,2.2680001258850098
1753033184721,2.6010000705718994,-5.407050132751465,2.7090001106262207
1753033184788,2.8810501098632812,-5.244000434875488,2.059950113296509
1753033184855,5.023050308227539,-5.971950054168701,1.3609501123428345
1753033184922,7.782000541687012,-7.117950439453125,2.4760501384735107
1753033184989,8.23905086517334,-11.302950859069824,2.3110501766204834
1753033185057,6.4519500732421875,-10.851000785827637,3.799950122833252
1753033185124,6.87000036239624,-7.522050380706787,0.6720000505447388
1753033185191,6.4830002784729,-5.4120001792907715,1.725000023841858
1753033185258,,,0.45900002121925354
1753033185259,7.891950607299805,-5.449950218200684,-0.364950031042099
1753033185393,6.265050411224365,-6.19605016708374,0.43095001578330994
1753033185460,4.945950031280518,-6.070050239562988,2.206050157546997
1753033185527,4.000950336456299,-5.734950065612793,2.02905011177063
1753033185595,5.350950241088867,-5.968950271606445,0.6649500131607056
1753033185662,9.234000205993652,-10.779000282287598,-0.5929500460624695
1753033185729,,,3.4480502605438232
1753033185730,8.821050643920898,-10.018050193786621,
1753033185796,6.621000289916992,,2.199000120162964
1753033185864,8.701050758361816,-6.856950283050537,1.612950086593628
1753033185931,7.483050346374512,-7.6710004806518555,2.8309500217437744
1753033185999,6.130950450897217,-5.290050029754639,2.1610500812530518
1753033186066,4.444050312042236,-5.2009501457214355,1.7440500259399414
1753033186133,3.9130501747131348,-5.400000095367432,1.858950138092041
1753033186200,5.635950088500977,-6.217950344085693,0.9640500545501709
1753033186270,8.574000358581543,-10.978050231933594,1.7730001211166382
1753033186335,8.480999946594238,-10.318950653076172,4.525050163269043
1753033186406,6.154950141906738,-7.678050518035889,1.4520000219345093
1753033186469,5.680950164794922,-6.144000053405762,0.5430000424385071
1753033186537,7.368000507354736,-6.520050525665283,0.6360000371932983
1753033186605,,,-0.08100000023841858
1753033186606,6.235950469970703,-5.818050384521484,0.10305000841617584
1753033186671,4.909950256347656,-5.4310503005981445,0.7320000529289246
1753033186738,3.6280500888824463,-4.900050163269043,1.3570500612258911
1753033186805,4.570950031280518,-5.304000377655029,0.9550500512123108
1753033186872,,,-0.15000000596046448
1753033186873,9.763050079345703,-10.741050720214844,
1753033186940,9.945000648498535,-8.770950317382812,3.433950185775757
1753033187007,7.72005033493042,-9.142050743103027,0.3949500322341919
1753033187075,8.622000694274902,-5.802000045776367,3.01200008392334
1753033187142,8.794050216674805,-8.419950485229492,2.4880502223968506
1753033187209,7.038000106811523,-6.754050254821777,3.412050247192383
1753033187276,4.5420002937316895,-5.0530500411987305,1.2660000324249268
1753033187343,3.259050130844116,-5.653050422668457,1.6770000457763672
1753033187411,4.79295015335083,-6.189000129699707,0.7939500212669373
1753033187478,7.114050388336182,-10.33395004272461,1.8330000638961792
1753033187545,,,3.9270002841949463
1753033187546,8.599950790405273,-9.013050079345703,
1753033187612,8.182050704956055,-8.59695053100586,0.30105000734329224
1753033187682,8.293950080871582,-6.297000408172607,2.505000114440918
1753033187749,8.332050323486328,-4.8949503898620605,1.6410000324249268
1753033187814,6.8680500984191895,-5.230050086975098,-2.2920000553131104
1753033187882,4.924950122833252,,1.593000054359436
1753033187883,,-5.36400032043457,
1753033187949,3.633000135421753,-5.026050090789795,2.3929500579833984
1753033188016,4.669050216674805,-5.2699503898620605,0.39900001883506775
1753033188083,10.240050315856934,-9.53700065612793,-1.6429500579833984
1753033188151,,,3.727950096130371
1753033188152,10.854000091552734,-10.269000053405762,5.392950057983398
1753033188220,7.408950328826904,-9.340950012207031,3.916950225830078
1753033188285,7.507050514221191,-7.063050270080566,-0.8460000157356262
1753033188353,5.3580002784729,-7.540950298309326,-0.16905000805854797
1753033188420,3.7039501667022705,-6.1180500984191895,3.513000249862671
1753033188487,3.996000289916992,-5.659950256347656,2.067000150680542
1753033188554,5.857950210571289,-5.620050430297852,-0.17205001413822174
1753033188622,7.051950454711914,-6.526950359344482,0.5650500059127808
1753033188688,7.975950241088867,-8.991000175476074,2.4690001010894775
1753033188756,8.184000015258789,-13.059000968933105,3.3330001831054688
1753033188823,5.880000114440918,,2.5200002193450928
1753033188824,,-10.288050651550293,
1753033188957,3.0679502487182617,-7.249050140380859,0.5809500217437744
1753033189025,2.5030500888824463,-6.8550004959106445,-1.3680000305175781
1753033189092,5.224050045013428,-6.67995023727417,0.5190000534057617
1753033189159,,,-0.15195000171661377
1753033189160,5.419950485229492,-6.790050506591797,0.09300000220537186
1753033189227,4.659000396728516,-6.382950305938721,0.5070000290870667
1753033189294,4.449000358581543,-6.052950382232666,0.8010000586509705
1753033189361,6.427950382232666,-6.630000114440918,0.1789500117301941
1753033189428,,,0.7890000343322754
1753033189429,10.39995002746582,-12.595050811767578,
1753033189498,6.4009504318237305,-10.618950843811035,2.508000135421753
1753033189565,7.345950126647949,-7.857000350952148,1.8760501146316528
1753033189631,8.212950706481934,-7.813950538635254,-0.5380499958992004
1753033189699,5.329050064086914,-7.885950565338135,1.8660000562667847
1753033189765,2.5920000076293945,-5.749050140380859,3.4459502696990967
1753033189832,3.183000087738037,-6.0859503746032715,1.4140501022338867
1753033189900,5.155050277709961,-6.382950305938721,0.675000011920929
1753033189967,6.262050151824951,-7.881000518798828,0.8440500497817993
1753033190034,7.512000560760498,-11.965950965881348,2.1559500694274902
1753033190102,6.775050163269043,-10.486950874328613,1.3690500259399414
1753033190169,5.767050266265869,-7.711050510406494,1.4620500802993774
1753033190236,6.187950134277344,-6.859050273895264,1.0309500694274902
1753033190303,4.762050151824951,-6.804000377655029,-0.22200001776218414
1753033190370,4.7910003662109375,-5.473950386047363,-0.7459500432014465
1753033190438,4.822050094604492,-5.823000431060791,-0.4440000355243683
1753033190505,3.951000213623047,-5.572050094604492,1.2460500001907349
1753033190571,,,0.47805002331733704
1753033190572,5.740950107574463,-5.794050216674805,
1753033190639,10.294950485229492,-11.470050811767578,-0.906000018119812
1753033190707,10.540950775146484,-11.31705093383789,2.4120001792907715
1753033190774,8.521050453186035,-7.4410505294799805,0.9979500770568848
1753033190841,9.390000343322754,-8.070000648498535,-0.1860000044107437
1753033190908,5.760000228881836,,2.007000207901001
1753033190909,,-7.998000144958496,
1753033190976,4.071000099182129,-5.589000225067139,3.0390000343322754
1753033191043,3.4990501403808594,-5.3110504150390625,1.6699501276016235
1753033191110,5.233950138092041,-5.512050151824951,0.46605002880096436
1753033191177,,,0.39195001125335693
1753033191178,7.636050224304199,-7.146000385284424,
1753033191245,8.241000175476074,-11.974950790405273,1.9260001182556152
1753033191314,7.942050457000732,-10.369950294494629,1.1869500875473022
1753033191382,5.523000240325928,-7.528950214385986,-0.2530499994754791
1753033191448,4.627950191497803,-5.8090500831604,2.8780500888824463
1753033191519,6.247950077056885,,0.04800000041723251
1753033191520,5.707050323486328,-5.967000484466553,
1753033191587,6.247950077056885,-5.622000217437744,0.17400000989437103
1753033191663,5.344050407409668,-5.8999505043029785,1.3729500770568848
1753033191718,4.2019500732421875,-5.63700008392334,1.960050106048584
1753033191784,6.717000484466553,-6.520050525665283,-0.19500000774860382
1753033191850,9.574050903320312,-8.105999946594238,-0.27000001072883606
1753033191917,10.255950927734375,-10.543950080871582,1.38795006275177
1753033191985,7.0570502281188965,-9.235050201416016,1.6440000534057617
1753033192052,8.77500057220459,-6.799950122833252,2.694000244140625
1753033192119,8.287050247192383,-6.9310503005981445,1.002000093460083
1753033192186,5.712000370025635,-7.102950572967529,1.9519500732421875
1753033192253,,,3.2130000591278076
1753033192254,4.066050052642822,-5.328000068664551,
1753033192321,3.7039501667022705,-5.698950290679932,2.0789999961853027
1753033192388,5.983050346374512,-6.0859503746032715,1.102950096130371
1753033192523,8.964000701904297,-8.728050231933594,0.5380499958992004
1753033192590,6.9370503425598145,,2.6100001335144043
1753033192591,,-10.69800090789795,
1753033192657,6.214950084686279,-9.781050682067871,1.2079501152038574
1753033192724,6.358050346374512,-6.673050403594971,0.49500003457069397
1753033192791,,,2.1889500617980957
1753033192792,6.810000419616699,-5.725050449371338,
1753033192859,6.8580002784729,-5.814000129699707,-0.6480000019073486
1753033192926,5.044050216674805,-5.304000377655029,-0.5209500193595886
1753033192994,3.6540002822875977,-5.785050392150879,1.0690500736236572
1753033193061,4.260000228881836,-6.072000503540039,1.9810501337051392
1753033193130,8.614950180053711,-8.214000701904297,0.27000001072883606
1753033193196,9.832950592041016,-9.778950691223145,2.009999990463257
1753033193263,,,2.0220000743865967
1753033193264,9.58395004272461,-8.617950439453125,
1753033193330,8.968950271606445,-5.9569501876831055,2.662950038909912
1753033193397,8.362950325012207,-6.832950115203857,3.0199501514434814
1753033193464,7.093050479888916,-6.850050449371338,3.201000213623047
1753033193533,5.6569504737854,-6.0169501304626465,1.974000096321106
1753033193599,4.252050399780273,-5.962050437927246,2.067000150680542
1753033193666,4.485000133514404,-5.830050468444824,0.32805001735687256
1753033193734,6.3409504890441895,-8.056050300598145,0.05205000191926956
1753033193800,,,0.5530500411987305
1753033193801,8.1739501953125,-11.725950241088867,1.0810500383377075
1753033193868,7.792050361633301,-10.969950675964355,2.0220000743865967
1753033193935,6.198000431060791,-6.9310503005981445,2.1559500694274902
1753033194002,6.322050094604492,-4.9519500732421875,-0.19500000774860382
1753033194069,5.820000171661377,-6.028950214385986,-1.1569499969482422
1753033194137,4.957950115203857,-6.361950397491455,1.1359500885009766
1753033194204,,,0.5500500202178955
1753033194205,5.374950408935547,-6.103050231933594,
1753033194271,,,0.0
1753033194272,4.815000057220459,-5.175000190734863,0.031050002202391624
1753033194339,5.679000377655029,-6.204000473022461,0.2749500274658203
1753033194406,,,0.07605000585317612
1753033194407,10.363950729370117,-10.927050590515137,
1753033194473,10.744050979614258,-10.240950584411621,3.0049500465393066
1753033194541,7.807950496673584,-7.431000232696533,1.231950044631958
1753033194608,9.249000549316406,-6.022050380706787,0.909000039100647
1753033194675,7.3060503005981445,-7.582050323486328,2.1700501441955566
1753033194743,5.176050186157227,,1.8690000772476196
1753033194746,,-6.133950233459473,
1753033194810,,,2.247000217437744
1753033194811,4.096950054168701,-5.658000469207764,2.308950185775757
1753033194878,4.071000099182129,,1.6390501260757446
1753033194881,,-5.823000431060791,
1753033194967,5.748000144958496,-6.87600040435791,0.6000000238418579
1753033195014,8.088000297546387,-9.26400089263916,1.141050100326538
1753033195015,,-11.07300090789795,
1753033195079,8.047950744628906,-11.506050109863281,3.15405011177063
1753033195146,6.319950103759766,-8.95995044708252,1.6270500421524048
1753033195213,5.836950302124023,-7.048050403594971,0.5790000557899475
1753033195280,,,0.49800002574920654
1753033195281,6.325050354003906,-5.883000373840332,0.45705002546310425
1753033195348,5.56095027923584,-6.390000343322754,-0.9850500226020813
1753033195416,5.065950393676758,-6.007050514221191,1.1269500255584717
1753033195483,4.075050354003906,-5.593050479888916,1.0360500812530518
1753033195549,4.273950099945068,,0.531000018119812
1753033195550,,-5.851950168609619,
1753033195617,8.548050880432129,-8.428950309753418,-0.10905000567436218
1753033195684,9.473999977111816,-11.545050621032715,1.7059500217437744
1753033195751,8.670000076293945,-9.429000854492188,2.2540500164031982
1753033195818,8.541000366210938,-5.707950115203857,0.7510500550270081
1753033195885,8.682000160217285,-6.936000347137451,1.024049997329712
1753033195953,6.145050525665283,-7.252050399780273,3.264000177383423
1753033196087,,,2.7490501403808594
1753033196088,4.768950462341309,-5.932950496673584,
1753033196155,3.6949501037597656,-5.775000095367432,2.3620500564575195
1753033196222,5.137950420379639,-5.919000148773193,1.1320500373840332
1753033196289,6.154950141906738,-7.008000373840332,1.6440000534057617
1753033196356,8.643000602722168,-11.320050239562988,0.46905001997947693
1753033196423,,,3.261000156402588
1753033196424,7.6810503005981445,-10.165950775146484,2.5309500694274902
1753033196491,5.736000061035156,-7.024050235748291,0.6600000262260437
1753033196558,6.313050270080566,-5.76300048828125,0.7540500164031982
1753033196625,7.768050193786621,-5.638950347900391,-0.04905000329017639
1753033196693,6.589950084686279,-6.217950344085693,-0.5689499974250793
1753033196761,4.924950122833252,-6.285000324249268,1.0339500904083252
1753033196828,3.424950122833252,-5.44005012512207,1.366050124168396
1753033196895,3.949050188064575,-5.8060503005981445,0.7180500626564026
1753033196962,7.806000232696533,-8.202000617980957,0.13095000386238098
1753033197029,,,2.16795015335083
1753033197096,9.562050819396973,-10.360050201416016,1.3420500755310059
1753033197163,,,1.3489500284194946
1753033197164,9.580950736999512,-5.791950225830078,0.6889500617980957
1753033197231,7.938000202178955,-6.688950538635254,0.2970000207424164
1753033197298,5.997000217437744,-6.8020501136779785,2.2420501708984375
1753033197366,4.980000019073486,-5.586000442504883,2.428950071334839
1753033197432,4.173000335693359,,2.0719501972198486
1753033197433,,-5.964000225067139,
1753033197499,5.676000118255615,,1.3039500713348389
1753033197500,,-6.082050323486328,
1753033197567,6.613950252532959,-7.6900506019592285,1.9999500513076782
1753033197635,8.100000381469727,-10.88700008392334,2.098050117492676
1753033197701,8.176950454711914,,1.4119501113891602
1753033197702,,-10.039050102233887,
1753033197769,5.245950222015381,-7.279950141906738,1.4160000085830688
1753033197836,6.733950138092041,-5.299050331115723,0.2179500162601471
1753033197903,7.849050521850586,-6.361950397491455,-1.6980000734329224
1753033197971,6.265050411224365,-6.799950122833252,0.16005000472068787
1753033198038,3.76200008392334,-6.654000282287598,1.3639500141143799
1753033198106,3.6259500980377197,-5.646000385284424,1.2510000467300415
1753033198173,4.531949996948242,,0.5020500421524048
1753033198174,,-5.625000476837158,
1753033198240,7.689000129699707,,0.4810500144958496
1753033198241,,-8.151000022888184,
1753033198308,10.345050811767578,,1.1440500020980835
1753033198310,,-10.470000267028809,
1753033198375,8.517000198364258,-10.957950592041016,-0.46095001697540283
1753033198442,9.478950500488281,-7.225050449371338,2.496000051498413
1753033198509,7.909050464630127,-9.547050476074219,-2.4499502182006836
1753033198577,,,2.995950222015381
1753033198578,3.352950096130371,-8.728050231933594,3.8140501976013184
1753033198644,2.9479501247406006,-5.383050441741943,2.3809502124786377
1753033198711,4.159049987792969,-4.383000373840332,-0.05895000323653221
1753033198778,4.4920501708984375,-4.1509504318237305,0.11205000430345535
1753033198845,4.398000240325928,-8.503050804138184,1.8450000286102295
1753033198912,9.826050758361816,-13.119000434875488,2.0719501972198486
1753033198981,11.296950340270996,-12.540000915527344,-0.06405000388622284
1753033199047,5.635950088500977,-6.100950241088867,2.4000000953674316
1753033199115,,,-1.4470500946044922
1753033199116,6.136050224304199,-10.027950286865234,-1.954050064086914
1753033199182,3.4560000896453857,-7.771050453186035,1.4040000438690186
1753033199249,2.2380001544952393,-5.48805046081543,0.5070000290870667
1753033199316,3.3190500736236572,-4.653000354766846,0.9379500150680542
1753033199383,5.27400016784668,-6.70395040512085,2.278050184249878
1753033199450,,,3.094050168991089
1753033199451,7.674000263214111,-8.850000381469727,2.6770501136779785
1753033199518,9.160050392150879,-8.770950317382812,-0.5710500478744507
1753033199652,8.445000648498535,-10.357950210571289,-0.9469500184059143
1753033199720,6.616950511932373,-10.10205078125,0.6529500484466553
1753033199787,3.3960001468658447,-10.621050834655762,2.734950065612793
1753033199854,1.9620001316070557,-6.867000102996826,4.104000091552734
1753033199921,3.372000217437744,-4.605000019073486,0.700950026512146
1753033199989,4.78095006942749,-4.837050437927246,-0.22200001776218414
1753033200055,,,0.7510500550270081
1753033200056,6.604950428009033,-7.326000213623047,1.0840500593185425
1753033200123,9.234000205993652,-10.129950523376465,2.7109501361846924
1753033200190,9.032999992370605,-10.93005084991455,3.7639501094818115
1753033200257,7.6050004959106445,-10.018050193786621,2.139000177383423
1753033200327,5.860050201416016,-7.3909502029418945,2.674950122833252
1753033200393,7.642950534820557,-7.015050411224365,2.9239501953125
1753033200460,6.2820000648498535,-5.278050422668457,1.2580500841140747
1753033200528,6.4830002784729,-3.8230502605438232,2.4880502223968506
1753033200594,5.989950180053711,-3.4020001888275146,2.9070000648498535
1753033200661,7.677000522613525,-2.1090002059936523,4.788000106811523
1753033200729,7.849050521850586,-0.6709500551223755,6.754950523376465
1753033200795,8.332050323486328,0.29205000400543213,7.9110002517700195
1753033200863,6.703050136566162,0.598050057888031,6.963000297546387
1753033200932,6.484950542449951,-1.207050085067749,12.664950370788574
1753033200998,4.669050216674805,-1.50600004196167,8.503950119018555
1753033201064,2.190000057220459,,7.627950191497803
1753033201065,,-0.8839500546455383,
1753033201132,2.379000186920166,0.15300001204013824,5.995950222015381
1753033201199,3.421950101852417,1.4790000915527344,7.288950443267822
1753033201266,4.969950199127197,2.6730000972747803,9.201000213623047
1753033201333,,,10.843950271606445
1753033201334,4.903050422668457,3.868950128555298,12.883050918579102
1753033201401,5.128050327301025,2.9290502071380615,10.993050575256348
1753033201468,5.0400004386901855,1.7569501399993896,7.470000267028809
1753033201535,,,6.712050437927246
1753033201536,2.5920000076293945,2.407050132751465,6.315000534057617
1753033201602,2.6299500465393066,2.5609500408172607,8.145000457763672
1753033201670,2.737950086593628,2.1060001850128174,9.946950912475586
1753033201737,1.2090001106262207,3.472050189971924,5.809950351715088
1753033201804,2.3449501991271973,3.9270002841949463,7.003950119018555
1753033201871,,,6.628050327301025
1753033201872,1.1970000267028809,4.768950462341309,6.388950347900391
1753033201939,1.1269500255584717,5.868000507354736,6.822000503540039
1753033202006,0.7900500297546387,6.319950103759766,9.117000579833984
1753033202073,,,9.894000053405762
1753033202074,0.7950000166893005,5.748000144958496,10.01205062866211
1753033202145,0.3540000021457672,5.647050380706787,9.768000602722168
1753033202218,0.6580500602722168,4.909950256347656,9.495000839233398
1753033202277,-0.10905000567436218,4.114050388336182,9.129000663757324
1753033202343,0.05100000277161598,3.4990501403808594,6.669000148773193
1753033202415,0.2970000207424164,2.3239500522613525,6.886950492858887
1753033202481,-0.1969500035047531,,8.044950485229492
1753033202482,,2.4720001220703125,
1753033202555,,,7.875000476837158
1753033202556,1.0750499963760376,3.6540002822875977,
1753033202616,-0.19305001199245453,5.44605016708374,9.744000434875488
1753033202680,,,11.043000221252441
1753033202683,0.05295000225305557,5.926950454711914,
1753033202747,0.5670000314712524,5.512950420379639,11.695950508117676
1753033202814,3.3190500736236572,,10.588050842285156
1753033202815,,4.173000335693359,
1753033202881,,,8.86305046081543
1753033202882,,,8.667000770568848
1753033202883,2.467050075531006,3.135000228881836,
1753033202948,,,7.864950180053711
1753033202949,2.1250500679016113,2.3449501991271973,6.250050067901611
1753033203016,,,6.039000511169434
1753033203017,1.371000051498413,3.184950113296509,6.087000370025635
1753033203087,0.7900500297546387,3.44100022315979,6.187950134277344
1753033203217,-0.31005001068115234,,5.592000484466553
1753033203218,,4.030050277709961,
1753033203286,-0.4729500114917755,5.257050037384033,9.007050514221191
1753033203352,,,13.906950950622559
1753033203353,0.661050021648407,5.9920501708984375,14.563050270080566
1753033203420,1.4959501028060913,5.533050060272217,10.56195068359375
1753033203488,0.5100000500679016,,11.263050079345703
1753033203489,,4.642050266265869,
1753033203554,0.1290000081062317,,10.689000129699707
1753033203555,,2.7709500789642334,
1753033203622,-1.3789501190185547,2.584050178527832,5.512950420379639
1753033203689,-0.05895000323653221,,7.25700044631958
1753033203690,,0.7159500122070312,
1753033203755,,,5.245050430297852
1753033203757,-1.165950059890747,1.88100004196167,
1753033203759,,2.4820501804351807,
1753033203823,-0.520050048828125,3.475050210952759,8.389050483703613
1753033203896,0.673050045967102,1.4980500936508179,16.249950408935547
1753033203967,2.508000135421753,0.4069500267505646,12.715950965881348
1753033204026,-0.18105000257492065,2.8720500469207764,10.954950332641602
1753033204099,1.582050085067749,,9.69795036315918
1753033204100,,4.267050266265869,
1753033204159,,,9.981000900268555
1753033204160,1.1340000629425049,3.2380502223968506,9.325050354003906
1753033204243,1.4020500183105469,2.3830502033233643,6.927000522613525
1753033204299,1.1340000629425049,3.3330001831054688,4.921950340270996
1753033204361,0.8899500370025635,3.7639501094818115,5.271000385284424
1753033204428,0.364050030708313,5.236050128936768,6.433950424194336
1753033204506,0.2989500164985657,6.085050106048584,7.801050186157227
1753033204564,1.333050012588501,,9.499950408935547
1753033204565,,6.2719502449035645,
1753033204631,2.1610500812530518,6.169050216674805,10.737000465393066
1753033204699,1.2450000047683716,6.568950176239014,9.166950225830078
1753033204765,1.6780500411987305,6.01800012588501,9.544950485229492
1753033204833,,,9.655050277709961
1753033204834,0.9450000524520874,,8.84595012664795
1753033204835,,4.6780500411987305,
1753033204904,-0.019950000569224358,4.384050369262695,6.760050296783447
1753033204967,-0.027000000700354576,,6.694950103759766
1753033204968,,4.645050048828125,
1753033205034,,,7.82895040512085
1753033205035,-0.33105000853538513,4.708950042724609,7.876950263977051
1753033205100,-0.0799500048160553,,7.540050506591797
1753033205101,-0.19305001199245453,5.0560503005981445,
1753033205169,-0.022950001060962677,5.731050491333008,7.7910003662109375
1753033205236,0.08895000070333481,,7.695000171661377
1753033205237,,6.124050140380859,
1753033205303,,,8.3100004196167
1753033205304,0.42600002884864807,6.136050224304199,
