timestamp,AccX,AccY,AccZ
1752059883840,0.3405751883983612,5.011662483215332,12.602478981018066
1752059883911,-1.1629834175109863,4.324526786804199,7.404667377471924
1752059883971,-0.8289923667907715,4.171298027038574,9.519944190979004
1752059884037,-0.4626794755458832,4.243124008178711,8.946533203125
1752059884079,-1.9949685335159302,4.653729438781738,8.570643424987793
1752059884103,,,8.616133689880371
1752059884104,-1.2096704244613647,4.901529312133789,
1752059884173,-1.4419080018997192,4.769848346710205,8.225878715515137
1752059884242,-0.4686649739742279,4.012083530426025,8.625710487365723
1752059884304,,,7.841609001159668
1752059884306,-0.4315548539161682,4.137779235839844,
1752059884370,,,8.356362342834473
1752059884371,-0.7296329736709595,4.1210198402404785,
1752059884426,1.346139907836914,3.1872811317443848,9.06983470916748
1752059884427,-0.16579847037792206,2.8856115341186523,12.048221588134766
1752059884453,,3.7858314514160156,9.806051254272461
1752059884454,-1.2563573122024536,,
1752059884521,-0.7990648150444031,3.4865562915802,8.710704803466797
1752059884583,,3.9689879417419434,6.933009624481201
1752059884584,1.3509283065795898,2.5983073711395264,
1752059884588,-1.1881226301193237,2.7024552822113037,7.699153900146484
1752059884654,-0.6853402256965637,2.759916067123413,7.447762966156006
1752059884716,,,10.28010368347168
1752059884717,-1.4012064933776855,2.0644004344940186,
1752059884719,-1.4718354940414429,3.2986114025115967,12.59769058227539
1752059884788,-0.43754035234451294,4.897938251495361,5.8436479568481445
1752059884853,,,12.462418556213379
1752059884855,-0.7906851172447205,1.9734207391738892,
1752059884919,,,5.72633171081543
1752059884920,-1.7399860620498657,1.8489222526550293,7.173626899719238
1752059884986,-1.6442179679870605,1.856104850769043,13.939640998840332
1752059884998,,,11.49875259399414
1752059884999,0.20290859043598175,2.02848744392395,
1752059885052,0.6482301354408264,2.6629507541656494,10.337564468383789
1752059885120,,,10.396222114562988
1752059885121,-0.2735375463962555,2.3948001861572266,
1752059885183,-1.7483657598495483,3.1238346099853516,8.587403297424316
1752059885187,0.3345896899700165,2.477400302886963,9.241020202636719
1752059885254,-1.3329718112945557,2.5707740783691406,10.004770278930664
1752059885317,0.5500678420066833,4.0743327140808105,10.58656120300293
1752059885320,0.49619829654693604,5.4893059730529785,7.551910877227783
1752059885390,0.10833762586116791,4.6956281661987305,7.5447282791137695
1752059885454,0.9068039059638977,1.734000563621521,9.01476764678955
1752059885521,2.271498918533325,4.261080265045166,10.470442771911621
1752059885589,2.3493103981018066,4.630984783172607,3.2794578075408936
1752059885653,,4.640561580657959,7.694365501403809
1752059885654,1.3545196056365967,4.399944305419922,
1752059885720,1.5628151893615723,4.6489410400390625,10.525508880615234
1752059885787,,,8.052298545837402
1752059885788,5.126584529876709,4.092289447784424,8.258200645446777
1752059885855,5.279813289642334,4.687248229980469,8.037933349609375
1752059885920,,,6.52719259262085
1752059885921,4.805761337280273,5.01285982131958,5.853224754333496
1752059885989,1.9650410413742065,4.064755916595459,8.638877868652344
1752059886053,2.515707492828369,4.805761337280273,7.2119340896606445
1752059886121,2.3971943855285645,4.018068790435791,7.726687431335449
1752059886187,,,7.053916931152344
1752059886189,2.735974073410034,4.305373191833496,
1752059886229,3.8349125385284424,4.951807498931885,9.007585525512695
1752059886254,4.43705415725708,4.307767391204834,8.629301071166992
1752059886322,4.899135112762451,3.818153142929077,8.85794734954834
1752059886377,,,8.374319076538086
1752059886378,4.168903827667236,4.432265758514404,8.743025779724121
1752059886381,5.162497520446777,4.733935356140137,9.5223388671875
1752059886385,4.644152641296387,4.875193119049072,8.843582153320312
1752059886454,4.3640313148498535,4.948216438293457,7.518392086029053
1752059886521,,,8.750208854675293
1752059886522,3.9187095165252686,4.998494625091553,7.84998893737793
1752059886585,2.0667946338653564,4.589086055755615,8.683171272277832
1752059886587,0.557250440120697,3.867234230041504,9.442132949829102
1752059886654,,,8.895057678222656
1752059886655,-0.5716156363487244,3.383605480194092,
1752059886699,,,7.944559574127197
1752059886700,-0.4231751561164856,3.666121244430542,
1752059886770,-3.402759075164795,3.2423477172851562,8.506000518798828
1752059886837,-1.4957774877548218,4.507683277130127,8.091803550720215
1752059886901,-2.229600429534912,3.883993625640869,7.853579998016357
1752059886903,1.22642982006073,6.114192485809326,7.470507621765137
1752059886972,,5.461772441864014,7.371148586273193
1752059886973,0.41958385705947876,,
1752059887038,0.9068039059638977,5.749076843261719,7.26221227645874
1752059887105,,,10.581772804260254
1752059887106,-0.9271546006202698,3.909132719039917,
1752059887144,-0.7212532758712769,3.929483652114868,7.577049732208252
1752059887146,0.6230909824371338,4.183269023895264,10.70866584777832
1752059887170,0.3321954905986786,4.243124008178711,10.739789962768555
1752059887239,0.8254010081291199,4.950610637664795,8.684368133544922
1752059887306,-0.21966800093650818,4.316147327423096,9.248202323913574
1752059887373,-0.02454056777060032,4.6489410400390625,7.984064102172852
1752059887439,-0.39564183354377747,4.129399299621582,8.88907241821289
1752059887506,-0.03411737456917763,4.046799659729004,9.16081428527832
1752059887571,0.29149407148361206,4.8033671379089355,8.440159797668457
1752059887639,-1.0145429372787476,3.9498343467712402,8.397064208984375
1752059887640,-0.6278793811798096,,
1752059887677,,4.745906352996826,8.12173080444336
1752059887678,0.3274070918560028,,
1752059887706,-0.49380409717559814,4.259883403778076,8.636484146118164
1752059887771,,4.4526166915893555,9.135675430297852
1752059887772,0.21607670187950134,4.6956281661987305,
1752059887838,0.3669114112854004,4.368819713592529,8.217498779296875
1752059887907,0.5333084464073181,4.578312397003174,9.416994094848633
1752059887970,-0.21368250250816345,3.5691561698913574,10.464457511901855
1752059888039,-0.025737667456269264,4.550778865814209,7.8978729248046875
1752059888106,0.30705636739730835,4.153341293334961,9.528324127197266
1752059888172,-0.3800795078277588,3.861248731613159,9.481637001037598
1752059888239,0.1107318252325058,4.556764602661133,7.996035099029541
1752059888305,,,8.683171272277832
1752059888306,-0.03172317147254944,4.237138271331787,8.49283218383789
1752059888372,0.3561375141143799,4.464587688446045,9.1045503616333
1752059888439,-0.24361002445220947,4.161721229553223,9.120112419128418
1752059888505,,,8.467693328857422
1752059888506,-0.012569558806717396,4.292205333709717,
1752059888572,0.23523031175136566,4.373608112335205,8.304886817932129
1752059888639,,,9.171587944030762
1752059888640,-0.03172317147254944,4.128202438354492,
1752059888705,0.36092591285705566,4.302978992462158,9.043498039245605
1752059888772,-0.060453593730926514,4.0743327140808105,8.845976829528809
1752059888839,,,9.651625633239746
1752059888841,-0.08319851011037827,3.7882256507873535,
1752059888905,,,8.848370552062988
1752059888906,-0.0999579206109047,3.8971617221832275,
1752059888971,,,8.30249309539795
1752059888972,0.7236474752426147,4.557961463928223,8.268974304199219
1752059889039,1.184531331062317,4.664503574371338,7.999626636505127
1752059889105,,,8.571840286254883
1752059889106,2.078765630722046,4.926668643951416,
1752059889171,,,8.500014305114746
1752059889173,2.5348610877990723,5.350442409515381,
1752059889238,1.6741455793380737,5.096656799316406,4.567538261413574
1752059889304,1.8010382652282715,4.796184539794922,9.980828285217285
1752059889370,,5.083488941192627,7.727884769439697
1752059889371,2.181716203689575,4.510077476501465,
1752059889438,1.3988122940063477,4.458601951599121,8.751405715942383
1752059889504,1.3509283065795898,4.772242546081543,8.107365608215332
1752059889571,1.304241418838501,4.694430828094482,8.013991355895996
1752059889603,,,8.781332969665527
1752059889604,1.2000936269760132,4.477755546569824,8.353968620300293
1752059889638,,,8.191162109375
1752059889639,1.0456676483154297,4.525639533996582,
1752059889705,1.0169371366500854,4.4741644859313965,8.644864082336426
1752059889772,1.3856441974639893,4.689642429351807,8.399457931518555
1752059889838,1.1689690351486206,4.428674697875977,8.898649215698242
1752059889904,1.0348936319351196,4.4957122802734375,8.304886817932129
1752059889972,1.1366472244262695,4.577115058898926,8.538321495056152
1752059890038,0.7439981698989868,4.190451622009277,9.011177062988281
1752059890104,1.0085574388504028,4.4274773597717285,8.905831336975098
1752059890171,0.8445546627044678,4.489726543426514,7.905055522918701
1752059890214,1.8896236419677734,4.535216331481934,7.67042350769043
1752059890237,1.9171570539474487,4.794987678527832,10.10173511505127
1752059890305,1.9183541536331177,5.029619216918945,9.879075050354004
1752059890372,1.6813281774520874,4.586691856384277,7.890690326690674
1752059890438,-1.0444705486297607,2.0919337272644043,8.233060836791992
1752059890505,,,6.789357662200928
1752059890506,-2.982576847076416,0.41958385705947876,
1752059890522,2.1589713096618652,3.1884782314300537,13.035829544067383
1752059890570,2.8125884532928467,3.8971617221832275,10.28130054473877
1752059890638,,,7.4333977699279785
1752059890639,3.3740286827087402,4.450222492218018,
1752059890706,,,8.885480880737305
1752059890707,1.128267526626587,3.6278140544891357,
1752059890772,,,9.336788177490234
1752059890773,0.6625953316688538,3.3931822776794434,
1752059890839,0.9427168965339661,3.3919851779937744,8.805274963378906
1752059890906,0.4554968774318695,3.4362781047821045,8.307281494140625
1752059890972,,,9.873088836669922
1752059890973,0.444722980260849,3.230376720428467,
1752059891039,,,8.166023254394531
1752059891040,0.7667431235313416,3.8313212394714355,
1752059891106,1.0001777410507202,3.208828926086426,8.9680814743042
1752059891172,1.028908133506775,2.9909565448760986,10.453682899475098
1752059891239,,,9.01476764678955
1752059891240,-0.3621230125427246,3.868431329727173,
1752059891286,0.5392939448356628,3.4063503742218018,7.554305076599121
1752059891289,0.6434416770935059,2.473809003829956,9.553462982177734
1752059891306,1.4119805097579956,2.5061306953430176,10.56381607055664
1752059891372,2.5935189723968506,2.7670986652374268,10.033500671386719
1752059891440,1.2898762226104736,1.4742296934127808,7.355586051940918
1752059891502,2.297835111618042,-0.7499836683273315,8.407837867736816
1752059891506,3.9438488483428955,-0.03411737456917763,9.3427734375
1752059891573,5.934627532958984,0.4411316514015198,9.923367500305176
1752059891635,6.33445930480957,1.898003339767456,7.416638374328613
1752059891641,4.998494625091553,0.33099839091300964,8.679579734802246
1752059891706,,,8.110957145690918
1752059891707,6.5954270362854,0.7200561761856079,
1752059891773,5.143343925476074,-0.2795230448246002,11.520299911499023
1752059891798,,,12.09969711303711
1752059891799,4.632181644439697,-1.9003976583480835,
1752059891866,4.551976203918457,-2.7886464595794678,12.728175163269043
1752059891886,,,4.9135003089904785
1752059891890,,-5.0236334800720215,
1752059891891,2.6773159503936768,,
1752059891916,4.059967517852783,-1.370081901550293,1.912368655204773
1752059891947,2.6378116607666016,1.1749545335769653,-1.2515689134597778
1752059892014,10.00836181640625,3.3488895893096924,-12.34749698638916
1752059892077,16.133926391601562,7.780557155609131,-18.34856414794922
1752059892103,18.049287796020508,3.559579372406006,-3.2866404056549072
1752059892112,6.554725646972656,1.0492589473724365,-4.6058454513549805
1752059892179,7.007229804992676,-0.3585317134857178,-4.16531229019165
1752059892188,7.26221227645874,1.5580267906188965,-5.125387191772461
1752059892215,,,-4.896740913391113
1752059892216,11.495161056518555,3.8337154388427734,
1752059892253,3.868431329727173,0.5692214369773865,-2.320580005645752
1752059892317,17.880496978759766,6.4817023277282715,-6.098630428314209
1752059892382,,-0.025737667456269264,-4.853645324707031
1752059892383,12.120047569274902,,
1752059892450,4.302978992462158,-8.76457405090332,-3.603872060775757
1752059892516,,,-4.745906352996826
1752059892517,7.70274543762207,-1.3329718112945557,-4.219182014465332
1752059892582,7.27418327331543,-0.5093663930892944,-4.812943935394287
1752059892650,10.386645317077637,0.8577227592468262,-4.4490251541137695
1752059892716,,,-4.698022365570068
1752059892717,8.430583000183105,4.422688961029053,-4.487332344055176
1752059892782,11.198280334472656,4.35804557800293,-5.751471042633057
1752059892845,,,-4.686051368713379
1752059892846,6.38114595413208,-4.328118324279785,-4.918288707733154
1752059892852,6.184821605682373,6.2853779792785645,-4.156932830810547
1752059892902,,1.2216414213180542,-3.9462430477142334
1752059892903,5.547964096069336,-3.2746694087982178,
1752059892969,11.880627632141113,0.03651157766580582,-5.650914669036865
1752059893036,8.883087158203125,-1.0432734489440918,-4.726752758026123
1752059893100,,,-5.248688697814941
1752059893101,9.318831443786621,-0.4686649739742279,
1752059893162,,0.9127894043922424,-4.439448356628418
1752059893163,7.726687431335449,,
1752059893232,6.522404193878174,0.8960300087928772,-4.947019100189209
1752059893297,11.068992614746094,-2.5995044708251953,-7.396287441253662
1752059893364,11.566987037658691,-1.1318588256835938,-10.762535095214844
1752059893433,7.204751491546631,-1.5819687843322754,-6.1752448081970215
1752059893498,7.295731067657471,-0.7320271730422974,-6.862380504608154
1752059893563,8.538321495056152,-0.70090252161026,-4.79857873916626
1752059893631,10.657190322875977,-1.1103110313415527,-8.622118949890137
1752059893697,1.3844470977783203,2.9071593284606934,-4.896740913391113
1752059893762,,,-6.627748966217041
1752059893763,7.108983516693115,-0.6769605278968811,
1752059893830,9.39784049987793,0.2256535142660141,-7.415441036224365
1752059893897,10.003573417663574,-0.9139865040779114,-10.410587310791016
1752059893962,11.238981246948242,0.8361749649047852,-5.98610258102417
1752059894030,4.791396141052246,2.5576059818267822,-2.782660961151123
1752059894097,7.834426403045654,-1.5292962789535522,-7.3005194664001465
1752059894162,9.00279712677002,-0.19572599232196808,-5.562329292297363
1752059894227,7.2789716720581055,-0.0975637212395668,-5.796960830688477
1752059894295,,,-6.819284915924072
1752059894297,7.49923849105835,-0.17657238245010376,-5.703587055206299
1752059894364,,,-6.9246296882629395
1752059894365,,,-6.52719259262085
1752059894366,7.451354026794434,0.08200141042470932,
1752059894428,7.571064472198486,-0.06165069341659546,-6.536769390106201
1752059894495,7.920617580413818,-0.018555063754320145,-6.316502571105957
1752059894561,6.9677252769470215,-0.0520738884806633,-6.68520975112915
1752059894627,,,-6.800131320953369
1752059894628,6.86716890335083,0.345363587141037,-5.435436248779297
1752059894695,7.83921480178833,-0.2867056429386139,-7.245452880859375
1752059894762,,,-6.407482147216797
1752059894763,7.207145690917969,0.26396074891090393,-6.057929039001465
1752059894828,7.044340133666992,0.28311434388160706,-6.445789337158203
1752059894895,8.09778881072998,0.8529343605041504,-6.230311393737793
1752059894961,,,-6.206369400024414
1752059894962,7.8966755867004395,0.3166331648826599,-6.081871032714844
1752059895028,,2.3708581924438477,-5.80414342880249
1752059895029,6.3931169509887695,2.7252001762390137,
1752059895098,,,-5.2678422927856445
1752059895099,9.46727180480957,0.4124012291431427,-5.847239017486572
1752059895162,8.78731918334961,-0.7942764163017273,-6.9006876945495605
1752059895228,,,-5.559935092926025
1752059895229,7.705139636993408,0.9534908533096313,-5.789778232574463
1752059895296,,1.2838906049728394,-5.684433460235596
1752059895297,7.21672248840332,-0.5021837949752808,
1752059895361,7.4322004318237305,0.436343252658844,-6.3500213623046875
1752059895429,6.862380504608154,0.4602852761745453,-6.9677252769470215
1752059895496,5.598242282867432,0.3405751883983612,-7.551910877227783
1752059895562,5.9525837898254395,0.14903905987739563,-7.360374450683594
1752059895629,6.637325763702393,-0.06165069341659546,-7.0587053298950195
1752059895696,,0.19213469326496124,-6.986878871917725
1752059895697,8.00680923461914,,
1752059895762,6.192004203796387,-0.09516951441764832,-7.331644058227539
1752059895829,6.642114162445068,0.053270988166332245,-7.346009254455566
1752059895895,7.077858924865723,0.28790274262428284,-6.8575921058654785
1752059895962,,,-7.638102054595947
1752059895963,6.024410247802734,-0.8182184100151062,
1752059896029,7.302913665771484,0.5752069354057312,-6.646902561187744
1752059896097,7.982867240905762,-0.3824737071990967,-6.570288181304932
1752059896162,7.120954513549805,-0.1909375786781311,-6.881534099578857
1752059896229,,,-7.149684906005859
1752059896230,6.828861713409424,-0.353743314743042,
1752059896296,6.7474589347839355,-0.23403321206569672,-6.77618932723999
1752059896362,6.436212539672852,-0.0520738884806633,-7.044340133666992
1752059896428,,,-7.063493728637695
1752059896429,6.52719259262085,-0.14784196019172668,
1752059896499,,,-7.049128532409668
1752059896500,7.4322004318237305,-0.5692214369773865,-6.9006876945495605
1752059896563,6.819284915924072,-0.29628247022628784,-7.202357292175293
1752059896631,6.68520975112915,-0.008978256024420261,-7.077858924865723
1752059896697,6.74267053604126,-0.018555063754320145,-7.2789716720581055
1752059896889,6.177639007568359,-0.8804676532745361,-7.4752960205078125
1752059896890,6.464942932128906,,
1752059896894,6.5942301750183105,-0.05686229094862938,-7.298125267028809
1752059896952,6.278195381164551,-0.353743314743042,-7.542334079742432
1752059897020,6.570288181304932,-0.3010708689689636,-7.369951248168945
1752059897085,,,-7.508815288543701
1752059897086,6.2398881912231445,-0.14784196019172668,-7.527968883514404
1752059897153,6.110601425170898,-0.25318682193756104,-7.53275728225708
1752059897221,6.402693748474121,-0.353743314743042,-7.379528045654297
1752059897286,6.824073314666748,-0.5261258482933044,-7.09222412109375
1752059897353,,-0.19572599232196808,-7.772177219390869
1752059897354,6.249464988708496,,
1752059897420,,,-7.283760070800781
1752059897421,5.909488201141357,0.10115502029657364,-7.436988830566406
1752059897486,,,-7.1257429122924805
1752059897487,6.637325763702393,-0.4255693554878235,
1752059897554,6.378751754760742,-0.11432313174009323,-7.508815288543701
1752059897555,6.225522994995117,,
1752059897621,6.407482147216797,-0.076015904545784,-7.18320369720459
1752059897686,,,-7.063493728637695
1752059897687,6.689998149871826,-0.3776853084564209,-7.106589317321777
1752059897754,6.531980991363525,-0.41120412945747375,-7.470507621765137
1752059897820,,,-7.173626899719238
1752059897821,6.441000938415527,-0.3489548861980438,-7.1257429122924805
1752059897887,6.608595371246338,0.12509703636169434,-7.231087684631348
1752059897954,6.637325763702393,-0.23403321206569672,-7.068282127380371
1752059898021,7.0587053298950195,-0.38726213574409485,-7.250241279602051
1752059898101,,,-7.082647323608398
1752059898102,7.044340133666992,-0.166995570063591,-7.063493728637695
1752059898153,6.077082633972168,-0.4878185987472534,-7.595006465911865
1752059898220,7.389104843139648,0.5704185366630554,-6.689998149871826
1752059898286,,,-6.9677252769470215
1752059898287,6.656479358673096,0.01975216343998909,
1752059898353,,,-6.95814847946167
1752059898354,7.293336868286133,-0.09038111567497253,-6.8144965171813965
1752059898420,,,-7.2119340896606445
1752059898421,6.948571681976318,0.03890577703714371,-6.938994884490967
1752059898486,,,-7.068282127380371
1752059898487,7.164050102233887,0.03890577703714371,-6.795342922210693
1752059898553,,,-6.881534099578857
1752059898554,6.7474589347839355,-0.018555063754320145,
1752059898621,7.302913665771484,0.048482585698366165,-6.565499782562256
1752059898686,,,-6.5942301750183105
1752059898687,7.0587053298950195,0.058059390634298325,-6.733093738555908
1752059898753,7.197568893432617,-0.076015904545784,-6.953360080718994
1752059898822,6.986878871917725,0.1825578808784485,-6.977302074432373
1752059900894,,0.1538274586200714,-7.164050102233887
1752059900895,6.8336501121521,0.25917232036590576,
1752059900898,6.263830184936523,0.2495955228805542,-7.781754016876221
1752059900965,5.89512300491333,0.10115502029657364,-7.83921480178833
1752059901029,5.938218593597412,0.5991489887237549,-7.911040782928467
1752059901095,,,-7.982867240905762
1752059901096,5.545569896697998,0.6805518269538879,-8.040328025817871
1752059901162,,,-7.575852870941162
1752059901163,5.856815814971924,0.5560533404350281,-7.360374450683594
1752059901349,,,-8.025962829589844
1752059901350,8.389881134033203,2.1362264156341553,
1752059901355,5.559935092926025,1.5328876972198486,-6.340444564819336
1752059901424,6.493673324584961,1.5855600833892822,-7.0587053298950195
1752059901490,6.292560577392578,1.5424644947052002,-7.1257429122924805
1752059901557,,2.097919225692749,-6.819284915924072
1752059901558,6.019621849060059,,
1752059901745,,2.5240871906280518,-6.8144965171813965
1752059901746,6.757035732269287,1.614290475845337,
1752059901813,,,-7.7195048332214355
1752059901814,6.326079368591309,2.5959131717681885,
1752059901881,,,-7.575852870941162
1752059901882,6.919841289520264,1.4562731981277466,
1752059901948,5.492897033691406,2.7252001762390137,-6.24467658996582
1752059902014,6.848015308380127,0.26396074891090393,-7.729081630706787
1752059902081,4.664503574371338,0.12509703636169434,-7.422623634338379
1752059902126,5.947795391082764,-0.14784196019172668,-7.542334079742432
1752059902193,6.56071138381958,-0.7224503755569458,-7.599794864654541
1752059902260,8.265382766723633,0.579995334148407,-6.713940143585205
1752059902326,,,-7.039551734924316
1752059902327,8.87829875946045,-0.7846996188163757,-7.53275728225708
1752059902394,6.101024627685547,-1.225232720375061,-8.107365608215332
1752059902460,5.411494255065918,0.383670836687088,-7.585429668426514
1752059902461,5.459378242492676,,
1752059902527,3.7499184608459473,-2.4654293060302734,-7.408258438110352
1752059902593,5.660491466522217,-1.9434932470321655,-8.33720874786377
1752059902661,5.449801445007324,-4.6920366287231445,-7.0587053298950195
1752059902726,,,-6.819284915924072
1752059902727,4.4490251541137695,-5.530007362365723,
1752059902792,7.53275728225708,-4.826112270355225,-5.559935092926025
1752059902793,7.360374450683594,,
1752059902860,,,-8.969278335571289
1752059902861,5.2247467041015625,1.269525408744812,-5.603030681610107
1752059902926,,,-5.7993550300598145
1752059902927,6.570288181304932,-7.828441143035889,-7.518392086029053
1752059902963,11.684303283691406,-9.00160026550293,-8.169614791870117
1752059903006,-0.0017956512747332454,-5.740696907043457,-9.09377670288086
1752059903021,-2.6785130500793457,-5.144540786743164,-19.30025863647461
1752059903062,-4.943428039550781,-3.868431329727173,-7.966107368469238
1752059903126,9.88625717163086,-3.377619981765747,-10.393828392028809
1752059903198,,,-11.854290962219238
1752059903199,3.4362781047821045,1.8249802589416504,-9.527127265930176
1752059903260,,,-8.76337718963623
1752059903261,,,-7.8966755867004395
1752059903262,11.19588565826416,-1.7016788721084595,
1752059903328,1.6047136783599854,-6.499659061431885,-11.631629943847656
1752059903392,,2.9071593284606934,-0.06524199992418289
1752059903393,-8.553884506225586,,
1752059903459,-6.655282020568848,-1.8477251529693604,-4.789001941680908
1752059903520,-7.998429298400879,0.12749123573303223,5.32889461517334
1752059903527,-4.581903457641602,-0.3274070918560028,-2.911947727203369
1752059903593,-4.507683277130127,1.5424644947052002,0.4926069974899292
1752059903661,-1.9650410413742065,1.2647370100021362,-0.4124012291431427
1752059903728,-6.272210121154785,0.5057750940322876,-6.589441776275635
1752059903793,,,2.719214677810669
1752059903794,-14.225748062133789,3.6804866790771484,
1752059903860,,,-25.32167625427246
1752059903861,-1.1749545335769653,-1.1174936294555664,-37.27113723754883
1752059903871,,-0.9594763517379761,-10.736199378967285
1752059903872,-9.260173797607422,,
1752059903930,-6.5499372482299805,-4.565144062042236,-6.666056156158447
1752059903994,0.4794389009475708,-0.06165069341659546,-13.937246322631836
1752059904061,-0.6602011322975159,0.9989806413650513,-7.367557048797607
1752059904128,,,-13.398550987243652
1752059904130,-8.553884506225586,-5.386355400085449,-8.339603424072266
1752059904183,-10.782885551452637,-6.490082263946533,-1.9518729448318481
1752059904234,8.480860710144043,6.948571681976318,-22.336105346679688
1752059904289,,,0.4734533727169037
1752059904290,-11.8626708984375,-2.360084295272827,
1752059904356,-3.0376434326171875,1.1737574338912964,-5.694010257720947
1752059904709,-9.049484252929688,-1.9961656332015991,-6.745064735412598
1752059904730,,,-2.409165382385254
1752059904731,-17.94154930114746,-3.451840400695801,
1752059904800,,,-10.599729537963867
1752059904801,-3.5835213661193848,-1.467047095298767,-9.5007905960083
1752059904866,-22.169708251953125,-2.056020736694336,-5.818508625030518
1752059904923,-9.413402557373047,1.3293805122375488,-7.891887187957764
1752059904987,,-3.667318344116211,-7.4106526374816895
1752059904988,-9.087791442871094,,
1752059905053,-2.1805191040039062,-3.715202569961548,-8.485649108886719
1752059905119,,,-5.648520469665527
1752059905120,-2.4869771003723145,-7.375936985015869,
1752059905189,,,-13.614029884338379
1752059905190,-3.8804023265838623,-1.0073603391647339,
1752059905301,-4.816535472869873,-3.02327823638916,-6.553528785705566
1752059905307,-5.6209869384765625,-3.2986114025115967,-7.4537482261657715
1752059905371,-4.941033840179443,1.6932991743087769,-3.575141668319702
1752059905438,-4.352060317993164,-7.684788703918457,-8.15764331817627
1752059905504,-4.993706226348877,6.017227649688721,-9.381080627441406
1752059905571,-2.077568531036377,-3.0208840370178223,-9.797672271728516
1752059905637,,,-8.610147476196289
1752059905638,-11.503540992736816,-10.126874923706055,-11.363479614257812
1752059905704,-8.235455513000488,-3.7463271617889404,-6.859986305236816
1752059905890,,,-9.5007905960083
1752059905891,-4.680065631866455,2.720411777496338,
1752059905901,-6.803722858428955,-8.082226753234863,-8.813654899597168
1752059905970,-2.9490580558776855,-2.542043685913086,-6.323685169219971
1752059906036,,,-6.232705593109131
1752059906037,-3.0424318313598633,6.182427406311035,
1752059906102,-3.3848025798797607,1.614290475845337,-7.355586051940918
1752059906169,,,-8.00680923461914
1752059906170,-3.5930981636047363,1.8441338539123535,-8.356362342834473
1752059906237,,,-10.020332336425781
1752059906238,-5.180453777313232,-0.4878185987472534,
1752059906303,,,-11.248558044433594
1752059906304,-7.112574577331543,-0.7583633661270142,-11.464035987854004
1752059906370,,,-10.961254119873047
1752059906371,-7.088632583618164,-0.619499683380127,-10.8319673538208
1752059906437,,,-9.6803560256958
1752059906438,-6.133346080780029,-0.9690531492233276,-9.582193374633789
1752059906503,-4.603451251983643,-1.002571940422058,-9.213486671447754
1752059906571,,,-8.413823127746582
1752059906572,-3.162141799926758,-0.18136078119277954,
1752059906637,,,-7.695562839508057
1752059906638,-2.2188265323638916,-0.6721721291542053,-7.6333136558532715
1752059906650,-2.7479450702667236,-0.8349778652191162,-8.33720874786377
1752059906703,-2.8197710514068604,-0.9953893423080444,-8.55268669128418
1752059906769,-2.9251158237457275,-0.4878185987472534,-8.5287446975708
1752059906836,,,-9.151237487792969
1752059906837,-3.6337995529174805,-0.03770867735147476,-9.395445823669434
1752059906903,-4.045602321624756,0.24480712413787842,-9.055469512939453
1752059906969,,,-9.668384552001953
1752059906970,-4.581903457641602,0.14425064623355865,
1752059907037,-4.897938251495361,1.1210849285125732,-9.476848602294922
1752059907102,,,-8.691550254821777
1752059907103,-5.094262599945068,1.896806240081787,
1752059907169,-4.826112270355225,1.303044319152832,-8.476072311401367
1752059907236,,,-8.179191589355469
1752059907237,-4.395155906677246,0.8960300087928772,
1752059907271,-3.7630865573883057,0.5129576921463013,-8.126519203186035
1752059907339,-3.820547342300415,0.25917232036590576,-8.318055152893066
1752059907405,-3.997718334197998,0.42676645517349243,-8.432976722717285
1752059907471,-5.099050998687744,0.9343371987342834,-9.462483406066895
1752059907538,,,-9.37629222869873
1752059907539,-4.993706226348877,1.058835744857788,
1752059907606,-3.6290111541748047,0.24480712413787842,-9.03631591796875
1752059907672,,-0.023343466222286224,-8.638877868652344
1752059907673,-2.824559450149536,,
1752059907739,,-0.34416648745536804,-8.739435195922852
1752059907740,-2.6426000595092773,0.048482585698366165,
1752059907806,-3.494935989379883,-0.004189853090792894,-8.883087158203125
1752059909901,-5.19481897354126,0.718859076499939,-9.108141899108887
1752059909902,,-1.4407109022140503,-8.969278335571289
1752059909904,-4.3424835205078125,-1.3736732006072998,-7.853579998016357
1752059909968,,,-7.762600421905518
1752059909969,-3.8971617221832275,-1.028908133506775,-8.217498779296875
1752059910036,-3.7056257724761963,-0.9570821523666382,-8.950124740600586
1752059910102,-4.840477466583252,-1.8237831592559814,-8.480860710144043
1752059910169,-4.783016681671143,-1.4407109022140503,-8.590993881225586
1752059910362,,,-9.141660690307617
1752059910363,-4.2515034675598145,-1.6944962739944458,
1752059910368,-3.7391445636749268,-1.7423802614212036,-9.232640266418457
1752059910437,-4.510077476501465,-1.4550760984420776,-8.145672798156738
1752059910503,-5.371990203857422,-1.0097545385360718,-7.9876556396484375
1752059910570,-5.017648220062256,-0.32022446393966675,-8.624512672424316
1752059910746,-4.66330623626709,-0.5452794432640076,-8.590993881225586
1752059910752,-4.57232666015625,0.07242459803819656,-9.247005462646484
1752059910820,,,-8.844779968261719
1752059910821,-4.672883033752441,0.6518214344978333,-8.849568367004395
1752059910886,,,-8.734646797180176
1752059910887,-4.510077476501465,1.0396820306777954,
1752059910953,-4.419097900390625,1.4419080018997192,-8.399457931518555
1752059911020,,,-8.600570678710938
1752059911021,-4.553173065185547,1.7579425573349,
1752059911087,-4.519654273986816,2.212841033935547,-8.289324760437012
1752059911153,,,-8.270171165466309
1752059911154,-4.466981887817383,2.16495680809021,
1752059911221,-4.591480255126953,2.097919225692749,-8.385092735290527
1752059911287,-4.428674697875977,1.4993687868118286,-8.255805969238281
1752059911354,,,-8.025962829589844
1752059911355,-4.601057052612305,1.2647370100021362,
1752059911421,-5.166088581085205,1.1354501247406006,-8.327631950378418
1752059911487,,1.0013748407363892,-8.959701538085938
1752059911488,-5.563526153564453,,
1752059911554,,,-9.5007905960083
1752059911555,-5.065532207489014,0.9678560495376587,
1752059911620,-4.739920616149902,1.3605051040649414,-8.543109893798828
1752059911687,-4.586691856384277,1.326986312866211,-8.27974796295166
1752059911753,,,-8.667608261108398
1752059911754,-4.639364242553711,1.2072762250900269,-8.447341918945312
1752059911822,-4.835689067840576,1.389235496520996,-8.284536361694336
1752059911886,,,-8.385092735290527
1752059911887,-5.4246625900268555,1.0732009410858154,-8.322843551635742
1752059911954,,,-8.720281600952148
1752059911955,-5.122992992401123,0.9247604012489319,-8.758588790893555
1752059912020,-4.993706226348877,0.982221245765686,-8.543109893798828
1752059912021,-4.735132217407227,,
1752059912086,-4.409521102905273,1.3078327178955078,-9.907805442810059
1752059912153,-5.304952621459961,-0.23403321206569672,-8.27974796295166
1752059912220,-4.984129428863525,2.6868927478790283,-8.437765121459961
1752059912286,-4.730343818664551,1.997362732887268,-8.562263488769531
1752059912354,,0.9726444482803345,-8.672396659851074
1752059912355,-4.337695121765137,1.245583415031433,
1752059912421,,,-8.78731918334961
1752059912422,-4.00729513168335,0.07242459803819656,-8.744223594665527
1752059912438,,0.7332242727279663,-9.007585525512695
1752059912439,-4.591480255126953,,
1752059912506,-4.423886299133301,1.2982559204101562,-8.993220329284668
1752059912543,-4.802170276641846,0.7140706777572632,-9.132083892822266
1752059912573,-4.730343818664551,0.9534908533096313,-8.318055152893066
1752059912642,-4.174889087677002,1.2168530225753784,-7.7865424156188965
1752059912707,-4.601057052612305,0.9295487999916077,-8.476072311401367
1752059914046,-3.959411144256592,0.7092822790145874,-8.203133583068848
1752059914060,-7.57944393157959,-6.468534469604492,-0.4124012291431427
1752059914066,-3.0639796257019043,1.5233107805252075,-1.5544354915618896
1752059914131,,-2.1996726989746094,-2.0045454502105713
1752059914132,-9.171587944030762,,
1752059914176,,,-12.922104835510254
1752059914177,-13.414113998413086,-3.267486810684204,
1752059914197,-9.190741539001465,1.810615062713623,7.04793119430542
1752059914262,8.64127254486084,9.634865760803223,-12.402563095092773
1752059914328,-16.040552139282227,-3.7894227504730225,2.4414870738983154
1752059914329,1.5759832859039307,2.0404584407806396,4.646546840667725
1752059914396,-2.3457190990448,0.2663549482822418,-1.8584990501403809
1752059914461,,,1.028908133506775
1752059914462,-11.568183898925781,-4.941033840179443,2.2260091304779053
1752059914529,-11.790844917297363,-3.8564603328704834,-2.9933507442474365
1752059914595,,-0.9283517003059387,7.373542785644531
1752059914596,-12.43727970123291,,
1752059914661,-6.906673431396484,3.6158430576324463,6.6361284255981445
1752059914681,-10.186729431152344,1.1306617259979248,2.233191728591919
1752059914701,-10.557830810546875,0.7906851172447205,2.9945478439331055
1752059914766,-10.486004829406738,0.5871779918670654,3.8133647441864014
1752059914767,-7.074267387390137,0.7835025191307068,3.2196028232574463
1752059914833,-13.093290328979492,-0.7032967209815979,6.564302444458008
1752059914900,,2.6198551654815674,-4.034828186035156
1752059914901,-7.0790557861328125,5.698798656463623,
1752059914947,-3.2770636081695557,2.495356798171997,12.964003562927246
1752059914957,-11.786056518554688,2.1769278049468994,-0.2783259451389313
1752059914975,,2.296638011932373,-0.25917232036590576
1752059914976,-10.304045677185059,,
1752059914993,-8.383895874023438,3.6373908519744873,4.002506732940674
1752059915060,-5.7095723152160645,5.715558052062988,7.88350772857666
1752059915111,-6.061520099639893,2.1290438175201416,3.5667619705200195
1752059915167,-9.59057331085205,3.1286230087280273,8.448538780212402
1752059915174,,,3.4398694038391113
1752059915175,-9.248202323913574,3.0172927379608154,
1752059915194,-13.697826385498047,3.3668460845947266,5.5563435554504395
1752059915213,-11.383830070495605,3.9641995429992676,7.730278968811035
1752059915230,,4.772242546081543,6.047154903411865
1752059915231,-1.7615338563919067,,
1752059915250,2.630629062652588,2.3349452018737793,3.0340521335601807
1752059915271,-3.2207999229431152,-0.13946224749088287,1.1976994276046753
1752059915292,,,0.8912416100502014
1752059915294,-8.340800285339355,0.22924481332302094,
1752059915311,-8.735843658447266,1.6873136758804321,2.9993362426757812
1752059915330,-10.477624893188477,1.8022353649139404,2.5456349849700928
1752059915353,-12.398972511291504,1.1414356231689453,2.429516077041626
1752059915371,-10.274118423461914,2.7551276683807373,5.015254020690918
1752059915394,,,5.547964096069336
1752059915395,-7.4800848960876465,3.9019501209259033,
1752059915410,,,4.360439777374268
1752059915411,-7.019200801849365,3.4614171981811523,
1752059915430,-9.323619842529297,2.117072820663452,3.267486810684204
1752059915453,,3.5871126651763916,1.3114240169525146
1752059915455,-9.784503936767578,,
1752059915481,-8.415019989013672,3.425503969192505,3.069965124130249
1752059915491,,,5.026028156280518
1752059915492,-6.810905456542969,3.5715503692626953,
1752059915511,-4.420294761657715,2.9311013221740723,6.091447830200195
1752059915530,-5.653308868408203,0.6003460884094238,3.8349125385284424
1752059915552,-7.329249858856201,1.7232266664505005,3.153762102127075
1752059915571,-7.9744873046875,1.6430208683013916,4.377199172973633
1752059915591,-8.537124633789062,2.8628666400909424,5.948992729187012
1752059915611,-7.114968776702881,1.368884801864624,3.0436289310455322
1752059915631,-9.269750595092773,-1.0324994325637817,-1.4993687868118286
1752059915651,-11.823166847229004,-0.33937808871269226,1.1127052307128906
1752059915671,-9.934141159057617,0.22086510062217712,6.539163589477539
1752059915691,-10.94569206237793,-0.37409400939941406,4.348468780517578
1752059915711,-10.089764595031738,-1.8010382652282715,3.3297359943389893
1752059915731,-7.294534206390381,-0.1646013706922531,3.248333215713501
1752059915751,-7.8332295417785645,-0.4231751561164856,2.4438812732696533
1752059915771,-13.397354125976562,-1.8740613460540771,0.010175357572734356
1752059915791,-11.486781120300293,-1.4047977924346924,-3.508104085922241
1752059915811,-14.16828727722168,-2.7730841636657715,-1.2348095178604126
1752059915831,,,5.290587425231934
1752059915834,-12.358270645141602,-1.6490063667297363,
1752059915851,-11.837532043457031,2.4151508808135986,9.062651634216309
1752059915871,-9.00160026550293,4.731541156768799,7.713519096374512
1752059915891,-13.581707954406738,4.578312397003174,0.9630676507949829
1752059915919,-13.441646575927734,1.8656816482543945,-1.2084733247756958
1752059915931,-6.68520975112915,2.097919225692749,6.713940143585205
1752059915951,-4.138976097106934,1.4622586965560913,12.839505195617676
1752059915971,-9.208698272705078,-1.7363947629928589,5.672462463378906
1752059915991,-10.739789962768555,-1.734000563621521,4.757877349853516
1752059916010,,1.184531331062317,1.6454150676727295
1752059916011,-9.326014518737793,,
1752059916031,-15.093646049499512,1.3006501197814941,1.6765397787094116
1752059916050,,4.140173435211182,5.565920352935791
1752059916051,-8.553884506225586,,
1752059916071,-2.431910276412964,3.733159065246582,6.2614359855651855
1752059916098,2.258330821990967,1.79146146774292,5.045181751251221
1752059916117,-3.1920695304870605,-0.6171054840087891,1.7735048532485962
1752059916132,-3.757101058959961,-0.0999579206109047,3.357269287109375
1752059916155,-2.5240871906280518,-0.3561375141143799,5.122992992401123
1752059916170,,-0.8242039084434509,5.3576250076293945
1752059916171,-1.3449428081512451,,
1752059916195,-15.430031776428223,-2.4223334789276123,0.1909375786781311
1752059916214,,,-2.1266496181488037
1752059916215,-16.344615936279297,3.1489737033843994,
1752059916234,,,6.044760704040527
1752059916235,-15.236101150512695,5.672462463378906,
1752059916255,-13.433267593383789,6.7714009284973145,5.960963726043701
1752059916275,-11.912949562072754,4.2550950050354,4.17728328704834
1752059916294,-9.324816703796387,3.9630024433135986,3.9665937423706055
1752059916315,-10.330381393432617,2.433107376098633,5.45339298248291
1752059916336,-12.152369499206543,1.8154034614562988,3.336918592453003
1752059916354,-12.068572044372559,2.6629507541656494,1.2084733247756958
1752059916375,-9.832387924194336,0.9510966539382935,1.105522632598877
1752059916395,-8.362347602844238,-0.4207809567451477,-0.17537526786327362
1752059916415,-6.384737491607666,-3.02327823638916,-1.1402385234832764
1752059916434,,,-2.588730573654175
1752059916435,-9.540295600891113,-4.615422248840332,
1752059916454,-6.921038627624512,-3.911526918411255,-1.8417396545410156
1752059916475,-4.323329925537109,-2.340930700302124,-1.391629695892334
1752059916495,,,2.8652608394622803
1752059916496,-5.534795761108398,-1.2611457109451294,
1752059916515,-8.022371292114258,1.8417396545410156,8.036736488342285
1752059916534,-11.750143051147461,1.590348482131958,4.4071269035339355
1752059916555,-9.303269386291504,6.0411696434021,7.129333972930908
1752059916574,,,11.98716926574707
1752059916575,-5.309741020202637,10.480019569396973,
1752059916595,-7.773374557495117,5.50007963180542,6.573879241943359
1752059916615,-4.368819713592529,3.5942952632904053,6.818088054656982
1752059916634,-4.969764232635498,3.2327709197998047,8.40544319152832
1752059916654,,,6.83245325088501
1752059916655,-4.656123638153076,3.050811529159546,
1752059916674,,,-1.2144588232040405
1752059916675,-13.55776596069336,-4.912303447723389,
1752059916694,-13.040617942810059,-2.9538464546203613,-2.138620615005493
1752059916715,-6.858789443969727,3.795408248901367,6.523601055145264
1752059916734,,3.3261446952819824,7.665635108947754
1752059916735,-10.031106948852539,,
1752059916754,-12.118850708007812,2.0476410388946533,6.952163219451904
1752059916774,-8.307281494140625,2.3301568031311035,5.7311201095581055
1752059916794,,2.0620062351226807,5.570708751678467
1752059916795,-8.134899139404297,,
1752059916814,,,6.717531204223633
1752059916815,-7.160458564758301,2.8161797523498535,
1752059916834,-6.918644428253174,3.7475242614746094,4.962581634521484
1752059916854,-8.841188430786133,2.1697452068328857,2.3792378902435303
1752059916874,,,5.312135219573975
1752059916875,-10.172364234924316,1.324592113494873,
1752059916894,-10.241796493530273,-0.41120412945747375,6.116586685180664
1752059916913,-7.617751121520996,-2.7024552822113037,2.0033483505249023
1752059916934,-6.341641902923584,-2.501342296600342,5.072714805603027
1752059916954,-7.749432563781738,-0.19812019169330597,6.849212646484375
1752059916974,-6.933009624481201,1.568800687789917,6.0184245109558105
1752059916994,-8.077438354492188,0.1322796493768692,6.442198276519775
1752059917014,-7.033565998077393,2.76350736618042,6.590638637542725
1752059917035,-5.470152378082275,2.3540987968444824,6.458957672119141
1752059917054,-4.308964729309082,1.5640122890472412,7.799710750579834
1752059917074,-1.3281834125518799,1.324592113494873,6.533177852630615
1752059917094,,,1.4191631078720093
1752059917095,-5.592256546020508,0.6278793811798096,
1752059917115,-18.12111473083496,2.32297420501709,4.2060136795043945
1752059917135,,,8.4293851852417
1752059917136,-13.77324390411377,4.951807498931885,
1752059917154,-10.701482772827148,2.2487540245056152,7.591414928436279
1752059917174,-7.275380611419678,0.21607670187950134,5.111021995544434
1752059917194,-3.178901195526123,-2.3792378902435303,4.002506732940674
1752059917214,-8.084620475769043,-3.291428804397583,1.7591396570205688
1752059917234,-9.051877975463867,1.913565754890442,16.507421493530273
1752059917254,-12.221800804138184,-10.146028518676758,-12.943653106689453
1752059917274,-12.073360443115234,-9.674370765686035,12.56177806854248
1752059917293,,,4.155735492706299
1752059917294,-7.091026782989502,-8.359953880310059,
1752059917313,,,0.4902127981185913
1752059917314,-11.177928924560547,-5.360019207000732,
1752059917334,-6.638522624969482,-3.667318344116211,4.675277233123779
1752059917354,-1.6609774827957153,-2.0655975341796875,2.3289597034454346
1752059917374,-7.016806602478027,-2.211643934249878,9.312846183776855
1752059917393,,,4.84287166595459
1752059917394,-4.146158695220947,-0.8206126093864441,
1752059917414,-1.4000093936920166,0.28550854325294495,5.381567001342773
1752059917434,-3.133411407470703,0.8936358094215393,8.726266860961914
1752059917454,-8.089408874511719,-1.1893197298049927,9.482834815979004
1752059917473,,,7.404667377471924
1752059917474,-8.771756172180176,-0.9427168965339661,
1752059917493,-6.763021469116211,0.49380409717559814,7.92899751663208
1752059917513,,,8.946533203125
1752059917514,-7.071873188018799,-0.5979518890380859,
1752059917533,,,9.171587944030762
1752059917534,-6.64091682434082,-0.2148796021938324,
1752059917554,,,8.666411399841309
1752059917555,-3.734356164932251,1.7028759717941284,
1752059917573,-7.7661919593811035,-0.1885433793067932,9.420584678649902
1752059917593,-6.576273441314697,-0.5883750915527344,9.013570785522461
1752059917613,-1.8213889598846436,2.478597402572632,8.077438354492188
1752059917633,0.3190273642539978,4.08510684967041,9.525930404663086
1752059917653,0.6757634282112122,7.0802531242370605,9.549872398376465
1752059917673,0.7978677153587341,6.419453144073486,6.341641902923584
1752059917693,-0.15502455830574036,2.4139537811279297,5.688024520874023
1752059917713,-1.3186066150665283,-0.9786299467086792,7.12693977355957
1752059917733,-2.7742812633514404,-4.229955673217773,4.522048473358154
1752059917753,-13.404537200927734,-7.71591329574585,4.220378875732422
1752059917773,-13.251307487487793,-6.178835868835449,7.160458564758301
1752059917793,-11.352705955505371,-3.3895909786224365,9.358335494995117
1752059917813,-10.198700904846191,-0.8924387097358704,7.8547773361206055
1752059917833,-6.95695161819458,-2.6880898475646973,3.708019971847534
1752059917853,,-6.152499675750732,1.9243396520614624
1752059917854,-9.379883766174316,,
1752059917873,-7.193977355957031,-1.732803463935852,4.826112270355225
1752059917893,-5.68084192276001,-1.0528502464294434,3.9211037158966064
1752059917913,,,4.373608112335205
1752059917914,-7.905055522918701,-3.643376350402832,
1752059917933,-8.996811866760254,-4.277839660644531,5.348048210144043
1752059917953,-9.123703956604004,-1.7423802614212036,6.013636112213135
1752059917973,-5.551555156707764,2.3684639930725098,8.108562469482422
1752059917993,-4.275445461273193,3.733159065246582,6.952163219451904
1752059918013,-6.114192485809326,0.9798270463943481,6.231508255004883
1752059918033,-6.937798023223877,-1.4981716871261597,7.086238384246826
1752059918053,-5.060743808746338,0.4554968774318695,8.7885160446167
1752059918073,-4.328118324279785,3.2830491065979004,9.504382133483887
1752059918093,-6.16686487197876,2.0596120357513428,8.513182640075684
1752059918113,-5.340865612030029,-0.3585317134857178,8.213907241821289
1752059918133,-7.615356922149658,-1.4335283041000366,7.0790557861328125
1752059918153,-6.978499412536621,-0.41120412945747375,6.624157428741455
1752059918173,-6.097433090209961,0.08439560979604721,7.249044418334961
1752059918193,,-1.445499300956726,6.997653007507324
1752059918194,-5.54437255859375,,
1752059918213,,,7.284957408905029
1752059918214,-6.248267650604248,-0.03531447425484657,
1752059918233,-5.340865612030029,0.8337807655334473,7.680000305175781
1752059918252,,,7.778162956237793
1752059918253,-5.551555156707764,-0.028131870552897453,
1752059918272,-6.0639142990112305,0.5057750940322876,8.03194808959961
1752059918292,-6.315305709838867,4.520851135253906,8.240243911743164
1752059918312,-6.365583896636963,8.339603424072266,8.735843658447266
1752059918332,-6.705560207366943,5.234323501586914,6.727108001708984
1752059918352,-5.616198539733887,2.1697452068328857,7.423820972442627
1752059918372,-6.006453514099121,0.12270283699035645,8.510788917541504
1752059918392,-6.176441669464111,-3.0567970275878906,9.243413925170898
1752059918412,-4.107851505279541,-6.583456039428711,6.554725646972656
1752059918432,-3.9905357360839844,-5.707178115844727,5.400720596313477
1752059918452,-5.656899929046631,7.09222412109375,4.689642429351807
1752059918472,,,5.549160957336426
1752059918473,-7.909843921661377,8.282142639160156,
1752059918492,,4.523245334625244,3.0807390213012695
1752059918493,-6.446986675262451,,
1752059918512,,,3.6314053535461426
1752059918513,-9.789292335510254,2.478597402572632,
1752059918587,-14.156315803527832,-11.290456771850586,5.728725910186768
1752059918652,,,3.1453824043273926
1752059918653,-5.230731964111328,-3.0376434326171875,4.16531229019165
1752059918818,,,5.412691593170166
1752059918819,-7.457339763641357,-1.5652093887329102,
1752059918822,,,5.257068157196045
1752059918823,-8.297704696655273,-1.4311341047286987,
1752059918888,-8.49402904510498,-1.5077484846115112,5.66887092590332
1752059918954,,,5.22833776473999
1752059918955,-7.426215171813965,-0.5596446394920349,
1752059919020,,,7.000047206878662
1752059919021,-6.83245325088501,-2.2212207317352295,
1752059920116,,,5.290587425231934
1752059920117,,0.656609833240509,5.7311201095581055
1752059920118,-7.205948352813721,-1.5508441925048828,
1752059920182,-7.761403560638428,-0.9091981053352356,5.89392614364624
1752059920248,,,5.659294128417969
1752059920249,-8.163629531860352,-1.0720038414001465,
1752059925091,-8.24503231048584,-0.9953893423080444,5.917868137359619
1752059925092,-7.000047206878662,-2.1493945121765137,6.190806865692139
1752059925093,,-0.262763649225235,6.803722858428955
1752059925094,-7.67042350769043,-1.7854759693145752,6.2865753173828125
1752059925138,,-1.6801310777664185,6.243479251861572
1752059925139,-7.818864345550537,,
1752059925155,-7.550713539123535,-1.5077484846115112,6.133346080780029
1752059925174,-7.205948352813721,-1.325789213180542,6.267421722412109
1752059925194,-7.0575079917907715,-1.2731167078018188,6.573879241943359
1752059925214,-6.92343282699585,-1.3210008144378662,6.779780864715576
1752059925234,-6.741473197937012,-1.2204443216323853,6.779780864715576
1752059925254,-6.621763229370117,-1.0336965322494507,6.827664852142334
1752059925274,,,6.928221225738525
1752059925275,-6.727108001708984,-0.9427168965339661,
1752059925294,-6.846818447113037,-0.8421604633331299,6.875548839569092
1752059925314,-6.746262073516846,-0.6075286865234375,6.717531204223633
1752059925334,-6.6361284255981445,-0.4495113790035248,6.765415668487549
1752059925354,-6.616974830627441,-0.4926069974899292,6.952163219451904
1752059925374,-6.727108001708984,-0.5452794432640076,6.961740016937256
1752059925394,-6.693589210510254,-0.4878185987472534,6.880337238311768
1752059925414,-6.669647216796875,-0.3728969097137451,6.95695161819458
1752059925434,,,6.995258808135986
1752059925435,-6.86597204208374,-0.31543606519699097,
1752059925454,-7.0144124031066895,-0.34416648745536804,6.918644428253174
1752059925474,-6.851606845855713,-0.3298012912273407,6.899490833282471
1752059925494,-6.712742805480957,-0.26755204796791077,7.019200801849365
1752059925514,,-0.27234044671058655,7.148487567901611
1752059925515,-6.765415668487549,,
1752059925534,-6.789357662200928,-0.4255693554878235,7.105391979217529
1752059925554,-6.669647216796875,-0.4878185987472534,6.95695161819458
1752059925574,,-0.3824737071990967,7.062296390533447
1752059925575,-6.688800811767578,,
1752059925594,-6.827664852142334,-0.41120412945747375,7.225101947784424
1752059925615,-6.842030048370361,-0.4926069974899292,7.124545574188232
1752059925634,-6.660070419311523,-0.39205053448677063,7.019200801849365
1752059925654,-6.597821235656738,-0.24361002445220947,7.114968776702881
1752059925674,-6.813299655914307,-0.3106476664543152,7.292140007019043
1752059925694,-6.870760440826416,-0.4207809567451477,7.2107367515563965
1752059925714,-6.573879241943359,-0.36332011222839355,6.995258808135986
1752059925734,-6.42543888092041,-0.25318682193756104,7.08144998550415
1752059925755,-6.679224014282227,-0.3585317134857178,7.325658798217773
1752059925774,-6.937798023223877,-0.5309142470359802,7.17242956161499
1752059925794,,,6.770204067230225
1752059925795,-6.83245325088501,-0.4926069974899292,
1752059925814,,-0.3585317134857178,6.741473197937012
1752059925815,-6.7031660079956055,,
1752059925834,-6.880337238311768,-0.38726213574409485,7.105391979217529
1752059925854,-7.153275966644287,-0.5404910445213318,7.062296390533447
1752059925874,,-0.5069721937179565,6.564302444458008
1752059925875,-7.033565998077393,,
1752059925895,,-0.27712884545326233,6.540360450744629
1752059925896,-6.870760440826416,,
1752059925914,-7.1006035804748535,-0.3010708689689636,6.971316814422607
1752059925934,,,7.0144124031066895
1752059925935,-7.354389190673828,-0.48303020000457764,
1752059925954,-7.110180377960205,-0.5117605924606323,6.6361284255981445
1752059925974,,-0.34416648745536804,6.5499372482299805
1752059925975,-6.674435615539551,,
1752059925994,,-0.24839842319488525,6.918644428253174
1752059925995,-6.679224014282227,,
1752059926014,-6.980893611907959,-0.3250128924846649,7.04793119430542
1752059926034,,-0.34416648745536804,6.7941460609436035
1752059926035,-6.9042792320251465,,
1752059926054,,-0.14784196019172668,6.707954406738281
1752059926055,-6.535572052001953,,
1752059926075,-6.578667640686035,-0.11911153793334961,7.091026782989502
1752059926094,,,7.234679222106934
1752059926095,-7.009624004364014,-0.3968389332294464,
1752059926114,,-0.4878185987472534,6.798934459686279
1752059926115,-7.129333972930908,,
1752059926134,-6.918644428253174,-0.3058592677116394,6.535572052001953
1752059926154,,-0.24839842319488525,6.875548839569092
1752059926155,-6.909067630767822,,
1752059926175,-7.191583156585693,-0.3824737071990967,7.2107367515563965
1752059926194,,-0.444722980260849,7.009624004364014
1752059926195,-7.148487567901611,,
1752059926214,,,6.842030048370361
1752059926215,-6.818088054656982,-0.22445641458034515,
1752059926234,,,7.201159954071045
1752059926235,-6.784569263458252,-0.028131870552897453,
1752059926254,,-0.12389993667602539,7.469310760498047
1752059926255,-7.052719593048096,,
1752059926274,,,7.17242956161499
1752059926275,-7.009624004364014,-0.2148796021938324,
1752059926294,-6.564302444458008,-0.05686229094862938,6.899490833282471
1752059926314,,,7.148487567901611
1752059926315,-6.444592475891113,0.14425064623355865,
1752059926334,,,7.426215171813965
1752059926335,-6.808511257171631,0.06763619929552078,
1752059926355,-6.961740016937256,-0.0520738884806633,7.234679222106934
1752059926374,,0.048482585698366165,6.899490833282471
1752059926375,-6.722319602966309,,
1752059926394,,,7.038354396820068
1752059926395,-6.684012413024902,0.12509703636169434,
1752059926414,-7.038354396820068,-0.03770867735147476,7.316082000732422
1752059926434,,,7.062296390533447
1752059926435,-7.191583156585693,-0.17178396880626678,
1752059926454,,0.005386953707784414,6.693589210510254
1752059926455,-6.813299655914307,,
1752059926474,,,6.9473748207092285
1752059926475,-6.492476463317871,0.28311434388160706,
1752059926494,,,7.36396598815918
1752059926495,-6.588244438171387,0.24001872539520264,
1752059926514,,0.1538274586200714,7.311293601989746
1752059926515,-6.660070419311523,,
1752059926534,,,7.1006035804748535
1752059926535,-6.296152114868164,0.28790274262428284,
1752059926554,,,7.378331184387207
1752059926555,-6.061520099639893,0.37888240814208984,
1752059926574,,,7.727884769439697
1752059926575,-6.377554893493652,0.2064998894929886,
1752059926594,,0.058059390634298325,7.517194747924805
1752059926595,-6.664858818054199,,
1752059926614,,,7.148487567901611
1752059926615,-6.454169273376465,0.1825578808784485,
1752059926634,,,7.263409614562988
1752059926635,-6.3296709060668945,0.3214215636253357,
1752059926654,,,7.459733963012695
1752059926655,-6.631340026855469,0.1538274586200714,
1752059926674,,-0.03770867735147476,7.263409614562988
1752059926675,-6.966528415679932,,
1752059926694,,,6.995258808135986
1752059926695,-6.875548839569092,0.03411737456917763,
1752059926714,,,7.158064365386963
1752059926715,-6.7510504722595215,0.22086510062217712,
1752059926734,,,7.541136741638184
1752059926735,-6.8611836433410645,0.2256535142660141,
1752059926754,,,7.531559944152832
1752059926755,-6.8611836433410645,0.14425064623355865,
1752059926775,-6.626551628112793,0.25917232036590576,7.220313549041748
1752059926795,,,7.196371555328369
1752059926796,-6.502053260803223,0.42676645517349243,
1752059926815,,0.3214215636253357,7.431003570556641
1752059926816,-6.5930328369140625,,
1752059926835,-6.822876453399658,0.17298106849193573,7.445368766784668
1752059926855,-6.798934459686279,0.13946224749088287,7.249044418334961
1752059926874,,,7.186794757843018
1752059926875,-6.5499372482299805,0.16819266974925995,
1752059926895,-6.324882507324219,0.19692309200763702,7.416638374328613
1752059926914,,,7.593809127807617
1752059926915,-6.372766494750977,0.19213469326496124,
1752059926935,-6.454169273376465,0.23523031175136566,7.450157165527344
1752059926954,,,7.3017168045043945
1752059926955,-6.363189697265625,0.37888240814208984,
1752059926975,-6.3967084884643555,0.4411316514015198,7.445368766784668
1752059926994,,,7.517194747924805
1752059926995,-6.525995254516602,0.35015198588371277,
1752059927015,-6.554725646972656,0.28790274262428284,7.39748477935791
1752059927035,-6.382343292236328,0.292691171169281,7.191583156585693
1752059927055,-6.209960460662842,0.3214215636253357,7.225101947784424
1752059927074,,,7.3687543869018555
1752059927075,-6.181230068206787,0.31184476613998413,
1752059927095,-6.123769283294678,0.3597288131713867,7.483675956726074
1752059927114,,,7.641693115234375
1752059927115,-6.008847713470459,0.4076128304004669,
1752059927135,-5.917868137359619,0.3645172119140625,7.780557155609131
1752059927155,-5.879560947418213,0.3214215636253357,7.7470383644104
1752059927175,-5.9753289222717285,0.30705636739730835,7.699153900146484
1752059927195,-5.994482517242432,0.292691171169281,7.632116317749023
1752059927215,-5.922656536102295,0.383670836687088,7.6752119064331055
1752059927235,-5.86040735244751,0.4076128304004669,7.785345554351807
1752059927255,-5.903502941131592,0.37888240814208984,7.7470383644104
1752059927275,-5.970540523529053,0.30705636739730835,7.70394229888916
1752059927295,-5.9753289222717285,0.25917232036590576,7.732673168182373
1752059927315,-5.970540523529053,0.2064998894929886,7.866748332977295
1752059927335,-5.994482517242432,0.17298106849193573,7.976881504058838
1752059927355,-5.9322333335876465,0.18734627962112427,7.909843921661377
1752059927375,-5.788581371307373,0.23523031175136566,7.89547872543335
1752059927395,-5.678447723388672,0.24480712413787842,8.058284759521484
1752059927415,-5.716754913330078,0.14425064623355865,8.254609107971191
1752059927435,-5.826888561248779,0.06763619929552078,8.3120698928833
1752059927455,-5.836465358734131,0.01496376097202301,8.18757152557373
1752059927475,-5.793369770050049,-0.09516951441764832,8.173206329345703
1752059927495,-5.812523365020752,-0.22445641458034515,8.288127899169922
1752059927515,-5.922656536102295,-0.2388216257095337,8.18757152557373
1752059927535,-5.937021732330322,-0.0999579206109047,8.053496360778809
1752059927555,-5.8651957511901855,0.005386953707784414,8.149264335632324
1752059927575,-5.7311201095581055,5.985504249110818E-4,8.24503231048584
1752059927595,-5.678447723388672,0.005386953707784414,8.235455513000488
1752059927615,-5.530007362365723,0.12030863761901855,8.192359924316406
1752059927635,-5.3576250076293945,0.3214215636253357,8.130110740661621
1752059927655,-5.242702960968018,0.46507367491722107,8.043919563293457
1752059927675,-5.261856555938721,0.5033808946609497,8.000823974609375
1752059927695,-5.352836608886719,0.383670836687088,7.972093105316162
1752059927715,-5.582679748535156,0.12509703636169434,7.924209117889404
1752059927736,-5.72633171081543,-0.07122749835252762,7.83801794052124
1752059927755,-5.793369770050049,-0.09038111567497253,7.756615161895752
1752059927775,-5.869984149932861,-0.13826514780521393,7.684788703918457
1752059927795,-6.114192485809326,-0.2148796021938324,7.622539520263672
1752059927815,,-0.3058592677116394,7.517194747924805
1752059927816,-6.233902454376221,,
1752059927835,-6.224325656890869,-0.3250128924846649,7.464522361755371
1752059927855,-6.3296709060668945,-0.3010708689689636,7.450157165527344
1752059927875,-6.401496887207031,-0.2867056429386139,7.450157165527344
1752059927895,-6.449380874633789,-0.3489548861980438,7.536348342895508
1752059927915,-6.377554893493652,-0.39205053448677063,7.584232330322266
1752059927935,-6.406285285949707,-0.3824737071990967,7.569867134094238
1752059927955,-6.253056526184082,-0.32022446393966675,7.517194747924805
1752059927975,-6.253056526184082,-0.22924481332302094,7.526771545410156
1752059927995,-6.219537258148193,-0.2867056429386139,7.651269912719727
1752059928015,-6.253056526184082,-0.4255693554878235,7.70394229888916
1752059928035,-6.205172061920166,-0.5117605924606323,7.684788703918457
1752059928055,-6.157288074493408,-0.4734533727169037,7.636904716491699
1752059928075,-6.023212909698486,-0.4495113790035248,7.584232330322266
1752059928095,-5.913079738616943,-0.4686649739742279,7.660846710205078
1752059928115,-5.908291339874268,-0.5740098357200623,7.924209117889404
1752059928135,-5.774216175079346,-0.641047477722168,8.163629531860352
1752059928155,-5.673659324645996,-0.6314706802368164,8.225878715515137
1752059928175,-5.520430564880371,-0.6123170852661133,8.249820709228516
1752059928195,-5.625775337219238,-0.47824180126190186,8.177994728088379
1752059928215,-5.563526153564453,-0.2867056429386139,8.053496360778809
1752059928235,,-0.19572599232196808,8.144475936889648
1752059928236,-5.601833343505859,,
1752059928255,-5.582679748535156,-0.3010708689689636,8.163629531860352
1752059928275,-5.692812919616699,-0.3298012912273407,8.106168746948242
1752059928295,-5.874772548675537,-0.2388216257095337,8.000823974609375
1752059928315,-5.874772548675537,-0.12868833541870117,7.7470383644104
1752059928335,,,7.603385925292969
1752059928336,-5.898714542388916,-0.008978256024420261,
1752059928355,,0.053270988166332245,7.7230963706970215
1752059928356,-5.7311201095581055,,
1752059928375,-5.937021732330322,0.03411737456917763,7.871536731719971
1752059928395,,5.985504249110818E-4,7.866748332977295
1752059928396,-5.946598529815674,,
1752059928415,,0.07721300423145294,7.8763251304626465
1752059928416,-6.008847713470459,,
1752059928435,-6.147711277008057,0.2064998894929886,7.814075946807861
1752059928455,-6.214748859405518,0.3166331648826599,7.70394229888916
1752059928475,-6.3967084884643555,0.4507084786891937,7.67042350769043
1752059928495,-6.147711277008057,0.6135141849517822,7.732673168182373
1752059928515,,0.7667431235313416,7.8332295417785645
1752059928516,-6.023212909698486,,
1752059928535,-5.86040735244751,0.8960300087928772,7.852383136749268
1752059928555,,,7.799710750579834
1752059928556,-5.630563735961914,1.006163239479065,
1752059934091,,1.0732009410858154,7.742249965667725
1752059934092,-5.72633171081543,-1.9291280508041382,6.588244438171387
1752059934093,-7.215525150299072,,5.855618953704834
1752059934094,,-0.8948329091072083,5.994482517242432
1752059934095,-7.512406349182129,,
1752059934142,-8.383895874023438,-0.7990648150444031,5.812523365020752
1752059934157,-7.220313549041748,-1.2970588207244873,5.812523365020752
1752059934177,-7.5219831466674805,-1.6992846727371216,5.630563735961914
1752059934197,-7.732673168182373,-2.0392613410949707,5.530007362365723
1752059934217,-7.8763251304626465,-2.2020668983459473,5.54437255859375
1752059934237,-7.842806339263916,-2.163759708404541,5.611410140991211
1752059934257,-7.632116317749023,-1.9195512533187866,5.95138692855835
1752059934277,-7.584232330322266,-1.7423802614212036,6.39192008972168
1752059934297,-7.493252754211426,-1.713649868965149,6.281786918640137
1752059934317,-7.038354396820068,-1.6992846727371216,5.960963726043701
1752059934337,,,5.980117321014404
1752059934338,-6.612186431884766,-1.5316904783248901,
1752059934357,-6.530783653259277,-1.632246971130371,5.989694118499756
1752059934377,-7.019200801849365,-2.0392613410949707,6.339247703552246
1752059934397,-7.909843921661377,-2.3983914852142334,6.655282020568848
1752059934417,-8.201936721801758,-2.8149826526641846,6.162076473236084
1752059934437,,-2.719214677810669,6.104615688323975
1752059934438,-7.713519096374512,,
1752059934457,-7.0144124031066895,-2.3936030864715576,6.770204067230225
1752059934477,-6.722319602966309,-2.3792378902435303,7.148487567901611
1752059934497,-7.076661586761475,-2.470217704772949,7.512406349182129
1752059934518,-7.5650787353515625,-2.561197280883789,7.617751121520996
1752059934537,,,6.822876453399658
1752059934538,-7.5219831466674805,-2.3936030864715576,
1752059934557,-7.023989200592041,-1.9674352407455444,6.4828996658325195
1752059934577,-6.7941460609436035,-1.7375918626785278,7.023989200592041
1752059934597,-6.9042792320251465,-1.9051860570907593,7.009624004364014
1752059934617,,,7.028777599334717
1752059934618,-7.244256019592285,-2.235585927963257,
1752059934637,,-2.3313539028167725,7.119757175445557
1752059934638,-7.5219831466674805,,
1752059934657,-6.961740016937256,-2.115875720977783,6.559514045715332
1752059934677,-6.430227279663086,-1.876455545425415,6.39192008972168
1752059934697,-6.827664852142334,-1.7423802614212036,6.8372416496276855
1752059934717,,-1.8285715579986572,6.789357662200928
1752059934718,-7.1006035804748535,,
1752059934737,,-1.9243396520614624,6.578667640686035
1752059934738,-7.033565998077393,,
1752059934757,-6.937798023223877,-1.732803463935852,6.583456039428711
1752059934777,-6.353612899780273,-1.5939397811889648,6.272210121154785
1752059934798,-6.008847713470459,-1.5316904783248901,6.138134479522705
1752059934817,-6.3296709060668945,-1.589151382446289,6.650493621826172
1752059934837,-6.569090843200684,-1.833359956741333,6.621763229370117
1752059934857,-6.760627269744873,-1.790264368057251,6.3296709060668945
1752059934877,-6.971316814422607,-1.6992846727371216,6.631340026855469
1752059934897,,-1.7088614702224731,6.51641845703125
1752059934898,-6.918644428253174,,
1752059934917,-6.971316814422607,-1.6466121673583984,6.272210121154785
1752059934937,,-1.6849194765090942,6.755838871002197
1752059934938,-7.320870399475098,,
1752059934957,-7.421426773071289,-1.833359956741333,7.076661586761475
1752059934977,,-1.9482816457748413,7.052719593048096
1752059934978,-7.474099159240723,,
1752059934997,,-1.8620903491973877,7.3017168045043945
1752059934998,-7.593809127807617,,
1752059935017,,,7.009624004364014
1752059935018,-6.937798023223877,-1.6178817749023438,
1752059935037,,-1.1725603342056274,6.602609634399414
1752059935038,-6.114192485809326,,
1752059935057,-6.190806865692139,-1.0911574363708496,7.052719593048096
1752059935077,,-1.2970588207244873,7.263409614562988
1752059935078,-6.320094108581543,,
1752059935097,-6.473322868347168,-1.445499300956726,6.813299655914307
1752059935117,,-1.6083049774169922,6.7941460609436035
1752059935118,-6.961740016937256,,
1752059935137,-7.033565998077393,-1.6226701736450195,6.770204067230225
1752059935157,,-1.589151382446289,6.30094051361084
1752059935158,-6.7510504722595215,,
1752059935177,,-1.6466121673583984,6.885125637054443
1752059935178,-6.933009624481201,,
1752059935197,,,7.617751121520996
1752059935198,-7.3687543869018555,-1.9003976583480835,
1752059935217,,,7.076661586761475
1752059935218,-7.1676411628723145,-1.9387048482894897,
1752059935237,,,6.655282020568848
1752059935238,-6.770204067230225,-1.7711106538772583,
1752059935257,-6.444592475891113,-1.6609774827957153,6.760627269744873
1752059935277,,-1.6178817749023438,6.736684799194336
1752059935278,-6.16686487197876,,
1752059935297,,-1.857301950454712,6.798934459686279
1752059935298,-6.39192008972168,,
1752059935317,,-2.09672212600708,6.674435615539551
1752059935318,-6.660070419311523,,
1752059935337,-6.545148849487305,-2.072780132293701,6.224325656890869
1752059935357,,-2.0632033348083496,6.358401298522949
1752059935358,-6.535572052001953,,
1752059935378,-6.813299655914307,-2.0919337272644043,6.631340026855469
1752059935397,-6.952163219451904,-2.010530948638916,6.468534469604492
1752059935417,-6.942586421966553,-1.9387048482894897,6.454169273376465
1752059935437,,,6.674435615539551
1752059935438,-6.937798023223877,-1.8812439441680908,
1752059935457,,,6.913856029510498
1752059935458,-6.966528415679932,-1.8956091403961182,
1752059935477,,-1.7950527667999268,7.023989200592041
1752059935478,-7.028777599334717,,
1752059935497,,,6.937798023223877
1752059935498,-6.961740016937256,-1.6370353698730469,
1752059935517,,,6.913856029510498
1752059935518,-6.822876453399658,-1.6609774827957153,
1752059935537,,,7.0144124031066895
1752059935538,-6.803722858428955,-1.7471686601638794,
1752059935557,,,6.889914035797119
1752059935558,,-1.8429367542266846,
1752059935559,-6.961740016937256,,
1752059935577,-7.062296390533447,-1.833359956741333,6.669647216796875
1752059935597,,-1.909974455833435,6.616974830627441
1752059935598,-7.086238384246826,,
1752059935617,,-2.0440497398376465,6.602609634399414
1752059935618,-7.028777599334717,,
1752059935638,-7.186794757843018,-2.139817714691162,6.679224014282227
1752059935658,-7.517194747924805,-2.211643934249878,6.650493621826172
1752059935677,,,6.545148849487305
1752059935678,-7.713519096374512,-2.2164323329925537,
1752059935697,,,6.554725646972656
1752059935698,-7.636904716491699,-2.2020668983459473,
1752059935717,,-2.206855535507202,6.559514045715332
1752059935718,-7.205948352813721,,
1752059935738,-6.870760440826416,-2.1254525184631348,6.511630058288574
1752059935757,,,6.511630058288574
1752059935758,-6.765415668487549,-2.0632033348083496,
1752059935777,,,6.573879241943359
1752059935778,-6.736684799194336,-2.058414936065674,
1752059935797,,-2.0440497398376465,6.621763229370117
1752059935798,-6.9904704093933105,,
1752059935817,,,6.5499372482299805
1752059935818,-7.277774810791016,-2.072780132293701,
1752059935838,,,6.406285285949707
1752059935839,-7.407061576843262,-2.058414936065674,
1752059935857,,,6.39192008972168
1752059935858,-7.48846435546875,-1.9578584432601929,
1752059935878,-7.445368766784668,-1.8429367542266846,6.39192008972168
1752059935897,-7.296928405761719,-1.6466121673583984,6.099827289581299
1752059935918,-7.2586212158203125,-1.4838064908981323,5.793369770050049
1752059935938,-7.39748477935791,-1.5939397811889648,6.080673694610596
1752059935958,-7.378331184387207,-1.8716671466827393,6.684012413024902
1752059935978,-6.86597204208374,-2.010530948638916,6.818088054656982
1752059935997,,,6.851606845855713
1752059935998,-6.257844924926758,-1.9243396520614624,
1752059936018,-6.511630058288574,-1.7615338563919067,7.253832817077637
1752059936038,-7.028777599334717,-1.4838064908981323,7.1006035804748535
1752059936057,,,6.525995254516602
1752059936058,-6.92343282699585,-1.368884801864624,
1752059936078,-6.4828996658325195,-1.4790180921554565,6.454169273376465
1752059936097,,,6.497264862060547
1752059936098,-6.233902454376221,-1.4598644971847534,
1752059936117,,,6.602609634399414
1752059936118,-6.458957672119141,-1.5269020795822144,
1752059936138,-7.086238384246826,-1.6226701736450195,6.679224014282227
1752059936158,-7.531559944152832,-1.7854759693145752,6.377554893493652
1752059936178,-7.426215171813965,-2.029684543609619,6.186018466949463
1752059936197,,,6.497264862060547
1752059936198,-7.378331184387207,-2.072780132293701,
1752059936218,-7.732673168182373,-2.015319347381592,6.899490833282471
1752059936238,-7.976881504058838,-1.8525135517120361,6.942586421966553
1752059936258,-7.770980358123779,-1.713649868965149,6.760627269744873
1752059936278,-7.407061576843262,-1.7806875705718994,6.803722858428955
1752059936298,-6.942586421966553,-1.7615338563919067,6.846818447113037
1752059936318,-6.573879241943359,-1.6226701736450195,6.928221225738525
1752059936338,-6.5930328369140625,-1.5939397811889648,7.1006035804748535
1752059936357,,,7.201159954071045
1752059936358,-6.621763229370117,-1.7615338563919067,
1752059936378,-6.401496887207031,-1.9961656332015991,7.158064365386963
1752059936398,-5.8891377449035645,-1.8716671466827393,6.933009624481201
1752059936418,-5.410297393798828,-1.5939397811889648,6.736684799194336
1752059936438,-5.673659324645996,-1.6274585723876953,6.760627269744873
1752059936458,-6.363189697265625,-1.933916449546814,7.023989200592041
1752059936478,,,7.263409614562988
1752059936479,-6.966528415679932,-2.2212207317352295,
1752059936498,-7.153275966644287,-2.2403743267059326,6.966528415679932
1752059936518,-7.0575079917907715,-1.9865888357162476,6.344036102294922
1752059936538,-7.0575079917907715,-1.8668787479400635,6.363189697265625
1752059936558,-7.17242956161499,-2.0871453285217285,6.894702434539795
1752059936578,-7.225101947784424,-2.2595279216766357,6.933009624481201
1752059936598,-6.952163219451904,-2.182913303375244,6.420650482177734
1752059936618,-6.51641845703125,-1.9818004369735718,6.2386908531188965
1752059936638,-6.291363716125488,-1.9865888357162476,6.454169273376465
1752059936658,,-2.364872694015503,6.669647216796875
1752059936659,-6.401496887207031,,
1752059936678,-6.808511257171631,-2.5899276733398438,6.8611836433410645
1752059936698,-7.311293601989746,-2.403179883956909,6.7941460609436035
1752059936718,-7.39748477935791,-2.1589713096618652,6.435015678405762
1752059936738,-7.249044418334961,-1.9626468420028687,6.387131690979004
1752059936758,-7.402273178100586,-2.0823569297790527,6.674435615539551
1752059936778,-7.61296272277832,-2.407968282699585,6.770204067230225
1752059936798,-7.680000305175781,-2.479794502258301,6.588244438171387
1752059936818,-7.435791969299316,-2.3983914852142334,6.506841659545898
1752059936838,-7.004835605621338,-2.2212207317352295,6.535572052001953
1752059936858,-6.846818447113037,-2.0488381385803223,6.525995254516602
1752059936878,-7.043142795562744,-2.1733365058898926,6.597821235656738
1752059936898,-7.316082000732422,-2.3936030864715576,6.588244438171387
1752059936918,-7.249044418334961,-2.4414870738983154,6.468534469604492
1752059936939,-7.067084789276123,-2.403179883956909,6.478111267089844
1752059936958,-6.933009624481201,-2.470217704772949,6.415862083435059
1752059936978,-6.95695161819458,-2.5755624771118164,6.415862083435059
1752059936998,-7.201159954071045,-2.6569652557373047,6.435015678405762
1752059937018,-7.340023994445801,-2.7766754627227783,6.095038890838623
1752059937038,-7.383119583129883,-2.738368272781372,6.071096897125244
1752059937058,-7.234679222106934,-2.5276784896850586,6.071096897125244
1752059937078,-6.971316814422607,-2.470217704772949,6.008847713470459
1752059937098,-7.0575079917907715,-2.4606409072875977,6.315305709838867
1752059937118,-7.249044418334961,-2.542043685913086,6.492476463317871
1752059937138,-7.148487567901611,-2.5324668884277344,6.248267650604248
1752059937158,-6.870760440826416,-2.4366986751556396,5.970540523529053
1752059937178,-6.827664852142334,-2.451063871383667,6.224325656890869
1752059937198,-7.1676411628723145,-2.5276784896850586,6.583456039428711
1752059937219,-7.555501937866211,-2.8341362476348877,6.5930328369140625
1752059937238,-7.708730697631836,-2.9059622287750244,6.4398040771484375
1752059937258,-7.641693115234375,-2.6856956481933594,6.176441669464111
1752059937278,-7.680000305175781,-2.522890090942383,6.090250492095947
1752059937298,-7.708730697631836,-2.4414870738983154,6.090250492095947
1752059937318,-7.6081743240356445,-2.470217704772949,5.89392614364624
1752059937338,-7.541136741638184,-2.5707740783691406,5.869984149932861
1752059937358,-7.330447196960449,-2.609081268310547,5.89392614364624
1752059937378,-7.153275966644287,-2.5564088821411133,5.850830554962158
1752059937397,,,5.941810131072998
1752059937398,-7.1436991691589355,-2.5133132934570312,
1752059937418,-7.182006359100342,-2.5947160720825195,5.980117321014404
1752059937438,-7.110180377960205,-2.6809072494506836,6.008847713470459
1752059937458,-6.86597204208374,-2.62823486328125,5.980117321014404
1752059937478,-6.73189640045166,-2.5947160720825195,6.066308498382568
1752059937498,-6.9473748207092285,-2.5947160720825195,6.372766494750977
1752059937518,-7.239467620849609,-2.62823486328125,6.463746070861816
1752059937538,-7.311293601989746,-2.6856956481933594,6.272210121154785
1752059937558,-7.134122371673584,-2.522890090942383,6.181230068206787
1752059937630,-6.976105213165283,-2.4175450801849365,6.310517311096191
1752059943106,,-2.5133132934570312,6.209960460662842
1752059943107,-7.17242956161499,-1.4981716871261597,
1752059943108,-6.7031660079956055,,7.36396598815918
1752059943112,-6.679224014282227,-0.9379284977912903,7.019200801849365
1752059943160,-6.818088054656982,-0.9522937536239624,7.019200801849365
1752059943227,,,7.033565998077393
1752059943228,-6.779780864715576,-0.9475052952766418,
1752059949109,,,7.0575079917907715
1752059949110,,,7.086238384246826
1752059949111,,-0.899621307849884,7.091026782989502
1752059949112,-6.7031660079956055,-0.9139865040779114,
1752059949113,-6.578667640686035,-0.9810241460800171,7.162852764129639
1752059949163,,,7.04793119430542
1752059949164,-6.631340026855469,-1.0480618476867676,7.009624004364014
1752059949232,,,7.095815181732178
1752059949233,-6.727108001708984,-1.028908133506775,7.153275966644287
1752059955100,,,7.186794757843018
1752059955101,,,7.177217960357666
1752059955102,,,7.0575079917907715
1752059955103,-6.60739803314209,-1.0193313360214233,6.9473748207092285
1752059955104,-6.8372416496276855,,
1752059955156,,0.436343252658844,6.157288074493408
1752059955157,-5.257068157196045,,
1752059955225,-6.071096897125244,-0.03292027488350868,5.869984149932861
1752059961105,,,5.209184169769287
1752059961106,-6.995258808135986,-0.4734533727169037,6.272210121154785
1752059961107,-6.985682010650635,,
1752059961108,,-0.15263035893440247,6.449380874633789
1752059961164,,,5.884349346160889
1752059961165,-7.153275966644287,-1.8525135517120361,
1752059961232,-7.153275966644287,-1.857301950454712,5.41987419128418
1752059961248,-7.320870399475098,-2.2451627254486084,5.707178115844727
1752059968107,,,5.989694118499756
1752059968108,-7.737461566925049,-2.5947160720825195,6.028001308441162
1752059968109,-8.752602577209473,-2.7287914752960205,7.574655532836914
1752059968110,-7.555501937866211,-0.8134300112724304,3.9450459480285645
1752059968174,-8.340800285339355,-0.43993455171585083,5.304952621459961
1752059968242,-9.365518569946289,-0.5404910445213318,5.089474201202393
1752059979644,,,5.218760967254639
1752059979645,,,6.942586421966553
1752059979646,,-0.11432313174009323,6.415862083435059
1752059979647,-9.169194221496582,0.11552023142576218,
1752059979648,,0.24001872539520264,6.10940408706665
1752059979649,-7.756615161895752,0.22086510062217712,
1752059979717,,,6.233902454376221
1752059979718,-7.440580368041992,0.35494041442871094,6.176441669464111
1752059979784,-7.27298641204834,0.44592007994651794,6.224325656890869
1752059979851,-7.7230963706970215,0.21128830313682556,6.344036102294922
1752059979939,-8.019977569580078,0.02454056777060032,5.999270915985107
1752059980003,,,6.147711277008057
1752059980004,-7.790133953094482,0.19692309200763702,6.1716532707214355
1752059980069,-7.287351608276367,0.3405751883983612,6.162076473236084
1752059980137,-7.574655532836914,0.21607670187950134,6.142922878265381
1752059980204,-7.890690326690674,0.17298106849193573,6.186018466949463
1752059980270,,,6.229114055633545
1752059980271,-7.550713539123535,0.30705636739730835,6.248267650604248
1752059984688,,0.2735375463962555,6.358401298522949
1752059984689,-7.354389190673828,0.1107318252325058,
1752059984693,-7.885901927947998,0.1346738487482071,5.774216175079346
1752059984761,,0.25438392162323,6.028001308441162
1752059984762,-7.502829551696777,0.26396074891090393,
1752059984828,-7.593809127807617,0.21607670187950134,5.994482517242432
1752059984895,,,5.8651957511901855
1752059984896,-7.814075946807861,0.1538274586200714,
1752059984961,-7.727884769439697,0.1825578808784485,5.817311763763428
1752059985864,,0.14903905987739563,6.013636112213135
1752059985865,-7.818864345550537,0.005386953707784414,
1752059985867,,-0.03292027488350868,6.004059314727783
1752059985868,-7.756615161895752,,
1752059985932,,,6.157288074493408
1752059985933,-7.737461566925049,-0.09038111567497253,
1752059985999,,,5.956175327301025
1752059986000,-7.646481513977051,-0.04249707981944084,6.004059314727783
1752059997528,,-0.04728548228740692,6.071096897125244
1752059997529,-7.737461566925049,0.11552023142576218,
1752059997530,-7.8092875480651855,,
1752059997531,,,6.004059314727783
1752059997532,-7.914632320404053,0.35494041442871094,5.333683013916016
1752059997597,-7.866748332977295,0.41718965768814087,5.711966514587402
1752059997663,-8.039131164550781,0.383670836687088,5.549160957336426
1752059997750,-8.33601188659668,0.19213469326496124,5.3576250076293945
1752059997815,-8.221090316772461,0.2687491476535797,5.496488571166992
1752059997882,,,5.549160957336426
1752059997887,,,5.5778913497924805
1752059997890,-8.154052734375,0.35015198588371277,
1752059997947,-7.842806339263916,0.37888240814208984,5.66887092590332
1752059998014,,,5.678447723388672
1752059998015,-7.967304706573486,0.345363587141037,5.640140533447266
1752059998081,,,5.721543312072754
1752059998082,-7.8332295417785645,0.32620999217033386,
1752060002527,-7.9194207191467285,0.25917232036590576,5.740696907043457
1752060002532,-8.12053394317627,0.4124012291431427,5.448604583740234
1752060002536,-7.9194207191467285,0.46986207365989685,6.037578105926514
1752060002605,-7.996035099029541,0.4076128304004669,5.678447723388672
1752060002671,-7.708730697631836,0.5512649416923523,5.7790045738220215
1752060002738,,,5.903502941131592
1752060002739,-7.938574314117432,0.5225345492362976,5.86040735244751
1752060002804,,,5.793369770050049
1752060002805,-7.9864583015441895,0.6326677799224854,
1752060003785,-8.216301918029785,0.761954665184021,5.846042156219482
1752060003790,-7.9194207191467285,2.3708581924438477,6.406285285949707
1752060003860,-6.60739803314209,2.0452468395233154,6.090250492095947
1752060003926,-5.989694118499756,2.121861219406128,5.644928932189941
1752060004000,-6.880337238311768,0.2687491476535797,6.7510504722595215
1752060004064,-8.695141792297363,1.7627309560775757,7.110180377960205
1752060004131,-7.8092875480651855,0.517746090888977,5.999270915985107
1752060004197,-8.019977569580078,0.9534908533096313,5.869984149932861
1752060004384,,,6.846818447113037
1752060004385,-7.421426773071289,0.9295487999916077,
1752060004390,-6.909067630767822,1.3413515090942383,7.296928405761719
1752060004459,-6.9904704093933105,1.6573861837387085,6.621763229370117
1752060004525,-7.732673168182373,1.9255367517471313,6.152499675750732
1752060004591,,,5.247491359710693
1752060004592,-8.537124633789062,2.011728048324585,5.017648220062256
1752060004660,-8.015189170837402,1.7148469686508179,5.213972568511963
1752060004725,,,5.1996073722839355
1752060004726,-7.426215171813965,1.513733983039856,5.434239387512207
1752060004792,-8.18757152557373,0.7523778676986694,5.376778602600098
1752060004860,,,5.89392614364624
1752060004861,-7.770980358123779,0.656609833240509,
1752060004925,,,6.162076473236084
1752060004926,-7.952939510345459,0.7044938206672668,6.114192485809326
1752060004991,-7.680000305175781,0.6805518269538879,6.3296709060668945
1752060005059,,,6.023212909698486
1752060005060,-7.708730697631836,-0.12389993667602539,
1752060005125,-8.21151351928711,-0.16220717132091522,5.6209869384765625
1752060005193,-8.110957145690918,-0.2148796021938324,5.319317817687988
1752060005259,,,5.4246625900268555
1752060005260,-8.470087051391602,-0.48303020000457764,5.5108537673950195
1752060005325,-8.417414665222168,-0.3250128924846649,5.63535213470459
1752060005392,-7.938574314117432,-0.013766659423708916,5.989694118499756
1752060005459,,,5.8221001625061035
1752060005460,-7.148487567901611,0.14903905987739563,
1752060005525,-6.846818447113037,-0.9953893423080444,5.257068157196045
1752060005592,-6.8372416496276855,-1.6944962739944458,4.97934103012085
1752060005660,,,5.290587425231934
1752060005661,-7.493252754211426,-2.2164323329925537,
1752060005725,,,6.023212909698486
1752060005726,-8.398261070251465,-2.695272445678711,6.358401298522949
1752060005792,,,6.976105213165283
1752060005793,-8.082226753234863,-1.8908207416534424,7.119757175445557
1752060005859,,,7.2298903465271
1752060005860,-7.7470383644104,-1.2970588207244873,7.162852764129639
1752060005925,,,7.344812393188477
1752060005926,-7.124545574188232,-0.7128735780715942,7.383119583129883
1752060005993,-6.717531204223633,-0.6937199234962463,6.765415668487549
1752060006060,-6.770204067230225,-1.1965023279190063,6.367978096008301
1752060006125,-6.899490833282471,-1.148618221282959,5.716754913330078
1752060006193,-6.95695161819458,-1.3832499980926514,6.07588529586792
1752060006259,,-1.426345705986023,6.004059314727783
1752060006260,-7.153275966644287,,
1752060006325,,-1.225232720375061,6.296152114868164
1752060006326,-7.234679222106934,,
1752060007253,-8.326435089111328,-0.641047477722168,5.913079738616943
1752060007259,-8.115745544433594,0.5225345492362976,5.391143798828125
1752060007325,-8.015189170837402,0.5943605899810791,5.448604583740234
1752060007392,-8.149264335632324,0.5608417391777039,5.625775337219238
1752060007457,-8.091803550720215,0.536899745464325,5.563526153564453
1752060007524,-8.18757152557373,0.5608417391777039,5.711966514587402
1752060007590,-8.091803550720215,0.6278793811798096,5.515642166137695
1752060010224,,,5.434239387512207
1752060010225,-8.082226753234863,0.7044938206672668,5.506065368652344
1752060010226,,,5.611410140991211
1752060010289,,,5.54437255859375
1752060010290,-8.09659194946289,0.3405751883983612,
1752060010358,-8.010400772094727,0.35494041442871094,5.563526153564453
1752060010424,-8.067861557006836,0.30226796865463257,5.611410140991211
1752060010490,-8.019977569580078,0.31184476613998413,5.625775337219238
1752060010651,-8.101380348205566,0.35494041442871094,5.601833343505859
1752060010720,,0.35015198588371277,5.54437255859375
1752060010721,-8.039131164550781,0.345363587141037,
1752060010786,,0.345363587141037,5.5778913497924805
1752060010787,-8.125322341918945,0.31184476613998413,
1752060010853,-7.972093105316162,0.3357867896556854,5.592256546020508
1752060010920,,,5.592256546020508
1752060010921,-8.02955436706543,0.32620999217033386,5.582679748535156
1752060010987,-7.9864583015441895,0.33099839091300964,5.597044944763184
1752060011054,-8.110957145690918,0.32620999217033386,5.5778913497924805
1752060011122,-8.048707962036133,0.3405751883983612,5.587468147277832
1752060011187,,,5.611410140991211
1752060011188,-8.082226753234863,0.3357867896556854,5.616198539733887
1752060011254,-7.981669902801514,0.3884592354297638,5.5778913497924805
1752060011322,-8.053496360778809,0.3357867896556854,5.5778913497924805
1752060011387,-8.015189170837402,0.3693056106567383,5.549160957336426
1752060011453,,,5.640140533447266
1752060011454,-8.00561237335205,0.33099839091300964,5.616198539733887
1752060011521,,,5.601833343505859
1752060011522,-8.015189170837402,0.383670836687088,5.601833343505859
1752060011587,-8.058284759521484,0.345363587141037,5.549160957336426
1752060011655,-7.9625163078308105,0.3645172119140625,5.611410140991211
1752060011720,,,5.592256546020508
1752060011721,-8.106168746948242,0.3405751883983612,5.549160957336426
1752060011788,,0.35015198588371277,5.601833343505859
1752060011789,-8.077438354492188,0.31184476613998413,
1752060011854,-8.067861557006836,0.4076128304004669,5.520430564880371
1752060011921,-7.8763251304626465,0.39803603291511536,5.6640825271606445
1752060011987,,,5.563526153564453
1752060011988,-7.981669902801514,0.3214215636253357,
1752060012053,,,5.549160957336426
1752060012054,-8.115745544433594,0.3645172119140625,5.568314552307129
1752060012121,,0.3357867896556854,5.515642166137695
1752060012122,-8.177994728088379,,
1752060012188,,0.16819266974925995,5.597044944763184
1752060012189,-8.082226753234863,0.37409400939941406,
1752060012253,-7.761403560638428,0.3597288131713867,5.764639377593994
1752060012321,,,5.755062103271484
1752060012322,-7.885901927947998,0.39803603291511536,5.75985050201416
1752060012387,,,5.649717330932617
1752060012388,-8.02955436706543,0.42197805643081665,
1752060012453,,,5.66887092590332
1752060012454,-8.087015151977539,0.3166331648826599,5.72633171081543
1752060012521,,,5.659294128417969
1752060012522,-7.80449914932251,0.5464765429496765,
1752060012588,,0.5416881442070007,5.869984149932861
1752060012589,-7.881113529205322,,
1752060017602,,,5.740696907043457
1752060017603,,,5.247491359710693
1752060017605,,0.35015198588371277,6.473322868347168
1752060017606,-7.857171535491943,2.160168409347534,
1752060017670,,2.160168409347534,5.1996073722839355
1752060017671,-8.623315811157227,,
1752060017736,,,5.122992992401123
1752060017737,-9.413402557373047,1.5041571855545044,
1752060061128,,,5.079897403717041
1752060061129,,,5.7790045738220215
1752060061130,,1.2838906049728394,7.603385925292969
1752060061132,,2.3038206100463867,
1752060061133,-6.9473748207092285,0.618302583694458,
1752060061134,-6.080673694610596,,
1752060061135,-6.458957672119141,,
1752060061136,,,7.8092875480651855
1752060061137,,,9.111733436584473
1752060061138,-7.83801794052124,-0.43514615297317505,5.999270915985107
1752060061139,-7.7470383644104,,6.066308498382568
1752060061140,-7.905055522918701,-0.6314706802368164,6.3296709060668945
1752060061141,-7.124545574188232,-0.8373720645904541,5.846042156219482
1752060061142,-6.320094108581543,-0.7128735780715942,7.335235595703125
1752060061208,,,7.6081743240356445
1752060061209,-7.263409614562988,-0.9906009435653687,
1752060061276,-6.976105213165283,-0.578798234462738,5.75985050201416
1752060061342,,,8.51797103881836
1752060061343,-8.053496360778809,-1.6035165786743164,6.2386908531188965
1752060061427,-6.315305709838867,-0.7751228213310242,7.680000305175781
1752060061491,-7.684788703918457,-1.0241197347640991,6.755838871002197
1752060061559,-6.722319602966309,-0.9858125448226929,7.177217960357666
1752060061624,,,6.885125637054443
1752060061625,-6.913856029510498,-0.7320271730422974,7.019200801849365
1752060062347,,,7.474099159240723
1752060062348,-8.053496360778809,-1.4119805097579956,6.032789707183838
1752060062351,-8.36953067779541,-1.3976151943206787,6.0423665046691895
1752060062417,,,7.004835605621338
1752060062418,-7.517194747924805,,
1752060062483,-7.287351608276367,-0.9906009435653687,6.444592475891113
1752060062549,-7.732673168182373,-1.5843629837036133,8.024765968322754
1752060062615,-6.344036102294922,-1.0576386451721191,5.281010627746582
1752060062683,-7.3017168045043945,-1.5269020795822144,6.583456039428711
1752060071387,-6.281786918640137,-1.325789213180542,6.511630058288574
1752060071388,-7.043142795562744,-1.225232720375061,6.377554893493652
1752060071389,-7.08144998550415,-1.5269020795822144,6.454169273376465
1752060071390,-7.61296272277832,-0.38726213574409485,6.219537258148193
1752060071458,-7.665635108947754,-0.3728969097137451,6.008847713470459
1752060071526,-7.713519096374512,-0.4207809567451477,5.994482517242432
1752060071592,-7.761403560638428,-0.43514615297317505,5.917868137359619
1752060071659,-7.790133953094482,-0.3728969097137451,5.999270915985107
1752060072428,-7.665635108947754,-0.32022446393966675,6.061520099639893
1752060072434,-7.641693115234375,-0.3776853084564209,6.0184245109558105
1752060072504,-7.680000305175781,-0.4207809567451477,6.1285576820373535
1752060072570,-7.6752119064331055,-0.33937808871269226,6.0423665046691895
1752060081092,,,6.080673694610596
1752060081093,-7.57944393157959,-0.4016273319721222,6.004059314727783
1752060081094,-7.493252754211426,-0.8086416125297546,6.157288074493408
1752060081095,-7.627327919006348,0.8768763542175293,5.213972568511963
1752060081097,-7.89547872543335,-0.6266822814941406,6.248267650604248
1752060081165,,-0.4495113790035248,6.468534469604492
1752060081166,-7.435791969299316,-0.535702645778656,
1752060081233,,-0.43514615297317505,6.344036102294922
1752060081234,-7.70394229888916,-0.4016273319721222,
1752060081299,,-0.39205053448677063,6.205172061920166
1752060081300,-7.459733963012695,-0.5069721937179565,
1752060081366,-7.450157165527344,-0.36332011222839355,6.080673694610596
1752060081432,,0.1777694821357727,6.037578105926514
1752060081433,-8.714295387268066,,
1752060081499,-9.197924613952637,0.9678560495376587,6.248267650604248
1752060081566,,1.4658499956130981,6.449380874633789
1752060081567,-8.21151351928711,,
1752060081630,-7.268198013305664,1.9399019479751587,5.999270915985107
1752060081631,-7.114968776702881,,
1752060081698,,1.4323312044143677,5.209184169769287
1752060081699,-7.311293601989746,,
1752060081765,-7.823652744293213,0.9534908533096313,4.9601874351501465
1752060081831,-8.40304946899414,0.6135141849517822,4.907515048980713
1752060081897,,,5.146934986114502
1752060081898,-9.039907455444336,0.5129576921463013,5.13735818862915
1752060081993,-8.594585418701172,0.8433575630187988,5.76942777633667
1752060081997,-8.192359924316406,0.9199720025062561,6.626551628112793
1752060082062,,,6.353612899780273
1752060082063,-7.8763251304626465,1.22642982006073,6.142922878265381
1752060082129,,0.9247604012489319,5.874772548675537
1752060082130,-8.508394241333008,0.9343371987342834,
1752060082195,,,5.553949356079102
1752060082196,-7.636904716491699,1.2934675216674805,
1752060082262,,,5.10383939743042
1752060082263,-7.83801794052124,0.8194155097007751,5.170876979827881
1752060082329,-8.51797103881836,0.800261914730072,5.2666449546813965
1752060082395,-7.814075946807861,0.9247604012489319,5.592256546020508
1752060082462,,,5.477334976196289
1752060082463,-7.61296272277832,0.436343252658844,5.491700172424316
1752060082528,,,5.66887092590332
1752060082529,-7.957727909088135,-0.6745663285255432,
1752060082595,-7.373542785644531,-0.8277952671051025,5.788581371307373
1752060082645,-7.713519096374512,-1.028908133506775,6.458957672119141
1752060082709,,,6.736684799194336
1752060082710,-7.641693115234375,-0.9044097065925598,7.019200801849365
1752060082775,,,7.244256019592285
1752060082776,-8.273762702941895,-0.7894880175590515,7.158064365386963
1752060082843,,,7.287351608276367
1752060082844,-7.17242956161499,-1.062427043914795,7.263409614562988
1752060082909,,-0.5165489912033081,6.415862083435059
1752060082910,-7.569867134094238,,
1752060082976,,-0.6554127335548401,5.817311763763428
1752060082977,-7.938574314117432,,
1752060083043,,,5.9753289222717285
1752060083044,-6.621763229370117,-0.7416039705276489,6.023212909698486
1752060083110,-7.4549455642700195,-1.0672154426574707,5.817311763763428
1752060083176,-8.350377082824707,-0.8038532137870789,5.36241340637207
1752060083243,,,5.4677581787109375
1752060083244,-7.828441143035889,-0.7703344225883484,5.702389717102051
1752060083309,-7.569867134094238,-1.0384849309921265,6.123769283294678
1752060083376,,,6.339247703552246
1752060083377,-7.651269912719727,-0.8661024570465088,6.693589210510254
1752060083443,,-0.8900445103645325,6.7749924659729
1752060083444,-7.512406349182129,,
1752060083549,,,5.869984149932861
1752060083550,-7.646481513977051,-0.9906009435653687,5.869984149932861
1752060083554,-7.737461566925049,-0.6554127335548401,6.080673694610596
1752060083619,-7.761403560638428,-0.7128735780715942,5.908291339874268
1752060083685,,,6.612186431884766
1752060083686,-7.584232330322266,-0.9139865040779114,6.588244438171387
1752060083750,,,6.827664852142334
1752060083751,-6.372766494750977,-0.7320271730422974,7.095815181732178
1752060083819,-7.000047206878662,-0.679354727268219,6.688800811767578
1752060083887,-7.431003570556641,-0.8708908557891846,6.942586421966553
1752060083953,-7.359177589416504,-0.29149407148361206,6.147711277008057
1752060084019,-7.790133953094482,-0.27712884545326233,6.5930328369140625
1752060084086,,0.28790274262428284,5.884349346160889
1752060084087,-7.244256019592285,0.3597288131713867,
1752060084151,-8.02955436706543,0.517746090888977,5.783792972564697
1752060084218,-8.048707962036133,0.7571662664413452,6.004059314727783
1752060084284,,,6.066308498382568
1752060084285,-7.885901927947998,0.9726444482803345,5.913079738616943
1752060084352,-8.015189170837402,1.4514847993850708,5.683236122131348
1752060084418,,,5.386355400085449
1752060084419,-8.015189170837402,1.590348482131958,
1752060084486,-7.038354396820068,1.5711948871612549,5.582679748535156
1752060084552,-7.162852764129639,0.48901569843292236,6.186018466949463
1752060084618,,0.11552023142576218,5.903502941131592
1752060084619,-7.852383136749268,,
1752060084686,,0.6087257862091064,6.181230068206787
1752060084687,-8.125322341918945,0.618302583694458,
1752060084752,-8.27855110168457,1.2934675216674805,6.684012413024902
1752060084818,,,6.827664852142334
1752060084819,-8.139687538146973,1.0013748407363892,6.933009624481201
1752060084886,-7.2107367515563965,1.0971429347991943,6.444592475891113
1752060084952,,,5.956175327301025
1752060084953,-7.1676411628723145,0.8433575630187988,5.908291339874268
1752060085018,,0.8337807655334473,5.774216175079346
1752060085019,-7.526771545410156,,
1752060085086,-7.641693115234375,0.9056068062782288,5.439027786254883
1752060085151,,,5.625775337219238
1752060085152,-7.57944393157959,1.1354501247406006,5.764639377593994
1752060085259,-7.6752119064331055,0.9199720025062561,6.0854620933532715
1752060085263,-8.125322341918945,0.7380126714706421,6.142922878265381
1752060085327,,,5.486911773681641
1752060085328,-7.780557155609131,0.9917980432510376,
1752060085394,,,6.497264862060547
1752060085395,-7.818864345550537,0.943913996219635,
1752060085461,-7.507617950439453,1.1019313335418701,6.4398040771484375
1752060085528,-7.751826763153076,1.0013748407363892,6.367978096008301
1752060085594,-7.3687543869018555,1.1115081310272217,6.243479251861572
1752060085660,,,6.784569263458252
1752060085661,-7.584232330322266,0.8242039084434509,6.645705223083496
1752060085728,,,6.344036102294922
1752060085729,-7.325658798217773,0.8433575630187988,6.224325656890869
1752060085794,,,6.0184245109558105
1752060085795,-6.92343282699585,1.0109516382217407,
1752060085861,-7.311293601989746,1.025316834449768,5.946598529815674
1752060085928,-7.493252754211426,0.8433575630187988,5.812523365020752
1752060085994,-8.948927879333496,0.345363587141037,6.080673694610596
1752060086061,,0.6757634282112122,5.659294128417969
1752060086062,-8.130110740661621,,
1752060086128,,,6.262633323669434
1752060086129,-8.604162216186523,0.21128830313682556,6.597821235656738
1752060086195,-8.106168746948242,0.6326677799224854,6.870760440826416
1752060086261,-7.3017168045043945,0.8672995567321777,6.760627269744873
1752060086329,,,6.83245325088501
1752060086330,-6.69837760925293,0.9678560495376587,
1752060086395,-6.4398040771484375,0.6613982319831848,6.588244438171387
1752060086462,-5.86040735244751,0.579995334148407,5.611410140991211
1752060086528,,,6.363189697265625
1752060086529,-6.736684799194336,-0.15741875767707825,6.296152114868164
1752060086595,-7.469310760498047,-0.5213374495506287,6.5930328369140625
1752060086662,-7.761403560638428,-0.43993455171585083,6.3967084884643555
1752060086728,,,7.4549455642700195
1752060086729,-8.355165481567383,-0.7368155717849731,7.263409614562988
1752060086794,,,6.856395244598389
1752060086795,-6.9473748207092285,-0.444722980260849,
1752060086861,-7.48846435546875,-0.6697779297828674,6.645705223083496
1752060086929,-6.942586421966553,-0.4926069974899292,6.913856029510498
1752060086995,,,6.913856029510498
1752060086996,-6.7749924659729,-0.5835866928100586,
1752060087061,,,5.879560947418213
1752060087062,-6.406285285949707,-0.004189853090792894,
1752060087129,,,6.909067630767822
1752060087130,-7.019200801849365,-0.26755204796791077,7.215525150299072
1752060087195,-7.325658798217773,-0.2579752206802368,6.4398040771484375
1752060087261,-8.249820709228516,-0.8469488620758057,7.052719593048096
1752060087329,-7.8092875480651855,-0.6697779297828674,6.679224014282227
1752060087395,-5.6640825271606445,0.1586158573627472,4.476558685302734
1752060087463,-7.349600791931152,-1.004966139793396,8.21151351928711
1752060087529,-6.707954406738281,0.18734627962112427,6.933009624481201
1752060087595,-6.770204067230225,-0.38726213574409485,8.905831336975098
1752060087662,-7.239467620849609,-0.5740098357200623,8.230667114257812
1752060087728,,,6.387131690979004
1752060087729,-8.134899139404297,-0.6745663285255432,
1752060087794,,,6.765415668487549
1752060087795,-8.09659194946289,-0.9091981053352356,5.3576250076293945
1752060087861,,-0.19572599232196808,5.783792972564697
1752060087862,-6.894702434539795,,
1752060087928,-6.602609634399414,-1.368884801864624,8.197148323059082
1752060087994,,-1.3210008144378662,7.842806339263916
1752060087995,-7.383119583129883,,
1752060088061,-7.383119583129883,-1.3401544094085693,6.655282020568848
1752060088129,-8.532336235046387,-1.7519570589065552,8.307281494140625
1752060088194,,,5.2235493659973145
1752060088195,-5.597044944763184,0.4985924959182739,5.659294128417969
1752060088260,-7.866748332977295,-0.6362590789794922,6.995258808135986
1752060088327,,,6.712742805480957
1752060088328,-6.1955952644348145,-0.2388216257095337,6.899490833282471
1752060088393,,,8.40304946899414
1752060088394,-7.83801794052124,-1.4215573072433472,7.560290336608887
1752060088460,,,8.7669677734375
1752060088461,-7.134122371673584,-0.6697779297828674,
1752060088527,,0.24480712413787842,5.994482517242432
1752060088528,-6.554725646972656,,
1752060088594,-6.4398040771484375,-0.5404910445213318,6.664858818054199
1752060088660,,,6.1955952644348145
1752060088661,-6.257844924926758,-0.679354727268219,6.209960460662842
1752060088728,,,5.233126163482666
1752060088729,-7.560290336608887,-1.5029600858688354,5.965752124786377
1752060088793,,,6.0184245109558105
1752060088794,-7.948151111602783,-1.9913772344589233,6.1285576820373535
1752060088860,,-1.3305776119232178,6.458957672119141
1752060088861,-7.9625163078308105,-1.105522632598877,
1752060088928,-6.746262073516846,-0.9666589498519897,6.525995254516602
1752060088994,-6.631340026855469,-0.5165489912033081,6.205172061920166
1752060089060,,,7.320870399475098
1752060089061,-6.4398040771484375,-0.3728969097137451,7.191583156585693
1752060089127,,,7.727884769439697
1752060089128,-5.462969779968262,-0.24839842319488525,
1752060089194,,,8.024765968322754
1752060089195,-6.004059314727783,-1.0193313360214233,8.331223487854004
1752060089893,,-0.9187749028205872,6.899490833282471
1752060089894,-6.138134479522705,-0.760757565498352,
1752060089898,-7.900267124176025,-0.9475052952766418,5.927444934844971
1752060089968,,,6.736684799194336
1752060089969,-6.071096897125244,-0.17178396880626678,
1752060090034,-5.855618953704834,-0.2148796021938324,7.1436991691589355
1752060090122,,,7.091026782989502
1752060090123,-5.261856555938721,0.048482585698366165,
1752060090126,-4.711190223693848,-0.7511807680130005,8.647257804870605
1752060090192,-4.88836145401001,-1.0480618476867676,8.532336235046387
1752060090258,-8.058284759521484,-1.7423802614212036,8.249820709228516
1752060090325,-8.810063362121582,-1.6466121673583984,7.866748332977295
1752060090519,-8.46051025390625,-1.2731167078018188,
1752060090588,-6.798934459686279,-0.8948329091072083,5.563526153564453
1752060090654,-6.008847713470459,-0.6458359360694885,5.659294128417969
1752060090721,-7.550713539123535,-1.0672154426574707,5.989694118499756
1752060090788,,,6.9473748207092285
1752060090789,-7.043142795562744,-0.535702645778656,7.512406349182129
1752060090855,-6.262633323669434,-0.3345896899700165,7.727884769439697
1752060090922,-6.435015678405762,-0.5404910445213318,8.513182640075684
1752060093080,,,7.943362712860107
1752060093081,-6.281786918640137,-0.5548562407493591,7.062296390533447
1752060093085,-4.083909511566162,0.9056068062782288,5.1565117835998535
1752060093154,-5.122992992401123,1.4083890914916992,4.534019470214844
1752060093221,,,5.917868137359619
1752060093222,-6.473322868347168,0.7715315222740173,5.879560947418213
1752060093321,-7.622539520263672,0.5416881442070007,6.310517311096191
1752060093325,-8.762179374694824,-0.16220717132091522,6.377554893493652
1752060093390,-9.652822494506836,-0.8182184100151062,7.1676411628723145
1752060093456,-9.892242431640625,-0.8756792545318604,7.976881504058838
1752060093523,-9.59057331085205,-0.5069721937179565,8.632892608642578
1752060101322,,,8.144475936889648
1752060101323,,0.14425064623355865,5.4677581787109375
1752060101324,-8.565855026245117,0.46507367491722107,
1752060101325,-8.340800285339355,,
1752060101393,-7.6752119064331055,0.7811083197593689,5.946598529815674
1752060101458,,0.7571662664413452,6.339247703552246
1752060101459,-7.440580368041992,,
1752060101525,-7.292140007019043,0.7715315222740173,5.568314552307129
1752060101592,,,6.133346080780029
1752060101593,-7.948151111602783,0.5464765429496765,5.783792972564697
1752060101658,,,5.750273704528809
1752060101659,-7.249044418334961,0.5560533404350281,5.716754913330078
1752060101725,,0.14425064623355865,5.371990203857422
1752060101726,-7.665635108947754,,
1752060103903,-8.33601188659668,-0.0520738884806633,5.170876979827881
1752060103904,,,5.185242176055908
1752060103909,-7.110180377960205,0.5033808946609497,6.219537258148193
1752060103978,,,6.789357662200928
1752060103979,-7.622539520263672,0.5033808946609497,6.468534469604492
1752060104044,,0.7571662664413452,5.8891377449035645
1752060104045,-7.981669902801514,,
1752060104389,,,5.9753289222717285
1752060104390,-7.512406349182129,0.800261914730072,5.252279758453369
1752060104395,,,6.0184245109558105
1752060104396,-8.829216957092285,0.14903905987739563,5.98490571975708
1752060104465,-7.493252754211426,0.48901569843292236,5.89392614364624
1752060104531,,,5.999270915985107
1752060104532,-7.684788703918457,0.25917232036590576,6.004059314727783
1752060104597,,,5.491700172424316
1752060104598,-7.27298641204834,0.7044938206672668,
1752060104664,-8.838793754577637,0.3166331648826599,6.118980884552002
1752060104731,-7.110180377960205,1.1019313335418701,5.54437255859375
1752060104821,-7.646481513977051,0.6326677799224854,5.922656536102295
1752060104886,-7.402273178100586,0.5033808946609497,6.0854620933532715
1752060104952,,,6.214748859405518
1752060104953,-7.8332295417785645,0.44592007994651794,6.032789707183838
1752060105019,-7.5219831466674805,0.3214215636253357,6.056731700897217
1752060105020,-7.502829551696777,,
1752060105085,,,5.826888561248779
1752060105086,-7.531559944152832,0.4076128304004669,6.0854620933532715
1752060105152,,,6.478111267089844
1752060105153,-8.790909767150879,0.28790274262428284,5.946598529815674
1752060105223,-7.751826763153076,0.7140706777572632,6.870760440826416
1752060105288,-7.162852764129639,0.6997054219245911,6.952163219451904
1752060105354,-6.4828996658325195,0.9726444482803345,5.913079738616943
1752060105421,-7.009624004364014,0.517746090888977,5.9753289222717285
1752060105488,-8.06307315826416,0.39803603291511536,6.3296709060668945
1752060105554,-7.680000305175781,0.618302583694458,6.209960460662842
1752060105620,,,5.735908508300781
1752060105621,-8.02955436706543,0.30226796865463257,5.45339298248291
1752060105689,-7.785345554351807,0.5656301379203796,6.07588529586792
1752060110197,,0.8242039084434509,5.846042156219482
1752060110198,-6.602609634399414,0.3357867896556854,6.147711277008057
1752060110200,,0.6278793811798096,5.482123374938965
1752060110201,-8.067861557006836,,
1752060110270,,,5.295375823974609
1752060110271,-7.469310760498047,0.4985924959182739,5.304952621459961
1752060110336,,,5.654505729675293
1752060110337,-8.177994728088379,0.10115502029657364,
1752060110451,-8.139687538146973,0.16340427100658417,5.8651957511901855
1752060110519,-8.498817443847656,-0.018555063754320145,6.64091682434082
1752060110586,,,5.994482517242432
1752060110587,-7.526771545410156,0.536899745464325,6.39192008972168
1752060110653,-7.89547872543335,0.18734627962112427,5.903502941131592
1752060110719,,,5.745485305786133
1752060110720,-8.580220222473145,0.0867898091673851,5.170876979827881
1752060112422,-7.191583156585693,0.3645172119140625,5.142146587371826
1752060112424,-6.980893611907959,0.5847837924957275,5.884349346160889
1752060112490,,,6.257844924926758
1752060112494,-6.933009624481201,0.4842272996902466,6.367978096008301
1752060112555,-6.430227279663086,0.7811083197593689,5.922656536102295
1752060112621,-7.3017168045043945,0.4794389009475708,5.405508995056152
1752060112689,-7.584232330322266,0.3645172119140625,5.711966514587402
1752060112797,-7.459733963012695,-0.04249707981944084,5.903502941131592
1752060112800,,,6.4398040771484375
1752060112801,-7.531559944152832,-0.04728548228740692,6.880337238311768
1752060112865,,,7.08144998550415
1752060112866,-7.153275966644287,-0.018555063754320145,
1752060112933,-7.13891077041626,-0.15263035893440247,6.64091682434082
1752060112998,,,5.697601318359375
1752060112999,-6.7031660079956055,0.12509703636169434,
1752060113534,-7.751826763153076,-0.24361002445220947,5.501276969909668
1752060113538,-8.307281494140625,-0.33937808871269226,6.262633323669434
1752060113602,-7.8332295417785645,0.07721300423145294,6.243479251861572
1752060113670,-7.6081743240356445,-0.04249707981944084,6.1285576820373535
1752060113736,,0.14903905987739563,5.917868137359619
1752060113737,-7.622539520263672,,
1752060113802,-7.814075946807861,-0.12389993667602539,6.324882507324219
1752060121886,,,5.89392614364624
1752060121887,,-0.06165069341659546,6.612186431884766
1752060121888,-7.83801794052124,0.16819266974925995,
1752060121889,-7.909843921661377,,
1752060121953,-7.158064365386963,-0.0520738884806633,6.7941460609436035
1752060121954,-7.071873188018799,,
1752060122019,-7.105391979217529,-0.013766659423708916,6.502053260803223
1752060122086,-7.062296390533447,0.12988543510437012,6.267421722412109
1752060122152,,,6.315305709838867
1752060122153,-7.17242956161499,0.12509703636169434,6.367978096008301
1752060122220,,0.02454056777060032,6.521206855773926
1752060122221,-7.474099159240723,,
1752060126090,,,6.631340026855469
1752060126091,-7.536348342895508,0.1107318252325058,6.406285285949707
1752060126094,-6.4828996658325195,0.2974795699119568,7.244256019592285
1752060126158,-6.243479251861572,-0.08559270948171616,7.641693115234375
1752060126225,,,7.7470383644104
1752060126226,-6.492476463317871,-0.3489548861980438,
1752060126292,-6.813299655914307,-0.2867056429386139,7.632116317749023
1752060126359,-6.626551628112793,-0.13347674906253815,7.431003570556641
1752060126425,-6.229114055633545,-0.018555063754320145,7.474099159240723
1752060126509,,,7.6081743240356445
1752060126510,-6.554725646972656,-0.076015904545784,
1752060126574,-5.8221001625061035,-0.12389993667602539,7.560290336608887
1752060126641,-6.535572052001953,-0.166995570063591,7.17242956161499
1752060126708,-6.564302444458008,-0.07122749835252762,7.13891077041626
1752060127439,-6.377554893493652,0.1346738487482071,6.755838871002197
1752060127443,,0.24001872539520264,8.455721855163574
1752060127444,-5.8891377449035645,,
1752060127508,-5.6640825271606445,-0.7224503755569458,8.661623001098633
1752060127575,-5.913079738616943,-0.4878185987472534,8.06307315826416
1752060136991,-6.569090843200684,-0.11432313174009323,7.531559944152832
1752060136992,-8.034342765808105,-0.7846996188163757,7.756615161895752
1752060136993,-8.048707962036133,-0.9235633015632629,6.186018466949463
1752060136994,-7.967304706573486,-1.8716671466827393,4.811747074127197
1752060137059,-7.732673168182373,-0.7751228213310242,6.267421722412109
1752060137125,,,6.353612899780273
1752060137126,-7.517194747924805,-0.6985083222389221,
1752060137192,,,6.142922878265381
1752060137193,-7.502829551696777,-0.7751228213310242,6.142922878265381
1752060137260,-7.713519096374512,-0.9044097065925598,6.209960460662842
1752060137719,-7.569867134094238,-0.9858125448226929,5.8221001625061035
1752060137723,-7.30650520324707,-0.7942764163017273,6.118980884552002
1752060137789,-7.861959934234619,-1.1294646263122559,5.836465358734131
1752060137854,,,4.864419460296631
1752060137855,-8.465298652648926,-1.1773487329483032,4.873996257781982
1752060154521,,,5.381567001342773
1752060154522,,,6.583456039428711
1752060154523,,-1.0432734489440918,7.292140007019043
1752060154524,,-1.2970588207244873,
1752060154525,-8.498817443847656,-2.206855535507202,
1752060154526,-6.60739803314209,,
1752060154587,-6.712742805480957,-1.909974455833435,7.239467620849609
1752060154654,-6.693589210510254,-1.8525135517120361,7.201159954071045
1752060154721,-6.8372416496276855,-1.2348095178604126,7.023989200592041
1752060154787,-6.468534469604492,-1.2970588207244873,7.196371555328369
1752060154848,-6.660070419311523,-1.4598644971847534,6.913856029510498
1752060154913,,,6.913856029510498
1752060154914,-6.602609634399414,-1.4071919918060303,6.985682010650635
1752060154980,-6.497264862060547,-1.469441294670105,7.028777599334717
1752060155046,-6.798934459686279,-1.6609774827957153,7.019200801849365
1752060155311,-6.712742805480957,-1.5987281799316406,7.067084789276123
1752060155381,-7.033565998077393,-1.2731167078018188,6.808511257171631
1752060155446,,,6.727108001708984
1752060155447,-6.889914035797119,-1.2779051065444946,6.7749924659729
1752060155563,,,6.976105213165283
1752060155564,-6.712742805480957,-1.1725603342056274,6.995258808135986
1752060155632,-7.153275966644287,-0.6171054840087891,6.684012413024902
1752060155699,,,6.631340026855469
1752060155700,-7.1436991691589355,-0.7846996188163757,
1752060155765,,,6.880337238311768
1752060155766,-6.856395244598389,-0.9666589498519897,6.851606845855713
1752060157338,,-0.9379284977912903,6.818088054656982
1752060157339,-6.798934459686279,-0.8134300112724304,
1752060157344,-7.158064365386963,-0.5835866928100586,6.39192008972168
1752060157412,,,6.348824501037598
1752060157413,-7.27298641204834,-0.6841431260108948,6.363189697265625
1752060157479,,,6.276998519897461
1752060157480,-7.249044418334961,-0.5931634902954102,6.257844924926758
1752060157540,,-0.7368155717849731,6.530783653259277
1752060157541,-7.196371555328369,,
1752060157605,-7.531559944152832,-0.7320271730422974,6.487688064575195
1752060157671,-7.536348342895508,-0.8134300112724304,6.473322868347168
1752060157739,-7.507617950439453,-0.6266822814941406,6.310517311096191
1752060157805,-7.019200801849365,-0.641047477722168,6.564302444458008
1752060160613,,,6.2386908531188965
1752060160614,-7.114968776702881,-0.5883750915527344,6.267421722412109
1752060160618,,-2.015319347381592,7.000047206878662
1752060160619,-6.554725646972656,-2.120664119720459,
1752060160687,,,7.13891077041626
1752060160688,-6.770204067230225,-2.144606113433838,6.9042792320251465
1752060160753,-6.310517311096191,-1.9434932470321655,6.86597204208374
1752060160821,-6.444592475891113,-2.2451627254486084,6.870760440826416
1752060160887,-7.114968776702881,-2.1110873222351074,6.717531204223633
1752060163781,-6.942586421966553,-2.0823569297790527,6.688800811767578
1752060163782,-6.889914035797119,,
1752060163783,,,6.5930328369140625
1752060163785,-7.598597526550293,-2.2834699153900146,8.259397506713867
1752060163854,,,6.051943302154541
1752060163855,-5.989694118499756,-0.7846996188163757,5.539584159851074
1752060163921,,,4.8500542640686035
1752060163922,-4.428674697875977,0.292691171169281,4.620210647583008
1752060166161,,0.5033808946609497,4.639364242553711
1752060166162,-4.567538261413574,-0.8565256595611572,8.867524147033691
1752060166166,,,6.588244438171387
1752060166167,-6.69837760925293,-1.0863690376281738,
1752060166235,-7.0575079917907715,-1.268328309059143,6.727108001708984
1752060166303,,-1.0767922401428223,6.578667640686035
1752060166304,-7.201159954071045,-1.1677719354629517,
1752060166368,,-0.3250128924846649,6.51641845703125
1752060166369,-7.6752119064331055,,
1752060166435,-7.957727909088135,0.7811083197593689,6.344036102294922
1752060166502,-7.996035099029541,1.0301052331924438,5.716754913330078
1752060166568,-7.158064365386963,,
1752060166569,-6.588244438171387,,
1752060166636,-6.16686487197876,-1.9722236394882202,6.420650482177734
1752060166701,,,6.650493621826172
1752060166702,-6.272210121154785,-2.0009541511535645,6.736684799194336
1752060166769,-7.091026782989502,-1.0384849309921265,6.5930328369140625
1752060166834,-7.737461566925049,-0.7559691667556763,6.679224014282227
1752060166901,-7.555501937866211,-0.4926069974899292,6.770204067230225
1752060166968,-7.641693115234375,0.2495955228805542,6.770204067230225
1752060167035,-7.215525150299072,0.08200141042470932,6.650493621826172
1752060167102,,,6.147711277008057
1752060167103,-6.679224014282227,-0.535702645778656,
1752060167168,,,6.1285576820373535
1752060167169,-6.827664852142334,-1.268328309059143,
1752060167239,,,6.353612899780273
1752060167240,-6.8611836433410645,-1.1103110313415527,6.616974830627441
1752060167304,,-0.8804676532745361,6.5930328369140625
1752060167305,-7.263409614562988,-0.6458359360694885,
1752060167370,,,6.7031660079956055
1752060167371,-7.440580368041992,-0.6554127335548401,
1752060167437,-7.129333972930908,-0.22445641458034515,6.5930328369140625
1752060168245,-7.282563209533691,-0.45908817648887634,6.885125637054443
1752060168251,-6.913856029510498,-0.7463923692703247,6.473322868347168
1752060168252,-6.885125637054443,,
1752060168319,-6.952163219451904,-0.4878185987472534,6.741473197937012
1752060168388,-7.191583156585693,-0.6218938827514648,6.746262073516846
1752060168453,,,6.722319602966309
1752060168454,-7.282563209533691,-0.8086416125297546,
1752060168520,-7.517194747924805,-0.8086416125297546,6.415862083435059
1752060168587,-7.48846435546875,-0.823006808757782,6.339247703552246
1752060168653,,-0.8373720645904541,6.64091682434082
1752060168654,-7.177217960357666,,
1752060168720,,-0.6314706802368164,6.616974830627441
1752060168721,-7.186794757843018,,
1752060168788,-6.784569263458252,-0.5692214369773865,6.353612899780273
1752060168854,-7.043142795562744,-0.6075286865234375,6.430227279663086
1752060168921,-7.028777599334717,-0.6171054840087891,6.69837760925293
1752060168988,-6.980893611907959,-0.47824180126190186,6.506841659545898
1752060169090,,-0.71766197681427,6.746262073516846
1752060169091,-7.129333972930908,,
1752060169095,-7.325658798217773,-0.7032967209815979,7.000047206878662
1752060169159,,,7.148487567901611
1752060169160,-7.292140007019043,-0.6937199234962463,6.9042792320251465
1752060169226,,,6.712742805480957
1752060169227,-6.693589210510254,-0.43035775423049927,6.736684799194336
1752060169293,-6.937798023223877,-0.6123170852661133,6.770204067230225
1752060176930,,,6.626551628112793
1752060176931,-7.158064365386963,-0.7655459642410278,6.741473197937012
1752060176933,-6.655282020568848,-1.3640964031219482,6.909067630767822
1752060176935,-7.392696380615234,-1.9147628545761108,5.903502941131592
1752060177006,-8.355165481567383,-1.732803463935852,5.233126163482666
1752060177071,-8.326435089111328,-1.6274585723876953,5.506065368652344
1752060177137,,-1.3401544094085693,6.157288074493408
1752060177138,-7.713519096374512,,
1752060177205,-7.292140007019043,-1.1629834175109863,6.004059314727783
1752060177393,,,5.644928932189941
1752060177394,-7.70394229888916,-1.2539631128311157,5.54437255859375
1752060177462,-7.905055522918701,-1.3593080043792725,6.0423665046691895
1752060177529,,-1.6226701736450195,5.76942777633667
1752060177530,-8.024765968322754,,
1752060177595,,,5.755062103271484
1752060177596,-8.058284759521484,-1.24917471408844,5.774216175079346
1752060209089,,-1.349731206893921,5.946598529815674
1752060209090,-7.555501937866211,-1.8285715579986572,5.367201805114746
1752060209091,-7.349600791931152,-0.6697779297828674,6.578667640686035
1752060209092,-7.296928405761719,-0.7416039705276489,6.305728912353516
1752060209093,-7.416638374328613,-1.004966139793396,6.320094108581543
1752060209094,-7.426215171813965,-0.9331400990486145,6.42543888092041
1752060209095,,,6.3296709060668945
1752060209096,-7.2586212158203125,-0.823006808757782,6.348824501037598
1752060209097,,,6.008847713470459
1752060209098,,-0.8325836658477783,6.30094051361084
1752060209099,-7.555501937866211,-0.15263035893440247,6.83245325088501
1752060209102,-7.909843921661377,-0.04249707981944084,6.257844924926758
1752060209144,-6.789357662200928,-0.22924481332302094,6.554725646972656
1752060209211,-7.239467620849609,-0.018555063754320145,6.9904704093933105
1752060209278,-7.244256019592285,-0.2148796021938324,6.789357662200928
1752060209344,-6.933009624481201,-0.43993455171585083,6.339247703552246
1752060209411,-7.36396598815918,-1.0097545385360718,6.104615688323975
1752060209477,,-1.0241197347640991,6.152499675750732
1752060209478,-7.392696380615234,,
1752060209544,-7.023989200592041,-1.0480618476867676,7.186794757843018
1752060209611,,,6.707954406738281
1752060209612,-7.153275966644287,-0.9522937536239624,6.626551628112793
1752060209677,,,6.454169273376465
1752060209678,-7.4118499755859375,-0.9379284977912903,6.597821235656738
1752060209744,-7.392696380615234,-0.9379284977912903,5.98490571975708
1752060209811,,-0.9522937536239624,6.276998519897461
1752060209812,-7.589020729064941,,
1752060209877,,,6.401496887207031
1752060209878,-7.550713539123535,-0.8134300112724304,
1752060209944,-7.498041152954102,-0.7894880175590515,6.626551628112793
1752060210011,-6.952163219451904,-0.7368155717849731,6.444592475891113
1752060210078,-7.095815181732178,-0.6554127335548401,6.420650482177734
1752060210145,-7.560290336608887,-0.8134300112724304,6.209960460662842
1752060214728,-7.531559944152832,-0.7894880175590515,6.525995254516602
1752060214729,-7.330447196960449,-0.41120412945747375,6.564302444458008
1752060214732,-7.61296272277832,-0.04728548228740692,6.353612899780273
1752060214801,-8.297704696655273,-0.4878185987472534,5.391143798828125
1752060214868,-7.761403560638428,-0.06165069341659546,5.2666449546813965
1752060214963,,,5.745485305786133
1752060214964,-8.321646690368652,0.4554968774318695,
1752060214968,-9.403825759887695,0.35494041442871094,5.146934986114502
1752060215033,-10.174758911132812,0.18734627962112427,3.332130193710327
1752060215098,,,3.3033998012542725
1752060215099,-9.456498146057129,0.21128830313682556,4.055179119110107
1752060215165,,,4.16531229019165
1752060215166,-8.829216957092285,0.1586158573627472,
1752060215356,-8.283339500427246,0.2495955228805542,3.935469150543213
1752060215361,,,3.1645359992980957
1752060215362,-9.087791442871094,-0.2579752206802368,3.0783448219299316
1752060215429,,,3.375225782394409
1752060215430,-9.499593734741211,-1.512536883354187,
1752060215497,-9.18355941772461,-1.933916449546814,3.4566287994384766
1752060215563,,,4.055179119110107
1752060215564,-9.207501411437988,-1.8525135517120361,
1752060215630,-9.03511905670166,-1.6992846727371216,4.337695121765137
1752060215697,,,4.3855791091918945
1752060215698,-8.64246940612793,-1.756745457649231,
1752060215764,-8.637681007385254,-1.732803463935852,4.768651008605957
1752060215831,,,4.8309006690979
1752060215832,-8.446145057678223,-1.5795745849609375,
1752060215898,-8.130110740661621,-1.4407109022140503,4.964975833892822
1752060215963,,,4.8309006690979
1752060215964,-8.790909767150879,-1.6226701736450195,
1752060216031,-8.235455513000488,-1.488594889640808,5.065532207489014
1752060216098,-7.996035099029541,-1.1725603342056274,5.151723384857178
1752060216164,,,5.1134161949157715
1752060216165,-8.33601188659668,-1.0576386451721191,5.051167011260986
1752060216230,-8.848370552062988,-1.0576386451721191,4.969764232635498
1752060216297,-8.714295387268066,-1.0145429372787476,4.6058454513549805
1752060216298,-9.150040626525879,,
1752060216364,-8.685564994812012,-0.9331400990486145,4.3424835205078125
1752060216430,,,4.002506732940674
1752060216431,-8.992023468017578,-0.8756792545318604,
1752060216498,,,3.9019501209259033
1752060216499,-9.231443405151367,-0.8900445103645325,3.8349125385284424
1752060216563,,,3.4374752044677734
1752060216564,-9.197924613952637,-0.760757565498352,3.4805707931518555
1752060216631,-9.178771018981934,-0.7463923692703247,3.5859155654907227
1752060216698,-9.327211380004883,-0.6841431260108948,3.538031578063965
1752060216764,-9.011177062988281,-0.497395396232605,3.8588545322418213
1752060216830,-9.150040626525879,-0.47824180126190186,3.9641995429992676
1752060216898,-9.418190956115723,-0.36810851097106934,4.179677486419678
1752060216964,-8.948927879333496,-0.028131870552897453,4.332906723022461
1752060217030,,,4.490923881530762
1752060217031,-8.661623001098633,5.985504249110818E-4,
1752060217097,-8.996811866760254,-0.20051439106464386,4.48134708404541
1752060217163,,,4.6058454513549805
1752060217164,-8.565855026245117,0.1538274586200714,
1752060217229,,,4.869207859039307
1752060217230,-8.623315811157227,0.16819266974925995,4.725555419921875
1752060217298,,,4.668094635009766
1752060217299,-8.814851760864258,0.12509703636169434,4.629787445068359
1752060224660,,0.30705636739730835,4.835689067840576
1752060224661,-8.46051025390625,0.9295487999916077,
1752060224663,,0.838569164276123,5.66887092590332
1752060224664,,-0.41120412945747375,6.765415668487549
1752060224665,-6.995258808135986,-0.9044097065925598,
1752060224733,,,6.693589210510254
1752060224734,-6.645705223083496,-0.29628247022628784,
1752060224799,,,6.30094051361084
1752060224800,-7.680000305175781,-0.5069721937179565,6.310517311096191
1752060224866,,,6.64091682434082
1752060224867,-7.469310760498047,-0.4495113790035248,6.746262073516846
1752060224934,-7.17242956161499,-0.4638765752315521,7.311293601989746
1752060226052,,0.04369417950510979,5.841253757476807
1752060226053,-7.589020729064941,-0.9283517003059387,
1752060226057,-6.51641845703125,-0.961870551109314,6.784569263458252
1752060226126,-7.531559944152832,-0.7990648150444031,6.411073684692383
1752060226195,-6.487688064575195,-1.2348095178604126,6.9473748207092285
1752060255672,,,6.655282020568848
1752060255673,,,7.158064365386963
1752060255674,,-1.2635399103164673,6.540360450744629
1752060255675,,-0.5931634902954102,
1752060255676,-7.253832817077637,0.5273229479789734,
1752060255677,-7.48846435546875,,
1752060255678,-7.727884769439697,,
1752060255679,-8.18757152557373,,
1752060255680,-6.899490833282471,,6.468534469604492
1752060255681,,,6.133346080780029
1752060255682,,,4.926668643951416
1752060255683,,-0.25318682193756104,6.492476463317871
1752060255684,,1.346139907836914,
1752060255685,-6.535572052001953,-1.2826935052871704,
1752060255746,-5.319317817687988,-0.7511807680130005,8.46051025390625
1752060255814,-5.237914562225342,-0.2579752206802368,7.991246700286865
1752060255880,,-0.7559691667556763,7.5219831466674805
1752060255881,-5.812523365020752,-0.961870551109314,
1752060255982,-7.000047206878662,-1.2922704219818115,6.430227279663086
1752060256050,,,6.147711277008057
1752060256051,-7.794922351837158,-1.301847219467163,6.1285576820373535
1752060256118,,-1.2922704219818115,6.42543888092041
1752060256119,-7.349600791931152,,
1752060256186,-7.27298641204834,-0.5213374495506287,6.7510504722595215
1752060256278,,,6.559514045715332
1752060256279,-7.742249965667725,0.0293289702385664,
1752060256283,-7.225101947784424,-0.2148796021938324,6.449380874633789
1752060256347,,,6.597821235656738
1752060256348,-6.9042792320251465,-0.38726213574409485,
1752060256414,-6.492476463317871,-0.6602011322975159,6.257844924926758
1752060256481,,,6.73189640045166
1752060256482,-6.741473197937012,-0.9044097065925598,6.7031660079956055
1752060256547,,-1.2300211191177368,6.310517311096191
1752060256548,-7.311293601989746,-1.2012907266616821,
1752060256614,,,6.588244438171387
1752060256615,-7.531559944152832,-1.24917471408844,6.684012413024902
1752060256681,,,7.196371555328369
1752060256682,-7.0144124031066895,-0.8517372608184814,
1752060258815,,-0.7080851793289185,7.474099159240723
1752060258817,-6.626551628112793,,
1752060258818,-6.497264862060547,1.1019313335418701,7.27298641204834
1752060258882,,1.1354501247406006,7.464522361755371
1752060258883,-6.569090843200684,1.2407950162887573,
1752060258949,-6.846818447113037,1.4227544069290161,7.282563209533691
1752060259015,-7.593809127807617,1.4802151918411255,6.631340026855469
1752060259083,,1.4754267930984497,6.463746070861816
1752060259084,-7.603385925292969,1.3174095153808594,
1752060265798,,,5.927444934844971
1752060265799,,,5.793369770050049
1752060265800,-7.632116317749023,1.4131776094436646,5.908291339874268
1752060265801,-7.8332295417785645,,
1752060265802,-7.699153900146484,-0.32022446393966675,6.525995254516602
1752060265870,-7.651269912719727,-0.43035775423049927,5.989694118499756
1752060265937,-7.383119583129883,-0.3585317134857178,6.061520099639893
1752060266004,,,6.219537258148193
1752060266005,-7.80449914932251,-0.41120412945747375,5.937021732330322
1752060266070,,,6.669647216796875
1752060266071,-8.000823974609375,-0.38726213574409485,6.8611836433410645
1752060266137,,,6.497264862060547
1752060266138,-7.550713539123535,-0.3585317134857178,
1752060266232,-7.80449914932251,,
1752060266236,-7.2107367515563965,-0.09038111567497253,6.032789707183838
1752060266302,-7.354389190673828,-0.3106476664543152,6.229114055633545
1752060266368,-7.5650787353515625,-0.3106476664543152,6.497264862060547
1752060266435,-6.669647216796875,-0.06165069341659546,5.855618953704834
1752060272405,-7.598597526550293,-0.38726213574409485,5.956175327301025
1752060272406,-5.869984149932861,-0.9762357473373413,7.220313549041748
1752060272408,-7.694365501403809,-2.1781249046325684,6.411073684692383
1752060272477,-7.30650520324707,-2.211643934249878,4.706401824951172
1752060272545,-6.664858818054199,-1.6944962739944458,6.444592475891113
1752060272694,-7.08144998550415,-1.3832499980926514,6.4398040771484375
1752060272763,-6.176441669464111,-1.7806875705718994,7.033565998077393
1752060272829,-5.994482517242432,-1.6657658815383911,5.568314552307129
1752060272896,-7.162852764129639,-2.1493945121765137,7.5219831466674805
1752060272963,,,6.9473748207092285
1752060272964,-6.712742805480957,-1.6178817749023438,
1752060273030,-7.296928405761719,-2.168548107147217,7.091026782989502
1752060273096,,,6.684012413024902
1752060273097,-6.813299655914307,-1.8525135517120361,
1752060273164,,,7.253832817077637
1752060273165,-7.9625163078308105,-2.163759708404541,7.182006359100342
1752060273230,-7.7470383644104,-1.8429367542266846,7.153275966644287
1752060273297,,,6.243479251861572
1752060273298,-6.827664852142334,-1.7375918626785278,6.458957672119141
1752060273363,-7.450157165527344,-2.0679917335510254,6.83245325088501
1752060273430,,,6.569090843200684
1752060273431,-7.095815181732178,-1.613093376159668,6.7749924659729
1752060273496,,,6.937798023223877
1752060273497,-6.69837760925293,-1.8525135517120361,7.153275966644287
1752060273564,-6.885125637054443,-1.7471686601638794,6.358401298522949
1752060273631,-6.473322868347168,-1.6274585723876953,5.8651957511901855
1752060273696,,,6.621763229370117
1752060273697,-6.952163219451904,-2.0679917335510254,6.722319602966309
1752060273764,,-1.809417963027954,6.344036102294922
1752060273765,-7.095815181732178,,
1752060273830,,,6.406285285949707
1752060273831,-7.483675956726074,-1.953070044517517,6.3967084884643555
1752060273897,-7.6081743240356445,-2.144606113433838,6.961740016937256
1752060273965,-7.407061576843262,-1.8237831592559814,6.530783653259277
1752060274030,-6.741473197937012,-2.0488381385803223,6.430227279663086
1752060274098,-6.918644428253174,-1.8381483554840088,6.358401298522949
1752060274163,,,6.540360450744629
1752060274164,-7.478887557983398,-1.7998411655426025,5.960963726043701
1752060274231,-6.276998519897461,-1.5987281799316406,6.114192485809326
1752060274297,-6.559514045715332,-1.8189947605133057,6.684012413024902
1752060274364,-7.110180377960205,-1.909974455833435,6.889914035797119
1752060274430,-5.994482517242432,-1.732803463935852,6.502053260803223
1752060274496,,,6.444592475891113
1752060274497,-6.894702434539795,-1.9482816457748413,6.69837760925293
1752060274564,-7.938574314117432,-1.933916449546814,6.784569263458252
1752060274629,-7.39748477935791,-1.9865888357162476,7.526771545410156
1752060274696,,,7.344812393188477
1752060274697,-7.57944393157959,-1.9243396520614624,6.851606845855713
1752060274763,-7.641693115234375,-2.0919337272644043,6.9904704093933105
1752060274830,,-2.077568531036377,6.506841659545898
1752060274831,-7.215525150299072,,
1752060274897,-7.431003570556641,-1.7615338563919067,6.976105213165283
1752060274964,-6.727108001708984,-1.6083049774169922,6.664858818054199
1752060275031,-6.262633323669434,-1.6083049774169922,6.0854620933532715
1752060275095,-7.603385925292969,-2.182913303375244,7.1436991691589355
1752060275096,-6.73189640045166,,
1752060275161,-7.483675956726074,-1.8285715579986572,7.095815181732178
1752060275229,,,6.827664852142334
1752060275230,-6.976105213165283,-1.9913772344589233,
1752060275295,-7.7230963706970215,-2.235585927963257,6.985682010650635
1752060275362,-6.693589210510254,-1.4119805097579956,5.846042156219482
1752060275429,-7.062296390533447,-2.1254525184631348,6.588244438171387
1752060276356,,-1.6609774827957153,5.980117321014404
1752060276357,-7.04793119430542,-2.2451627254486084,
1752060276361,-7.062296390533447,-1.8525135517120361,5.482123374938965
1752060276427,-7.1676411628723145,-2.1254525184631348,6.20038366317749
1752060276491,-7.129333972930908,-1.790264368057251,6.525995254516602
1752060276557,,,6.473322868347168
1752060276558,-7.483675956726074,-1.9195512533187866,6.276998519897461
1752060276625,,,6.30094051361084
1752060276626,-6.880337238311768,-1.977012038230896,
1752060284982,,,6.353612899780273
1752060284983,,-2.2691047191619873,7.627327919006348
1752060284984,-7.761403560638428,-2.053626537322998,
1752060284985,-6.42543888092041,,
1752060284986,-7.589020729064941,0.5512649416923523,6.224325656890869
1752060285055,-7.435791969299316,1.0109516382217407,6.463746070861816
1752060285122,,,5.692812919616699
1752060285123,-7.790133953094482,0.9343371987342834,5.673659324645996
1752060285189,,,5.980117321014404
1752060285190,-7.751826763153076,0.8433575630187988,
1752060285256,-8.221090316772461,0.9391255974769592,5.980117321014404
1752060286194,,,3.935469150543213
1752060286195,-5.817311763763428,1.8154034614562988,4.936245441436768
1752060286199,-7.526771545410156,0.25917232036590576,5.735908508300781
1752060286263,,0.37888240814208984,6.621763229370117
1752060286264,-6.746262073516846,,
1752060286332,-6.367978096008301,0.0293289702385664,7.335235595703125
1752060286397,-6.315305709838867,-0.18136078119277954,7.08144998550415
1752060319091,,-0.06643909960985184,7.737461566925049
1752060319092,-6.655282020568848,0.6422445774078369,
1752060319093,-8.321646690368652,,6.980893611907959
1752060319094,-8.259397506713867,-0.8421604633331299,5.86040735244751
1752060319095,-7.976881504058838,-0.076015904545784,7.421426773071289
1752060319096,-4.950610637664795,-0.6506243348121643,7.67042350769043
1752060319097,-6.051943302154541,-0.166995570063591,6.569090843200684
1752060319098,-7.957727909088135,-1.3736732006072998,5.276222229003906
1752060319100,,-1.1390414237976074,5.472546577453613
1752060319101,-7.593809127807617,-1.8860323429107666,
1752060319102,-7.742249965667725,-1.4071919918060303,6.42543888092041
1752060319170,-6.214748859405518,-0.6362590789794922,6.10940408706665
1752060319238,,,6.377554893493652
1752060319239,-7.36396598815918,-1.4502876996994019,
1752060319304,-7.201159954071045,-1.24917471408844,5.166088581085205
1752060319371,-8.216301918029785,-1.9147628545761108,5.999270915985107
1752060319438,-7.732673168182373,-1.7806875705718994,5.558737754821777
1752060319504,-7.445368766784668,-1.2300211191177368,5.980117321014404
1752060319505,-7.08144998550415,,
1752060319570,-6.411073684692383,-1.1629834175109863,6.803722858428955
1752060319638,,,7.282563209533691
1752060319639,-7.095815181732178,-1.933916449546814,7.909843921661377
1752060319705,,,7.407061576843262
1752060319706,-7.569867134094238,-1.809417963027954,7.3017168045043945
1752060319771,,-1.6753426790237427,6.521206855773926
1752060319772,-7.814075946807861,,
1752060319839,-7.665635108947754,-1.809417963027954,6.885125637054443
1752060319905,-6.856395244598389,-1.5221136808395386,6.569090843200684
1752060319972,-6.8611836433410645,-1.268328309059143,5.477334976196289
1752060320039,,,5.95138692855835
1752060320040,-7.325658798217773,-1.4646528959274292,
1752060320105,-6.492476463317871,-0.9187749028205872,5.477334976196289
1752060320172,-7.632116317749023,-0.9235633015632629,6.545148849487305
1752060320239,-6.765415668487549,-0.4926069974899292,6.502053260803223
1752060320305,-7.651269912719727,-1.4790180921554565,5.850830554962158
1752060323945,,,5.764639377593994
1752060323946,-7.909843921661377,-1.5173252820968628,5.783792972564697
1752060323947,-6.875548839569092,,6.008847713470459
1752060323950,-6.899490833282471,-1.977012038230896,8.36953067779541
1752060324015,-6.233902454376221,-1.5269020795822144,7.435791969299316
1752060324080,,,8.082226753234863
1752060324081,-7.943362712860107,-1.488594889640808,7.39748477935791
1752060324175,-8.206725120544434,-1.7375918626785278,7.162852764129639
1752060324179,-7.890690326690674,-2.0632033348083496,6.540360450744629
1752060324243,,-1.68970787525177,5.1565117835998535
1752060324244,-6.142922878265381,,
1752060324310,-6.798934459686279,-2.475006103515625,5.13735818862915
1752060324377,-7.387907981872559,-2.451063871383667,4.4526166915893555
1752060324444,-8.556278228759766,-2.5133132934570312,4.567538261413574
1752060324510,-7.866748332977295,-1.9243396520614624,5.391143798828125
1752060324577,,,6.73189640045166
1752060324578,-7.387907981872559,-1.8429367542266846,6.92343282699585
1752060324643,,,7.387907981872559
1752060324644,-6.60739803314209,-0.9379284977912903,7.790133953094482
1752060324710,-6.530783653259277,-1.4598644971847534,7.617751121520996
1752060324777,,-1.5939397811889648,7.349600791931152
1752060324778,-6.707954406738281,,
1752060324843,,,6.348824501037598
1752060324844,-6.918644428253174,-2.4223334789276123,
1752060324910,-8.048707962036133,-2.4414870738983154,5.506065368652344
1752060324978,-7.622539520263672,-2.5516204833984375,5.7790045738220215
1752060325044,-7.680000305175781,-2.340930700302124,6.1716532707214355
1752060325111,-6.9904704093933105,-1.8189947605133057,6.099827289581299
1752060325177,,-2.0392613410949707,5.917868137359619
1752060325178,-6.9473748207092285,,
1752060325243,-7.57944393157959,-2.1254525184631348,6.1716532707214355
1752060325310,,,6.8372416496276855
1752060325311,-7.225101947784424,-2.1733365058898926,6.6361284255981445
1752060325378,-6.7749924659729,-1.6849194765090942,6.5499372482299805
1752060325444,-7.04793119430542,-2.010530948638916,7.134122371673584
1752060325510,,-2.18770170211792,6.870760440826416
1752060325511,-6.73189640045166,,
1752060325578,,,6.028001308441162
1752060325579,-6.497264862060547,-2.455852508544922,5.965752124786377
1752060325643,,-2.690484046936035,6.1716532707214355
1752060325644,-6.51641845703125,,
1752060325710,,-3.0208840370178223,6.545148849487305
1752060325711,-6.846818447113037,,
1752060327668,,,6.717531204223633
1752060327669,-7.182006359100342,-3.0208840370178223,6.30094051361084
1752060327673,-6.569090843200684,-1.9674352407455444,6.693589210510254
1752060327741,-6.899490833282471,-1.8908207416534424,7.129333972930908
1752060327807,,,6.5930328369140625
1752060327808,-6.707954406738281,-2.0248961448669434,
1752060327875,-7.464522361755371,-2.297835111618042,6.4398040771484375
1752060327941,-7.737461566925049,-2.278681516647339,6.276998519897461
1752060328097,-7.000047206878662,-2.1493945121765137,6.554725646972656
1752060328165,,,7.0575079917907715
1752060328166,-6.889914035797119,-2.2164323329925537,6.95695161819458
1752060328232,,,6.880337238311768
1752060328233,-7.196371555328369,-1.9243396520614624,
1752060328299,,,6.870760440826416
1752060328300,-6.5499372482299805,-1.5987281799316406,6.616974830627441
1752060328366,-6.1955952644348145,-1.8812439441680908,6.803722858428955
1752060328433,-6.684012413024902,-2.2020668983459473,7.292140007019043
1752060328500,-7.091026782989502,-2.029684543609619,6.875548839569092
1752060328567,-6.976105213165283,-1.9865888357162476,6.406285285949707
1752060328634,-7.1436991691589355,-1.876455545425415,6.324882507324219
1752060328700,-7.091026782989502,-1.8189947605133057,6.664858818054199
1752060328767,-6.660070419311523,-1.8812439441680908,7.129333972930908
1752060328833,-6.583456039428711,-1.8908207416534424,6.645705223083496
1752060328900,,-2.1972784996032715,6.4828996658325195
1752060328901,-7.263409614562988,-2.182913303375244,
1752060328965,,,6.458957672119141
1752060328966,-7.39748477935791,-2.058414936065674,6.583456039428711
1752060329033,-7.17242956161499,-2.101510524749756,6.6361284255981445
1752060329101,,-1.953070044517517,6.736684799194336
1752060329102,-6.784569263458252,-1.8956091403961182,
1752060329166,,,7.000047206878662
1752060329168,-6.530783653259277,-1.7854759693145752,
1752060329232,-6.5930328369140625,-1.7280150651931763,7.038354396820068
1752060329233,-6.602609634399414,,
1752060329300,-6.784569263458252,-1.6561890840530396,7.038354396820068
1752060329365,,,6.5499372482299805
1752060329366,-6.789357662200928,-1.4933832883834839,6.621763229370117
1752060329432,-7.392696380615234,-1.5556325912475586,6.688800811767578
1752060329499,,-1.2635399103164673,6.7749924659729
1752060329500,-7.0575079917907715,,
1752060329565,,-1.0959458351135254,6.521206855773926
1752060329566,-6.899490833282471,-1.2635399103164673,
1752060329632,-7.531559944152832,-1.7423802614212036,6.660070419311523
1752060329699,,,6.492476463317871
1752060329700,-8.019977569580078,-1.8429367542266846,6.16686487197876
1752060329765,,,6.10940408706665
1752060329766,-7.9864583015441895,-1.6944962739944458,
1752060329832,-7.033565998077393,-1.3449428081512451,5.764639377593994
1752060329900,-6.880337238311768,-1.4071919918060303,5.8891377449035645
1752060329966,-6.746262073516846,-1.368884801864624,6.0423665046691895
1752060330032,-7.36396598815918,-1.4790180921554565,6.147711277008057
1752060330033,-7.2107367515563965,,
1752060330099,,,6.276998519897461
1752060330100,-7.119757175445557,-1.3545196056365967,6.588244438171387
1752060330166,-6.92343282699585,-1.5747861862182617,6.755838871002197
1752060380107,,-1.7806875705718994,7.220313549041748
1752060380108,-7.110180377960205,-1.8860323429107666,
1752060380109,,,7.114968776702881
1752060380116,,,7.435791969299316
1752060380117,,,9.241020202636719
1752060380118,,-2.2451627254486084,6.013636112213135
1752060380119,-4.998494625091553,-1.062427043914795,
1752060380121,-5.180453777313232,,
1752060380122,-7.8332295417785645,,
1752060380123,-7.636904716491699,,6.545148849487305
1752060380124,,,6.60739803314209
1752060380125,,,6.458957672119141
1752060380126,,-0.09516951441764832,6.60739803314209
1752060380127,,-0.09038111567497253,
1752060380128,-7.431003570556641,-0.4016273319721222,
1752060380129,-7.320870399475098,,
1752060380130,-7.751826763153076,,6.521206855773926
1752060380131,,0.22086510062217712,6.095038890838623
1752060380132,-8.12053394317627,0.16819266974925995,
1752060380196,-8.173206329345703,0.07721300423145294,5.530007362365723
1752060380255,-7.83801794052124,0.25917232036590576,5.75985050201416
1752060380322,-7.742249965667725,0.1346738487482071,6.0184245109558105
1752060380389,-7.871536731719971,0.14425064623355865,5.812523365020752
1752060380455,-7.881113529205322,0.12509703636169434,5.8651957511901855
1752060380523,-7.83801794052124,0.01496376097202301,5.640140533447266
1752060380590,,,5.462969779968262
1752060380591,-8.225878715515137,0.2687491476535797,
1752060380656,-7.589020729064941,0.33099839091300964,5.644928932189941
1752060380723,-7.828441143035889,0.4411316514015198,5.937021732330322
1752060380791,-7.541136741638184,-0.11432313174009323,6.358401298522949
1752060380856,-8.33601188659668,-0.07122749835252762,5.348048210144043
1752060380923,,,5.8651957511901855
1752060380924,-8.101380348205566,0.03890577703714371,6.157288074493408
1752060380990,,0.14903905987739563,6.454169273376465
1752060380991,-7.196371555328369,0.07721300423145294,
1752060381056,,0.2687491476535797,6.33445930480957
1752060381057,-7.665635108947754,0.3693056106567383,
1752060381123,,,6.138134479522705
1752060381124,-7.828441143035889,0.23044191300868988,6.262633323669434
1752060381191,-7.335235595703125,0.03890577703714371,6.344036102294922
1752060381257,-7.61296272277832,0.18734627962112427,6.095038890838623
1752060381323,-7.680000305175781,0.33099839091300964,5.994482517242432
1752060381391,-7.770980358123779,0.24480712413787842,6.147711277008057
1752060381392,-7.555501937866211,,
1752060381457,-7.790133953094482,0.19692309200763702,6.032789707183838
1752060381524,-7.780557155609131,0.30705636739730835,6.07588529586792
1752060381590,-7.737461566925049,0.41718965768814087,5.970540523529053
1752060381591,-7.909843921661377,,
1752060381657,-7.57944393157959,0.30226796865463257,5.999270915985107
1752060381724,-7.742249965667725,0.4411316514015198,5.999270915985107
1752060381790,,,5.831676959991455
1752060381791,-8.019977569580078,0.579995334148407,5.6209869384765625
1752060381857,-8.30249309539795,0.517746090888977,5.917868137359619
1752060381858,-8.110957145690918,,
1752060381923,-7.9625163078308105,0.6853402256965637,5.606621742248535
1752060381991,-7.80449914932251,0.718859076499939,5.573102951049805
1752060382056,,1.0444705486297607,5.644928932189941
1752060382057,-7.89547872543335,,
1752060382123,-8.489240646362305,1.183334231376648,5.601833343505859
1752060382191,-7.924209117889404,1.1785458326339722,5.630563735961914
1752060382256,,,5.697601318359375
1752060382257,-7.680000305175781,1.1785458326339722,
1752060382324,-7.742249965667725,1.0875661373138428,5.19481897354126
1752060382390,,,5.367201805114746
1752060382391,-8.680776596069336,0.8912416100502014,5.022436618804932
1752060382457,-8.58500862121582,0.8337807655334473,5.587468147277832
1752060382524,-8.33601188659668,0.8050503134727478,5.788581371307373
1752060382590,,,5.1996073722839355
1752060382591,-7.684788703918457,1.0109516382217407,5.616198539733887
1752060382655,,,5.161300182342529
1752060382656,-7.70394229888916,0.9965864419937134,5.496488571166992
1752060382724,-8.254609107971191,1.0732009410858154,5.534795761108398
1752060382791,-8.130110740661621,1.058835744857788,6.320094108581543
1752060382857,-7.938574314117432,0.9391255974769592,6.315305709838867
1752060382924,-7.914632320404053,1.1976994276046753,5.702389717102051
1752060382990,,,5.367201805114746
1752060382991,-8.149264335632324,1.245583415031433,5.343259811401367
1752060383056,,,5.094262599945068
1752060383057,-7.866748332977295,0.9774328470230103,
1752060383123,-8.225878715515137,0.5608417391777039,5.324106216430664
1752060383190,-7.646481513977051,0.718859076499939,4.945822238922119
1752060383256,-8.326435089111328,0.7428010702133179,5.118204593658447
1752060383323,-8.06307315826416,-0.22924481332302094,5.54437255859375
1752060383390,-8.240243911743164,0.04369417950510979,5.252279758453369
1752060383391,-8.996811866760254,,
1752060383456,-7.732673168182373,-0.3058592677116394,6.411073684692383
1752060383523,-6.985682010650635,-0.12868833541870117,6.92343282699585
1752060383590,-7.541136741638184,-0.17178396880626678,6.669647216796875
1752060383656,-7.0144124031066895,-0.12868833541870117,6.4828996658325195
1752060383723,-7.7183074951171875,-0.3298012912273407,6.257844924926758
1752060383791,-7.354389190673828,-0.2388216257095337,6.42543888092041
1752060383856,,,6.506841659545898
1752060383857,-7.244256019592285,-0.21966800093650818,
1752060383922,,,6.123769283294678
1752060383923,-7.1676411628723145,-0.17657238245010376,
1752060383991,-7.234679222106934,-0.06643909960985184,6.056731700897217
1752060384057,-7.8092875480651855,-0.2819172441959381,6.095038890838623
1752060384123,-8.273762702941895,-0.20051439106464386,6.468534469604492
1752060384191,-8.522759437561035,0.12509703636169434,6.545148849487305
1752060384257,-8.474875450134277,0.656609833240509,5.917868137359619
1752060384323,,0.8577227592468262,5.640140533447266
1752060384324,-7.8092875480651855,0.9247604012489319,
1752060384391,-7.383119583129883,1.0396820306777954,5.032013416290283
1752060384456,-6.73189640045166,0.6087257862091064,5.764639377593994
1752060384523,,,6.028001308441162
1752060384524,-7.325658798217773,0.1586158573627472,
1752060384590,-7.751826763153076,0.03890577703714371,6.30094051361084
1752060384591,-8.364742279052734,,
1752060384657,-8.024765968322754,-0.004189853090792894,6.487688064575195
1752060384723,-8.288127899169922,0.2687491476535797,6.5499372482299805
1752060384724,-8.015189170837402,,
1752060384790,,,6.5930328369140625
1752060384791,-7.8092875480651855,0.24480712413787842,6.650493621826172
1752060384855,,0.1586158573627472,6.229114055633545
1752060384856,-7.201159954071045,,
1752060384922,-7.30650520324707,-0.0520738884806633,5.884349346160889
1752060384990,,,5.793369770050049
1752060384991,-7.182006359100342,0.0867898091673851,
1752060385056,,,5.616198539733887
1752060385057,-7.7230963706970215,0.25917232036590576,5.711966514587402
1752060385124,-7.780557155609131,0.2735375463962555,5.956175327301025
1752060385190,-7.7183074951171875,0.25917232036590576,6.310517311096191
1752060385257,-7.83801794052124,0.048482585698366165,6.688800811767578
1752060385323,-7.8092875480651855,0.08200141042470932,6.578667640686035
1752060385391,-7.148487567901611,0.30226796865463257,6.209960460662842
1752060385456,,,6.0423665046691895
1752060385457,-6.880337238311768,0.7571662664413452,
1752060385523,,,6.73189640045166
1752060385524,-7.253832817077637,0.9151836037635803,6.851606845855713
1752060385590,,,6.746262073516846
1752060385591,-8.000823974609375,1.5328876972198486,6.262633323669434
1752060385656,,,5.903502941131592
1752060385657,,,5.606621742248535
1752060385658,-8.953716278076172,2.543240785598755,
1752060385724,-8.364742279052734,2.5240871906280518,5.237914562225342
1752060385791,-7.680000305175781,1.9686323404312134,5.060743808746338
1752060385857,-7.3687543869018555,1.7627309560775757,5.257068157196045
1752060385923,-6.9473748207092285,1.3605051040649414,6.123769283294678
1752060385990,,1.5759832859039307,6.281786918640137
1752060385991,-6.8372416496276855,1.6717513799667358,
1752060386056,-6.679224014282227,1.2934675216674805,6.976105213165283
1752060386123,-6.5499372482299805,0.37409400939941406,6.612186431884766
1752060386190,,-0.3489548861980438,7.04793119430542
1752060386191,-7.038354396820068,,
1752060386256,,,7.043142795562744
1752060386257,-7.478887557983398,0.10115502029657364,
1752060386323,-7.909843921661377,-0.11432313174009323,6.69837760925293
1752060386390,,-0.3250128924846649,6.578667640686035
1752060386391,-7.737461566925049,,
1752060386456,-7.110180377960205,0.0628477931022644,6.377554893493652
1752060386523,-7.512406349182129,-0.0999579206109047,6.952163219451904
1752060386590,,,6.645705223083496
1752060386591,-7.474099159240723,-0.262763649225235,6.655282020568848
1752060386656,-7.70394229888916,0.01496376097202301,6.1955952644348145
1752060386723,,,6.257844924926758
1752060386724,-7.493252754211426,-0.07122749835252762,
1752060386790,,-0.3298012912273407,6.214748859405518
1752060386791,-7.186794757843018,,
1752060386857,-6.933009624481201,-0.0999579206109047,5.884349346160889
1752060386923,,,6.291363716125488
1752060386924,-7.732673168182373,-0.09038111567497253,
1752060386991,-7.727884769439697,-0.22445641458034515,6.4828996658325195
1752060387056,,,6.511630058288574
1752060387057,-6.9904704093933105,-0.3585317134857178,6.822876453399658
1752060387123,-7.000047206878662,-0.31543606519699097,7.033565998077393
1752060387191,-7.450157165527344,-0.2819172441959381,6.889914035797119
1752060387256,,,6.243479251861572
1752060387257,-7.028777599334717,0.35494041442871094,6.3296709060668945
1752060387324,-7.205948352813721,-0.17178396880626678,6.684012413024902
1752060387391,-6.243479251861572,0.35494041442871094,6.727108001708984
1752060387456,,,7.153275966644287
1752060387457,-6.578667640686035,0.30226796865463257,7.086238384246826
1752060387524,-6.789357662200928,0.11552023142576218,6.870760440826416
1752060387590,-7.560290336608887,0.3357867896556854,6.573879241943359
1752060387657,-6.765415668487549,0.2735375463962555,7.220313549041748
1752060387722,,0.12988543510437012,6.95695161819458
1752060387723,-6.875548839569092,,
1752060387790,-7.4118499755859375,0.04369417950510979,7.282563209533691
1752060387855,,,7.335235595703125
1752060387856,-6.918644428253174,0.17298106849193573,7.335235595703125
1752060387923,-6.569090843200684,0.22086510062217712,7.383119583129883
1752060387990,,,6.760627269744873
1752060387991,-6.875548839569092,0.35015198588371277,6.660070419311523
1752060388056,-6.712742805480957,0.33099839091300964,6.454169273376465
1752060388123,-6.487688064575195,0.1107318252325058,6.688800811767578
1752060388190,,,6.765415668487549
1752060388191,-6.9042792320251465,-0.04728548228740692,6.8372416496276855
1752060388256,-7.416638374328613,-0.013766659423708916,6.5930328369140625
1752060388323,,-0.008978256024420261,6.7749924659729
1752060388324,-7.483675956726074,,
1752060388390,-7.359177589416504,0.2735375463962555,6.779780864715576
1752060388456,-7.076661586761475,0.3214215636253357,6.856395244598389
1752060388523,,,6.846818447113037
1752060388524,-6.822876453399658,0.44592007994651794,
1752060388590,-6.736684799194336,0.5081692934036255,7.13891077041626
1752060388591,-6.0423665046691895,,
1752060388656,,,7.344812393188477
1752060388657,-6.253056526184082,0.5560533404350281,
1752060388723,-6.928221225738525,0.2256535142660141,7.39748477935791
1752060388724,-6.966528415679932,,
1752060388791,-7.052719593048096,0.4076128304004669,7.440580368041992
1752060388856,,,6.937798023223877
1752060388857,-6.669647216796875,0.26396074891090393,6.899490833282471
1752060388923,,,6.961740016937256
1752060388924,-6.707954406738281,-0.004189853090792894,
1752060388990,-7.320870399475098,0.14425064623355865,6.83245325088501
1752060389056,,0.42197805643081665,7.450157165527344
1752060389057,-6.4828996658325195,,
1752060389124,-6.0184245109558105,0.5895721912384033,7.263409614562988
1752060389190,,0.4554968774318695,7.469310760498047
1752060389191,-6.387131690979004,,
1752060389257,,,7.296928405761719
1752060389258,-7.158064365386963,0.42197805643081665,7.1436991691589355
1752060389323,-6.401496887207031,0.25917232036590576,7.426215171813965
1752060389391,-6.305728912353516,0.3693056106567383,7.153275966644287
1752060389456,-6.736684799194336,0.2017114907503128,6.913856029510498
1752060389523,-7.019200801849365,-0.08559270948171616,7.028777599334717
1752060389591,-6.880337238311768,-0.008978256024420261,6.966528415679932
1752060389656,-7.30650520324707,-0.22924481332302094,7.340023994445801
1752060389723,,-0.10953472554683685,7.148487567901611
1752060389724,-6.741473197937012,-0.17178396880626678,
1752060389791,-6.506841659545898,-0.4638765752315521,6.746262073516846
1752060389856,-6.92343282699585,-0.7128735780715942,6.33445930480957
1752060389923,,,7.1006035804748535
1752060389924,-6.458957672119141,-0.5644330382347107,7.36396598815918
1752060389990,,,7.656058311462402
1752060389991,-6.430227279663086,-0.4495113790035248,
1752060390056,,,7.6752119064331055
1752060390057,-6.564302444458008,0.048482585698366165,
1752060390123,,,7.244256019592285
1752060390124,-6.5499372482299805,0.01496376097202301,7.287351608276367
1752060390191,-7.234679222106934,-0.353743314743042,7.292140007019043
1752060390257,-7.105391979217529,-0.06643909960985184,6.937798023223877
1752060390323,,0.17298106849193573,6.5930328369140625
1752060390324,-7.2586212158203125,,
1752060390391,-7.756615161895752,0.5033808946609497,6.104615688323975
1752060390457,-7.1436991691589355,0.2256535142660141,5.922656536102295
1752060390524,-6.7941460609436035,0.18734627962112427,6.051943302154541
1752060390591,-6.535572052001953,0.2256535142660141,6.3967084884643555
1752060390656,,,6.8372416496276855
1752060390657,-6.894702434539795,0.5321113467216492,6.9904704093933105
1752060390723,-7.043142795562744,0.24480712413787842,7.148487567901611
1752060390790,-7.1436991691589355,0.16819266974925995,7.277774810791016
1752060390856,-6.8611836433410645,0.3405751883983612,7.493252754211426
1752060390923,-6.7941460609436035,0.39803603291511536,7.933785915374756
1752060390990,,0.5895721912384033,7.277774810791016
1752060390991,-6.267421722412109,0.5512649416923523,
1752060391056,,,6.6361284255981445
1752060391057,-6.401496887207031,0.5273229479789734,6.631340026855469
1752060391123,,0.761954665184021,6.645705223083496
1752060391124,-6.454169273376465,,
1752060391190,-6.066308498382568,0.656609833240509,7.023989200592041
1752060391256,,,7.277774810791016
1752060391257,-6.7031660079956055,0.6901286244392395,7.421426773071289
1752060391323,-6.60739803314209,0.5081692934036255,7.67042350769043
1752060391391,-6.980893611907959,0.4602852761745453,7.996035099029541
1752060391456,-6.324882507324219,0.3214215636253357,8.307281494140625
1752060391524,-6.310517311096191,0.3693056106567383,8.321646690368652
1752060391590,,,7.756615161895752
1752060391591,-6.253056526184082,0.761954665184021,
1752060391656,,,7.842806339263916
1752060391657,-5.836465358734131,0.8146271109580994,7.680000305175781
1752060391723,-5.563526153564453,0.8050503134727478,7.660846710205078
1752060391791,,,7.325658798217773
1752060391792,-6.008847713470459,0.6949170231819153,
1752060391856,,0.5033808946609497,7.296928405761719
1752060391857,-6.525995254516602,,
1752060391924,-6.186018466949463,0.4554968774318695,7.459733963012695
1752060391991,-6.660070419311523,0.3932476341724396,7.2586212158203125
1752060392056,,,7.234679222106934
1752060392057,-6.621763229370117,0.5512649416923523,
1752060392124,-6.798934459686279,0.6757634282112122,7.038354396820068
1752060392190,,,7.517194747924805
1752060392191,-6.511630058288574,0.6422445774078369,
1752060392257,-6.650493621826172,0.9151836037635803,7.646481513977051
1752060392323,,,8.115745544433594
1752060392324,-5.994482517242432,0.7284358739852905,7.952939510345459
1752060392390,,,8.292916297912598
1752060392391,-6.10940408706665,0.579995334148407,8.307281494140625
1752060392457,-5.19481897354126,0.7475894689559937,8.565855026245117
1752060392458,-5.309741020202637,,
1752060392523,-5.659294128417969,0.6278793811798096,7.924209117889404
1752060392591,,0.46986207365989685,7.493252754211426
1752060392592,-6.411073684692383,0.536899745464325,
1752060392656,,,7.349600791931152
1752060392657,-6.281786918640137,0.6039373874664307,7.57944393157959
1752060392723,-6.099827289581299,0.618302583694458,7.416638374328613
1752060392791,-6.138134479522705,0.30705636739730835,7.67042350769043
1752060392856,,0.28311434388160706,7.067084789276123
1752060392857,-6.377554893493652,,
1752060392924,-6.415862083435059,0.32620999217033386,7.340023994445801
1752060392990,,,7.043142795562744
1752060392991,-6.722319602966309,0.06763619929552078,
1752060393057,-6.664858818054199,0.37409400939941406,7.574655532836914
1752060393124,-6.880337238311768,0.26396074891090393,7.531559944152832
1752060393190,,,7.387907981872559
1752060393191,-6.497264862060547,0.33099839091300964,
1752060393257,-6.478111267089844,0.22086510062217712,7.57944393157959
1752060393324,-6.5499372482299805,0.19692309200763702,7.316082000732422
1752060393391,-6.92343282699585,0.16340427100658417,6.502053260803223
1752060393457,,,6.597821235656738
1752060393458,-7.30650520324707,0.16819266974925995,
1752060393523,-7.83801794052124,0.03890577703714371,6.186018466949463
1752060393591,-7.196371555328369,0.1825578808784485,6.142922878265381
1752060393656,,,6.827664852142334
1752060393657,-6.827664852142334,0.07721300423145294,
1752060393724,-6.118980884552002,0.30226796865463257,7.04793119430542
1752060393790,,,7.780557155609131
1752060393791,-6.315305709838867,0.2495955228805542,
1752060393856,,0.07242459803819656,6.616974830627441
1752060393857,-7.603385925292969,0.053270988166332245,
1752060393924,-7.421426773071289,0.24480712413787842,7.105391979217529
1752060393990,,,7.426215171813965
1752060393991,-6.784569263458252,0.4602852761745453,
1752060394056,-6.506841659545898,0.30705636739730835,7.095815181732178
1752060394123,-6.028001308441162,0.31184476613998413,7.344812393188477
1752060394191,-6.142922878265381,0.37888240814208984,7.253832817077637
1752060394256,-6.813299655914307,0.1586158573627472,7.234679222106934
1752060394323,,,6.7510504722595215
1752060394324,-6.846818447113037,0.04369417950510979,6.813299655914307
1752060394390,-7.0575079917907715,-0.018555063754320145,6.995258808135986
1752060394456,-6.626551628112793,0.058059390634298325,6.971316814422607
1752060394523,-6.880337238311768,-0.1430535465478897,7.043142795562744
1752060394590,-7.04793119430542,-0.10953472554683685,7.071873188018799
1752060394656,-6.7510504722595215,0.1777694821357727,6.9904704093933105
1752060394723,-6.449380874633789,0.2256535142660141,6.952163219451904
1752060394790,-6.497264862060547,0.010175357572734356,7.253832817077637
1752060394856,-6.746262073516846,0.09636662155389786,7.3017168045043945
1752060394922,-6.430227279663086,-0.09516951441764832,7.373542785644531
1752060394990,,,7.263409614562988
1752060394991,-6.39192008972168,-0.04728548228740692,7.354389190673828
1752060395057,-6.157288074493408,-0.8565256595611572,7.617751121520996
1752060395123,-6.502053260803223,-1.1007342338562012,7.311293601989746
1752060395190,,,6.818088054656982
1752060395191,-7.790133953094482,-0.6745663285255432,6.803722858428955
1752060395256,,-0.24361002445220947,6.358401298522949
1752060395257,-7.13891077041626,-0.3345896899700165,
1752060395322,-7.1676411628723145,-0.4255693554878235,7.627327919006348
1752060395391,-6.411073684692383,-0.08080431073904037,7.431003570556641
1752060395458,-6.51641845703125,-0.5692214369773865,6.478111267089844
1752060395523,-6.626551628112793,-0.7751228213310242,6.650493621826172
1752060395590,,-0.7416039705276489,6.540360450744629
1752060395591,-6.827664852142334,,
1752060395656,,-0.861314058303833,6.92343282699585
1752060395657,-7.186794757843018,,
1752060395723,-6.880337238311768,-0.4734533727169037,6.894702434539795
1752060395724,-6.7941460609436035,,
1752060395791,,-0.578798234462738,7.244256019592285
1752060395792,-6.976105213165283,,
1752060395856,-6.497264862060547,-1.0480618476867676,7.316082000732422
1752060395923,,,7.062296390533447
1752060395924,-7.0144124031066895,-1.225232720375061,7.038354396820068
1752060395990,,-0.9714473485946655,7.062296390533447
1752060395991,-6.722319602966309,,
1752060396057,,-1.0767922401428223,7.2107367515563965
1752060396058,-6.655282020568848,-1.1150994300842285,
1752060396123,-7.201159954071045,-1.2970588207244873,6.664858818054199
1752060396192,-7.04793119430542,-0.5021837949752808,6.937798023223877
1752060396256,,-0.5979518890380859,6.664858818054199
1752060396257,-6.856395244598389,,
1752060396323,,,6.468534469604492
1752060396324,-7.148487567901611,-0.8852560520172119,6.411073684692383
1752060396390,-7.972093105316162,-1.0241197347640991,6.157288074493408
1752060396391,-7.92899751663208,,
1752060396457,-7.646481513977051,-0.5596446394920349,6.463746070861816
1752060396524,-7.536348342895508,-0.4255693554878235,6.281786918640137
1752060396591,-7.905055522918701,-0.6314706802368164,5.76942777633667
1752060396657,-8.019977569580078,-0.4926069974899292,5.2235493659973145
1752060396723,-7.517194747924805,-0.6602011322975159,5.817311763763428
1752060396791,-7.512406349182129,-0.5835866928100586,6.10940408706665
1752060396856,,,5.553949356079102
1752060396857,-8.264185905456543,-0.18136078119277954,5.625775337219238
1752060396924,-7.431003570556641,-0.09038111567497253,5.913079738616943
1752060396991,-7.114968776702881,-0.18136078119277954,6.253056526184082
1752060397056,-6.985682010650635,-0.2819172441959381,6.497264862060547
1752060397123,,,6.4398040771484375
1752060397124,-7.708730697631836,-0.8661024570465088,
1752060397190,,-1.2731167078018188,6.353612899780273
1752060397191,-7.83801794052124,,
1752060397256,-7.483675956726074,-0.8469488620758057,6.525995254516602
1752060397323,-7.043142795562744,-0.8134300112724304,6.540360450744629
1752060397390,-7.019200801849365,-0.7990648150444031,6.363189697265625
1752060397391,-7.234679222106934,,
1752060397456,-8.383895874023438,-1.2443863153457642,6.5499372482299805
1752060397523,,-0.018555063754320145,5.9322333335876465
1752060397524,-7.5650787353515625,-0.36332011222839355,
1752060397590,,,6.181230068206787
1752060397591,-7.924209117889404,-0.12868833541870117,6.310517311096191
1752060397656,-8.637681007385254,-1.613093376159668,7.105391979217529
1752060397723,-9.03511905670166,-1.4167689085006714,7.464522361755371
1752060397790,-9.011177062988281,-1.1342530250549316,6.822876453399658
1752060397856,,-0.8852560520172119,6.229114055633545
1752060397857,-7.794922351837158,,
1752060397923,-6.7031660079956055,-0.43993455171585083,5.606621742248535
1752060397991,-5.659294128417969,-0.25318682193756104,5.850830554962158
1752060397992,-5.247491359710693,,
1752060398056,,,5.501276969909668
1752060398057,-5.539584159851074,-0.2148796021938324,5.448604583740234
1752060398123,-6.344036102294922,-0.7799112200737,5.462969779968262
1752060398191,,-0.7559691667556763,5.5108537673950195
1752060398192,-7.0575079917907715,,
1752060398256,-7.8332295417785645,-0.023343466222286224,5.477334976196289
1752060398324,-7.622539520263672,0.18734627962112427,5.601833343505859
1752060398390,-7.823652744293213,0.23044191300868988,5.597044944763184
1752060398457,-7.344812393188477,0.3645172119140625,5.702389717102051
1752060398523,-7.383119583129883,0.5129576921463013,5.659294128417969
1752060398591,,0.7475894689559937,5.831676959991455
1752060398592,-7.871536731719971,0.8098387122154236,
1752060398656,-7.574655532836914,0.943913996219635,5.831676959991455
1752060398723,-6.348824501037598,0.9199720025062561,5.75985050201416
1752060398791,-6.492476463317871,-0.04249707981944084,7.153275966644287
1752060398856,-8.039131164550781,-1.0432734489440918,8.441356658935547
1752060398924,-9.102156639099121,-1.7998411655426025,8.795698165893555
1752060398991,-9.657610893249512,-1.5795745849609375,7.536348342895508
1752060399056,-7.9625163078308105,-1.1581950187683105,6.631340026855469
1752060399124,-6.885125637054443,-0.7511807680130005,6.20038366317749
1752060399191,-6.10940408706665,-0.3058592677116394,5.850830554962158
1752060399258,-6.42543888092041,0.02454056777060032,5.324106216430664
1752060399322,-6.909067630767822,0.21607670187950134,4.88836145401001
1752060399389,-7.2107367515563965,-0.15741875767707825,5.563526153564453
1752060399456,-7.737461566925049,-0.3058592677116394,5.817311763763428
1752060399522,,,5.846042156219482
1752060399523,-8.163629531860352,-0.166995570063591,5.764639377593994
1752060399589,-7.909843921661377,-0.10474632680416107,6.42543888092041
1752060399657,-7.646481513977051,0.12030863761901855,6.942586421966553
1752060399723,-7.191583156585693,,
1752060399791,-6.9904704093933105,1.8824410438537598,7.541136741638184
1752060399857,-7.531559944152832,1.269525408744812,6.468534469604492
1752060399924,,,5.908291339874268
1752060399925,-7.277774810791016,0.9534908533096313,5.72633171081543
1752060399990,,,5.295375823974609
1752060399991,-6.918644428253174,0.6470330357551575,5.300164222717285
1752060400056,,,5.170876979827881
1752060400057,-6.631340026855469,0.345363587141037,5.295375823974609
1752060400123,-7.450157165527344,0.46986207365989685,5.290587425231934
1752060400190,,,5.386355400085449
1752060400191,-8.58500862121582,0.9295487999916077,5.41987419128418
1752060400256,-8.613739013671875,1.6861165761947632,5.850830554962158
1752060400323,,,6.138134479522705
1752060400324,-8.077438354492188,1.777096152305603,
1752060400390,-7.536348342895508,0.7906851172447205,6.032789707183838
1752060400457,-7.4118499755859375,0.42676645517349243,5.8651957511901855
1752060400523,,,5.86040735244751
1752060400524,-7.244256019592285,0.7858967185020447,
1752060400590,-7.512406349182129,0.7906851172447205,5.970540523529053
1752060400656,-7.847594738006592,0.9726444482803345,5.960963726043701
1752060400723,,1.2599486112594604,5.941810131072998
1752060400724,-7.799710750579834,1.1881226301193237,
1752060400789,,,5.683236122131348
1752060400790,-7.794922351837158,0.9247604012489319,5.458181381225586
1752060400856,-7.823652744293213,0.9965864419937134,5.573102951049805
1752060400923,,0.862511157989502,6.324882507324219
1752060400924,-7.416638374328613,0.6949170231819153,
1752060400990,-7.340023994445801,0.7667431235313416,6.411073684692383
1752060401056,-7.67042350769043,0.9870096445083618,6.2386908531188965
1752060401123,-7.933785915374756,0.8816647529602051,6.147711277008057
1752060401190,-6.985682010650635,0.800261914730072,6.152499675750732
1752060401256,-7.2298903465271,0.8337807655334473,6.142922878265381
1752060401323,,,6.095038890838623
1752060401324,-7.407061576843262,0.7284358739852905,6.233902454376221
1752060401390,-7.36396598815918,0.3166331648826599,6.626551628112793
1752060401456,-7.694365501403809,0.1346738487482071,6.262633323669434
1752060401524,-7.076661586761475,0.7140706777572632,6.152499675750732
1752060401590,-7.17242956161499,-0.3489548861980438,6.4828996658325195
1752060401657,-7.651269912719727,-0.22445641458034515,5.898714542388916
1752060401723,-7.699153900146484,-0.36332011222839355,6.142922878265381
1752060401790,,,6.411073684692383
1752060401791,-7.36396598815918,-0.29628247022628784,6.310517311096191
1752060401857,-7.57944393157959,-0.14784196019172668,6.10940408706665
1752060401923,-7.215525150299072,-0.43993455171585083,6.435015678405762
1752060401990,,,5.927444934844971
1752060401991,-7.373542785644531,-0.3489548861980438,5.721543312072754
1752060402056,,,5.553949356079102
1752060402057,-7.751826763153076,-0.3728969097137451,5.611410140991211
1752060402124,-7.603385925292969,-0.3345896899700165,5.922656536102295
1752060402190,-7.186794757843018,-0.353743314743042,5.965752124786377
1752060402257,,-0.5500678420066833,6.233902454376221
1752060402258,-7.162852764129639,,
1752060402323,-7.924209117889404,-0.4734533727169037,5.999270915985107
1752060402390,,,6.463746070861816
1752060402391,-7.589020729064941,-0.5165489912033081,
1752060402456,-7.938574314117432,-0.3489548861980438,5.640140533447266
1752060402457,-7.656058311462402,,
1752060402523,-7.857171535491943,-0.36332011222839355,6.10940408706665
1752060402591,-6.612186431884766,-0.07122749835252762,5.98490571975708
1752060402656,,,4.941033840179443
1752060402657,-7.814075946807861,-0.6218938827514648,4.792593479156494
1752060402723,,,4.897938251495361
1752060402724,-7.311293601989746,-0.5883750915527344,5.10383939743042
1752060402790,,,5.175665378570557
1752060402791,-7.5219831466674805,-0.4255693554878235,
1752060402857,-7.17242956161499,-0.29628247022628784,5.937021732330322
1752060402923,-7.378331184387207,-0.8708908557891846,5.855618953704834
1752060402990,-7.646481513977051,-1.5173252820968628,6.5499372482299805
1752060402991,-7.483675956726074,,
1752060403056,,,6.521206855773926
1752060403057,-7.234679222106934,-1.0097545385360718,
1752060403123,-8.331223487854004,-1.1294646263122559,6.372766494750977
1752060403190,-7.708730697631836,-0.9427168965339661,6.525995254516602
1752060403256,-7.1006035804748535,-0.8948329091072083,6.281786918640137
1752060403323,,,6.061520099639893
1752060403324,-6.933009624481201,-0.9666589498519897,5.8651957511901855
1752060403390,-7.023989200592041,-1.0720038414001465,6.066308498382568
1752060403456,-7.076661586761475,-0.7559691667556763,6.64091682434082
1752060403523,,,6.176441669464111
1752060403524,-7.67042350769043,-0.5835866928100586,
1752060403589,,,6.142922878265381
1752060403590,-7.7470383644104,-0.22924481332302094,6.10940408706665
1752060403656,,,6.4398040771484375
1752060403657,-6.985682010650635,-0.4638765752315521,6.473322868347168
1752060403723,-7.402273178100586,-0.7320271730422974,6.272210121154785
1752060403790,,-0.6889315247535706,5.774216175079346
1752060403791,-7.349600791931152,,
1752060403856,,,5.592256546020508
1752060403857,-7.435791969299316,-0.5692214369773865,
1752060403923,-7.162852764129639,-0.71766197681427,6.33445930480957
1752060403990,-6.525995254516602,-0.19572599232196808,6.597821235656738
1752060404057,-7.383119583129883,-0.5452794432640076,5.491700172424316
1752060404124,-8.288127899169922,-0.8708908557891846,5.601833343505859
1752060404190,,,5.410297393798828
1752060404191,-7.569867134094238,-0.5021837949752808,
1752060404257,,,6.224325656890869
1752060404258,-7.526771545410156,-0.7080851793289185,6.133346080780029
1752060404323,,,6.377554893493652
1752060404324,-7.292140007019043,-0.5069721937179565,
1752060404391,-7.3687543869018555,-0.5692214369773865,6.176441669464111
1752060404457,-7.861959934234619,-0.6123170852661133,5.506065368652344
1752060404524,-7.440580368041992,-0.6123170852661133,5.702389717102051
1752060404591,,-0.4495113790035248,6.07588529586792
1752060404592,-7.186794757843018,,
1752060404656,,,6.435015678405762
1752060404657,-6.712742805480957,-0.4207809567451477,
1752060404724,-7.320870399475098,-0.6314706802368164,6.276998519897461
1752060404791,-7.651269912719727,-0.7368155717849731,6.276998519897461
1752060404856,,,6.233902454376221
1752060404857,-7.114968776702881,-0.48303020000457764,6.367978096008301
1752060404924,-6.880337238311768,-0.6362590789794922,6.401496887207031
1752060404990,,-0.8517372608184814,6.674435615539551
1752060404991,-7.019200801849365,-0.8708908557891846,
1752060405057,,,6.712742805480957
1752060405058,-7.114968776702881,-0.6889315247535706,6.664858818054199
1752060405124,-7.383119583129883,-0.6554127335548401,6.8372416496276855
1752060405192,-7.502829551696777,-0.8134300112724304,6.51641845703125
1752060405258,-7.349600791931152,-0.8661024570465088,6.717531204223633
1752060405323,-6.842030048370361,-0.5644330382347107,6.353612899780273
1752060405391,-7.110180377960205,-0.8804676532745361,6.406285285949707
1752060405457,-7.4118499755859375,-0.7128735780715942,6.118980884552002
1752060405524,-7.205948352813721,-0.7655459642410278,6.186018466949463
1752060405590,,,5.98490571975708
1752060405591,-7.215525150299072,-0.9091981053352356,6.229114055633545
1752060405657,-7.3017168045043945,-1.0528502464294434,5.855618953704834
1752060405723,,,6.032789707183838
1752060405724,-7.7661919593811035,-1.0432734489440918,5.7790045738220215
1752060405790,,-0.9139865040779114,6.176441669464111
1752060405791,-7.593809127807617,,
1752060405857,-7.541136741638184,-1.028908133506775,5.673659324645996
1752060405923,,,5.683236122131348
1752060405924,-7.593809127807617,-1.0432734489440918,5.7311201095581055
1752060405991,-7.627327919006348,-0.9858125448226929,5.884349346160889
1752060406056,-7.828441143035889,-1.1198878288269043,6.080673694610596
1752060406057,-7.852383136749268,,
1752060406123,-7.823652744293213,-1.004966139793396,6.095038890838623
1752060406190,,,6.051943302154541
1752060406191,-7.541136741638184,-0.9044097065925598,6.0854620933532715
1752060406256,,-1.028908133506775,6.051943302154541
1752060406257,-7.555501937866211,,
1752060406323,,,5.913079738616943
1752060406324,-7.584232330322266,-0.9906009435653687,
1752060406390,,-0.8421604633331299,6.430227279663086
1752060406391,-7.5650787353515625,,
1752060406457,-7.881113529205322,-1.0576386451721191,6.42543888092041
1752060406523,-7.4118499755859375,-0.861314058303833,6.118980884552002
1752060406590,,,6.104615688323975
1752060406591,-7.220313549041748,-0.7559691667556763,6.023212909698486
1752060406657,-7.708730697631836,-0.8804676532745361,6.262633323669434
1752060406723,-7.526771545410156,-0.7559691667556763,6.291363716125488
1752060406790,,,6.281786918640137
1752060406791,-7.531559944152832,-0.8325836658477783,6.430227279663086
1752060406856,,,6.248267650604248
1752060406857,-7.1676411628723145,-1.1007342338562012,6.2865753173828125
1752060406923,,-0.9858125448226929,5.869984149932861
1752060406924,-7.541136741638184,,
1752060406991,-7.598597526550293,-0.8134300112724304,6.138134479522705
1752060407056,,-0.760757565498352,6.099827289581299
1752060407057,-8.067861557006836,,
1752060407123,,,6.684012413024902
1752060407124,-7.794922351837158,-0.8565256595611572,
1752060407190,,,6.856395244598389
1752060407191,-7.464522361755371,-0.9714473485946655,
1752060407257,-7.9864583015441895,-1.1198878288269043,6.435015678405762
1752060407323,-8.144475936889648,-0.8469488620758057,6.33445930480957
1752060407392,-7.952939510345459,-0.31543606519699097,6.602609634399414
1752060407457,-8.106168746948242,-0.641047477722168,6.597821235656738
1752060407524,-6.909067630767822,-0.9714473485946655,7.402273178100586
1752060407591,,,6.899490833282471
1752060407592,-7.70394229888916,-0.6937199234962463,
1752060407656,,,6.583456039428711
1752060407657,-8.12053394317627,-1.2156559228897095,
1752060407724,-8.182783126831055,-0.9858125448226929,6.348824501037598
1752060407725,-8.216301918029785,,
1752060407791,-7.823652744293213,-1.0863690376281738,6.674435615539551
1752060407857,,,6.066308498382568
1752060407858,-7.593809127807617,-0.9762357473373413,
1752060407924,-8.173206329345703,-1.2539631128311157,6.219537258148193
1752060407991,-8.067861557006836,-1.1103110313415527,6.013636112213135
1752060408057,,,6.095038890838623
1752060408058,-8.043919563293457,-1.1534066200256348,5.879560947418213
1752060408123,,,6.870760440826416
1752060408124,-7.646481513977051,-1.1773487329483032,
1752060408191,-7.067084789276123,-0.9331400990486145,6.741473197937012
1752060408257,-6.808511257171631,-0.9427168965339661,7.359177589416504
1752060408323,-6.918644428253174,-1.2204443216323853,7.1006035804748535
1752060408391,,,7.387907981872559
1752060408392,-7.407061576843262,-1.4359225034713745,7.2298903465271
1752060408456,,-1.4790180921554565,6.966528415679932
1752060408457,-6.918644428253174,,
1752060408523,,,7.177217960357666
1752060408524,-7.378331184387207,-1.6274585723876953,6.746262073516846
1752060408592,-6.894702434539795,-1.3401544094085693,6.942586421966553
1752060408657,-7.033565998077393,-1.5221136808395386,6.664858818054199
1752060408724,,-1.4742296934127808,6.813299655914307
1752060408725,-7.263409614562988,,
1752060408791,-7.13891077041626,-1.5556325912475586,6.224325656890869
1752060408858,-8.177994728088379,-1.8908207416534424,6.92343282699585
1752060408923,,,6.952163219451904
1752060408924,-7.550713539123535,-1.5316904783248901,7.431003570556641
1752060408991,-7.699153900146484,-1.6418237686157227,7.17242956161499
1752060409057,-7.7183074951171875,-1.5604209899902344,7.502829551696777
1752060409124,-6.875548839569092,-1.105522632598877,6.918644428253174
1752060409191,-7.780557155609131,-1.5604209899902344,7.205948352813721
1752060409257,-6.7749924659729,-1.206079125404358,6.9904704093933105
1752060409323,-7.574655532836914,-1.3162124156951904,7.162852764129639
1752060409390,,,7.560290336608887
1752060409391,-7.943362712860107,-1.6274585723876953,
1752060409456,,,6.717531204223633
1752060409457,-7.751826763153076,-1.546055793762207,
1752060409523,-7.9194207191467285,-1.7615338563919067,7.220313549041748
1752060409524,-8.072649955749512,,
1752060409590,,,6.401496887207031
1752060409591,-8.321646690368652,-1.5843629837036133,
1752060409657,-7.957727909088135,-1.8046295642852783,6.262633323669434
1752060409722,-8.307281494140625,-1.8429367542266846,5.755062103271484
1752060409790,-8.479663848876953,-2.1302409172058105,5.788581371307373
1752060409856,,,5.079897403717041
1752060409857,-8.46051025390625,-2.1924901008605957,5.089474201202393
1752060409923,-8.254609107971191,-1.9818004369735718,4.8500542640686035
1752060409990,,,4.783016681671143
1752060409991,-8.944138526916504,-1.9051860570907593,4.371213912963867
1752060410057,-9.197924613952637,-1.5939397811889648,4.270657062530518
1752060410123,-8.838793754577637,-1.8956091403961182,4.524442672729492
1752060410190,,,4.294599533081055
1752060410191,-8.819640159606934,-1.8956091403961182,
1752060410257,-8.848370552062988,-1.909974455833435,3.9929299354553223
1752060410323,-8.987235069274902,-1.909974455833435,4.313753128051758
1752060410390,-8.901042938232422,-2.0009541511535645,4.22277307510376
1752060410457,-9.09257984161377,-2.0919337272644043,4.0743327140808105
1752060410523,-9.231443405151367,-2.015319347381592,4.304176330566406
1752060410590,,,4.103063106536865
1752060410591,-9.116521835327148,-1.9961656332015991,
1752060410656,,-2.029684543609619,4.155735492706299
1752060410657,-8.982446670532227,-2.034472942352295,
1752060410722,,,4.036025524139404
1752060410723,-8.848370552062988,-1.9003976583480835,3.9833531379699707
1752060410791,-9.039907455444336,-1.9434932470321655,4.107851505279541
1752060410856,,,3.9929299354553223
1752060410857,-9.279327392578125,-1.9387048482894897,
1752060410924,-9.030330657958984,-1.9722236394882202,4.213196277618408
1752060410990,,,4.203619480133057
1752060410991,-9.145252227783203,-1.9003976583480835,4.155735492706299
1752060411057,,,4.347271919250488
1752060411058,-9.351153373718262,-2.0919337272644043,
1752060411123,,,4.208407878875732
1752060411124,-9.102156639099121,-1.9291280508041382,4.079121112823486
1752060411190,-9.169194221496582,-2.0632033348083496,4.265868663787842
1752060411257,,,3.552396774291992
1752060411258,-9.202713012695312,-2.029684543609619,3.5045127868652344
1752060411323,-9.370306968688965,-2.2643163204193115,3.2986114025115967
1752060411391,,,3.183689594268799
1752060411392,-9.288904190063477,-2.101510524749756,
1752060411456,,,3.418321371078491
1752060411457,-9.451709747314453,-2.3074119091033936,3.2172086238861084
1752060411524,-9.485228538513184,-2.384026288986206,2.7527334690093994
1752060411590,,-2.09672212600708,2.7718870639801025
1752060411591,-8.910619735717773,,
1752060411656,,-2.273893117904663,2.848501443862915
1752060411657,-9.533112525939941,,
1752060411723,,,3.183689594268799
1752060411724,-9.825204849243164,-2.5037364959716797,
1752060411791,-9.389460563659668,-2.360084295272827,3.140594005584717
1752060411857,,,3.1693243980407715
1752060411858,-10.102932929992676,-2.7527334690093994,3.0160956382751465
1752060411923,,-2.522890090942383,2.9490580558776855
1752060411924,-10.165182113647461,-2.321777105331421,
1752060411990,,,3.332130193710327
1752060411991,-9.748590469360352,-2.4175450801849365,3.2411506175994873
1752060412056,-8.905831336975098,-2.0009541511535645,2.958634853363037
1752060412124,-9.18355941772461,-2.1350293159484863,2.6809072494506836
1752060412125,-9.394248962402344,,
1752060412191,,,2.690484046936035
1752060412192,-9.504382133483887,-2.168548107147217,
1752060412257,,-2.3313539028167725,3.4326868057250977
1752060412258,-9.202713012695312,,
1752060412324,-9.173982620239258,-2.623446464538574,3.7678749561309814
1752060412390,-9.461286544799805,-2.623446464538574,4.208407878875732
1752060412457,,,4.361637115478516
1752060412458,-8.886677742004395,-2.561197280883789,4.2993879318237305
1752060412523,,,4.289810657501221
1752060412524,-8.838793754577637,-2.714426279067993,
1752060412591,,,4.352060317993164
1752060412592,-9.140463829040527,-2.7048494815826416,4.2515034675598145
1752060412656,,-2.384026288986206,3.868431329727173
1752060412657,-8.901042938232422,-2.427121877670288,
1752060412723,,,3.863642930984497
1752060412724,-8.743025779724121,-2.494159698486328,3.662529945373535
1752060412791,-8.786121368408203,-2.2212207317352295,3.8827965259552
1752060412856,,,3.667318344116211
1752060412857,-9.054272651672363,-1.9147628545761108,3.729567766189575
1752060412925,-8.752602577209473,-1.9291280508041382,3.7678749561309814
1752060412991,-8.661623001098633,-1.9722236394882202,3.6337995529174805
1752060413057,-8.97765827178955,-2.115875720977783,3.5667619705200195
1752060413123,,,3.552396774291992
1752060413124,-8.987235069274902,-1.9865888357162476,3.552396774291992
1752060413191,-9.097368240356445,-1.9913772344589233,3.5859155654907227
1752060413256,,-2.09672212600708,3.7870285511016846
1752060413257,-9.06863784790039,,
1752060413324,-9.178771018981934,-2.206855535507202,3.8540661334991455
1752060413390,-9.576208114624023,-2.2595279216766357,3.863642930984497
1752060413456,,,3.5188779830932617
1752060413457,-8.666411399841309,-1.9434932470321655,
1752060413523,,,3.312976598739624
1752060413524,-9.03511905670166,-2.09672212600708,3.2172086238861084
1752060413589,-8.781332969665527,-1.9865888357162476,3.6098575592041016
1752060413657,,-1.7519570589065552,3.538031578063965
1752060413658,-8.537124633789062,,
1752060413723,-9.06863784790039,-1.9818004369735718,3.686472177505493
1752060413790,,,3.796605348587036
1752060413791,-8.89146614074707,-2.0919337272644043,4.069544315338135
1752060413856,,-1.6801310777664185,3.1741127967834473
1752060413857,-7.627327919006348,-1.7950527667999268,
1752060413923,-8.948927879333496,-2.7718870639801025,3.5859155654907227
1752060413989,-8.834005355834961,-1.7998411655426025,3.1022868156433105
1752060414057,,,4.246715068817139
1752060414058,-8.719083786010742,-1.9913772344589233,
1752060414124,-9.173982620239258,-2.182913303375244,3.2794578075408936
1752060414189,-8.714295387268066,-2.384026288986206,3.3033998012542725
1752060414258,-10.13166332244873,-2.455852508544922,4.021660327911377
1752060414323,-8.920196533203125,-2.384026288986206,2.963423252105713
1752060414390,-9.700706481933594,-2.6138696670532227,3.4805707931518555
1752060414458,-8.838793754577637,-2.273893117904663,3.7630865573883057
1752060414524,,-2.034472942352295,3.6768951416015625
1752060414525,-8.690353393554688,,
1752060414590,-9.403825759887695,-2.455852508544922,3.7870285511016846
1752060414658,-8.819640159606934,-2.3505074977874756,3.557185173034668
1752060414724,,,3.4278981685638428
1752060414725,-9.150040626525879,-2.494159698486328,
1752060414789,,,3.4614171981811523
1752060414790,-8.690353393554688,-2.3074119091033936,
1752060414857,-8.910619735717773,-2.3074119091033936,3.4614171981811523
1752060414858,-8.810063362121582,,
1752060414922,,,3.538031578063965
1752060414923,-8.944138526916504,-2.3074119091033936,3.3704373836517334
1752060414990,-8.743025779724121,-2.2260091304779053,3.4374752044677734
1752060415058,,-2.403179883956909,3.686472177505493
1752060415059,-9.087791442871094,,
1752060415123,-8.73344898223877,-2.4893712997436523,3.5619735717773438
1752060415124,-8.771756172180176,,
1752060415190,,-2.5899276733398438,3.6290111541748047
1752060415191,-8.814851760864258,,
1752060415259,-8.671199798583984,-2.3122003078460693,3.490147590637207
1752060415323,,,3.7918169498443604
1752060415324,-8.80048656463623,-2.2834699153900146,
1752060415390,,,3.8588545322418213
1752060415391,-8.532336235046387,-2.0823569297790527,3.868431329727173
1752060415457,,-2.144606113433838,4.0312371253967285
1752060415458,-8.225878715515137,-2.0632033348083496,
1752060415524,,,4.505289077758789
1752060415525,-8.546701431274414,-2.1254525184631348,4.529231071472168
1752060415591,,,4.57232666015625
1752060415592,-8.149264335632324,-1.7711106538772583,4.926668643951416
1752060415658,-8.00561237335205,-1.6753426790237427,5.022436618804932
1752060415723,,,5.539584159851074
1752060415724,-7.67042350769043,-1.5364789962768555,5.783792972564697
1752060415790,-7.36396598815918,-1.4359225034713745,5.587468147277832
1752060415857,,-1.3976151943206787,6.152499675750732
1752060415858,-7.148487567901611,,
1752060415923,-7.177217960357666,-1.1294646263122559,6.2386908531188965
1752060415990,-6.918644428253174,-1.1007342338562012,6.066308498382568
1752060416057,,,6.458957672119141
1752060416058,-7.220313549041748,-1.3976151943206787,
1752060416123,-7.119757175445557,-1.3210008144378662,6.406285285949707
1752060416190,,,6.30094051361084
1752060416191,-7.316082000732422,-1.349731206893921,
1752060416257,-7.531559944152832,-1.3880383968353271,6.090250492095947
1752060416258,-7.545925140380859,,
1752060416323,-7.354389190673828,-1.469441294670105,5.903502941131592
1752060416324,-7.148487567901611,,
1752060416390,-6.851606845855713,-1.349731206893921,5.688024520874023
1752060416457,-7.531559944152832,-1.5364789962768555,5.63535213470459
1752060416524,-8.556278228759766,-1.790264368057251,6.0854620933532715
1752060416590,-6.918644428253174,-1.1869255304336548,5.13735818862915
1752060416658,-7.794922351837158,-1.933916449546814,6.717531204223633
1752060416723,,,5.094262599945068
1752060416724,-6.377554893493652,-0.7128735780715942,5.352836608886719
1752060416790,-6.080673694610596,-0.9235633015632629,6.458957672119141
1752060416857,,-0.8948329091072083,6.851606845855713
1752060416858,-5.879560947418213,,
1752060416923,,-1.1103110313415527,6.320094108581543
1752060416924,-6.813299655914307,-1.2922704219818115,
1752060416990,-7.732673168182373,-1.8189947605133057,7.110180377960205
1752060417057,,,5.783792972564697
1752060417058,-7.4549455642700195,-1.1917139291763306,6.406285285949707
1752060417123,-7.7183074951171875,-2.0248961448669434,6.889914035797119
1752060417190,,-1.5843629837036133,6.478111267089844
1752060417191,-6.478111267089844,,
1752060417257,,,7.038354396820068
1752060417258,-7.340023994445801,-1.68970787525177,6.51641845703125
1752060417323,-7.067084789276123,-1.1965023279190063,6.535572052001953
1752060417324,-7.517194747924805,,
1752060417390,-7.36396598815918,-1.3880383968353271,6.080673694610596
1752060417457,,-1.8525135517120361,6.305728912353516
1752060417458,-7.2298903465271,,
1752060417523,,-2.1350293159484863,6.080673694610596
1752060417524,-6.679224014282227,,
1752060417590,-7.435791969299316,-2.3457190990448,6.047154903411865
1752060417657,,,6.3296709060668945
1752060417658,-7.431003570556641,-2.388814687728882,
1752060417723,-7.378331184387207,-2.4606409072875977,6.291363716125488
1752060417724,-7.296928405761719,,
1752060417790,-7.110180377960205,-2.360084295272827,6.559514045715332
1752060417858,,,6.449380874633789
1752060417859,-7.234679222106934,-2.293046712875366,6.147711277008057
1752060417923,,-2.4127566814422607,6.8611836433410645
1752060417924,-7.474099159240723,,
1752060417991,-7.019200801849365,-2.18770170211792,5.989694118499756
1752060418057,,,6.506841659545898
1752060418058,-7.636904716491699,-2.7240030765533447,6.885125637054443
1752060418124,-6.420650482177734,-2.8006174564361572,6.406285285949707
1752060418190,,,6.118980884552002
1752060418191,-7.311293601989746,-2.6426000595092773,5.649717330932617
1752060418258,-6.564302444458008,-2.9969420433044434,7.091026782989502
1752060418324,,-2.647388458251953,6.032789707183838
1752060418325,-6.463746070861816,-2.8772318363189697,
1752060418390,,-3.4566287994384766,6.92343282699585
1752060418391,-6.899490833282471,,
1752060418457,,,6.16686487197876
1752060418458,-7.182006359100342,-2.805405855178833,6.118980884552002
1752060418524,-7.205948352813721,-3.5188779830932617,6.760627269744873
1752060418591,-7.04793119430542,-3.2172086238861084,5.8891377449035645
1752060418658,-7.033565998077393,-3.5667619705200195,6.181230068206787
1752060418724,-6.933009624481201,-3.6721067428588867,6.253056526184082
1752060418791,-8.02955436706543,-3.648164749145508,5.941810131072998
1752060418857,,,6.267421722412109
1752060418858,-7.330447196960449,-3.22678542137146,6.4398040771484375
1752060418924,,-3.470993995666504,6.444592475891113
1752060418925,-6.937798023223877,,
1752060418990,,,6.741473197937012
1752060418991,-6.9904704093933105,-3.6146459579467773,6.569090843200684
1752060419057,,,6.229114055633545
1752060419058,-6.502053260803223,-3.533243179321289,6.339247703552246
1752060419124,,-3.6960489749908447,6.4828996658325195
1752060419125,-7.095815181732178,-3.729567766189575,
1752060419190,,-3.581127166748047,6.669647216796875
1752060419191,-6.976105213165283,-3.289034605026245,
1752060419258,,,6.621763229370117
1752060419259,-6.559514045715332,-2.9490580558776855,6.602609634399414
1752060419324,-6.822876453399658,-3.8540661334991455,6.880337238311768
1752060419325,-6.707954406738281,,
1752060419390,,,6.6361284255981445
1752060419391,-6.741473197937012,-3.595492362976074,6.597821235656738
1752060419457,,,6.626551628112793
1752060419458,-7.1436991691589355,-3.4135329723358154,6.717531204223633
1752060419524,,-3.490147590637207,6.842030048370361
1752060419525,-6.9473748207092285,-3.3704373836517334,
1752060419591,-6.669647216796875,-3.360860586166382,6.9904704093933105
1752060419657,,,7.071873188018799
1752060419658,-6.382343292236328,-2.848501443862915,7.13891077041626
1752060419723,,-2.7670986652374268,7.13891077041626
1752060419724,-5.956175327301025,,
1752060419790,,,7.071873188018799
1752060419791,-6.07588529586792,-2.9059622287750244,7.091026782989502
1752060419857,,-2.915539026260376,6.9042792320251465
1752060419858,-6.64091682434082,,
1752060419923,,,7.091026782989502
1752060419924,-6.928221225738525,-3.092710018157959,7.249044418334961
1752060419990,-6.851606845855713,-2.8389246463775635,7.2298903465271
1752060420057,,,7.215525150299072
1752060420058,-7.038354396820068,-2.360084295272827,6.995258808135986
1752060420124,-6.976105213165283,-2.235585927963257,6.746262073516846
1752060420190,,,6.688800811767578
1752060420191,-6.655282020568848,-2.623446464538574,6.511630058288574
1752060420257,,,6.573879241943359
1752060420258,-6.535572052001953,-2.518101692199707,6.5930328369140625
1752060420323,,,6.707954406738281
1752060420324,-6.684012413024902,-2.2403743267059326,
1752060420391,-6.564302444458008,-2.3505074977874756,7.220313549041748
1752060420458,-6.42543888092041,-2.053626537322998,7.3017168045043945
1752060420523,,,7.5219831466674805
1752060420524,-6.257844924926758,-2.230797529220581,
1752060420591,-6.209960460662842,-2.1924901008605957,7.383119583129883
1752060420657,,,7.162852764129639
1752060420658,-6.7510504722595215,-1.6514005661010742,
1752060420723,,,7.708730697631836
1752060420724,-6.253056526184082,-2.034472942352295,7.641693115234375
1752060420790,-5.884349346160889,-2.1493945121765137,7.5650787353515625
1752060420857,,,7.943362712860107
1752060420858,-6.186018466949463,-2.09672212600708,7.823652744293213
1752060420923,,,7.627327919006348
1752060420924,-6.0854620933532715,-1.7375918626785278,7.5650787353515625
1752060420991,-5.8651957511901855,-1.6274585723876953,7.7661919593811035
1752060421057,,-1.6514005661010742,7.70394229888916
1752060421058,-5.678447723388672,,
1752060421124,-5.405508995056152,-1.6083049774169922,8.02955436706543
1752060421190,,,8.422203063964844
1752060421191,-5.558737754821777,-1.9003976583480835,
1752060421257,,,8.407837867736816
1752060421258,-5.376778602600098,-1.8189947605133057,
1752060421323,,,8.704718589782715
1752060421324,-5.534795761108398,-1.9482816457748413,8.570643424987793
1752060421390,,,8.355165481567383
1752060421391,-5.673659324645996,-1.8189947605133057,8.268974304199219
1752060421458,-5.075109004974365,-1.670554280281067,8.345588684082031
1752060421459,-4.821323871612549,,
1752060421523,,-1.7184382677078247,8.790909767150879
1752060421524,-5.127781391143799,,
1752060421591,-5.041590213775635,-1.3736732006072998,8.431779861450195
1752060421658,-4.39036750793457,-1.4933832883834839,8.790909767150879
1752060421724,-4.280233860015869,-1.5412673950195312,8.594585418701172
1752060421790,,,9.303269386291504
1752060421791,-4.213196277618408,-1.8956091403961182,
1752060421858,-4.22277307510376,-1.5939397811889648,9.27453899383545
1752060421924,,-1.6561890840530396,9.509170532226562
1752060421925,-3.820547342300415,-1.7088614702224731,
1752060421990,,-1.5652093887329102,9.753378868103027
1752060421991,-3.4326868057250977,,
1752060422058,-3.9258923530578613,-1.5029600858688354,9.858723640441895
1752060422124,-2.9682116508483887,0.7523778676986694,9.695918083190918
1752060422190,,1.4036006927490234,9.652822494506836
1752060422191,-4.864419460296631,,
1752060422258,,,9.27453899383545
1752060422259,-5.161300182342529,-0.15741875767707825,9.633668899536133
1752060422323,,,9.873088836669922
1752060422324,-2.455852508544922,-0.04249707981944084,
1752060422390,,0.618302583694458,10.078990936279297
1752060422391,-2.810194253921509,0.2256535142660141,
1752060422458,-2.6186580657958984,-0.5021837949752808,10.13166332244873
1752060422524,-3.7199909687042236,-0.32022446393966675,9.595361709594727
1752060422591,-2.2691047191619873,-0.18136078119277954,9.734225273132324
1752060422657,,-0.19572599232196808,10.46206283569336
1752060422658,-3.4135329723358154,,
1752060422724,,,11.237784385681152
1752060422725,-3.375225782394409,-0.7559691667556763,10.9121732711792
1752060422790,-2.8772318363189697,-0.406415730714798,10.04068374633789
1752060422791,-3.0783448219299316,,
1752060422858,-3.1741127967834473,-0.6602011322975159,10.265738487243652
1752060422924,-2.8389246463775635,-1.0767922401428223,10.873865127563477
1752060422991,-3.0544028282165527,-0.578798234462738,11.027094841003418
1752060423058,,,10.9121732711792
1752060423059,-2.470217704772949,-0.5548562407493591,10.605714797973633
1752060423124,-1.9147628545761108,-0.6218938827514648,10.897807121276855
1752060423191,-3.533243179321289,-0.3728969097137451,11.290456771850586
1752060423259,-4.519654273986816,0.8960300087928772,11.357494354248047
1752060423324,-4.931457042694092,1.513733983039856,9.758167266845703
1752060423392,-3.9450459480285645,1.427542805671692,9.327211380004883
1752060423457,,,9.762955665588379
1752060423458,-3.973776340484619,1.0923545360565186,9.954492568969727
1752060423524,-5.611410140991211,1.877652645111084,8.790909767150879
1752060423591,,,7.948151111602783
1752060423592,-5.22833776473999,1.470638394355774,7.498041152954102
1752060423658,-5.376778602600098,0.9391255974769592,7.914632320404053
1752060423724,-4.48134708404541,1.8728642463684082,7.727884769439697
1752060423790,,,7.83801794052124
1752060423791,-5.520430564880371,1.8872294425964355,7.790133953094482
1752060423858,-6.320094108581543,2.1553800106048584,8.149264335632324
1752060423923,-7.0575079917907715,2.4235305786132812,7.775768756866455
1752060423924,-8.00561237335205,,
1752060423990,,,7.450157165527344
1752060423991,-7.421426773071289,1.896806240081787,
1752060424057,,,7.756615161895752
1752060424058,-5.448604583740234,2.0213048458099365,
1752060424123,-6.377554893493652,2.141014814376831,5.922656536102295
1752060424190,-6.650493621826172,1.8010382652282715,4.725555419921875
1752060424258,-7.991246700286865,1.2791022062301636,3.729567766189575
1752060424323,,0.005386953707784414,2.25473952293396
1752060424324,-10.940903663635254,,
1752060424390,,,3.2363622188568115
1752060424391,-10.34714126586914,0.4076128304004669,
1752060424457,-8.546701431274414,0.9774328470230103,4.902726650238037
1752060424524,-7.732673168182373,1.0540473461151123,5.9753289222717285
1752060424590,-9.130887031555176,1.446696400642395,4.859631061553955
1752060424658,-9.418190956115723,1.3748703002929688,5.132569789886475
1752060424723,,,5.616198539733887
1752060424724,-8.019977569580078,0.7140706777572632,
1752060424790,-8.240243911743164,0.5560533404350281,5.060743808746338
1752060424857,,,5.2235493659973145
1752060424858,-7.92899751663208,0.6613982319831848,5.065532207489014
1752060424924,-8.42699146270752,0.8577227592468262,4.768651008605957
1752060424991,,1.2503718137741089,3.9163153171539307
1752060424992,-8.82442855834961,,
1752060425057,,,3.3225533962249756
1752060425058,-9.79647445678711,0.7763199210166931,3.06876802444458
1752060425124,-10.169970512390137,0.04369417950510979,3.183689594268799
1752060425191,-9.911396026611328,-0.09516951441764832,2.470217704772949
1752060425258,-9.499593734741211,0.053270988166332245,2.446275472640991
1752060425324,-9.006388664245605,0.7571662664413452,3.8780081272125244
1752060425390,,,3.3512837886810303
1752060425391,-8.61852741241455,0.4554968774318695,3.22678542137146
1752060425458,,0.3645172119140625,2.8820202350616455
1752060425459,-9.916184425354004,,
1752060425523,,,3.3704373836517334
1752060425524,-10.22264289855957,-0.07122749835252762,3.265092611312866
1752060425590,,,3.2986114025115967
1752060425591,-9.853935241699219,-0.20051439106464386,
1752060425658,-10.24658489227295,-0.166995570063591,3.3417069911956787
1752060425724,-9.839570045471191,0.25438392162323,3.154959201812744
1752060425791,,,3.5045127868652344
1752060425792,-9.18355941772461,0.3645172119140625,
1752060425858,-9.039907455444336,0.30705636739730835,3.3943793773651123
1752060425924,-8.3120698928833,0.4602852761745453,3.202843427658081
1752060425991,-9.169194221496582,0.4794389009475708,3.538031578063965
1752060426058,-9.782109260559082,0.6326677799224854,3.997718334197998
1752060426124,-9.269750595092773,0.7667431235313416,3.2124202251434326
1752060426190,-9.437344551086426,0.4985924959182739,2.6186580657958984
1752060426258,,,2.987365245819092
1752060426259,-9.743802070617676,0.14425064623355865,3.293823003768921
1752060426323,,,3.9402575492858887
1752060426324,-9.55705451965332,0.10115502029657364,4.347271919250488
1752060426390,,,4.48134708404541
1752060426391,-9.178771018981934,0.23523031175136566,
1752060426458,,,4.9170918464660645
1752060426459,-8.848370552062988,0.35015198588371277,
1752060426523,,,4.0312371253967285
1752060426524,-9.18355941772461,0.8816647529602051,4.304176330566406
1752060426591,-9.00160026550293,1.3317747116088867,3.9402575492858887
1752060426657,,,3.997718334197998
1752060426658,-8.743025779724121,0.9582792520523071,
1752060426724,-7.881113529205322,0.8864531517028809,4.160523891448975
1752060426791,-8.690353393554688,0.800261914730072,4.208407878875732
1752060426859,-8.613739013671875,0.982221245765686,4.045602321624756
1752060426924,-9.552266120910645,0.7380126714706421,3.839700937271118
1752060426991,-9.537900924682617,0.5033808946609497,3.3848025798797607
1752060427058,-9.355941772460938,0.35494041442871094,3.3033998012542725
1752060427124,-9.700706481933594,0.2017114907503128,3.418321371078491
1752060427190,,0.46986207365989685,3.686472177505493
1752060427191,-9.18355941772461,0.46986207365989685,
1752060427257,,0.5895721912384033,3.605069160461426
1752060427258,-9.351153373718262,,
1752060427323,,,3.418321371078491
1752060427324,-9.322422981262207,0.718859076499939,3.494935989379883
1752060427391,-8.628104209899902,0.9199720025062561,3.423109769821167
1752060427457,-9.083003044128418,0.7332242727279663,3.6577415466308594
1752060427523,,,3.643376350402832
1752060427524,-8.58500862121582,0.8337807655334473,3.6577415466308594
1752060427590,,1.0444705486297607,4.13179349899292
1752060427591,-8.292916297912598,,
1752060427658,,0.6374561786651611,4.471770286560059
1752060427659,-9.169194221496582,,
1752060427723,,,4.380790710449219
1752060427724,-9.255385398864746,0.7763199210166931,4.624999046325684
1752060427790,-9.365518569946289,0.7428010702133179,4.567538261413574
1752060427858,-8.723872184753418,0.838569164276123,4.414309501647949
1752060427923,,,4.328118324279785
1752060427924,-8.513182640075684,1.0684125423431396,
1752060427990,-8.628104209899902,1.370081901550293,4.79738187789917
1752060428057,-8.106168746948242,1.389235496520996,5.204395771026611
1752060428058,-8.058284759521484,,
1752060428123,-8.364742279052734,1.2647370100021362,5.084685802459717
1752060428190,,,4.974552631378174
1752060428191,-8.546701431274414,1.2503718137741089,
1752060428257,,1.2551602125167847,5.127781391143799
1752060428258,-8.316858291625977,1.1593921184539795,
1752060428323,,,4.9601874351501465
1752060428324,-8.010400772094727,1.1306617259979248,5.075109004974365
1752060428390,,,4.974552631378174
1752060428391,-8.307281494140625,1.0971429347991943,5.089474201202393
1752060428457,,,5.051167011260986
1752060428458,-8.273762702941895,1.3557167053222656,4.993706226348877
1752060428523,,,5.190030574798584
1752060428524,-8.70950698852539,1.2551602125167847,
1752060428590,,1.4754267930984497,4.883573055267334
1752060428591,-8.043919563293457,1.389235496520996,
1752060428657,,,5.094262599945068
1752060428658,-8.379107475280762,1.2120646238327026,5.075109004974365
1752060428723,,,4.941033840179443
1752060428724,-8.537124633789062,1.2551602125167847,
1752060428790,,,5.079897403717041
1752060428791,-8.374319076538086,1.1354501247406006,5.0463786125183105
1752060428857,,,4.783016681671143
1752060428858,-8.077438354492188,1.2407950162887573,
1752060428924,-8.42699146270752,1.1976994276046753,5.142146587371826
1752060428991,-8.388684272766113,1.370081901550293,5.352836608886719
1752060429057,,,5.1996073722839355
1752060429058,-8.197148323059082,1.2982559204101562,
1752060429124,-8.283339500427246,1.513733983039856,5.099050998687744
1752060429190,,,4.907515048980713
1752060429191,-7.67042350769043,1.470638394355774,
1752060429258,-8.374319076538086,1.22642982006073,5.338471412658691
1752060429324,,,5.549160957336426
1752060429325,-7.660846710205078,1.5089455842971802,5.520430564880371
1752060429390,,1.303044319152832,5.755062103271484
1752060429391,-7.938574314117432,1.2647370100021362,
1752060429458,,,5.54437255859375
1752060429459,-8.27855110168457,1.2791022062301636,5.606621742248535
1752060429523,,,5.625775337219238
1752060429524,-8.537124633789062,1.202487826347351,5.644928932189941
1752060429591,-7.8332295417785645,1.269525408744812,5.477334976196289
1752060429657,,,5.5778913497924805
1752060429658,-8.000823974609375,1.3078327178955078,5.486911773681641
1752060429724,-8.101380348205566,1.4179660081863403,5.597044944763184
1752060429791,-7.996035099029541,1.269525408744812,5.443816184997559
1752060429858,-8.158841133117676,1.125873327255249,5.592256546020508
1752060429924,,1.1354501247406006,5.922656536102295
1752060429925,-7.83801794052124,,
1752060429990,-7.215525150299072,1.2072762250900269,5.946598529815674
1752060430058,,,6.037578105926514
1752060430059,-7.617751121520996,1.0157400369644165,
1752060430124,-7.823652744293213,,
1752060430190,-7.426215171813965,1.2982559204101562,6.20038366317749
1752060430258,,,6.305728912353516
1752060430259,-7.593809127807617,1.2599486112594604,6.233902454376221
1752060430324,-7.828441143035889,1.0109516382217407,6.372766494750977
1752060430391,-7.847594738006592,0.9582792520523071,5.721543312072754
1752060430457,,0.9247604012489319,5.965752124786377
1752060430458,-8.010400772094727,0.9678560495376587,
1752060430524,-7.818864345550537,1.202487826347351,5.563526153564453
1752060430591,-7.6081743240356445,1.058835744857788,6.071096897125244
1752060430658,-7.8763251304626465,1.006163239479065,6.023212909698486
1752060430724,-7.991246700286865,0.9391255974769592,5.9753289222717285
1752060430790,,1.0636241436004639,5.807734966278076
1752060430791,-7.780557155609131,,
1752060430858,,,6.051943302154541
1752060430859,-7.359177589416504,1.1546037197113037,6.229114055633545
1752060430924,-7.383119583129883,1.3078327178955078,6.492476463317871
1752060430991,-7.320870399475098,1.1641805171966553,6.7749924659729
1752060431058,-7.36396598815918,1.4083890914916992,6.454169273376465
1752060431124,-7.129333972930908,1.5376760959625244,6.454169273376465
1752060431191,-6.39192008972168,1.7866730690002441,5.9322333335876465
1752060431257,-6.803722858428955,1.4036006927490234,6.851606845855713
1752060431324,-7.043142795562744,1.5041571855545044,6.631340026855469
1752060431390,,,6.16686487197876
1752060431391,-6.755838871002197,1.513733983039856,
1752060431458,-7.603385925292969,1.1641805171966553,5.7790045738220215
1752060431523,,1.2934675216674805,5.352836608886719
1752060431524,-6.86597204208374,,
1752060431590,-6.880337238311768,0.9343371987342834,5.98490571975708
1752060431657,,,6.257844924926758
1752060431658,-7.775768756866455,1.025316834449768,6.621763229370117
1752060431723,,,6.913856029510498
1752060431724,-7.038354396820068,1.6095020771026611,
1752060431790,,1.1306617259979248,6.722319602966309
1752060431791,-7.0144124031066895,0.9774328470230103,
1752060431857,,,6.69837760925293
1752060431858,-7.459733963012695,1.0923545360565186,
1752060431924,-7.215525150299072,0.9917980432510376,6.937798023223877
1752060431990,-7.17242956161499,1.2360066175460815,6.9904704093933105
1752060431991,-7.48846435546875,,
1752060432057,,1.4610615968704224,6.765415668487549
1752060432058,-7.095815181732178,,
1752060432124,,1.4850035905838013,7.727884769439697
1752060432125,-6.818088054656982,,
1752060432190,-6.511630058288574,1.8584990501403809,8.158841133117676
1752060432257,-5.601833343505859,2.030881643295288,8.80048656463623
1752060432258,-5.611410140991211,,
1752060432323,,1.8249802589416504,8.33601188659668
1752060432324,-5.415085792541504,,
1752060432390,,1.877652645111084,8.134899139404297
1752060432391,-5.496488571166992,2.011728048324585,
1752060432458,-5.391143798828125,1.8680758476257324,8.292916297912598
1752060432523,-5.237914562225342,2.0452468395233154,7.9194207191467285
1752060432591,-5.218760967254639,2.203263998031616,7.5650787353515625
1752060432656,,1.8010382652282715,8.268974304199219
1752060432657,-5.89392614364624,,
1752060432723,-5.525218963623047,1.7196353673934937,8.00561237335205
1752060432791,-6.142922878265381,1.3557167053222656,8.412626266479492
1752060432858,-5.688024520874023,1.4658499956130981,7.651269912719727
1752060432924,-6.224325656890869,1.3988122940063477,7.36396598815918
1752060432991,-6.406285285949707,1.6525976657867432,7.292140007019043
1752060433058,,,7.991246700286865
1752060433059,-5.812523365020752,1.7818846702575684,
1752060433123,,,7.790133953094482
1752060433124,-5.252279758453369,1.954267144203186,7.9864583015441895
1752060433190,,,8.225878715515137
1752060433191,-5.482123374938965,1.8010382652282715,8.297704696655273
1752060433258,-5.482123374938965,1.6765397787094116,8.738237380981445
1752060433323,-5.774216175079346,1.3844470977783203,8.125322341918945
1752060433390,,,8.072649955749512
1752060433391,-6.73189640045166,1.3174095153808594,7.028777599334717
1752060433457,,1.513733983039856,7.9625163078308105
1752060433458,-6.095038890838623,,
1752060433524,-5.740696907043457,1.489791989326477,8.02955436706543
1752060433590,,1.9925743341445923,8.087015151977539
1752060433591,-5.630563735961914,,
1752060433657,,,8.216301918029785
1752060433658,-5.3576250076293945,1.9063831567764282,
1752060433724,-5.874772548675537,1.5568296909332275,7.464522361755371
1752060433790,,1.3221979141235352,7.996035099029541
1752060433791,-6.42543888092041,,
1752060433858,,1.3796586990356445,7.1006035804748535
1752060433859,-5.434239387512207,,
1752060433923,-4.706401824951172,1.2599486112594604,7.325658798217773
1752060433991,-5.611410140991211,1.7004817724227905,8.048707962036133
1752060434058,-7.019200801849365,1.8201918601989746,8.771756172180176
1752060434124,-6.032789707183838,2.035670042037964,7.234679222106934
1752060434190,,1.7483657598495483,7.555501937866211
1752060434191,-5.774216175079346,,
1752060434258,,,7.148487567901611
1752060434259,-5.32889461517334,1.7627309560775757,6.669647216796875
1752060434323,,,9.020753860473633
1752060434324,,0.7332242727279663,
1752060434325,-6.980893611907959,0.8577227592468262,
1752060434390,,,7.914632320404053
1752060434391,-6.367978096008301,1.3078327178955078,
1752060434458,-6.779780864715576,1.5759832859039307,8.33601188659668
1752060434524,-5.8651957511901855,1.63344407081604,8.149264335632324
1752060434590,-5.209184169769287,1.6190788745880127,8.441356658935547
1752060434657,,,7.320870399475098
1752060434658,-5.376778602600098,1.8872294425964355,
1752060434724,-5.434239387512207,1.8489222526550293,7.105391979217529
1752060434790,-6.272210121154785,1.8489222526550293,7.431003570556641
1752060434857,,,7.61296272277832
1752060434858,-6.4398040771484375,1.734000563621521,7.656058311462402
1752060434923,-6.7510504722595215,1.2168530225753784,8.168417930603027
1752060434924,-6.449380874633789,,
1752060434990,,,7.632116317749023
1752060434991,-5.597044944763184,1.427542805671692,
1752060435056,,1.389235496520996,8.556278228759766
1752060435057,-6.1285576820373535,,
1752060435123,-5.597044944763184,1.5759832859039307,8.671199798583984
1752060435189,-5.869984149932861,1.7292121648788452,8.139687538146973
1752060435256,,,8.134899139404297
1752060435257,-6.190806865692139,1.734000563621521,
1752060435323,-5.8651957511901855,1.8632874488830566,7.431003570556641
1752060435389,,,6.9904704093933105
1752060435390,-6.1285576820373535,1.590348482131958,
1752060435457,,,7.603385925292969
1752060435458,-6.559514045715332,1.4131776094436646,
1752060435524,,,7.234679222106934
1752060435525,-5.86040735244751,1.4227544069290161,
1752060435590,,,7.7661919593811035
1752060435591,-6.104615688323975,1.3605051040649414,
1752060435657,,,7.976881504058838
1752060435658,-5.89392614364624,1.6286556720733643,
1752060435724,-5.036801815032959,1.8584990501403809,7.205948352813721
1752060435790,,,7.857171535491943
1752060435791,-6.339247703552246,1.4323312044143677,
1752060435857,,,8.015189170837402
1752060435858,-6.4828996658325195,1.5616180896759033,
1752060435923,,1.4610615968704224,7.790133953094482
1752060435924,-6.176441669464111,1.4754267930984497,
1752060435990,,1.513733983039856,7.952939510345459
1752060435991,-6.162076473236084,,
1752060436057,-5.678447723388672,1.547252893447876,7.5219831466674805
1752060436123,-5.185242176055908,1.4514847993850708,7.239467620849609
1752060436191,-6.33445930480957,1.4850035905838013,7.785345554351807
1752060436258,-5.913079738616943,1.5711948871612549,8.024765968322754
1752060436324,-5.798158168792725,1.2982559204101562,8.110957145690918
1752060436391,-5.817311763763428,1.0779893398284912,8.192359924316406
1752060436457,,,7.890690326690674
1752060436458,-5.793369770050049,1.202487826347351,7.694365501403809
1752060436523,,,7.531559944152832
1752060436524,-5.836465358734131,1.0875661373138428,7.885901927947998
1752060436590,-6.406285285949707,1.3221979141235352,7.794922351837158
1752060436657,,,8.431779861450195
1752060436658,-5.721543312072754,1.346139907836914,
1752060436723,,,8.838793754577637
1752060436724,-5.41987419128418,1.5424644947052002,
1752060436790,,,7.938574314117432
1752060436791,-5.869984149932861,1.6190788745880127,
1752060436857,,1.4562731981277466,7.732673168182373
1752060436858,-5.582679748535156,1.5520412921905518,
1752060436924,-3.8540661334991455,1.6717513799667358,7.665635108947754
1752060436990,-4.601057052612305,0.8529343605041504,8.383895874023438
1752060437057,-6.248267650604248,0.9870096445083618,8.240243911743164
1752060437123,-6.430227279663086,1.3748703002929688,8.546701431274414
1752060437124,-6.73189640045166,,
1752060437190,-6.937798023223877,1.3940238952636719,8.292916297912598
1752060437257,,1.389235496520996,8.240243911743164
1752060437258,-5.247491359710693,,
1752060437323,,,9.049484252929688
1752060437324,-4.57232666015625,1.2934675216674805,
1752060437390,,,8.776544570922852
1752060437391,-3.7056257724761963,1.7435773611068726,
1752060437457,,,8.690353393554688
1752060437458,-4.1413702964782715,1.7675193548202515,8.690353393554688
1752060437524,-5.946598529815674,1.0875661373138428,9.269750595092773
1752060437589,,,7.828441143035889
1752060437590,-6.0423665046691895,1.6382324695587158,7.239467620849609
1752060437657,-5.515642166137695,1.4514847993850708,7.282563209533691
1752060437724,,,8.446145057678223
1752060437725,-6.377554893493652,0.8672995567321777,7.943362712860107
1752060437790,,,7.1436991691589355
1752060437791,-3.796605348587036,1.9734207391738892,7.311293601989746
1752060437858,,,7.507617950439453
1752060437859,-3.8301241397857666,1.5233107805252075,7.311293601989746
1752060437923,,,8.3120698928833
1752060437924,-5.640140533447266,0.9965864419937134,8.24503231048584
1752060437991,-6.487688064575195,1.1210849285125732,8.58500862121582
1752060438058,-7.052719593048096,1.2743138074874878,8.130110740661621
1752060438123,,,8.632892608642578
1752060438124,-6.885125637054443,0.8194155097007751,
1752060438191,-5.587468147277832,0.8146271109580994,8.225878715515137
1752060438257,,,8.647257804870605
1752060438258,-5.027225017547607,0.21128830313682556,
1752060438324,,,8.70950698852539
1752060438325,-5.381567001342773,0.9870096445083618,
1752060438390,,,8.015189170837402
1752060438391,-5.218760967254639,1.9159599542617798,8.27855110168457
1752060438458,,,8.168417930603027
1752060438459,-6.032789707183838,2.212841033935547,
1752060438524,-5.707178115844727,1.9686323404312134,8.09659194946289
1752060438591,-5.324106216430664,1.7483657598495483,7.818864345550537
1752060438657,,,7.689577102661133
1752060438658,-4.873996257781982,1.446696400642395,
1752060438724,,0.9487023949623108,8.431779861450195
1752060438725,-5.324106216430664,,
1752060438791,-5.553949356079102,1.1019313335418701,8.053496360778809
1752060438858,,0.8050503134727478,8.862735748291016
1752060438859,-6.387131690979004,,
1752060438924,-6.219537258148193,1.2120646238327026,9.188347816467285
1752060438991,-5.616198539733887,1.5711948871612549,8.786121368408203
1752060439058,-5.496488571166992,1.4802151918411255,8.422203063964844
1752060439124,-5.343259811401367,1.389235496520996,7.9194207191467285
1752060439191,-4.79738187789917,1.5759832859039307,7.952939510345459
1752060439257,,1.4514847993850708,7.680000305175781
1752060439258,-5.22833776473999,,
1752060439323,,1.8249802589416504,7.847594738006592
1752060439324,-4.92188024520874,,
1752060439391,-5.2666449546813965,1.6286556720733643,8.101380348205566
1752060439457,-6.071096897125244,1.4227544069290161,8.316858291625977
1752060439523,,1.1785458326339722,8.158841133117676
1752060439524,-6.114192485809326,1.0923545360565186,
1752060439590,-6.645705223083496,1.0396820306777954,7.742249965667725
1752060439657,-7.287351608276367,0.7044938206672668,7.9625163078308105
1752060439723,,1.7962498664855957,6.712742805480957
1752060439724,-6.176441669464111,,
1752060439790,-5.060743808746338,2.1266496181488037,6.880337238311768
1752060439858,-5.218760967254639,1.7866730690002441,8.570643424987793
1752060439923,,2.117072820663452,7.287351608276367
1752060439924,-4.629787445068359,1.7148469686508179,
1752060439991,-6.401496887207031,0.9917980432510376,8.920196533203125
1752060440058,-7.119757175445557,1.4993687868118286,7.3687543869018555
1752060440123,,,6.7510504722595215
1752060440124,-5.237914562225342,2.3756465911865234,7.067084789276123
1752060440189,,,8.091803550720215
1752060440190,-5.793369770050049,1.5807716846466064,7.909843921661377
1752060440257,,1.6956933736801147,7.0144124031066895
1752060440258,-4.241926670074463,1.5759832859039307,
1752060440323,-4.44782829284668,1.3652935028076172,9.494805335998535
1752060440390,-6.444592475891113,1.6621745824813843,8.685564994812012
1752060440458,,,8.503605842590332
1752060440459,-7.052719593048096,1.6286556720733643,7.387907981872559
1752060440524,,,8.829216957092285
1752060440525,-7.148487567901611,,
1752060440590,,,8.9680814743042
1752060440591,-5.530007362365723,1.1929110288619995,9.346364974975586
1752060440658,-4.869207859039307,1.2982559204101562,9.46607494354248
1752060440724,-3.863642930984497,1.3605051040649414,9.245808601379395
1752060440790,,,9.719860076904297
1752060440791,-4.787805080413818,1.8010382652282715,
1752060440858,,2.5145103931427,8.843582153320312
1752060440859,-4.75428581237793,2.32297420501709,
1752060440924,-5.170876979827881,2.390011787414551,7.656058311462402
1752060440990,,,8.431779861450195
1752060440991,-5.89392614364624,1.8010382652282715,8.058284759521484
1752060441057,,1.8728642463684082,8.249820709228516
1752060441058,-5.36241340637207,,
1752060441123,,,8.513182640075684
1752060441124,-5.2714338302612305,1.4993687868118286,
1752060441190,-5.333683013916016,1.4323312044143677,8.450933456420898
1752060441257,,,8.235455513000488
1752060441258,-5.2235493659973145,1.5041571855545044,
1752060441323,,,8.240243911743164
1752060441324,-5.19481897354126,1.6621745824813843,8.230667114257812
1752060441390,-5.4246625900268555,1.8824410438537598,8.058284759521484
1752060441457,,,8.656834602355957
1752060441458,-5.094262599945068,1.9925743341445923,8.939350128173828
1752060441524,-5.089474201202393,2.117072820663452,8.580220222473145
1752060441590,-4.610633850097656,1.997362732887268,8.206725120544434
1752060441657,,,8.417414665222168
1752060441658,-4.883573055267334,1.710058569908142,
1752060441723,,1.370081901550293,8.019977569580078
1752060441724,-5.376778602600098,,
1752060441790,-5.841253757476807,1.5233107805252075,8.010400772094727
1752060441858,-5.625775337219238,1.66696298122406,7.976881504058838
1752060441924,-5.376778602600098,1.8010382652282715,7.957727909088135
1752060441991,-5.917868137359619,1.5759832859039307,8.623315811157227
1752060442058,-5.094262599945068,1.4945803880691528,9.509170532226562
1752060442124,-5.4246625900268555,1.4993687868118286,8.776544570922852
1752060442191,-5.721543312072754,1.4227544069290161,8.388684272766113
1752060442258,-6.07588529586792,1.6190788745880127,8.134899139404297
1752060442324,,,8.082226753234863
1752060442325,-5.1996073722839355,1.7148469686508179,8.053496360778809
1752060442391,-6.104615688323975,1.5807716846466064,8.125322341918945
1752060442457,,,7.794922351837158
1752060442458,-5.6640825271606445,1.63344407081604,8.091803550720215
1752060442524,,,7.531559944152832
1752060442525,-5.501276969909668,1.7148469686508179,
1752060442590,,,8.412626266479492
1752060442591,-5.76942777633667,1.326986312866211,7.857171535491943
1752060442658,,,7.972093105316162
1752060442659,-5.429450988769531,1.6430208683013916,7.842806339263916
1752060442723,,,8.249820709228516
1752060442724,-5.941810131072998,1.427542805671692,8.173206329345703
1752060442790,-6.008847713470459,1.6095020771026611,8.522759437561035
1752060442858,,,8.532336235046387
1752060442859,-5.994482517242432,1.6525976657867432,8.599373817443848
1752060442924,-5.587468147277832,1.8154034614562988,8.297704696655273
1752060442991,,,7.847594738006592
1752060442992,-5.41987419128418,1.6430208683013916,7.7470383644104
1752060443057,,,7.785345554351807
1752060443058,-5.539584159851074,1.6573861837387085,7.742249965667725
1752060443124,-5.908291339874268,1.66696298122406,7.742249965667725
1752060443191,-6.209960460662842,1.6238672733306885,7.574655532836914
1752060443258,-6.573879241943359,1.5424644947052002,7.263409614562988
1752060443324,-6.525995254516602,1.4227544069290161,6.6361284255981445
1752060443391,-6.631340026855469,1.1976994276046753,6.176441669464111
1752060443457,,1.006163239479065,5.812523365020752
1752060443458,-7.028777599334717,,
1752060443524,-7.713519096374512,0.862511157989502,6.099827289581299
1752060443591,-7.713519096374512,0.9343371987342834,6.655282020568848
1752060443658,-7.756615161895752,0.982221245765686,7.191583156585693
1752060443724,-7.536348342895508,1.1306617259979248,7.033565998077393
1752060443790,,,6.564302444458008
1752060443791,-7.004835605621338,0.9391255974769592,6.463746070861816
1752060443858,-7.651269912719727,0.800261914730072,6.420650482177734
1752060443923,,,6.186018466949463
1752060443924,-7.27298641204834,1.1641805171966553,
1752060443990,,,6.1285576820373535
1752060443991,-6.8611836433410645,1.2120646238327026,
1752060444057,-6.367978096008301,1.025316834449768,6.090250492095947
1752060444123,,,6.377554893493652
1752060444124,-6.214748859405518,0.383670836687088,
1752060444190,,0.07721300423145294,6.415862083435059
1752060444191,-6.2386908531188965,,
1752060444258,-7.095815181732178,-0.25318682193756104,7.148487567901611
1752060444324,-6.8372416496276855,-0.03292027488350868,7.445368766784668
1752060444390,-7.062296390533447,0.10594342648983002,7.7230963706970215
1752060444458,-6.3967084884643555,0.18734627962112427,7.459733963012695
1752060444523,,,7.000047206878662
1752060444524,-6.473322868347168,-0.3298012912273407,
1752060444590,,,7.076661586761475
1752060444592,-6.095038890838623,-0.8086416125297546,7.153275966644287
1752060444658,,,7.320870399475098
1752060444659,-6.190806865692139,-0.444722980260849,7.320870399475098
1752060444723,-6.784569263458252,0.35494041442871094,7.2298903465271
1752060444790,-6.808511257171631,0.35494041442871094,6.51641845703125
1752060444858,-6.928221225738525,0.2687491476535797,6.985682010650635
1752060444923,-6.435015678405762,0.25438392162323,6.162076473236084
1752060444991,,-0.6506243348121643,6.736684799194336
1752060444992,-6.976105213165283,,
1752060445057,,,6.20038366317749
1752060445058,-6.952163219451904,-0.5883750915527344,
1752060445123,-7.4118499755859375,-0.36810851097106934,6.186018466949463
1752060445124,-6.933009624481201,,
1752060445191,-7.08144998550415,-0.2388216257095337,6.899490833282471
1752060445258,-6.913856029510498,-0.18614917993545532,6.760627269744873
1752060445324,-7.89547872543335,-0.21009120345115662,6.267421722412109
1752060445390,-6.7031660079956055,-0.26755204796791077,6.358401298522949
1752060445458,,,6.324882507324219
1752060445459,-7.234679222106934,-0.7799112200737,6.525995254516602
1752060445523,-6.842030048370361,-0.3298012912273407,6.559514045715332
1752060445591,,-0.4638765752315521,6.660070419311523
1752060445592,-7.1676411628723145,-0.5500678420066833,
1752060445657,,,6.1716532707214355
1752060445658,-7.70394229888916,-0.47824180126190186,
1752060445724,-7.498041152954102,-0.3585317134857178,6.478111267089844
1752060445791,-7.153275966644287,-0.262763649225235,6.870760440826416
1752060445858,-6.95695161819458,-0.03292027488350868,6.889914035797119
1752060445923,,,6.502053260803223
1752060445924,-6.985682010650635,-0.27712884545326233,
1752060445990,,-0.2388216257095337,6.296152114868164
1752060445991,-7.234679222106934,,
1752060446058,-7.114968776702881,-0.22924481332302094,6.645705223083496
1752060446124,-6.707954406738281,-0.5069721937179565,6.717531204223633
1752060446191,-7.541136741638184,-0.48303020000457764,6.186018466949463
1752060446258,,0.37409400939941406,6.138134479522705
1752060446259,-7.3687543869018555,,
1752060446323,-7.330447196960449,5.985504249110818E-4,6.578667640686035
1752060446391,-7.469310760498047,0.383670836687088,5.98490571975708
1752060446458,-8.182783126831055,-0.19572599232196808,5.922656536102295
1752060446524,-7.464522361755371,-0.12868833541870117,6.1955952644348145
1752060446591,,,6.219537258148193
1752060446592,-7.517194747924805,-0.19572599232196808,6.1955952644348145
1752060446657,,-0.18136078119277954,5.9753289222717285
1752060446658,-7.656058311462402,,
1752060446723,-7.761403560638428,-0.25318682193756104,5.812523365020752
1752060446790,,-0.018555063754320145,5.644928932189941
1752060446791,-7.7183074951171875,,
1752060446857,,,5.793369770050049
1752060446858,-7.622539520263672,-0.19572599232196808,5.841253757476807
1752060446923,,-0.4207809567451477,5.683236122131348
1752060446924,-7.6752119064331055,-0.41120412945747375,
1752060446990,-8.33601188659668,-0.26755204796791077,5.32889461517334
1752060446991,-8.110957145690918,,
1752060447057,,,5.89392614364624
1752060447058,-7.943362712860107,-0.16220717132091522,
1752060447124,-7.80449914932251,-0.06165069341659546,6.07588529586792
1752060447190,-7.325658798217773,-0.08559270948171616,6.296152114868164
1752060447257,,,6.30094051361084
1752060447258,-7.373542785644531,-0.013766659423708916,6.324882507324219
1752060447322,,,6.061520099639893
1752060447323,-8.091803550720215,-0.47824180126190186,
1752060447390,,,6.4398040771484375
1752060447391,-8.21151351928711,-0.43993455171585083,
1752060447458,,,6.660070419311523
1752060447459,-8.015189170837402,-0.5069721937179565,6.353612899780273
1752060447524,-7.684788703918457,-0.41120412945747375,6.051943302154541
1752060447590,,,5.4677581787109375
1752060447591,-7.48846435546875,-0.14784196019172668,5.434239387512207
1752060447658,,,5.4246625900268555
1752060447659,-7.162852764129639,-0.04249707981944084,5.443816184997559
1752060447723,-6.971316814422607,-0.5835866928100586,5.855618953704834
1752060447791,,,5.697601318359375
1752060447792,-7.9194207191467285,-0.4495113790035248,5.970540523529053
1752060447858,-7.89547872543335,-0.5740098357200623,6.478111267089844
1752060447923,,,6.008847713470459
1752060447924,-8.431779861450195,-0.5644330382347107,5.956175327301025
1752060447990,-8.173206329345703,-0.5165489912033081,6.157288074493408
1752060448058,,,6.2386908531188965
1752060448059,-7.67042350769043,-0.22924481332302094,6.186018466949463
1752060448124,-7.584232330322266,-0.17178396880626678,6.080673694610596
1752060448190,,-0.11432313174009323,5.994482517242432
1752060448191,-7.2107367515563965,,
1752060448258,,,5.999270915985107
1752060448259,-7.253832817077637,-0.36332011222839355,5.956175327301025
1752060448323,,,6.10940408706665
1752060448324,-7.435791969299316,-0.3058592677116394,6.0184245109558105
1752060448390,,,6.181230068206787
1752060448391,-7.656058311462402,-0.2579752206802368,
1752060448458,-7.713519096374512,-0.21966800093650818,6.344036102294922
1752060448523,,-0.2388216257095337,6.559514045715332
1752060448524,-7.598597526550293,-0.19572599232196808,
1752060448591,,-0.08559270948171616,6.463746070861816
1752060448592,-7.440580368041992,,
1752060448657,,,6.707954406738281
1752060448658,-7.0575079917907715,-0.1909375786781311,
1752060448724,-6.597821235656738,0.0867898091673851,6.913856029510498
1752060448791,-6.909067630767822,0.06763619929552078,6.569090843200684
1752060448858,,,6.387131690979004
1752060448859,-7.507617950439453,-0.05686229094862938,6.233902454376221
1752060448924,,,6.30094051361084
1752060448925,-7.67042350769043,0.0293289702385664,
1752060448991,-7.431003570556641,-0.03292027488350868,6.449380874633789
1752060449058,-7.2298903465271,-0.06643909960985184,6.430227279663086
1752060449123,-7.205948352813721,0.03890577703714371,6.276998519897461
1752060449181,-7.450157165527344,0.08200141042470932,6.454169273376465
1752060449248,,,6.573879241943359
1752060449249,-7.469310760498047,0.1107318252325058,6.502053260803223
1752060449315,-7.3017168045043945,0.12509703636169434,6.344036102294922
1752060449383,-7.383119583129883,0.1586158573627472,6.435015678405762
1752060449448,,0.1538274586200714,6.363189697265625
1752060449449,-7.091026782989502,,
1752060449515,-7.2586212158203125,0.24480712413787842,6.530783653259277
1752060449582,-7.311293601989746,0.3405751883983612,6.645705223083496
1752060449648,,0.16340427100658417,6.569090843200684
1752060449649,-7.584232330322266,,
1752060449715,-7.249044418334961,0.3166331648826599,6.3967084884643555
1752060449782,-7.1676411628723145,0.25917232036590576,6.348824501037598
1752060449849,-7.1006035804748535,0.2495955228805542,6.415862083435059
1752060449915,-7.6081743240356445,0.28790274262428284,6.435015678405762
1752060449982,,,6.525995254516602
1752060449983,-7.469310760498047,0.37888240814208984,6.4398040771484375
1752060450048,,0.32620999217033386,6.655282020568848
1752060450049,-7.421426773071289,0.3357867896556854,
1752060450115,-7.2107367515563965,0.42197805643081665,6.377554893493652
1752060450182,,,6.458957672119141
1752060450183,-7.205948352813721,0.37409400939941406,6.554725646972656
1752060450248,-7.249044418334961,0.37409400939941406,6.478111267089844
1752060450317,-7.478887557983398,0.436343252658844,6.377554893493652
1752060450384,-7.431003570556641,0.35015198588371277,6.478111267089844
1752060450449,,,6.353612899780273
1752060450450,-7.57944393157959,0.5704185366630554,
1752060450517,-7.569867134094238,0.8242039084434509,6.233902454376221
1752060450583,-7.536348342895508,0.9199720025062561,6.233902454376221
1752060450650,,,6.142922878265381
1752060450651,-7.536348342895508,0.8529343605041504,
1752060450716,-7.4549455642700195,0.7380126714706421,6.162076473236084
1752060450784,,0.7044938206672668,6.104615688323975
1752060450785,-7.459733963012695,,
1752060450850,-7.617751121520996,0.6087257862091064,6.16686487197876
1752060450916,-7.6081743240356445,0.6087257862091064,6.229114055633545
1752060450983,,,6.320094108581543
1752060450984,-7.517194747924805,0.6230909824371338,
1752060451049,,0.6997054219245911,6.2865753173828125
1752060451050,-7.450157165527344,0.6997054219245911,
1752060451116,-7.526771545410156,0.6805518269538879,6.209960460662842
1752060451183,,,6.157288074493408
1752060451184,-7.541136741638184,0.7044938206672668,6.219537258148193
1752060451249,-7.39748477935791,0.6853402256965637,6.272210121154785
1752060451316,-7.536348342895508,0.718859076499939,6.224325656890869
1752060451383,-7.512406349182129,0.6949170231819153,6.291363716125488
1752060451449,-7.483675956726074,0.6470330357551575,6.219537258148193
1752060451516,-7.493252754211426,0.6518214344978333,6.209960460662842
1752060451583,-7.536348342895508,0.6135141849517822,6.348824501037598
1752060451584,-7.493252754211426,,
1752060451649,,,6.248267650604248
1752060451650,-7.560290336608887,0.6661866307258606,6.229114055633545
1752060451716,-7.421426773071289,0.6709750294685364,6.248267650604248
1752060451784,-7.57944393157959,0.7140706777572632,6.214748859405518
1752060451849,,,6.276998519897461
1752060451850,-7.469310760498047,0.656609833240509,6.229114055633545
1752060451916,,0.6374561786651611,6.2386908531188965
1752060451917,-7.507617950439453,,
1752060451983,,,6.305728912353516
1752060451984,-7.57944393157959,0.6757634282112122,6.291363716125488
1752060452050,-7.641693115234375,0.8289923667907715,6.080673694610596
1752060452116,-7.713519096374512,1.025316834449768,6.209960460662842
1752060452117,-7.737461566925049,,
1752060452183,-7.737461566925049,1.1929110288619995,6.023212909698486
1752060452249,,,5.98490571975708
1752060452250,-7.459733963012695,1.106719732284546,6.10940408706665
1752060452316,-7.8332295417785645,1.1546037197113037,6.051943302154541
1752060452384,-7.7661919593811035,1.245583415031433,5.764639377593994
1752060452449,,,5.702389717102051
1752060452450,-7.502829551696777,1.0348936319351196,6.008847713470459
1752060452516,,,5.927444934844971
1752060452517,-7.952939510345459,0.8720879554748535,5.702389717102051
1752060452583,,,6.1955952644348145
1752060452584,-7.83801794052124,1.1115081310272217,5.970540523529053
1752060452649,,1.0348936319351196,6.243479251861572
1752060452650,-7.770980358123779,,
1752060452716,-7.239467620849609,1.0923545360565186,5.659294128417969
1752060452717,-7.311293601989746,,
1752060452784,-8.230667114257812,0.7475894689559937,5.95138692855835
1752060452850,,0.9630676507949829,5.980117321014404
1752060452851,-8.393472671508789,,
1752060452916,-7.861959934234619,1.125873327255249,6.358401298522949
1752060452984,-7.191583156585693,1.006163239479065,5.908291339874268
1752060453049,-7.636904716491699,0.8768763542175293,5.395932197570801
1752060453115,-6.918644428253174,1.0348936319351196,6.0854620933532715
1752060453183,,,5.798158168792725
1752060453184,-9.078214645385742,1.4419080018997192,5.3576250076293945
1752060453249,-8.173206329345703,0.6230909824371338,6.152499675750732
1752060453316,,,6.310517311096191
1752060453317,-7.7230963706970215,0.8529343605041504,6.540360450744629
1752060453384,,1.1737574338912964,5.755062103271484
1752060453385,-6.942586421966553,,
1752060453449,,,5.304952621459961
1752060453450,-7.80449914932251,1.202487826347351,5.86040735244751
1752060453516,,,5.86040735244751
1752060453517,-7.83801794052124,1.0732009410858154,5.415085792541504
1752060453584,,,5.999270915985107
1752060453585,-8.719083786010742,1.1881226301193237,5.506065368652344
1752060453650,,1.1737574338912964,6.142922878265381
1752060453651,-8.331223487854004,1.0444705486297607,
1752060453717,-7.689577102661133,1.2599486112594604,5.482123374938965
1752060453784,-7.498041152954102,1.006163239479065,5.45339298248291
1752060453849,,,5.405508995056152
1752060453850,,,5.285799026489258
1752060453851,-7.900267124176025,0.8720879554748535,
1752060453917,-8.61852741241455,0.9965864419937134,5.678447723388672
1752060453984,,1.0396820306777954,5.8651957511901855
1752060453985,-8.273762702941895,1.006163239479065,
1752060454049,-8.479663848876953,1.326986312866211,5.41987419128418
1752060454117,-8.73344898223877,1.6382324695587158,4.75428581237793
1752060454184,-8.474875450134277,1.025316834449768,4.802170276641846
1752060454250,-8.249820709228516,0.7523778676986694,4.567538261413574
1752060454317,-8.450933456420898,0.46507367491722107,4.624999046325684
1752060454384,-8.474875450134277,0.4124012291431427,4.835689067840576
1752060454450,-8.537124633789062,0.41718965768814087,4.720767021179199
1752060454516,-8.652046203613281,0.3693056106567383,4.567538261413574
1752060454583,-8.532336235046387,0.10594342648983002,4.529231071472168
1752060454649,-8.508394241333008,0.0293289702385664,4.6058454513549805
1752060454716,,,4.8309006690979
1752060454717,-8.719083786010742,0.28790274262428284,
1752060454783,-8.73344898223877,0.6039373874664307,5.395932197570801
1752060454784,-8.06307315826416,,
1752060454849,,1.0875661373138428,6.0184245109558105
1752060454850,-7.996035099029541,1.2168530225753784,
1752060454916,-7.04793119430542,1.1881226301193237,6.818088054656982
1752060454983,-6.918644428253174,1.1881226301193237,6.224325656890869
1752060455049,-7.80449914932251,0.8672995567321777,5.381567001342773
1752060455116,-8.09659194946289,0.5608417391777039,5.400720596313477
1752060455183,-7.555501937866211,0.4985924959182739,5.941810131072998
1752060455249,,,5.735908508300781
1752060455250,-7.943362712860107,0.4985924959182739,5.592256546020508
1752060455317,-8.259397506713867,0.5704185366630554,5.501276969909668
1752060455383,-8.436568260192871,0.517746090888977,5.553949356079102
1752060455449,,,5.72633171081543
1752060455450,-8.30249309539795,0.4554968774318695,5.625775337219238
1752060455516,-7.890690326690674,0.383670836687088,5.688024520874023
1752060455583,-7.881113529205322,0.07242459803819656,5.352836608886719
1752060455650,-8.46051025390625,-0.04728548228740692,4.591480255126953
1752060455716,-8.201936721801758,-0.08080431073904037,5.108627796173096
1752060455784,-7.9864583015441895,-0.21966800093650818,5.185242176055908
1752060455849,-8.513182640075684,-0.8086416125297546,5.051167011260986
1752060455917,-8.604162216186523,-1.0001777410507202,4.596268653869629
1752060455984,-8.42699146270752,-1.3976151943206787,4.371213912963867
1752060456049,-9.097368240356445,-1.6274585723876953,3.9833531379699707
1752060456116,-9.470863342285156,-1.6370353698730469,4.1844658851623535
1752060456183,-8.575431823730469,-1.512536883354187,4.878784656524658
1752060456250,-7.933785915374756,-0.8277952671051025,5.22833776473999
1752060456315,,,4.629787445068359
1752060456316,-8.49402904510498,-1.325789213180542,4.744709014892578
1752060456383,-8.580220222473145,-1.2826935052871704,4.950610637664795
1752060456384,-8.431779861450195,,
1752060456449,-7.972093105316162,-1.3784615993499756,5.573102951049805
1752060456515,-7.842806339263916,-1.5843629837036133,5.7790045738220215
1752060456584,-7.847594738006592,-1.876455545425415,6.415862083435059
1752060456650,-7.996035099029541,-1.7423802614212036,6.0423665046691895
1752060456717,-7.943362712860107,-1.833359956741333,5.89392614364624
1752060456784,-7.775768756866455,-1.569997787475586,5.826888561248779
1752060456849,,,6.822876453399658
1752060456850,-7.474099159240723,-1.325789213180542,7.038354396820068
1752060456917,-7.354389190673828,-1.4933832883834839,6.885125637054443
1752060456983,,,6.7510504722595215
1752060456984,-8.110957145690918,-1.4790180921554565,
1752060457049,,,6.248267650604248
1752060457050,-6.985682010650635,-0.8756792545318604,
1752060457116,-6.1716532707214355,-0.8756792545318604,6.95695161819458
1752060457183,,,6.363189697265625
1752060457184,-6.789357662200928,-0.679354727268219,
1752060457249,-8.149264335632324,-0.71766197681427,5.4677581787109375
1752060457316,-7.239467620849609,-0.09516951441764832,5.908291339874268
1752060457384,-6.6361284255981445,0.1346738487482071,6.741473197937012
1752060457450,-7.354389190673828,-0.2579752206802368,7.234679222106934
1752060457516,-7.823652744293213,-0.48303020000457764,7.08144998550415
1752060457583,-7.569867134094238,-0.3585317134857178,6.506841659545898
1752060457650,-7.541136741638184,-0.5404910445213318,6.051943302154541
1752060457716,-7.560290336608887,-0.6602011322975159,5.582679748535156
1752060457783,-7.569867134094238,-0.9953893423080444,5.601833343505859
1752060457849,,,5.429450988769531
1752060457850,-7.569867134094238,-0.8277952671051025,5.520430564880371
1752060457916,-7.182006359100342,-0.679354727268219,6.138134479522705
1752060457984,-7.431003570556641,-0.6075286865234375,6.406285285949707
1752060458049,,-0.641047477722168,6.645705223083496
1752060458050,-7.699153900146484,,
1752060458116,-7.574655532836914,-0.43993455171585083,7.028777599334717
1752060458183,,-0.4638765752315521,7.646481513977051
1752060458184,-7.033565998077393,,
1752060458250,-6.545148849487305,-0.861314058303833,7.7661919593811035
1752060458316,,,7.335235595703125
1752060458317,-6.712742805480957,-0.9906009435653687,7.17242956161499
1752060458383,-6.9904704093933105,-1.4215573072433472,6.597821235656738
1752060458451,-7.3687543869018555,-1.7471686601638794,6.310517311096191
1752060458516,-7.550713539123535,-1.5173252820968628,5.678447723388672
1752060458583,,,6.152499675750732
1752060458584,-7.344812393188477,-1.5604209899902344,
1752060458649,-7.70394229888916,-1.1581950187683105,5.8891377449035645
1752060458716,-8.048707962036133,-1.225232720375061,5.788581371307373
1752060458784,-7.6752119064331055,-1.062427043914795,6.028001308441162
1752060458850,-7.335235595703125,-0.7416039705276489,6.458957672119141
1752060458916,-7.373542785644531,-0.5452794432640076,6.626551628112793
1752060458984,-7.220313549041748,-0.5596446394920349,6.760627269744873
1752060459049,,,7.023989200592041
1752060459050,-6.937798023223877,-0.34416648745536804,
1752060459115,-6.717531204223633,-0.406415730714798,7.148487567901611
1752060459183,,-0.7032967209815979,6.669647216796875
1752060459184,-6.95695161819458,,
1752060459249,-7.445368766784668,-1.0576386451721191,6.363189697265625
1752060459316,,-1.0576386451721191,6.1285576820373535
1752060459317,-7.541136741638184,,
1752060459384,-7.890690326690674,-1.0959458351135254,5.980117321014404
1752060459449,-7.603385925292969,-0.760757565498352,6.305728912353516
1752060459517,-7.129333972930908,-0.6697779297828674,6.7749924659729
1752060459583,-7.071873188018799,-0.7655459642410278,6.851606845855713
1752060459648,-7.330447196960449,-0.8277952671051025,6.415862083435059
1752060459714,,,6.511630058288574
1752060459715,-7.392696380615234,-0.9091981053352356,6.497264862060547
1752060459782,-7.3687543869018555,-0.8182184100151062,6.339247703552246
1752060459848,-7.0575079917907715,-0.47824180126190186,6.875548839569092
1752060459915,-7.114968776702881,-0.5213374495506287,6.664858818054199
1752060459982,-7.598597526550293,-0.6554127335548401,6.324882507324219
1752060460048,-7.30650520324707,-0.5692214369773865,6.430227279663086
1752060460114,,,6.478111267089844
1752060460115,-7.186794757843018,-0.578798234462738,6.458957672119141
1752060460182,-7.627327919006348,-0.6362590789794922,6.296152114868164
1752060460248,-7.459733963012695,-0.6171054840087891,6.291363716125488
1752060460314,,,6.454169273376465
1752060460315,-7.445368766784668,-0.5452794432640076,6.463746070861816
1752060460382,-7.421426773071289,-0.166995570063591,6.243479251861572
1752060460448,,,6.095038890838623
1752060460449,-7.727884769439697,-0.3298012912273407,6.023212909698486
1752060460515,-7.83801794052124,-0.262763649225235,6.07588529586792
1752060460582,-7.622539520263672,-0.25318682193756104,6.123769283294678
1752060460648,-7.387907981872559,-0.2148796021938324,6.157288074493408
1752060460715,-7.517194747924805,-0.25318682193756104,6.1716532707214355
1752060460782,-7.727884769439697,-0.22924481332302094,6.095038890838623
1752060460848,,-0.06165069341659546,5.884349346160889
1752060460849,-7.857171535491943,,
1752060460915,-7.632116317749023,-0.24361002445220947,6.281786918640137
1752060460982,,,6.142922878265381
1752060460983,-7.555501937866211,-0.18614917993545532,6.133346080780029
1752060461049,-7.70394229888916,-0.36332011222839355,6.028001308441162
1752060461114,,,6.0184245109558105
1752060461115,-7.737461566925049,-0.497395396232605,
1752060461182,-7.517194747924805,,
1752060461249,-7.498041152954102,-0.4255693554878235,6.39192008972168
1752060461315,-7.421426773071289,-0.5069721937179565,6.320094108581543
1752060461383,-7.507617950439453,-0.43993455171585083,6.339247703552246
1752060461449,,,6.320094108581543
1752060461450,-7.445368766784668,-0.6458359360694885,6.339247703552246
1752060461516,-7.196371555328369,-0.823006808757782,6.535572052001953
1752060461583,-7.253832817077637,-0.6314706802368164,6.626551628112793
1752060461648,-7.914632320404053,-0.0999579206109047,6.066308498382568
1752060461715,-8.163629531860352,-0.023343466222286224,5.774216175079346
1752060461782,-7.57944393157959,0.0867898091673851,6.152499675750732
1752060461850,-7.665635108947754,0.06763619929552078,6.114192485809326
1752060461915,-7.512406349182129,-0.03770867735147476,5.927444934844971
1752060461982,-7.287351608276367,-0.2819172441959381,6.305728912353516
1752060462049,-7.603385925292969,-0.43993455171585083,6.267421722412109
1752060462115,-7.761403560638428,-0.23403321206569672,6.095038890838623
1752060462182,,-0.31543606519699097,6.382343292236328
1752060462183,-7.531559944152832,,
1752060462249,-7.584232330322266,-0.08559270948171616,6.262633323669434
1752060462316,-7.593809127807617,-0.013766659423708916,6.243479251861572
1752060462384,,,5.999270915985107
1752060462385,-7.589020729064941,-0.27712884545326233,6.205172061920166
1752060462448,,,6.377554893493652
1752060462449,-7.263409614562988,-0.36810851097106934,6.478111267089844
1752060462515,-7.277774810791016,-0.2819172441959381,6.506841659545898
1752060462583,-7.646481513977051,-0.3345896899700165,6.214748859405518
1752060462649,-7.498041152954102,-0.43514615297317505,6.540360450744629
1752060462715,-7.7183074951171875,0.02454056777060032,5.8029465675354
1752060462783,-7.5650787353515625,-0.5692214369773865,6.612186431884766
1752060462784,-7.421426773071289,,
1752060462848,,,6.315305709838867
1752060462849,-7.5219831466674805,-0.24839842319488525,6.262633323669434
1752060462915,,,6.315305709838867
1752060462916,-7.4118499755859375,-0.10953472554683685,6.262633323669434
1752060462983,-7.57944393157959,-0.13826514780521393,6.320094108581543
1752060463049,-7.512406349182129,-0.24361002445220947,6.190806865692139
1752060463116,-7.512406349182129,-0.05686229094862938,6.257844924926758
1752060463183,-7.30650520324707,-0.23403321206569672,6.502053260803223
1752060463250,-7.435791969299316,-0.262763649225235,6.525995254516602
1752060463316,,-0.18136078119277954,6.372766494750977
1752060463317,-7.36396598815918,,
1752060463383,-7.589020729064941,-0.24839842319488525,6.3296709060668945
1752060463449,-7.3687543869018555,-0.13826514780521393,6.339247703552246
1752060463515,,,6.435015678405762
1752060463516,-7.316082000732422,-0.14784196019172668,6.387131690979004
1752060463584,,,6.253056526184082
1752060463585,-7.526771545410156,-0.12868833541870117,
1752060463649,,,6.1716532707214355
1752060463650,-7.708730697631836,-0.27712884545326233,6.142922878265381
1752060463716,-7.48846435546875,-0.18136078119277954,6.382343292236328
1752060463783,,,6.262633323669434
1752060463784,-7.421426773071289,-0.18614917993545532,6.281786918640137
1752060463849,,,6.291363716125488
1752060463850,-7.464522361755371,-0.13826514780521393,
1752060463916,,-0.1909375786781311,6.411073684692383
1752060463917,-7.344812393188477,,
1752060463984,-7.287351608276367,-0.1430535465478897,6.3967084884643555
1752060464049,,,6.30094051361084
1752060464050,-7.622539520263672,-0.17178396880626678,
1752060464116,,-0.14784196019172668,6.296152114868164
1752060464117,-7.569867134094238,,
1752060464183,,,6.358401298522949
1752060464184,-7.4549455642700195,-0.11432313174009323,
1752060464248,,,6.339247703552246
1752060464249,-7.36396598815918,-0.13826514780521393,
1752060464315,-7.517194747924805,-0.16220717132091522,6.267421722412109
1752060464384,-7.478887557983398,-0.13826514780521393,6.30094051361084
1752060464449,,,6.3296709060668945
1752060464450,-7.526771545410156,-0.20051439106464386,6.353612899780273
1752060464516,,,6.320094108581543
1752060464517,-7.431003570556641,-0.21009120345115662,
1752060464583,-7.526771545410156,-0.13347674906253815,6.291363716125488
1752060464650,-7.426215171813965,-0.14784196019172668,6.353612899780273
1752060464715,,,6.339247703552246
1752060464716,-7.373542785644531,-0.15263035893440247,6.363189697265625
1752060464785,-7.507617950439453,-0.12868833541870117,6.348824501037598
1752060464849,-7.450157165527344,-0.1430535465478897,6.267421722412109
1752060464916,,,6.253056526184082
1752060464917,-7.517194747924805,-0.14784196019172668,6.253056526184082
1752060464983,,-0.16220717132091522,6.267421722412109
1752060464984,-7.5219831466674805,,
1752060465049,,,6.3967084884643555
1752060465050,-7.440580368041992,-0.17178396880626678,6.353612899780273
1752060465116,-7.502829551696777,-0.1430535465478897,6.281786918640137
1752060465184,-7.474099159240723,-0.17178396880626678,6.291363716125488
1752060465249,,,6.30094051361084
1752060465250,-7.4549455642700195,-0.12868833541870117,
1752060465316,-7.435791969299316,-0.13347674906253815,6.353612899780273
1752060465383,-7.48846435546875,-0.0999579206109047,6.344036102294922
1752060465449,-7.512406349182129,-0.15741875767707825,6.276998519897461
1752060465516,-7.526771545410156,-0.166995570063591,6.291363716125488
1752060465583,,,6.296152114868164
1752060465584,-7.483675956726074,-0.1430535465478897,
1752060465649,,-0.13826514780521393,6.353612899780273
1752060465650,-7.402273178100586,,
1752060465716,-7.493252754211426,-0.14784196019172668,6.348824501037598
1752060465783,,,6.291363716125488
1752060465784,-7.459733963012695,-0.13826514780521393,6.305728912353516
1752060465849,-7.517194747924805,-0.15741875767707825,6.315305709838867
1752060465916,,,6.344036102294922
1752060465917,-7.378331184387207,-0.11432313174009323,6.344036102294922
1752060465983,-7.493252754211426,-0.13347674906253815,6.281786918640137
1752060466049,,,6.339247703552246
1752060466050,-7.407061576843262,-0.17178396880626678,6.315305709838867
1752060466116,-7.5219831466674805,-0.1430535465478897,6.305728912353516
1752060466183,-7.469310760498047,-0.11432313174009323,6.320094108581543
1752060466249,-7.440580368041992,-0.15263035893440247,6.3296709060668945
1752060466250,-7.402273178100586,,
1752060466316,-7.39748477935791,-0.11432313174009323,6.411073684692383
1752060466383,,,6.324882507324219
1752060466384,-7.541136741638184,-0.11911153793334961,
1752060466449,-7.416638374328613,-0.16220717132091522,6.3296709060668945
1752060466516,-7.4549455642700195,-0.15263035893440247,6.253056526184082
1752060466583,-7.478887557983398,-0.13826514780521393,6.2865753173828125
1752060466649,-7.5219831466674805,-0.13347674906253815,6.320094108581543
1752060466716,-7.426215171813965,-0.15741875767707825,6.367978096008301
1752060466783,-7.498041152954102,-0.1430535465478897,6.310517311096191
1752060466784,-7.4118499755859375,,
1752060466850,-7.440580368041992,-0.1430535465478897,6.324882507324219
1752060466915,,,6.339247703552246
1752060466916,-7.450157165527344,-0.13347674906253815,6.344036102294922
1752060466983,-7.536348342895508,-0.14784196019172668,6.339247703552246
1752060467049,-7.5219831466674805,-0.1430535465478897,6.296152114868164
1752060467116,,,6.296152114868164
1752060467117,-7.416638374328613,-0.17178396880626678,
1752060467183,-7.39748477935791,-0.13347674906253815,6.296152114868164
1752060467250,-7.48846435546875,-0.14784196019172668,6.363189697265625
1752060467316,-7.498041152954102,-0.11911153793334961,6.348824501037598
1752060467383,-7.431003570556641,-0.15263035893440247,6.339247703552246
1752060467450,-7.469310760498047,-0.1430535465478897,6.276998519897461
1752060467516,-7.4549455642700195,-0.1430535465478897,6.3296709060668945
1752060467584,,-0.15741875767707825,6.291363716125488
1752060467585,-7.464522361755371,-0.14784196019172668,
1752060467649,-7.507617950439453,-0.17178396880626678,6.348824501037598
1752060467717,-7.474099159240723,-0.13347674906253815,6.344036102294922
1752060467784,-7.421426773071289,-0.12868833541870117,6.291363716125488
1752060467849,,,6.320094108581543
1752060467850,-7.4549455642700195,-0.12868833541870117,6.296152114868164
1752060467916,,,6.310517311096191
1752060467917,-7.507617950439453,-0.14784196019172668,6.353612899780273
1752060467984,-7.469310760498047,-0.12868833541870117,6.358401298522949
1752060468050,,,6.33445930480957
1752060468051,-7.445368766784668,-0.16220717132091522,
1752060468116,,,6.2865753173828125
1752060468117,-7.464522361755371,-0.15741875767707825,
1752060468183,-7.483675956726074,-0.166995570063591,6.33445930480957
1752060468184,-7.493252754211426,,
1752060468249,-7.4549455642700195,-0.11432313174009323,6.363189697265625
1752060468316,-7.464522361755371,-0.13347674906253815,6.324882507324219
1752060468383,-7.474099159240723,-0.17657238245010376,6.291363716125488
1752060468449,,-0.15263035893440247,6.267421722412109
1752060468450,-7.531559944152832,-0.15263035893440247,
1752060468516,-7.4118499755859375,-0.1430535465478897,6.367978096008301
1752060468583,-7.507617950439453,-0.12868833541870117,6.3296709060668945
1752060468649,-7.39748477935791,-0.12868833541870117,6.348824501037598
1752060468716,-7.541136741638184,-0.15263035893440247,6.320094108581543
1752060468783,,,6.358401298522949
1752060468784,-7.416638374328613,-0.13826514780521393,6.3296709060668945
1752060468849,-7.459733963012695,-0.13826514780521393,6.310517311096191
1752060468916,-7.502829551696777,-0.16220717132091522,6.30094051361084
1752060468983,-7.536348342895508,-0.15263035893440247,6.291363716125488
1752060469049,-7.426215171813965,-0.13826514780521393,6.339247703552246
1752060469116,,-0.13347674906253815,6.344036102294922
1752060469117,-7.431003570556641,,
1752060469184,-7.445368766784668,-0.12389993667602539,6.348824501037598
1752060469249,-7.426215171813965,-0.12389993667602539,6.33445930480957
1752060469315,-7.531559944152832,-0.16220717132091522,6.3296709060668945
1752060469382,,,6.339247703552246
1752060469383,-7.440580368041992,-0.11911153793334961,
1752060469449,-7.474099159240723,-0.166995570063591,6.305728912353516
1752060469450,-7.517194747924805,,
1752060469516,-7.478887557983398,-0.14784196019172668,6.30094051361084
1752060469584,-7.478887557983398,-0.14784196019172668,6.3296709060668945
1752060469649,-7.421426773071289,-0.12389993667602539,6.320094108581543
1752060469717,-7.4549455642700195,-0.1430535465478897,6.348824501037598
1752060469783,,,6.2865753173828125
1752060469784,-7.493252754211426,-0.11432313174009323,6.324882507324219
1752060469850,-7.459733963012695,-0.17178396880626678,6.339247703552246
1752060469917,-7.4549455642700195,-0.13826514780521393,6.320094108581543
1752060469982,,-0.14784196019172668,6.339247703552246
1752060469983,-7.478887557983398,-0.15263035893440247,
1752060470049,,,6.2865753173828125
1752060470050,-7.464522361755371,-0.1430535465478897,6.267421722412109
1752060470116,-7.469310760498047,-0.13347674906253815,6.324882507324219
1752060470184,-7.512406349182129,-0.13826514780521393,6.276998519897461
1752060470249,-7.431003570556641,-0.13826514780521393,6.387131690979004
1752060470317,-7.478887557983398,-0.13826514780521393,6.310517311096191
1752060470383,-7.464522361755371,-0.15741875767707825,6.344036102294922
1752060470450,-7.421426773071289,-0.13347674906253815,6.315305709838867
1752060470515,,,6.353612899780273
1752060470516,-7.502829551696777,-0.15741875767707825,
1752060470583,,,6.30094051361084
1752060470584,-7.474099159240723,-0.12389993667602539,6.324882507324219
1752060470649,-7.478887557983398,-0.14784196019172668,6.3296709060668945
1752060470716,-7.450157165527344,-0.12389993667602539,6.310517311096191
1752060470784,,-0.15263035893440247,6.30094051361084
1752060470785,-7.498041152954102,-0.14784196019172668,
1752060470850,,,6.3296709060668945
1752060470851,-7.426215171813965,-0.15741875767707825,6.344036102294922
1752060470916,-7.464522361755371,-0.12868833541870117,6.320094108581543
1752060470984,-7.459733963012695,-0.11432313174009323,6.33445930480957
1752060471049,-7.512406349182129,-0.1430535465478897,6.30094051361084
1752060471116,-7.4118499755859375,-0.15741875767707825,6.372766494750977
1752060471183,,,6.305728912353516
1752060471184,-7.512406349182129,-0.1430535465478897,6.30094051361084
1752060471249,-7.459733963012695,-0.14784196019172668,6.33445930480957
1752060471316,-7.517194747924805,-0.13347674906253815,6.257844924926758
1752060471383,-7.392696380615234,-0.13347674906253815,6.324882507324219
1752060471449,,,6.324882507324219
1752060471450,-7.507617950439453,-0.11911153793334961,6.363189697265625
1752060471515,,,6.358401298522949
1752060471516,-7.435791969299316,-0.13347674906253815,6.33445930480957
1752060471583,,-0.1430535465478897,6.30094051361084
1752060471584,-7.498041152954102,,
1752060471649,-7.4118499755859375,-0.14784196019172668,6.348824501037598
1752060471716,-7.445368766784668,-0.13826514780521393,6.372766494750977
1752060471784,-7.493252754211426,-0.14784196019172668,6.2865753173828125
1752060471849,-7.478887557983398,-0.1430535465478897,6.305728912353516
1752060471916,-7.507617950439453,-0.14784196019172668,6.262633323669434
1752060471983,-7.450157165527344,-0.10953472554683685,6.30094051361084
1752060472050,-7.445368766784668,-0.15263035893440247,6.358401298522949
1752060472051,-7.440580368041992,,
1752060472116,-7.4549455642700195,-0.11432313174009323,6.363189697265625
1752060472183,,,6.348824501037598
1752060472184,-7.440580368041992,-0.14784196019172668,6.348824501037598
1752060472249,,-0.12868833541870117,6.324882507324219
1752060472250,-7.478887557983398,,
1752060472316,,,6.3296709060668945
1752060472317,-7.464522361755371,-0.1430535465478897,6.305728912353516
1752060472383,-7.483675956726074,-0.15263035893440247,6.276998519897461
1752060472449,,,6.320094108581543
1752060472450,-7.493252754211426,-0.17657238245010376,6.296152114868164
1752060472516,,,6.324882507324219
1752060472517,-7.464522361755371,-0.1430535465478897,6.372766494750977
1752060472583,-7.483675956726074,-0.1430535465478897,6.339247703552246
1752060472650,-7.435791969299316,-0.13826514780521393,6.310517311096191
1752060472716,,,6.430227279663086
1752060472717,-7.392696380615234,-0.12389993667602539,6.411073684692383
1752060472784,,,6.315305709838867
1752060472785,-7.536348342895508,-0.09516951441764832,6.3296709060668945
1752060472850,-7.071873188018799,-0.1430535465478897,6.363189697265625
1752060472916,,-0.21009120345115662,5.855618953704834
1752060472917,-8.292916297912598,,
1752060472984,-7.158064365386963,-0.13826514780521393,6.39192008972168
1752060473049,-7.737461566925049,-0.11911153793334961,6.569090843200684
1752060473116,,,6.315305709838867
1752060473117,-7.39748477935791,-0.028131870552897453,6.348824501037598
1752060473184,-7.7183074951171875,-0.076015904545784,6.257844924926758
1752060473250,,-0.13826514780521393,6.569090843200684
1752060473251,-7.27298641204834,,
1752060473316,-7.589020729064941,-0.17657238245010376,6.16686487197876
1752060473383,-7.5650787353515625,-0.23403321206569672,6.233902454376221
1752060473450,-6.8611836433410645,-0.21966800093650818,6.69837760925293
1752060473516,-7.459733963012695,-0.29628247022628784,6.3967084884643555
1752060473584,-7.828441143035889,-0.43993455171585083,6.257844924926758
1752060473649,-7.727884769439697,0.24001872539520264,6.032789707183838
1752060473716,-7.890690326690674,0.0867898091673851,5.850830554962158
1752060473784,-7.909843921661377,-0.17178396880626678,6.032789707183838
1752060473850,-7.512406349182129,0.03890577703714371,6.0854620933532715
1752060473916,-7.445368766784668,-0.36332011222839355,6.186018466949463
1752060473983,,-0.09516951441764832,5.927444934844971
1752060473984,-7.948151111602783,,
1752060474049,,,6.090250492095947
1752060474050,-7.775768756866455,-0.20530278980731964,6.032789707183838
1752060474116,-7.866748332977295,0.12030863761901855,5.702389717102051
1752060474183,-7.7183074951171875,-0.3824737071990967,6.233902454376221
1752060474249,-8.034342765808105,-0.3106476664543152,5.63535213470459
1752060474315,,,5.922656536102295
1752060474316,-7.976881504058838,-0.076015904545784,5.879560947418213
1752060474383,-7.790133953094482,-0.444722980260849,5.937021732330322
1752060474449,,,5.7311201095581055
1752060474450,-8.048707962036133,-0.16220717132091522,5.86040735244751
1752060474516,-7.316082000732422,-0.03770867735147476,6.20038366317749
1752060474582,-7.593809127807617,-0.14784196019172668,6.142922878265381
1752060474649,,,5.98490571975708
1752060474650,-7.7470383644104,-0.17178396880626678,5.850830554962158
1752060474717,-8.144475936889648,-0.43993455171585083,5.8029465675354
1752060474783,,,5.520430564880371
1752060474784,-8.130110740661621,-0.21966800093650818,5.66887092590332
1752060474848,,,6.07588529586792
1752060474849,-7.517194747924805,-0.004189853090792894,6.118980884552002
1752060474915,,,5.750273704528809
1752060474916,-7.8092875480651855,-0.5644330382347107,
1752060474982,,,5.826888561248779
1752060474983,-8.024765968322754,-0.11432313174009323,
1752060475048,,,5.692812919616699
1752060475049,-7.814075946807861,-0.262763649225235,5.72633171081543
1752060475115,,,5.970540523529053
1752060475116,-8.106168746948242,-0.262763649225235,5.850830554962158
1752060475184,-7.713519096374512,-0.2388216257095337,5.874772548675537
1752060475249,-7.852383136749268,-0.29149407148361206,5.8029465675354
1752060475316,-7.938574314117432,-0.20530278980731964,5.601833343505859
1752060475384,-7.708730697631836,-0.4495113790035248,6.339247703552246
1752060475449,-8.091803550720215,-0.15263035893440247,5.601833343505859
1752060475517,-7.8092875480651855,0.2495955228805542,5.941810131072998
1752060475583,,0.3166331648826599,5.908291339874268
1752060475584,-7.392696380615234,-0.09038111567497253,
1752060475650,-7.660846710205078,-0.03770867735147476,5.884349346160889
1752060475716,-7.790133953094482,-0.15263035893440247,6.123769283294678
1752060475784,-7.83801794052124,0.058059390634298325,5.898714542388916
1752060475850,-7.589020729064941,-0.06643909960985184,5.941810131072998
1752060475916,-7.909843921661377,-0.32022446393966675,5.75985050201416
1752060475983,,,5.5778913497924805
1752060475984,-8.388684272766113,-0.36810851097106934,5.19481897354126
1752060476049,,,5.817311763763428
1752060476050,-8.058284759521484,0.25917232036590576,6.267421722412109
1752060476116,,,6.358401298522949
1752060476117,-7.158064365386963,-0.21966800093650818,
1752060476183,-7.799710750579834,-0.11911153793334961,6.051943302154541
1752060476249,-7.785345554351807,-0.004189853090792894,5.750273704528809
1752060476316,,,5.606621742248535
1752060476317,-8.33601188659668,0.0867898091673851,5.644928932189941
1752060476383,-8.115745544433594,-0.2388216257095337,5.970540523529053
1752060476449,-7.134122371673584,-0.19572599232196808,6.382343292236328
1752060476516,-7.091026782989502,-0.10474632680416107,6.540360450744629
1752060476583,-7.459733963012695,-0.29628247022628784,6.521206855773926
1752060476649,-7.890690326690674,-0.10953472554683685,5.75985050201416
1752060476716,-7.407061576843262,-0.2579752206802368,6.525995254516602
1752060476783,,0.09157821536064148,6.16686487197876
1752060476784,-7.589020729064941,,
1752060476849,,,5.95138692855835
1752060476850,-7.751826763153076,-0.2867056429386139,
1752060476916,-7.627327919006348,-0.39205053448677063,5.879560947418213
1752060476984,-7.967304706573486,-0.22445641458034515,5.836465358734131
1752060477049,-7.785345554351807,-0.3250128924846649,5.965752124786377
1752060477117,,-0.3824737071990967,6.114192485809326
1752060477118,-7.799710750579834,-0.4686649739742279,
1752060477184,-7.387907981872559,-0.3058592677116394,6.152499675750732
1752060477249,-7.569867134094238,-0.10953472554683685,6.363189697265625
1752060477250,-7.708730697631836,,
1752060477317,-7.924209117889404,-0.13826514780521393,5.793369770050049
1752060477383,-7.823652744293213,-0.1909375786781311,5.841253757476807
1752060477450,-7.684788703918457,-0.32022446393966675,6.0184245109558105
1752060477516,,0.02454056777060032,6.114192485809326
1752060477517,-7.794922351837158,,
1752060477583,-7.9194207191467285,-0.10474632680416107,5.941810131072998
1752060477650,-7.818864345550537,-0.20051439106464386,5.937021732330322
1752060477716,-7.541136741638184,-0.24361002445220947,6.152499675750732
1752060477784,-7.660846710205078,0.11552023142576218,5.908291339874268
1752060477849,-7.392696380615234,0.06763619929552078,6.281786918640137
1752060477917,-7.699153900146484,-0.0520738884806633,6.291363716125488
1752060477984,-7.330447196960449,0.1107318252325058,6.20038366317749
1752060478050,-7.483675956726074,0.01496376097202301,6.023212909698486
1752060478116,,,6.30094051361084
1752060478117,-7.555501937866211,0.1586158573627472,6.33445930480957
1752060478183,-7.191583156585693,-0.18614917993545532,6.7031660079956055
1752060478249,,-0.43993455171585083,6.224325656890869
1752060478250,-7.253832817077637,-0.5309142470359802,
1752060478316,-7.3017168045043945,-0.3345896899700165,6.123769283294678
1752060478384,-7.153275966644287,-0.6266822814941406,6.626551628112793
1752060478449,,-0.5117605924606323,5.941810131072998
1752060478450,-8.115745544433594,,
1752060478516,-7.83801794052124,-0.5979518890380859,6.2865753173828125
1752060478583,,,6.367978096008301
1752060478584,-7.2586212158203125,-0.47824180126190186,6.492476463317871
1752060478649,-7.27298641204834,-0.5069721937179565,6.411073684692383
1752060478716,-7.39748477935791,-0.5500678420066833,6.162076473236084
1752060478783,-7.737461566925049,-0.5404910445213318,6.209960460662842
1752060478850,-7.828441143035889,-0.45429977774620056,6.095038890838623
1752060478916,-7.742249965667725,-0.43514615297317505,6.320094108581543
1752060478984,-7.3687543869018555,-0.29149407148361206,6.138134479522705
1752060479049,-7.593809127807617,-0.17178396880626678,6.214748859405518
1752060479116,,0.01975216343998909,6.1955952644348145
1752060479117,-7.359177589416504,0.08200141042470932,
1752060479184,-7.545925140380859,-0.09038111567497253,6.353612899780273
1752060479249,-7.742249965667725,-0.08080431073904037,6.214748859405518
1752060479317,-7.560290336608887,-0.10474632680416107,6.296152114868164
1752060479383,,,6.032789707183838
1752060479384,-7.3687543869018555,-0.27234044671058655,
1752060479449,,-0.5213374495506287,6.090250492095947
1752060479450,-7.340023994445801,,
1752060479516,-7.6081743240356445,-0.5021837949752808,6.248267650604248
1752060479582,,-0.5596446394920349,6.3967084884643555
1752060479583,-7.502829551696777,-0.5165489912033081,
1752060479654,,,6.444592475891113
1752060479655,,,6.253056526184082
1752060479656,-7.502829551696777,-0.5644330382347107,6.099827289581299
1752060479715,-7.699153900146484,-0.5165489912033081,6.296152114868164
1752060479783,-7.36396598815918,-0.4878185987472534,6.257844924926758
1752060479849,-7.263409614562988,-0.6649895310401917,6.281786918640137
1752060479916,,,6.253056526184082
1752060479917,-7.340023994445801,-0.6985083222389221,6.358401298522949
1752060479983,-7.603385925292969,-0.7799112200737,6.353612899780273
1752060480050,-7.727884769439697,-0.7080851793289185,6.406285285949707
1752060480115,,,6.525995254516602
1752060480116,-7.392696380615234,-0.5692214369773865,6.415862083435059
1752060480182,-7.134122371673584,-0.38726213574409485,6.545148849487305
1752060480251,-7.330447196960449,-0.4255693554878235,6.315305709838867
1752060480316,-7.574655532836914,-0.4878185987472534,6.07588529586792
1752060480383,,,6.262633323669434
1752060480384,-7.651269912719727,-0.43514615297317505,6.243479251861572
1752060480450,-7.27298641204834,-0.19572599232196808,6.64091682434082
1752060480516,-7.392696380615234,-0.41120412945747375,6.60739803314209
1752060480582,,,6.30094051361084
1752060480583,-7.196371555328369,-0.5452794432640076,6.353612899780273
1752060480650,-7.373542785644531,-0.7032967209815979,6.253056526184082
1752060480716,-7.27298641204834,-0.7032967209815979,6.39192008972168
1752060480783,-7.545925140380859,-0.6985083222389221,6.525995254516602
1752060480849,,,6.717531204223633
1752060480850,-7.478887557983398,-0.5404910445213318,6.530783653259277
1752060480916,,,6.583456039428711
1752060480917,-7.445368766784668,-0.5404910445213318,6.525995254516602
1752060480982,,,6.42543888092041
1752060480983,-7.373542785644531,-0.41120412945747375,
1752060481050,,,6.209960460662842
1752060481051,-7.555501937866211,-0.21966800093650818,6.2865753173828125
1752060481116,-7.330447196960449,0.07721300423145294,6.243479251861572
1752060481184,-7.48846435546875,0.07721300423145294,6.291363716125488
1752060481250,-7.464522361755371,0.02454056777060032,6.267421722412109
1752060481316,,,6.324882507324219
1752060481317,-7.4118499755859375,-0.3489548861980438,6.276998519897461
1752060481383,,,6.2865753173828125
1752060481384,-7.378331184387207,-0.5213374495506287,
1752060481449,,,6.33445930480957
1752060481450,-7.191583156585693,-0.5644330382347107,6.487688064575195
1752060481517,-7.36396598815918,-0.5165489912033081,6.444592475891113
1752060481582,,,6.42543888092041
1752060481583,-7.656058311462402,-0.4926069974899292,6.2865753173828125
1752060481651,-7.478887557983398,-0.1430535465478897,6.755838871002197
1752060481717,-7.277774810791016,-0.008978256024420261,6.64091682434082
1752060481782,,,6.602609634399414
1752060481783,-7.043142795562744,,
1752060481851,-7.000047206878662,-0.023343466222286224,6.315305709838867
1752060481916,-7.2586212158203125,-0.166995570063591,6.387131690979004
1752060481983,,,6.573879241943359
1752060481984,-7.311293601989746,-0.04249707981944084,
1752060482051,-7.493252754211426,0.12509703636169434,6.803722858428955
1752060482116,,0.2256535142660141,6.880337238311768
1752060482117,-7.30650520324707,,
1752060482183,-7.129333972930908,0.4794389009475708,6.803722858428955
1752060482250,,0.5560533404350281,6.650493621826172
1752060482251,-7.205948352813721,0.656609833240509,
1752060482316,-7.17242956161499,0.7284358739852905,6.487688064575195
1752060482384,-7.541136741638184,0.7906851172447205,6.458957672119141
1752060482451,-7.296928405761719,1.0205284357070923,6.4828996658325195
1752060482517,-6.942586421966553,0.8242039084434509,6.650493621826172
1752060482583,-6.933009624481201,0.8433575630187988,6.612186431884766
1752060482650,-7.186794757843018,0.6230909824371338,6.492476463317871
1752060482715,,,6.435015678405762
1752060482716,-7.459733963012695,0.4602852761745453,6.4398040771484375
1752060482783,,,6.4828996658325195
1752060482784,-7.598597526550293,0.5416881442070007,6.39192008972168
1752060482850,-7.30650520324707,0.5704185366630554,6.554725646972656
1752060482916,-7.220313549041748,0.40282443165779114,6.530783653259277
1752060482982,,,6.463746070861816
1752060482983,-7.234679222106934,0.3357867896556854,6.612186431884766
1752060483050,-7.158064365386963,0.24001872539520264,6.631340026855469
1752060483116,-7.249044418334961,-0.36332011222839355,6.588244438171387
1752060483183,-7.2298903465271,-0.7272387742996216,6.559514045715332
1752060483249,,,6.535572052001953
1752060483250,-7.4118499755859375,-0.5213374495506287,
1752060483316,,,6.741473197937012
1752060483317,-7.392696380615234,-0.3250128924846649,6.717531204223633
1752060483383,,,6.626551628112793
1752060483384,-7.392696380615234,-0.535702645778656,6.621763229370117
1752060483450,,-0.535702645778656,6.463746070861816
1752060483451,-7.344812393188477,,
1752060483516,,-0.4159925580024719,6.449380874633789
1752060483517,-7.39748477935791,-0.43035775423049927,
1752060483583,-7.2107367515563965,-0.5213374495506287,6.324882507324219
1752060483650,,,6.626551628112793
1752060483651,-7.158064365386963,-0.6123170852661133,
1752060483716,-7.4549455642700195,-0.5644330382347107,6.69837760925293
1752060483782,-7.182006359100342,-0.5500678420066833,6.7031660079956055
1752060483783,-7.27298641204834,,
1752060483850,,,6.506841659545898
1752060483851,-7.17242956161499,-0.6506243348121643,6.588244438171387
1752060483916,-7.114968776702881,-0.5404910445213318,6.497264862060547
1752060483984,-7.354389190673828,-0.679354727268219,6.492476463317871
1752060484050,-7.292140007019043,-0.6027402877807617,6.693589210510254
1752060484116,,,6.6361284255981445
1752060484117,-7.426215171813965,-0.5740098357200623,6.511630058288574
1752060484183,-7.052719593048096,-0.5835866928100586,6.540360450744629
1752060484251,-7.249044418334961,-0.6027402877807617,6.411073684692383
1752060484316,,-0.5548562407493591,6.430227279663086
1752060484317,-7.215525150299072,,
1752060484383,-7.383119583129883,-0.5644330382347107,6.521206855773926
1752060484450,-7.354389190673828,-0.6314706802368164,6.722319602966309
1752060484516,-7.3017168045043945,-0.5644330382347107,6.688800811767578
1752060484584,-7.124545574188232,-0.5165489912033081,6.569090843200684
1752060484651,-7.330447196960449,-0.5213374495506287,6.377554893493652
1752060484716,-7.3017168045043945,-0.43993455171585083,6.449380874633789
1752060484783,-7.383119583129883,-0.4255693554878235,6.449380874633789
1752060484849,-7.335235595703125,-0.5883750915527344,6.612186431884766
1752060484916,-7.435791969299316,-0.6649895310401917,6.545148849487305
1752060484982,,-0.679354727268219,6.420650482177734
1752060484983,-7.13891077041626,-0.641047477722168,
1752060485049,,,6.39192008972168
1752060485050,-7.344812393188477,-0.5644330382347107,6.4398040771484375
1752060485116,,,6.3296709060668945
1752060485117,-7.483675956726074,-0.7559691667556763,6.415862083435059
1752060485183,-7.847594738006592,-0.7703344225883484,5.965752124786377
1752060485250,,-0.861314058303833,6.83245325088501
1752060485251,-7.263409614562988,-0.8756792545318604,
1752060485316,-7.062296390533447,-0.535702645778656,6.7031660079956055
1752060485383,-7.0575079917907715,-0.641047477722168,6.559514045715332
1752060485450,-7.555501937866211,-0.8038532137870789,6.229114055633545
1752060485516,,,6.162076473236084
1752060485517,-7.6752119064331055,-0.535702645778656,
1752060485582,,,6.545148849487305
1752060485583,-7.9625163078308105,-0.6745663285255432,6.243479251861572
1752060485650,-6.885125637054443,-0.5596446394920349,6.363189697265625
1752060485716,-6.669647216796875,-0.578798234462738,6.8611836433410645
1752060485783,-6.894702434539795,-0.6075286865234375,6.243479251861572
1752060485850,,-0.5548562407493591,6.5930328369140625
1752060485851,-7.469310760498047,-0.6841431260108948,
1752060485916,-7.943362712860107,-0.7272387742996216,6.209960460662842
1752060485983,-7.742249965667725,-0.8373720645904541,6.013636112213135
1752060486051,-7.0575079917907715,-1.0193313360214233,6.487688064575195
1752060486116,,,6.296152114868164
1752060486117,-7.186794757843018,-1.062427043914795,
1752060486184,-7.526771545410156,-1.0672154426574707,6.157288074493408
1752060486250,-7.622539520263672,-1.0863690376281738,6.746262073516846
1752060486317,-7.5650787353515625,-0.9714473485946655,6.147711277008057
1752060486383,-7.27298641204834,-0.9714473485946655,6.449380874633789
1752060486450,,,6.066308498382568
1752060486451,-7.383119583129883,-1.1534066200256348,
1752060486517,-7.57944393157959,-1.0672154426574707,6.152499675750732
1752060486583,-7.8763251304626465,-1.004966139793396,6.272210121154785
1752060486651,-7.387907981872559,-0.760757565498352,6.444592475891113
1752060486716,-7.589020729064941,-1.0384849309921265,6.727108001708984
1752060486784,-7.464522361755371,-1.1725603342056274,5.764639377593994
1752060486850,-6.9904704093933105,-0.8373720645904541,6.051943302154541
1752060486916,,,6.559514045715332
1752060486917,-7.148487567901611,-1.268328309059143,
1752060486983,,,6.387131690979004
1752060486984,-7.464522361755371,-1.3210008144378662,
1752060487050,-7.770980358123779,-1.2156559228897095,6.458957672119141
1752060487117,-6.928221225738525,-1.182137131690979,6.597821235656738
1752060487183,,,6.2865753173828125
1752060487184,-7.5219831466674805,-1.2635399103164673,6.468534469604492
1752060487250,-7.4118499755859375,-1.2779051065444946,6.004059314727783
1752060487317,-6.961740016937256,-1.3640964031219482,6.214748859405518
1752060487384,-6.655282020568848,-1.24917471408844,6.942586421966553
1752060487451,-6.976105213165283,-1.225232720375061,7.325658798217773
1752060487516,,,7.502829551696777
1752060487517,-6.842030048370361,-1.426345705986023,7.17242956161499
1752060487582,,,7.13891077041626
1752060487583,-7.57944393157959,-1.0528502464294434,6.899490833282471
1752060487650,-6.296152114868164,-1.1677719354629517,7.04793119430542
1752060487716,-6.090250492095947,-1.268328309059143,7.541136741638184
1752060487782,,,6.92343282699585
1752060487783,-7.13891077041626,-0.7416039705276489,6.4828996658325195
1752060487850,-7.5650787353515625,-1.24917471408844,6.5499372482299805
1752060487916,-7.162852764129639,-0.8565256595611572,6.444592475891113
1752060487983,-7.095815181732178,-0.45429977774620056,7.134122371673584
1752060488050,-6.669647216796875,-0.29149407148361206,7.550713539123535
1752060488116,,,6.7031660079956055
1752060488117,-6.650493621826172,-1.1917139291763306,
1752060488183,-6.933009624481201,-1.1869255304336548,5.980117321014404
1752060488250,,,7.0144124031066895
1752060488251,-7.349600791931152,-1.349731206893921,6.741473197937012
1752060488316,-6.909067630767822,-0.9187749028205872,7.023989200592041
1752060488317,-7.105391979217529,,
1752060488383,-7.000047206878662,-1.0863690376281738,6.95695161819458
1752060488450,,,6.454169273376465
1752060488451,-7.407061576843262,-0.48303020000457764,
1752060488516,-7.483675956726074,0.5081692934036255,6.851606845855713
1752060488583,,0.6661866307258606,6.808511257171631
1752060488584,-6.899490833282471,,
1752060488649,,,7.062296390533447
1752060488650,-6.92343282699585,0.2017114907503128,7.095815181732178
1752060488717,-7.287351608276367,0.5943605899810791,6.755838871002197
1752060488783,-6.95695161819458,0.8242039084434509,6.487688064575195
1752060488850,-7.435791969299316,-0.2148796021938324,6.602609634399414
1752060488917,-7.909843921661377,0.5081692934036255,6.1285576820373535
1752060488983,-7.407061576843262,0.4411316514015198,7.062296390533447
1752060489051,-6.39192008972168,-0.27234044671058655,6.818088054656982
1752060489116,-6.554725646972656,0.08200141042470932,6.573879241943359
1752060489183,,,5.716754913330078
1752060489184,-7.866748332977295,0.7236474752426147,5.573102951049805
1752060489251,-7.7470383644104,0.23044191300868988,5.697601318359375
1752060489316,,-0.3106476664543152,5.036801815032959
1752060489317,-8.498817443847656,-0.6889315247535706,
1752060489384,-9.020753860473633,0.33099839091300964,4.931457042694092
1752060489450,,,5.343259811401367
1752060489451,-7.790133953094482,-0.5117605924606323,5.075109004974365
1752060489516,,,5.75985050201416
1752060489517,-8.450933456420898,-0.7320271730422974,5.558737754821777
1752060489584,-7.900267124176025,-0.06165069341659546,5.338471412658691
1752060489650,-8.06307315826416,-0.24361002445220947,5.285799026489258
1752060489715,-7.742249965667725,-0.4016273319721222,5.755062103271484
1752060489782,-7.943362712860107,-0.3010708689689636,5.391143798828125
1752060489849,-8.09659194946289,0.4602852761745453,5.563526153564453
1752060489915,-6.473322868347168,-0.25318682193756104,6.60739803314209
1752060489982,-7.727884769439697,-0.33937808871269226,5.678447723388672
1752060490049,,,4.639364242553711
1752060490050,-8.795698165893555,-0.4495113790035248,
1752060490115,-8.632892608642578,-0.5740098357200623,4.682459831237793
1752060490182,-8.905831336975098,-0.6649895310401917,4.950610637664795
1752060490249,-8.254609107971191,-0.7224503755569458,5.5778913497924805
1752060490315,,-1.0336965322494507,5.204395771026611
1752060490316,-7.948151111602783,,
1752060490383,-8.541913032531738,-0.1909375786781311,4.869207859039307
1752060490450,-8.422203063964844,-0.06643909960985184,5.257068157196045
1752060490516,-7.7183074951171875,-0.23403321206569672,5.290587425231934
1752060490583,-8.896254539489746,-0.004189853090792894,4.658517837524414
1752060490650,-8.575431823730469,0.25438392162323,4.328118324279785
1752060490716,,,4.969764232635498
1752060490717,-8.522759437561035,0.0628477931022644,4.778227806091309
1752060490783,-8.383895874023438,0.3597288131713867,3.5667619705200195
1752060490851,-9.193136215209961,-0.7655459642410278,4.107851505279541
1752060490916,-9.906607627868652,-0.6602011322975159,2.7766754627227783
1752060490984,-9.64803409576416,-0.17178396880626678,2.8628666400909424
1752060491049,,,3.044826030731201
1752060491050,-10.059837341308594,0.10594342648983002,2.891597032546997
1752060491117,-10.304045677185059,-0.5644330382347107,2.7527334690093994
1752060491183,-10.179547309875488,-0.6554127335548401,2.2834699153900146
1752060491184,-8.723872184753418,,
1752060491251,-8.862735748291016,-0.9570821523666382,2.805405855178833
1752060491317,-8.690353393554688,-1.4359225034713745,3.1310172080993652
1752060491383,-9.202713012695312,-0.8852560520172119,4.136581897735596
1752060491451,-9.762955665588379,-0.05686229094862938,3.9881415367126465
1752060491452,-9.925761222839355,,
1752060491516,-9.379883766174316,0.19692309200763702,3.60028076171875
1752060491583,-9.083003044128418,-0.5883750915527344,3.312976598739624
1752060491651,-8.604162216186523,-0.8421604633331299,3.06876802444458
1752060491716,-9.039907455444336,-0.3345896899700165,3.538031578063965
1752060491784,-9.226655006408691,0.14425064623355865,4.045602321624756
1752060491850,,,4.821323871612549
1752060491851,-8.752602577209473,0.25917232036590576,
1752060491917,-7.885901927947998,-0.4255693554878235,4.75428581237793
1752060491984,-8.379107475280762,-0.7272387742996216,4.2993879318237305
1752060492050,-8.85794734954834,-0.7128735780715942,4.438251495361328
1752060492116,,,4.878784656524658
1752060492117,-8.465298652648926,-0.38726213574409485,5.060743808746338
1752060492184,-8.49402904510498,-0.4255693554878235,5.170876979827881
1752060492251,-8.513182640075684,-0.39205053448677063,5.051167011260986
1752060492317,-8.355165481567383,-0.33937808871269226,4.8069586753845215
1752060492318,-8.12053394317627,,
1752060492383,-8.316858291625977,-0.22445641458034515,5.161300182342529
1752060492450,,,5.539584159851074
1752060492451,-7.9864583015441895,-0.03770867735147476,5.692812919616699
1752060492516,-7.517194747924805,0.03411737456917763,6.090250492095947
1752060492583,-8.019977569580078,-0.018555063754320145,6.3296709060668945
1752060492650,-8.225878715515137,0.5033808946609497,5.98490571975708
1752060492716,-8.048707962036133,1.22642982006073,6.061520099639893
1752060492783,-8.522759437561035,1.3988122940063477,5.692812919616699
1752060492849,,,5.247491359710693
1752060492850,-8.326435089111328,1.1115081310272217,4.945822238922119
1752060492916,-7.689577102661133,0.838569164276123,5.108627796173096
1752060492917,-7.584232330322266,,
1752060492982,,,5.371990203857422
1752060492983,-7.67042350769043,0.9199720025062561,5.395932197570801
1752060493050,-7.459733963012695,1.106719732284546,5.688024520874023
1752060493116,,,5.606621742248535
1752060493117,-7.340023994445801,1.1689690351486206,5.625775337219238
1752060493183,-7.498041152954102,1.1115081310272217,5.209184169769287
1752060493250,,,4.720767021179199
1752060493251,-7.742249965667725,0.9726444482803345,
1752060493316,-8.522759437561035,0.4794389009475708,4.92188024520874
1752060493383,-9.202713012695312,0.48901569843292236,4.998494625091553
1752060493450,-8.374319076538086,0.7284358739852905,4.7590742111206055
1752060493517,-7.948151111602783,0.5943605899810791,5.295375823974609
1752060493583,-8.254609107971191,0.383670836687088,5.180453777313232
1752060493651,-8.163629531860352,0.3884592354297638,5.477334976196289
1752060493716,,,5.798158168792725
1752060493717,-8.33601188659668,0.42676645517349243,
1752060493783,-7.574655532836914,0.48901569843292236,6.10940408706665
1752060493851,-8.082226753234863,0.6709750294685364,5.506065368652344
1752060493916,,0.7380126714706421,5.089474201202393
1752060493917,-8.685564994812012,0.838569164276123,
1752060493984,-8.21151351928711,0.8672995567321777,5.0032830238342285
1752060494050,,,4.936245441436768
1752060494051,-7.603385925292969,0.7763199210166931,5.285799026489258
1752060494116,,,5.553949356079102
1752060494117,-7.287351608276367,0.6757634282112122,
1752060494183,,,5.898714542388916
1752060494184,-7.296928405761719,0.30226796865463257,5.970540523529053
1752060494250,,0.07242459803819656,6.30094051361084
1752060494251,-6.789357662200928,,
1752060494316,,-0.3058592677116394,6.588244438171387
1752060494317,-6.669647216796875,-0.406415730714798,
1752060494383,-6.889914035797119,-0.679354727268219,6.415862083435059
1752060494451,-6.995258808135986,-1.2156559228897095,6.856395244598389
1752060494516,-7.277774810791016,-1.1917139291763306,6.909067630767822
1752060494583,,-1.062427043914795,6.995258808135986
1752060494584,-7.498041152954102,,
1752060494650,-7.474099159240723,-0.9858125448226929,7.225101947784424
1752060494716,-7.2586212158203125,-0.8469488620758057,6.909067630767822
1752060494784,-7.708730697631836,-1.1007342338562012,6.842030048370361
1752060494850,,,6.521206855773926
1752060494851,-7.114968776702881,-0.9379284977912903,
1752060494917,,,6.008847713470459
1752060494918,-6.789357662200928,-0.899621307849884,6.214748859405518
1752060494984,-6.856395244598389,-0.8421604633331299,6.430227279663086
1752060495051,-7.153275966644287,-0.9331400990486145,6.525995254516602
1752060495117,-7.474099159240723,-0.8948329091072083,6.0423665046691895
1752060495183,-7.780557155609131,-1.2204443216323853,5.9753289222717285
1752060495249,,-1.349731206893921,5.8029465675354
1752060495250,-7.914632320404053,-1.4502876996994019,
1752060495316,-7.83801794052124,-1.5747861862182617,5.683236122131348
1752060495383,,,5.439027786254883
1752060495384,-7.7661919593811035,-1.392826795578003,5.32889461517334
1752060495450,-7.632116317749023,-1.301847219467163,5.2714338302612305
1752060495451,-7.598597526550293,,
1752060495516,,,5.13735818862915
1752060495517,-7.861959934234619,-1.3832499980926514,4.97934103012085
1752060495583,-8.201936721801758,-1.5652093887329102,5.017648220062256
1752060495650,,,5.10383939743042
1752060495651,-8.829216957092285,-1.7423802614212036,5.218760967254639
1752060495716,,,5.458181381225586
1752060495717,-8.000823974609375,-1.7471686601638794,
1752060495783,-8.853158950805664,-2.09672212600708,5.683236122131348
1752060495850,-9.360730171203613,-2.015319347381592,5.151723384857178
1752060495917,-8.776544570922852,-2.09672212600708,5.400720596313477
1752060495983,-8.431779861450195,-1.7280150651931763,4.988917827606201
1752060496051,-8.053496360778809,-1.5221136808395386,4.75428581237793
1752060496116,-7.589020729064941,-1.3066356182098389,4.261080265045166
1752060496182,,,4.00729513168335
1752060496183,-7.756615161895752,-1.2300211191177368,3.9641995429992676
1752060496250,-7.996035099029541,-1.5029600858688354,4.059967517852783
1752060496317,-8.177994728088379,-1.9722236394882202,3.734356164932251
1752060496383,-9.025542259216309,-2.2260091304779053,3.954622745513916
1752060496450,,,4.285022258758545
1752060496451,-9.030330657958984,-2.3505074977874756,4.366425514221191
1752060496516,-9.083003044128418,-2.451063871383667,4.658517837524414
1752060496583,-8.929773330688477,-2.2882583141326904,4.802170276641846
1752060496650,-8.685564994812012,-2.1541829109191895,4.668094635009766
1752060496717,-9.106945037841797,-2.1350293159484863,4.3855791091918945
1752060496783,-9.135675430297852,-2.120664119720459,4.601057052612305
1752060496851,-8.834005355834961,-2.0871453285217285,4.021660327911377
1752060496917,-8.82442855834961,-2.077568531036377,4.237138271331787
1752060496983,-8.513182640075684,-1.9913772344589233,4.275445461273193
1752060497051,-8.565855026245117,-1.9626468420028687,4.313753128051758
1752060497116,,-1.9434932470321655,4.462193489074707
1752060497117,-8.886677742004395,,
1752060497182,,,4.332906723022461
1752060497183,-8.934561729431152,-1.833359956741333,4.217984676361084
1752060497251,-8.546701431274414,-1.8477251529693604,4.462193489074707
1752060497316,-9.00160026550293,-1.9387048482894897,4.366425514221191
1752060497383,,,4.486135482788086
1752060497384,-8.805274963378906,-1.9961656332015991,4.35684871673584
1752060497450,,,4.557961463928223
1752060497451,-8.91540813446045,-2.144606113433838,
1752060497517,-8.51797103881836,-2.0009541511535645,4.6058454513549805
1752060497583,-8.685564994812012,-2.1733365058898926,4.285022258758545
1752060497651,-8.862735748291016,-2.139817714691162,3.7630865573883057
1752060497717,-8.690353393554688,-1.8285715579986572,4.069544315338135
1752060497783,-8.613739013671875,-2.1254525184631348,4.079121112823486
1752060497851,-8.9680814743042,-2.3122003078460693,3.5715503692626953
1752060497916,,-2.633023262023926,3.1262288093566895
1752060497917,-9.566631317138672,,
1752060497984,-9.312846183776855,-2.5899276733398438,3.001730442047119
1752060498051,-8.848370552062988,-2.676118850708008,3.0974984169006348
1752060498117,-9.327211380004883,-2.6378116607666016,3.2363622188568115
1752060498183,,,3.4135329723358154
1752060498184,-9.657610893249512,-2.5468320846557617,
1752060498251,-9.710283279418945,-2.5899276733398438,3.5284547805786133
1752060498316,-10.203489303588867,-2.8628666400909424,3.7199909687042236
1752060498384,-9.79647445678711,-2.8149826526641846,3.8061821460723877
1752060498450,,,4.376002311706543
1752060498451,-10.40460205078125,-3.0831332206726074,4.04081392288208
1752060498516,,-2.364872694015503,3.7056257724761963
1752060498517,-8.901042938232422,,
1752060498584,-7.943362712860107,-2.297835111618042,3.183689594268799
1752060498650,,,2.9730000495910645
1752060498651,-8.992023468017578,-2.072780132293701,2.939481019973755
1752060498717,,,3.092710018157959
1752060498718,-10.165182113647461,-2.1589713096618652,
1752060498783,,,3.8971617221832275
1752060498784,-10.749366760253906,-2.690484046936035,3.5667619705200195
1752060498850,-10.117298126220703,-2.5324668884277344,3.7630865573883057
1752060498916,,-2.9107506275177,4.524442672729492
1752060498917,-9.327211380004883,-2.714426279067993,
1752060498982,,,4.0312371253967285
1752060498983,-7.8763251304626465,-2.5947160720825195,3.973776340484619
1752060499050,,,3.3081881999969482
1752060499051,-9.27453899383545,-2.494159698486328,2.8149826526641846
1752060499116,-8.848370552062988,-2.5468320846557617,3.399167776107788
1752060499182,,,3.006518840789795
1752060499183,-7.861959934234619,-1.7519570589065552,3.0113072395324707
1752060499250,-8.9249849319458,-1.569997787475586,2.5947160720825195
1752060499316,-9.542689323425293,-2.0632033348083496,2.9777884483337402
1752060499382,,,3.154959201812744
1752060499383,-9.37509536743164,-2.494159698486328,3.5619735717773438
1752060499450,-9.355941772460938,-2.647388458251953,3.863642930984497
1752060499516,-8.570643424987793,-2.9777884483337402,4.2515034675598145
1752060499583,-9.145252227783203,-2.8868086338043213,3.60028076171875
1752060499650,-8.556278228759766,-2.719214677810669,3.4566287994384766
1752060499716,-10.988787651062012,-2.963423252105713,4.0312371253967285
1752060499783,-8.632892608642578,-1.909974455833435,4.361637115478516
1752060499850,-9.030330657958984,-2.714426279067993,4.8309006690979
1752060499917,-12.066178321838379,-2.9682116508483887,5.252279758453369
1752060499983,-8.331223487854004,-1.8668787479400635,4.294599533081055
1752060500050,,-1.6992846727371216,2.9921536445617676
1752060500051,-7.2107367515563965,,
1752060500116,,,2.4127566814422607
1752060500117,-7.17242956161499,-1.6514005661010742,
1752060500183,-8.292916297912598,-1.8429367542266846,2.7766754627227783
1752060500250,,,3.399167776107788
1752060500251,-9.269750595092773,-2.1781249046325684,3.75829815864563
1752060500317,-9.892242431640625,-1.9913772344589233,4.055179119110107
1752060502640,,,4.941033840179443
1752060502641,-10.299257278442383,-2.714426279067993,4.744709014892578
1752060502644,-9.595361709594727,-2.609081268310547,3.1262288093566895
1752060502713,,,3.1310172080993652
1752060502714,-7.972093105316162,-2.034472942352295,3.3512837886810303
1752060502780,-8.3120698928833,-2.09672212600708,2.987365245819092
1752060516489,-8.9680814743042,-1.9482816457748413,3.375225782394409
1752060516490,-8.623315811157227,-2.494159698486328,5.395932197570801
1752060516493,,,6.008847713470459
1752060516494,,-2.565985679626465,5.601833343505859
1752060516495,,-2.101510524749756,
1752060516496,-7.392696380615234,-1.713649868965149,
1752060516497,,,6.569090843200684
1752060516563,,,6.535572052001953
1752060516564,-7.2107367515563965,-1.5987281799316406,
1752060516631,-7.148487567901611,-1.5556325912475586,6.545148849487305
1752060516696,,,6.60739803314209
1752060516697,-7.110180377960205,-1.5939397811889648,6.616974830627441
1752060516763,,-1.5221136808395386,6.597821235656738
1752060516764,-7.071873188018799,,
1752060516831,,-1.5029600858688354,6.64091682434082
1752060516832,-7.225101947784424,,
1752060516897,,-0.7846996188163757,6.492476463317871
1752060516898,-7.421426773071289,-0.6554127335548401,
1752060516964,-7.57944393157959,-0.5165489912033081,6.30094051361084
1752060517032,-7.407061576843262,-0.5931634902954102,6.253056526184082
1752060517097,,,6.205172061920166
1752060517098,-7.2107367515563965,-0.5835866928100586,
1752060517164,,,6.16686487197876
1752060517165,-7.335235595703125,-0.5931634902954102,
1752060517231,-7.426215171813965,-0.7368155717849731,6.095038890838623
1752060517298,-7.445368766784668,-0.8804676532745361,6.205172061920166
1752060517365,-7.550713539123535,-0.8038532137870789,6.138134479522705
1752060517432,-7.593809127807617,-0.7942764163017273,6.152499675750732
1752060517497,,,6.123769283294678
1752060517498,-7.526771545410156,-0.760757565498352,6.118980884552002
1752060517565,-7.402273178100586,-0.7272387742996216,6.186018466949463
1752060517631,,,6.147711277008057
1752060517632,-7.445368766784668,-0.6985083222389221,
1752060517697,-7.3687543869018555,-0.7128735780715942,6.262633323669434
1752060541553,-7.378331184387207,-0.6985083222389221,6.224325656890869
1752060541554,-6.92343282699585,-1.4550760984420776,6.525995254516602
1752060541555,,-1.6514005661010742,6.626551628112793
1752060541556,-7.095815181732178,,6.367978096008301
1752060541557,-7.402273178100586,-1.589151382446289,
1752060541558,,-2.010530948638916,
1752060541559,,-1.1534066200256348,6.559514045715332
1752060541560,-7.359177589416504,,6.506841659545898
1752060541561,-7.36396598815918,-2.9921536445617676,
1752060541562,,-2.963423252105713,5.094262599945068
1752060541626,-8.09659194946289,-2.5324668884277344,5.0703206062316895
1752060541694,-8.115745544433594,-2.360084295272827,5.051167011260986
1752060541789,-8.010400772094727,-2.407968282699585,4.974552631378174
1752060541794,-8.053496360778809,-2.384026288986206,5.0032830238342285
1752060541858,-8.139687538146973,-2.3983914852142334,5.036801815032959
1752060541925,-8.130110740661621,-2.3122003078460693,5.01285982131958
1752060541991,-8.039131164550781,-2.3074119091033936,5.10383939743042
1752060542059,,,5.027225017547607
1752060542060,-8.201936721801758,-2.321777105331421,
1752060543363,-8.091803550720215,-2.403179883956909,5.041590213775635
1752060543366,-8.02955436706543,-2.7335798740386963,5.055955410003662
1752060543435,-8.168417930603027,-2.8006174564361572,4.9601874351501465
1752060543501,-8.230667114257812,-2.7287914752960205,4.840477466583252
1752060543568,-8.115745544433594,-2.565985679626465,4.912303447723389
1752060543635,,,5.032013416290283
1752060543636,-8.024765968322754,-2.5516204833984375,
1752060546623,,,4.873996257781982
1752060546624,-8.039131164550781,-2.6378116607666016,5.1996073722839355
1752060546630,-7.239467620849609,-0.5883750915527344,6.502053260803223
1752060546698,,,7.665635108947754
1752060546699,-6.521206855773926,-0.4159925580024719,7.498041152954102
1752060546762,-6.655282020568848,-0.20051439106464386,7.023989200592041
1752060546829,,-0.6362590789794922,7.694365501403809
1752060546830,-6.545148849487305,,
1752060546896,,,7.392696380615234
1752060546897,-7.201159954071045,-0.4159925580024719,7.589020729064941
1752060547767,,-1.2539631128311157,7.2107367515563965
1752060547768,-6.243479251861572,,
1752060547836,-6.123769283294678,-1.1007342338562012,7.325658798217773
1752060547903,-5.937021732330322,-1.8189947605133057,8.043919563293457
1752060570091,,,8.101380348205566
1752060570092,-6.435015678405762,-1.3593080043792725,8.110957145690918
1752060570093,-7.13891077041626,-2.53725528717041,7.0575079917907715
1752060570094,-6.64091682434082,-1.589151382446289,6.118980884552002
1752060570095,-6.69837760925293,-1.9626468420028687,6.712742805480957
1752060570096,-6.918644428253174,-1.5939397811889648,6.655282020568848
1752060570097,-7.134122371673584,-1.68970787525177,6.401496887207031
1752060570098,-6.616974830627441,-2.2451627254486084,6.813299655914307
1752060570100,-6.573879241943359,-2.340930700302124,6.870760440826416
1752060570164,-6.525995254516602,-2.3361423015594482,6.779780864715576
1752060570231,-6.578667640686035,-2.403179883956909,6.818088054656982
1752060570298,,-2.3744494915008545,6.918644428253174
1752060570299,-6.69837760925293,,
1752060570364,,-2.3696610927581787,6.918644428253174
1752060570365,-6.621763229370117,-2.3457190990448,
1752060570431,-6.478111267089844,-2.3361423015594482,6.827664852142334
1752060570498,,,6.803722858428955
1752060570499,-6.540360450744629,-2.3552958965301514,
1752060570564,,,6.885125637054443
1752060570565,-6.525995254516602,-2.3457190990448,
1752060570631,,,6.913856029510498
1752060570633,-6.669647216796875,-2.3505074977874756,6.909067630767822
1752060570698,,,6.870760440826416
1752060570699,-6.602609634399414,-2.3457190990448,
1752060570765,-6.540360450744629,-2.364872694015503,6.798934459686279
1752060570831,-6.535572052001953,-2.403179883956909,6.86597204208374
1752060570898,,,6.870760440826416
1752060570899,-6.655282020568848,-2.403179883956909,
1752060570965,-6.554725646972656,-2.388814687728882,6.894702434539795
1752060571031,-6.597821235656738,-2.3744494915008545,6.86597204208374
1752060571098,,-2.3361423015594482,6.822876453399658
1752060571099,-6.4828996658325195,-2.3457190990448,
1752060571165,,,6.8372416496276855
1752060571166,-6.583456039428711,-2.3552958965301514,
1752060571231,-6.64091682434082,-2.3361423015594482,6.856395244598389
1752060581111,,,6.942586421966553
1752060581112,,,6.92343282699585
1752060581113,,,6.894702434539795
1752060581114,,,6.889914035797119
1752060581115,,-2.360084295272827,6.870760440826416
1752060581116,-6.612186431884766,-1.9913772344589233,
1752060581181,-6.966528415679932,-1.9578584432601929,6.7031660079956055
1752060581247,-6.913856029510498,-1.953070044517517,6.770204067230225
1752060581313,,-1.8668787479400635,6.597821235656738
1752060581314,-6.92343282699585,-1.8812439441680908,
1752060581381,-6.937798023223877,-1.9291280508041382,6.60739803314209
1752060581447,-6.995258808135986,-1.9913772344589233,6.660070419311523
1752060581513,,,6.684012413024902
1752060581514,-6.889914035797119,-1.909974455833435,
1752060581582,-6.856395244598389,-1.9434932470321655,6.741473197937012
1752060581647,-6.942586421966553,-1.9387048482894897,6.655282020568848
1752060581713,-6.976105213165283,-1.9147628545761108,6.60739803314209
1752060581782,,,6.60739803314209
1752060581783,-6.995258808135986,-1.933916449546814,
1752060581846,,,6.664858818054199
1752060581847,-6.870760440826416,-1.9291280508041382,
1752060581913,-6.933009624481201,-1.9291280508041382,6.69837760925293
1752060581980,-6.95695161819458,-1.9147628545761108,6.655282020568848
1752060582046,-6.894702434539795,-1.909974455833435,6.684012413024902
1752060582047,-6.875548839569092,,
1752060582096,,,6.69837760925293
1752060582097,-6.842030048370361,-1.909974455833435,6.688800811767578
1752060582161,,,6.684012413024902
1752060582162,-6.899490833282471,-1.9291280508041382,6.660070419311523
1752060582228,-6.933009624481201,-1.9818004369735718,6.645705223083496
1752060582295,,,6.669647216796875
1752060582296,-6.952163219451904,-1.9578584432601929,6.679224014282227
1752060582993,,,6.712742805480957
1752060582994,-6.937798023223877,-1.9482816457748413,6.693589210510254
1752060583063,-6.712742805480957,-2.1493945121765137,6.995258808135986
1752060583128,,,6.133346080780029
1752060583129,-7.39748477935791,-2.249951124191284,5.874772548675537
1752060583194,,,6.0184245109558105
1752060583195,-7.699153900146484,-1.613093376159668,
1752060583262,-7.469310760498047,-1.7806875705718994,6.186018466949463
1752060583327,,,6.597821235656738
1752060583328,-6.8611836433410645,-2.0009541511535645,
1752060583394,,,6.664858818054199
1752060583396,-6.760627269744873,-1.9291280508041382,6.435015678405762
1752060583461,-6.909067630767822,-2.0632033348083496,6.5930328369140625
1752060583529,-7.033565998077393,-1.9626468420028687,6.684012413024902
1752060583595,-7.076661586761475,-1.9961656332015991,6.511630058288574
1752060583596,-7.182006359100342,,
1752060583662,-7.378331184387207,-2.139817714691162,6.219537258148193
1752060583729,-6.693589210510254,-2.0488381385803223,6.669647216796875
1752060583796,-6.770204067230225,-1.8620903491973877,6.722319602966309
1752060583862,-7.105391979217529,-1.790264368057251,6.358401298522949
1752060583921,-7.162852764129639,-1.9818004369735718,6.4398040771484375
1752060583985,-7.114968776702881,-1.9482816457748413,6.487688064575195
1752060584052,-7.0144124031066895,-1.8429367542266846,6.540360450744629
1752060584118,,,6.281786918640137
1752060584119,-7.268198013305664,-1.9003976583480835,
1752060584186,-7.699153900146484,-1.6944962739944458,5.9322333335876465
1752060584276,-7.660846710205078,-1.2108675241470337,6.0184245109558105
1752060584340,,,5.386355400085449
1752060584341,-7.905055522918701,-0.7894880175590515,5.218760967254639
1752060584407,-7.83801794052124,-1.3545196056365967,5.477334976196289
1752060584473,,,5.563526153564453
1752060584474,-7.680000305175781,-1.2108675241470337,
1752060584540,,-1.3880383968353271,5.1996073722839355
1752060584541,-8.168417930603027,,
1752060584606,,,5.166088581085205
1752060584607,-8.072649955749512,-1.4550760984420776,5.376778602600098
1752060584673,-7.881113529205322,-1.5316904783248901,5.166088581085205
1752060589367,,,4.8309006690979
1752060589368,-8.575431823730469,-1.4407109022140503,4.8309006690979
1752060589369,-7.593809127807617,,
1752060589370,-6.099827289581299,-1.8285715579986572,7.517194747924805
1752060589434,-6.099827289581299,-1.8620903491973877,7.464522361755371
1752060589501,-5.927444934844971,-1.8189947605133057,7.2298903465271
1752060589567,,,7.36396598815918
1752060589568,-6.2386908531188965,-2.029684543609619,7.3017168045043945
1752060589634,,,7.114968776702881
1752060589635,-6.545148849487305,-2.0823569297790527,7.071873188018799
1752060590013,-6.688800811767578,-1.9626468420028687,6.995258808135986
1752060590018,,,6.779780864715576
1752060590019,-6.937798023223877,-2.2882583141326904,
1752060590089,-6.92343282699585,-2.1781249046325684,6.95695161819458
1752060590154,-6.693589210510254,-1.953070044517517,6.880337238311768
1752060599382,,,7.095815181732178
1752060599383,,-1.9722236394882202,7.3017168045043945
1752060599384,,-1.0720038414001465,
1752060599385,-6.463746070861816,-1.8812439441680908,
1752060599447,,,6.291363716125488
1752060599448,-7.196371555328369,-2.0009541511535645,6.339247703552246
1752060599514,-7.205948352813721,-1.977012038230896,6.363189697265625
1752060599580,,,6.4398040771484375
1752060599581,-7.225101947784424,-1.8716671466827393,6.420650482177734
1752060603093,,,6.377554893493652
1752060603094,-7.105391979217529,-1.8237831592559814,6.348824501037598
1752060603096,-7.225101947784424,-1.8668787479400635,6.33445930480957
1752060603161,-7.129333972930908,-1.9387048482894897,6.339247703552246
1752060603228,-7.191583156585693,-1.9434932470321655,6.348824501037598
1752060603293,,,6.296152114868164
1752060603294,-7.2298903465271,-1.8860323429107666,6.315305709838867
1752060603360,,,6.324882507324219
1752060603361,-7.27298641204834,-1.9243396520614624,
1752060603427,,,6.339247703552246
1752060603428,-7.205948352813721,-1.9195512533187866,6.372766494750977
1752060603493,,,6.310517311096191
1752060603494,-7.191583156585693,-1.8668787479400635,6.324882507324219
1752060603561,-7.201159954071045,-1.909974455833435,6.324882507324219
1752060603627,,,6.262633323669434
1752060603628,-7.27298641204834,-1.933916449546814,6.243479251861572
1752060603695,-7.253832817077637,-1.9051860570907593,6.324882507324219
1752060603760,,,6.291363716125488
1752060603761,-7.191583156585693,-1.9195512533187866,6.310517311096191
1752060603827,,,6.372766494750977
1752060603828,-7.196371555328369,-1.9387048482894897,
1752060603895,-7.177217960357666,-1.8860323429107666,6.382343292236328
1752060603961,-7.196371555328369,-1.9051860570907593,6.310517311096191
1752060604029,-7.239467620849609,-1.8956091403961182,6.33445930480957
1752060604093,,,6.33445930480957
1752060604094,-7.244256019592285,-1.909974455833435,6.324882507324219
1752060604161,-7.191583156585693,-1.9051860570907593,6.320094108581543
1752060604228,,-1.9387048482894897,6.291363716125488
1752060604229,-7.27298641204834,-1.9578584432601929,
1752060604294,-7.186794757843018,-1.909974455833435,6.363189697265625
1752060604362,-7.225101947784424,-1.9003976583480835,6.339247703552246
1752060604428,-7.191583156585693,-1.8860323429107666,6.324882507324219
1752060604495,-7.2298903465271,-1.8908207416534424,6.344036102294922
1752060604561,,,6.358401298522949
1752060604562,-7.196371555328369,-1.8956091403961182,6.344036102294922
1752060604629,-7.201159954071045,-1.9051860570907593,6.33445930480957
1752060604695,-7.220313549041748,-1.9051860570907593,6.305728912353516
1752060604761,-7.277774810791016,-1.9387048482894897,6.2865753173828125
1752060604828,-7.191583156585693,-1.9003976583480835,6.310517311096191
1752060604895,-7.2298903465271,-1.8668787479400635,6.320094108581543
1752060604961,-7.191583156585693,-1.8908207416534424,6.353612899780273
1752060691447,,,2.7096378803253174
1752060691448,,,2.249951124191284
1752060691449,,,3.4135329723358154
1752060691451,,,3.9689879417419434
1752060691452,,,5.549160957336426
1752060691454,,,5.965752124786377
1752060691455,,,5.846042156219482
1752060691457,,,5.587468147277832
1752060691458,,-2.1924901008605957,7.311293601989746
1752060691459,,-1.9865888357162476,
1752060691460,,-1.12467622756958,2.9682116508483887
1752060691461,-9.2841157913208,,2.7527334690093994
1752060691462,-8.039131164550781,,
1752060691463,,,4.950610637664795
1752060691464,-5.721543312072754,,5.774216175079346
1752060691465,-8.364742279052734,,
1752060691466,-4.213196277618408,,
1752060691467,-5.764639377593994,-1.7854759693145752,
1752060691468,,-3.154959201812744,5.597044944763184
1752060691469,-4.39036750793457,-1.0959458351135254,5.9322333335876465
1752060691473,,,6.257844924926758
1752060691474,-7.7183074951171875,-0.6266822814941406,6.348824501037598
1752060691497,,-0.5548562407493591,6.1716532707214355
1752060691498,-7.555501937866211,,
1752060691564,,,6.114192485809326
1752060691565,-7.67042350769043,-0.5883750915527344,6.16686487197876
1752060691631,-7.814075946807861,-0.9714473485946655,6.118980884552002
1752060691698,-7.416638374328613,-1.1629834175109863,6.0184245109558105
1752060691765,-7.756615161895752,-1.1869255304336548,6.1716532707214355
1752060691831,-8.216301918029785,-1.0145429372787476,5.721543312072754
1752060691898,-8.240243911743164,-0.9762357473373413,5.6209869384765625
1752060691965,-7.617751121520996,-0.7942764163017273,5.530007362365723
1752060692031,-7.651269912719727,-0.9714473485946655,5.721543312072754
1752060692097,,,5.783792972564697
1752060692098,-7.517194747924805,-1.004966139793396,5.688024520874023
1752060692165,,-1.0672154426574707,5.678447723388672
1752060692166,-7.909843921661377,,
1752060692231,-7.948151111602783,-0.861314058303833,5.539584159851074
1752060692297,,,5.482123374938965
1752060692298,-7.967304706573486,-1.0672154426574707,
1752060692365,,,5.525218963623047
1752060692366,-8.058284759521484,-1.1534066200256348,
1752060692431,,,5.750273704528809
1752060692432,-7.742249965667725,-1.0480618476867676,5.702389717102051
1752060692498,,-1.004966139793396,5.716754913330078
1752060692499,-7.727884769439697,,
1752060692567,-8.125322341918945,-1.206079125404358,5.735908508300781
1752060692632,,-1.1917139291763306,5.525218963623047
1752060692633,-8.173206329345703,,
1752060692699,-8.21151351928711,-1.24917471408844,5.304952621459961
1752060692766,,,5.395932197570801
1752060692767,-7.7183074951171875,-1.206079125404358,
1752060692832,-7.866748332977295,-1.225232720375061,5.410297393798828
1752060692899,-8.015189170837402,-1.2443863153457642,5.3576250076293945
1752060692966,-8.254609107971191,-1.1677719354629517,5.2666449546813965
1752060693032,,,5.793369770050049
1752060693033,-8.015189170837402,-1.3066356182098389,
1752060693099,-8.072649955749512,-1.426345705986023,5.659294128417969
1752060693165,,,5.19481897354126
1752060693166,-8.743025779724121,-1.4646528959274292,4.912303447723389
1752060693232,-8.407837867736816,-1.1103110313415527,4.864419460296631
1752060693298,,-1.1965023279190063,4.88836145401001
1752060693299,-7.775768756866455,-1.1294646263122559,
1752060693365,,,5.233126163482666
1752060693366,-7.555501937866211,-1.0001777410507202,
1752060693432,-7.000047206878662,-0.6458359360694885,5.640140533447266
1752060693498,,,5.477334976196289
1752060693499,-8.015189170837402,-0.47824180126190186,
1752060693565,,,4.998494625091553
1752060693566,-8.843582153320312,-0.6362590789794922,4.897938251495361
1752060693632,-9.537900924682617,-0.8373720645904541,4.581903457641602
1752060693698,,,4.816535472869873
1752060693699,-8.522759437561035,-0.6362590789794922,
1752060693767,-7.967304706573486,-0.6266822814941406,5.304952621459961
1752060693831,-8.331223487854004,-0.7320271730422974,5.118204593658447
1752060693898,,-0.7894880175590515,4.519654273986816
1752060693899,-8.292916297912598,,
1752060693966,-8.934561729431152,-0.8661024570465088,4.179677486419678
1752060694031,,,5.094262599945068
1752060694032,-7.8763251304626465,-0.4926069974899292,5.415085792541504
1752060694099,-7.83801794052124,-0.262763649225235,5.477334976196289
1752060694166,-7.502829551696777,-0.21009120345115662,5.75985050201416
1752060694167,-8.000823974609375,,
1752060694232,-7.996035099029541,-0.43035775423049927,5.204395771026611
1752060694298,-8.259397506713867,-0.4207809567451477,4.462193489074707
1752060694366,-8.541913032531738,-0.6985083222389221,4.5388078689575195
1752060694432,-8.594585418701172,-0.8900445103645325,4.0982747077941895
1752060694499,-8.115745544433594,-0.6745663285255432,3.863642930984497
1752060694566,-8.264185905456543,-0.6458359360694885,4.672883033752441
1752060694632,,-0.641047477722168,4.941033840179443
1752060694633,-8.225878715515137,,
1752060694698,,,5.146934986114502
1752060694699,-9.1260986328125,-0.8661024570465088,5.233126163482666
1752060694766,,-0.8421604633331299,5.400720596313477
1752060694767,-8.70950698852539,-0.9139865040779114,
1752060694832,-8.623315811157227,-0.5979518890380859,4.581903457641602
1752060694899,,,5.122992992401123
1752060694900,-7.7230963706970215,-0.5404910445213318,
1752060694966,,,4.974552631378174
1752060694967,-7.742249965667725,-0.6266822814941406,4.907515048980713
1752060695032,,-0.7368155717849731,4.88836145401001
1752060695033,-8.259397506713867,,
1752060695100,-8.479663848876953,-0.578798234462738,4.936245441436768
1752060695166,,-0.3585317134857178,4.48134708404541
1752060695167,-7.5650787353515625,,
1752060695233,-7.5219831466674805,-0.1909375786781311,4.768651008605957
1752060695299,-7.665635108947754,-0.21966800093650818,5.582679748535156
1752060695365,,-0.3824737071990967,6.1955952644348145
1752060695366,-7.905055522918701,,
1752060695432,-7.08144998550415,-0.535702645778656,7.689577102661133
1752060695498,,,7.847594738006592
1752060695499,-6.358401298522949,-0.8134300112724304,
1752060695565,,,7.0144124031066895
1752060695566,,,6.473322868347168
1752060695568,-7.177217960357666,-1.0863690376281738,
1752060695569,-7.028777599334717,,
1752060695632,-6.435015678405762,-0.7751228213310242,5.582679748535156
1752060695698,-6.387131690979004,-1.2922704219818115,5.678447723388672
1752060695765,,,6.411073684692383
1752060695766,-7.196371555328369,-1.7519570589065552,6.2386908531188965
1752060695832,-6.554725646972656,-1.4550760984420776,6.588244438171387
1752060695898,,-1.8525135517120361,6.688800811767578
1752060695899,-7.2298903465271,,
1752060695965,,,6.937798023223877
1752060695966,-7.3017168045043945,-1.5364789962768555,6.894702434539795
1752060696031,,,7.450157165527344
1752060696032,-7.373542785644531,-1.2587515115737915,7.354389190673828
1752060696099,-6.712742805480957,-1.2874820232391357,7.531559944152832
1752060696166,-6.755838871002197,-1.7232266664505005,7.220313549041748
1752060696232,,,6.9904704093933105
1752060696233,-7.124545574188232,-2.384026288986206,6.569090843200684
1752060696299,-7.474099159240723,-1.977012038230896,6.233902454376221
1752060696366,-7.13891077041626,-1.857301950454712,6.367978096008301
1752060696432,,,6.9904704093933105
1752060696433,-7.402273178100586,-1.3066356182098389,6.980893611907959
1752060696499,,,6.913856029510498
1752060696500,-7.536348342895508,-0.3489548861980438,7.004835605621338
1752060696565,,,6.741473197937012
1752060696566,-7.498041152954102,0.16819266974925995,
1752060696632,,,6.602609634399414
1752060696633,-7.004835605621338,0.21607670187950134,5.76942777633667
1752060696698,,,6.004059314727783
1752060696699,-4.749497413635254,-0.08080431073904037,8.42699146270752
1752060696766,-5.041590213775635,-1.6944962739944458,8.374319076538086
1752060696767,-4.9601874351501465,,
1752060696832,,,7.512406349182129
1752060696833,-7.311293601989746,-1.3545196056365967,6.458957672119141
1752060696899,,-0.34416648745536804,6.688800811767578
1752060696900,-7.249044418334961,,
1752060696965,-8.49402904510498,-1.0432734489440918,7.373542785644531
1752060697033,-6.181230068206787,-0.4255693554878235,6.971316814422607
1752060697099,,,7.1006035804748535
1752060697100,-6.92343282699585,-0.6745663285255432,
1752060697165,-6.382343292236328,-0.4638765752315521,6.674435615539551
1752060697166,-6.722319602966309,,
1752060697233,,,7.282563209533691
1752060697234,-6.971316814422607,-0.7128735780715942,
1752060697299,-5.903502941131592,-0.076015904545784,8.235455513000488
1752060697365,-5.204395771026611,-0.3345896899700165,6.95695161819458
1752060697433,,,6.765415668487549
1752060697434,-6.5499372482299805,-1.1917139291763306,6.755838871002197
1752060697499,-7.651269912719727,-0.9139865040779114,6.468534469604492
1752060697565,,,6.047154903411865
1752060697566,,-0.7655459642410278,6.3296709060668945
1752060697567,-7.689577102661133,,
1752060697633,-8.053496360778809,-0.9475052952766418,6.353612899780273
1752060697699,,,5.788581371307373
1752060697700,-7.177217960357666,-0.8661024570465088,6.535572052001953
1752060699208,,,7.038354396820068
1752060699209,-7.196371555328369,-1.3305776119232178,7.119757175445557
1752060699212,-6.9042792320251465,-0.8421604633331299,7.239467620849609
1752060699278,-6.995258808135986,-1.2012907266616821,7.7183074951171875
1752060699344,-6.602609634399414,-1.4167689085006714,7.311293601989746
1752060699505,,,7.129333972930908
1752060699506,-6.741473197937012,-1.569997787475586,
1752060699575,-6.1716532707214355,-1.2779051065444946,7.4549455642700195
1752060699640,,,7.249044418334961
1752060699641,-6.506841659545898,-1.2348095178604126,7.110180377960205
1752060699708,-6.521206855773926,-1.1198878288269043,6.961740016937256
1752060699775,-6.564302444458008,-1.0863690376281738,7.225101947784424
1752060699840,,,7.2107367515563965
1752060699841,-6.3967084884643555,-1.2826935052871704,7.253832817077637
1752060699909,-6.4828996658325195,-1.445499300956726,7.215525150299072
1752060699975,-6.224325656890869,-1.5843629837036133,7.287351608276367
1752060700041,-6.478111267089844,-1.5747861862182617,7.253832817077637
1752060700109,,-1.5173252820968628,7.3687543869018555
1752060700110,-6.506841659545898,,
1752060700175,-6.933009624481201,-1.2731167078018188,7.114968776702881
1752060700241,,,7.1676411628723145
1752060700242,-6.798934459686279,-1.2443863153457642,7.153275966644287
1752060700309,-6.080673694610596,-1.2635399103164673,7.186794757843018
1752060700375,,,7.105391979217529
1752060700376,-5.95138692855835,-1.2395979166030884,
1752060700441,,,6.942586421966553
1752060700442,-6.123769283294678,-1.2874820232391357,
1752060700509,,,7.407061576843262
1752060700510,-6.5930328369140625,-1.632246971130371,7.589020729064941
1752060700575,,-1.4981716871261597,7.651269912719727
1752060700576,-7.2298903465271,,
1752060700642,-6.83245325088501,-1.2587515115737915,7.158064365386963
1752060700708,-5.702389717102051,-1.0241197347640991,6.803722858428955
1752060700774,-5.209184169769287,-1.4167689085006714,7.114968776702881
1752060700842,-5.439027786254883,-1.1342530250549316,7.225101947784424
1752060700908,-5.937021732330322,-1.0863690376281738,7.4118499755859375
1752060700975,-6.712742805480957,-1.4598644971847534,7.464522361755371
1752060701041,-6.650493621826172,-1.4167689085006714,7.689577102661133
1752060701108,-6.842030048370361,-1.5652093887329102,8.048707962036133
1752060701174,,,7.114968776702881
1752060701175,-6.233902454376221,-1.268328309059143,6.478111267089844
1752060701241,-5.237914562225342,-0.8852560520172119,6.760627269744873
1752060701308,-4.787805080413818,-1.6178817749023438,7.8332295417785645
1752060701375,-5.898714542388916,-1.7950527667999268,8.000823974609375
1752060701440,-6.310517311096191,-1.4311341047286987,7.531559944152832
1752060701509,-6.626551628112793,-1.105522632598877,7.2107367515563965
1752060701574,-5.395932197570801,-0.9283517003059387,7.205948352813721
1752060701641,,,7.622539520263672
1752060701642,-5.549160957336426,-1.5221136808395386,7.282563209533691
1752060701708,-5.371990203857422,-1.1150994300842285,7.158064365386963
1752060701774,-6.449380874633789,-1.6226701736450195,7.48846435546875
1752060701863,-6.104615688323975,-1.3736732006072998,6.645705223083496
1752060701928,-5.597044944763184,-1.8716671466827393,7.761403560638428
1752060701994,-6.415862083435059,-1.876455545425415,7.316082000732422
1752060702060,-6.497264862060547,-1.5221136808395386,6.6361284255981445
1752060702128,-7.134122371673584,-1.5077484846115112,6.770204067230225
1752060702194,-6.257844924926758,-1.1965023279190063,6.60739803314209
1752060702260,-5.9753289222717285,-1.4838064908981323,6.937798023223877
1752060706041,-5.89392614364624,-1.7711106538772583,7.545925140380859
1752060706042,-6.669647216796875,,
1752060706044,-7.933785915374756,-2.4223334789276123,7.277774810791016
1752060706113,-8.00561237335205,-1.7471686601638794,6.583456039428711
1752060706179,,-1.1198878288269043,5.812523365020752
1752060706180,-7.27298641204834,,
1752060706246,-5.209184169769287,-0.8469488620758057,5.908291339874268
1752060706313,,,6.190806865692139
1752060706314,-4.380790710449219,-1.2300211191177368,6.770204067230225
1752060706379,-6.281786918640137,-2.0440497398376465,8.61852741241455
1752060706448,-7.852383136749268,-1.2443863153457642,7.340023994445801
1752060706512,,-1.3353660106658936,6.554725646972656
1752060706513,-8.27855110168457,-1.2826935052871704,
1752060706581,-7.426215171813965,-1.4838064908981323,7.000047206878662
1752060706647,-5.434239387512207,-1.7232266664505005,6.028001308441162
1752060706714,-5.869984149932861,-1.8956091403961182,6.942586421966553
1752060706780,,,7.627327919006348
1752060706781,-5.999270915985107,-1.5077484846115112,7.905055522918701
1752060706846,,,7.569867134094238
1752060706847,-6.358401298522949,-1.0384849309921265,
1752060706914,-6.559514045715332,-1.0576386451721191,7.9194207191467285
1752060706980,-6.818088054656982,-1.2922704219818115,7.220313549041748
1752060707048,,,7.30650520324707
1752060707049,-6.8372416496276855,-1.4933832883834839,7.033565998077393
1752060707113,-6.104615688323975,-1.5652093887329102,7.114968776702881
1752060707180,-5.190030574798584,-1.4359225034713745,6.51641845703125
1752060707449,-5.45339298248291,-1.7040730714797974,7.033565998077393
1752060707453,-6.942586421966553,-0.6027402877807617,6.569090843200684
1752060707517,,,7.330447196960449
1752060707518,-5.9322333335876465,-1.2012907266616821,7.36396598815918
1752060707584,-5.8891377449035645,-1.8429367542266846,8.154052734375
1752060707650,-5.099050998687744,-1.6514005661010742,7.641693115234375
1752060707717,-6.253056526184082,-1.9003976583480835,7.9625163078308105
1752060707784,-6.458957672119141,-1.2108675241470337,6.741473197937012
1752060707851,-7.234679222106934,-1.392826795578003,7.349600791931152
1752060707917,-6.2865753173828125,-0.9044097065925598,6.535572052001953
1752060713660,-5.209184169769287,-1.105522632598877,6.305728912353516
1752060713661,-6.147711277008057,-1.469441294670105,7.17242956161499
1752060713662,-6.1955952644348145,-2.316988706588745,7.30650520324707
1752060713663,-6.918644428253174,-2.9203274250030518,7.071873188018799
1752060713732,-6.3967084884643555,-2.5899276733398438,7.407061576843262
1752060713798,-6.305728912353516,-2.3313539028167725,7.114968776702881
1752060713864,,,7.153275966644287
1752060713865,-6.42543888092041,-2.1924901008605957,7.08144998550415
1752060713932,-6.497264862060547,-2.077568531036377,7.08144998550415
1752060714048,-6.315305709838867,-2.053626537322998,7.110180377960205
1752060714116,,,7.110180377960205
1752060714117,-6.813299655914307,-2.2164323329925537,
1752060714182,,,7.095815181732178
1752060714183,-6.808511257171631,-2.1972784996032715,
1752060714250,-6.626551628112793,-2.1110873222351074,6.894702434539795
1752060716343,,,7.033565998077393
1752060716344,-6.621763229370117,-2.230797529220581,7.148487567901611
1752060716350,-6.372766494750977,-0.6506243348121643,6.913856029510498
1752060716414,-6.401496887207031,-0.8565256595611572,6.818088054656982
1752060716477,,,6.813299655914307
1752060716478,-6.9473748207092285,-1.2874820232391357,6.870760440826416
1752060716545,-7.13891077041626,-1.1390414237976074,6.851606845855713
1752060716611,-7.3687543869018555,-0.9858125448226929,6.808511257171631
1752060716612,-7.325658798217773,,
1752060716678,,-0.8277952671051025,6.540360450744629
1752060716679,-7.3687543869018555,,
1752060716745,-7.483675956726074,-0.679354727268219,6.444592475891113
1752060716812,,-0.6123170852661133,6.612186431884766
1752060716813,-7.038354396820068,,
1752060716879,-6.6361284255981445,-0.5692214369773865,6.468534469604492
1752060716945,,,6.712742805480957
1752060716946,-6.8372416496276855,-0.8277952671051025,
1752060717014,-6.760627269744873,-0.9283517003059387,6.6361284255981445
1752060717079,-6.894702434539795,-1.2539631128311157,6.83245325088501
1752060717146,-6.899490833282471,-1.392826795578003,6.980893611907959
1752060717223,-7.071873188018799,-1.3880383968353271,7.033565998077393
1752060717277,,,7.225101947784424
1752060717278,-7.17242956161499,-0.8900445103645325,
1752060717355,-7.08144998550415,-0.33937808871269226,7.36396598815918
1752060717411,-6.808511257171631,0.19213469326496124,6.985682010650635
1752060717478,-6.765415668487549,-0.16220717132091522,6.5930328369140625
1752060717544,-6.7941460609436035,-0.5883750915527344,6.660070419311523
1752060717611,-6.535572052001953,-0.7416039705276489,6.521206855773926
1752060717678,,,6.664858818054199
1752060717679,-6.444592475891113,-0.6745663285255432,6.918644428253174
1752060717744,,,7.186794757843018
1752060717745,-7.1676411628723145,-0.7272387742996216,7.105391979217529
1752060717813,,,7.244256019592285
1752060717814,-7.263409614562988,-0.45908817648887634,7.349600791931152
1752060717878,-6.463746070861816,-0.5165489912033081,7.1436991691589355
1752060717945,,,7.08144998550415
1752060717946,-6.372766494750977,-0.5740098357200623,7.033565998077393
1752060718013,-6.305728912353516,-0.6362590789794922,7.04793119430542
1752060718078,,,6.779780864715576
1752060718079,-6.95695161819458,-0.6123170852661133,6.880337238311768
1752060718146,-6.856395244598389,-0.6602011322975159,6.9904704093933105
1752060718212,,,7.253832817077637
1752060718213,-6.305728912353516,-0.6123170852661133,
1752060718281,-7.263409614562988,-0.6027402877807617,6.674435615539551
1752060718344,,,6.583456039428711
1752060718345,-7.124545574188232,-0.6458359360694885,
1752060718412,,,6.808511257171631
1752060718413,-7.124545574188232,-0.899621307849884,7.04793119430542
1752060718478,,,7.095815181732178
1752060718479,-6.502053260803223,-0.45429977774620056,7.119757175445557
1752060718544,-6.133346080780029,-0.4207809567451477,7.2586212158203125
1752060718613,-6.344036102294922,-0.5213374495506287,7.196371555328369
1752060718678,,,7.622539520263672
1752060718679,-6.765415668487549,-0.641047477722168,
1752060718744,,,7.742249965667725
1752060718745,-6.73189640045166,-0.6554127335548401,
1752060718812,-6.468534469604492,-0.6697779297828674,7.445368766784668
1752060718879,-6.525995254516602,-0.8086416125297546,7.215525150299072
1752060718944,,,6.875548839569092
1752060718945,-6.779780864715576,-0.6314706802368164,
1752060719013,-6.933009624481201,-0.7751228213310242,6.377554893493652
1752060719079,-6.942586421966553,-0.8900445103645325,6.420650482177734
1752060719145,-6.506841659545898,-0.7032967209815979,6.411073684692383
1752060719213,-6.770204067230225,-1.105522632598877,7.08144998550415
1752060719278,,,7.282563209533691
1752060719279,-7.636904716491699,-1.2635399103164673,7.2586212158203125
1752060719345,-7.3687543869018555,-1.0720038414001465,7.129333972930908
1752060719412,,,7.402273178100586
1752060719413,-7.162852764129639,-1.182137131690979,7.646481513977051
1752060719478,,,7.344812393188477
1752060719479,-6.645705223083496,-0.9762357473373413,7.062296390533447
1752060719545,,-0.9475052952766418,6.779780864715576
1752060719546,-6.253056526184082,,
1752060719613,-6.554725646972656,-1.4646528959274292,6.851606845855713
1752060719679,-8.450933456420898,-2.4175450801849365,8.575431823730469
1752060719745,,-1.7950527667999268,8.685564994812012
1752060719746,-9.547477722167969,,
1752060719813,-6.339247703552246,0.47465047240257263,6.7031660079956055
1752060719878,,,6.090250492095947
1752060719879,-3.7487213611602783,0.47465047240257263,6.07588529586792
1752060719945,,,6.770204067230225
1752060719946,-2.9011738300323486,-0.15263035893440247,7.316082000732422
1752060720012,,,7.469310760498047
1752060720013,-4.543596267700195,-0.4495113790035248,
1752060720079,,,6.564302444458008
1752060720080,-8.498817443847656,-0.6745663285255432,
1752060720146,-9.130887031555176,-0.7272387742996216,5.395932197570801
1752060720213,,,5.482123374938965
1752060720214,-7.909843921661377,-0.497395396232605,
1752060720278,,,5.055955410003662
1752060720279,-6.181230068206787,-0.18136078119277954,4.500500679016113
1752060720346,-4.8309006690979,0.053270988166332245,4.213196277618408
1752060720413,,,6.296152114868164
1752060720414,-5.3145294189453125,-0.5404910445213318,7.89547872543335
1752060720479,,-1.5269020795822144,8.982446670532227
1752060720480,-8.867524147033691,,
1752060720546,-9.202713012695312,-0.8708908557891846,7.89547872543335
1752060720547,-7.727884769439697,,
1752060720613,-7.636904716491699,-1.1629834175109863,7.569867134094238
1752060720680,-5.486911773681641,-2.4175450801849365,7.861959934234619
1752060720745,,,8.728660583496094
1752060720746,-5.099050998687744,-2.211643934249878,8.628104209899902
1752060720814,-5.836465358734131,-0.8038532137870789,8.115745544433594
1752060720878,,,6.33445930480957
1752060720879,-8.249820709228516,1.1115081310272217,5.869984149932861
1752060720945,-7.158064365386963,0.07242459803819656,5.999270915985107
1752060721013,,-0.9570821523666382,6.324882507324219
1752060721014,-7.1436991691589355,,
1752060721078,,,6.492476463317871
1752060721079,-6.142922878265381,-0.7751228213310242,5.697601318359375
1752060721146,,,7.249044418334961
1752060721147,-4.912303447723389,-0.9044097065925598,7.478887557983398
1752060721213,,-1.0001777410507202,7.311293601989746
1752060721214,-6.30094051361084,,
1752060721279,-9.303269386291504,-0.5692214369773865,7.105391979217529
1752060721346,-9.355941772460938,-0.16220717132091522,6.0854620933532715
1752060721413,-8.24503231048584,-0.22445641458034515,6.2865753173828125
1752060721479,-5.884349346160889,-0.5740098357200623,6.808511257171631
1752060721544,-5.094262599945068,-1.301847219467163,7.134122371673584
1752060721611,-5.060743808746338,-1.3593080043792725,7.732673168182373
1752060721612,-5.381567001342773,,
1752060721677,-6.444592475891113,-0.03292027488350868,7.469310760498047
1752060721743,,,7.000047206878662
1752060721744,-7.794922351837158,0.3597288131713867,6.660070419311523
1752060721810,,,6.233902454376221
1752060721811,-7.3687543869018555,0.02454056777060032,6.162076473236084
1752060721877,-6.616974830627441,-0.4255693554878235,6.0423665046691895
1752060721943,,,6.688800811767578
1752060721944,-6.942586421966553,-0.8517372608184814,6.870760440826416
1752060722002,-6.894702434539795,-0.7799112200737,6.851606845855713
1752060722066,-7.076661586761475,-1.1581950187683105,6.976105213165283
1752060722134,-7.1676411628723145,-0.8661024570465088,6.569090843200684
1752060722199,,,7.244256019592285
1752060722200,-6.894702434539795,-0.47824180126190186,7.378331184387207
1752060722266,-6.588244438171387,-0.166995570063591,7.316082000732422
1752060722267,-6.7031660079956055,,
1752060722334,-6.693589210510254,-0.0520738884806633,7.27298641204834
1752060722399,,,6.899490833282471
1752060722400,-7.0144124031066895,-0.15263035893440247,6.966528415679932
1752060724308,,-0.1430535465478897,6.162076473236084
1752060724309,-7.134122371673584,,6.190806865692139
1752060724312,-7.354389190673828,-0.5692214369773865,5.994482517242432
1752060724391,-6.502053260803223,-0.3728969097137451,5.692812919616699
1752060724443,,,6.583456039428711
1752060724445,,-0.9475052952766418,6.253056526184082
1752060724446,-7.311293601989746,,
1752060724510,-7.1676411628723145,-0.406415730714798,5.448604583740234
1752060724577,-7.450157165527344,-0.6458359360694885,5.908291339874268
1752060724643,-5.941810131072998,-0.7846996188163757,5.884349346160889
1752060724710,-6.937798023223877,-1.349731206893921,6.066308498382568
1752060724874,-9.264962196350098,-2.0201077461242676,7.201159954071045
1752060724942,-8.230667114257812,-1.4407109022140503,5.678447723388672
1752060725008,,,6.205172061920166
1752060725009,-8.58500862121582,-1.7950527667999268,5.237914562225342
1752060725076,-7.028777599334717,-1.1198878288269043,5.22833776473999
1752060725142,-6.693589210510254,-0.9475052952766418,4.998494625091553
1752060725208,-6.7941460609436035,-0.4495113790035248,5.247491359710693
1752060725275,,,4.701613426208496
1752060725276,-7.205948352813721,-0.4926069974899292,4.668094635009766
1752060725342,-8.42699146270752,-0.9906009435653687,4.811747074127197
1752060725408,-8.144475936889648,-1.4407109022140503,4.878784656524658
1752060725477,,,5.151723384857178
1752060725478,-8.49402904510498,-1.9818004369735718,5.075109004974365
1752060725543,,,5.2235493659973145
1752060725544,-8.12053394317627,-1.9913772344589233,5.439027786254883
1752060725609,,,5.276222229003906
1752060725610,-7.70394229888916,-1.9482816457748413,5.486911773681641
1752060725676,,,5.381567001342773
1752060725677,-8.221090316772461,-2.029684543609619,5.13735818862915
1752060725743,-8.637681007385254,-1.6992846727371216,4.6920366287231445
1752060725809,,-1.6274585723876953,4.308964729309082
1752060725810,-9.044695854187012,,
1752060725877,-8.316858291625977,-1.426345705986023,3.442263603210449
1752060725942,,,3.557185173034668
1752060725943,-8.848370552062988,-1.9865888357162476,3.6529531478881836
1752060726009,-8.417414665222168,-2.115875720977783,4.217984676361084
1752060726076,-8.177994728088379,-2.18770170211792,4.553173065185547
1752060726142,-7.976881504058838,-1.6657658815383911,4.486135482788086
1752060726209,-8.417414665222168,-2.09672212600708,6.056731700897217
1752060726276,-9.480440139770508,-2.4606409072875977,5.54437255859375
1752060726342,,,3.729567766189575
1752060726343,-10.304045677185059,-2.3074119091033936,3.1884782314300537
1752060726409,-9.370306968688965,-2.479794502258301,3.207631826400757
1752060726477,-9.059061050415039,-2.623446464538574,2.78625226020813
1752060726478,-8.647257804870605,,
1752060726542,,-2.18770170211792,3.0400376319885254
1752060726543,-8.374319076538086,,
1752060726610,-8.61852741241455,-2.101510524749756,3.729567766189575
1752060726676,-8.182783126831055,-1.613093376159668,3.3417069911956787
1752060726743,-9.542689323425293,-2.3552958965301514,3.7487213611602783
1752060726809,,,3.50930118560791
1752060726810,-9.839570045471191,-2.6378116607666016,3.734356164932251
1752060726877,-9.638457298278809,,
1752060726943,,-2.609081268310547,3.863642930984497
1752060726944,-8.776544570922852,,
1752060727009,-8.64246940612793,-2.542043685913086,3.5907039642333984
1752060727077,-8.51797103881836,-2.3792378902435303,3.4278981685638428
1752060727143,-9.193136215209961,-2.0919337272644043,3.250727415084839
1752060727209,,,3.2746694087982178
1752060727210,-9.748590469360352,-2.09672212600708,3.3081881999969482
1752060727276,,,2.915539026260376
1752060727277,-9.044695854187012,-1.9482816457748413,3.0783448219299316
1752060727342,,,3.557185173034668
1752060727343,-9.049484252929688,-2.53725528717041,3.451840400695801
1752060727410,-8.436568260192871,-2.451063871383667,3.4135329723358154
1752060727476,,,3.494935989379883
1752060727477,-8.834005355834961,-2.446275472640991,3.399167776107788
1752060727543,-9.509170532226562,-2.340930700302124,3.710414171218872
1752060727610,-9.21707820892334,-2.0392613410949707,3.691260576248169
1752060727676,,,4.059967517852783
1752060727677,-9.09257984161377,-2.0679917335510254,4.103063106536865
1752060727742,,,4.103063106536865
1752060727743,-8.819640159606934,-1.9291280508041382,4.174889087677002
1752060727809,-8.958504676818848,-2.115875720977783,4.213196277618408
1752060727876,,,4.194042682647705
1752060727877,-9.044695854187012,-2.053626537322998,4.285022258758545
1752060727942,,-1.8716671466827393,3.935469150543213
1752060727943,-8.757390975952148,,
1752060728010,-8.49402904510498,-1.7471686601638794,4.083909511566162
1752060728076,-8.379107475280762,-1.670554280281067,4.285022258758545
1752060728142,,-1.5412673950195312,4.395155906677246
1752060728143,-8.359953880310059,-1.5939397811889648,
1752060728209,,-1.713649868965149,4.380790710449219
1752060728210,-8.70950698852539,-1.7232266664505005,
1752060728277,-9.06863784790039,-1.7471686601638794,4.486135482788086
1752060728342,-8.580220222473145,-1.5556325912475586,4.859631061553955
1752060728410,-8.249820709228516,-1.5173252820968628,5.261856555938721
1752060728477,-8.010400772094727,-1.2204443216323853,5.491700172424316
1752060728543,-7.598597526550293,-1.1629834175109863,5.276222229003906
1752060728609,-7.416638374328613,-1.081580638885498,5.2235493659973145
1752060728677,,-1.349731206893921,5.721543312072754
1752060728678,-8.297704696655273,,
1752060728743,-8.254609107971191,-1.105522632598877,5.601833343505859
1752060728810,-7.976881504058838,-1.2156559228897095,5.486911773681641
1752060728876,,,5.616198539733887
1752060728877,-8.182783126831055,-1.3832499980926514,
1752060728943,,,5.63535213470459
1752060728944,-7.699153900146484,-1.349731206893921,5.611410140991211
1752060729008,,,5.63535213470459
1752060729009,-7.39748477935791,-1.3736732006072998,5.745485305786133
1752060729077,-7.9194207191467285,-1.2635399103164673,5.395932197570801
1752060729142,,,5.209184169769287
1752060729143,-8.680776596069336,-1.081580638885498,5.060743808746338
1752060729210,-8.570643424987793,-1.2731167078018188,5.204395771026611
1752060729276,,,4.744709014892578
1752060729277,-8.331223487854004,-1.368884801864624,5.209184169769287
1752060729343,-8.70950698852539,-1.6514005661010742,5.079897403717041
1752060729410,-8.27855110168457,-1.426345705986023,4.524442672729492
1752060729476,,,5.146934986114502
1752060729477,-7.8092875480651855,-1.6466121673583984,5.343259811401367
1752060729543,,,5.209184169769287
1752060729544,-8.666411399841309,-1.1773487329483032,
1752060729609,-8.479663848876953,-0.9666589498519897,5.0703206062316895
1752060729676,,,5.644928932189941
1752060729677,-8.316858291625977,-1.0528502464294434,
1752060729743,-7.5219831466674805,-1.0767922401428223,5.568314552307129
1752060729810,-7.761403560638428,-1.1773487329483032,5.582679748535156
1752060729877,-7.665635108947754,-1.2826935052871704,5.716754913330078
1752060729878,-8.12053394317627,,
1752060729943,-7.8763251304626465,-1.0576386451721191,5.415085792541504
1752060730010,-8.292916297912598,-1.2731167078018188,5.6640825271606445
1752060730076,,,5.597044944763184
1752060730077,-7.857171535491943,-1.1007342338562012,
1752060730142,,,6.186018466949463
1752060730143,-8.072649955749512,-1.5556325912475586,5.941810131072998
1752060730210,-7.36396598815918,-1.2779051065444946,6.004059314727783
1752060730277,-7.622539520263672,-1.4933832883834839,6.023212909698486
1752060730343,-7.450157165527344,-1.546055793762207,6.028001308441162
1752060730408,,,5.8029465675354
1752060730409,-7.421426773071289,-1.392826795578003,
1752060730477,-7.871536731719971,-1.445499300956726,5.941810131072998
1752060730544,-7.828441143035889,-1.589151382446289,5.874772548675537
1752060730610,-7.61296272277832,-1.8189947605133057,6.0854620933532715
1752060730676,,,5.927444934844971
1752060730677,,,6.248267650604248
1752060730678,-7.459733963012695,-1.8142063617706299,
1752060730743,-7.498041152954102,-1.6657658815383911,6.0184245109558105
1752060730810,-7.512406349182129,-1.6753426790237427,6.118980884552002
1752060730876,-7.435791969299316,-1.6992846727371216,5.879560947418213
1752060730877,-7.694365501403809,,
1752060730943,-7.431003570556641,-1.713649868965149,5.783792972564697
1752060731009,-7.9194207191467285,-1.7950527667999268,5.841253757476807
1752060731076,,,5.788581371307373
1752060731077,-7.866748332977295,-1.7615338563919067,5.908291339874268
1752060731142,,,5.711966514587402
1752060731143,-7.933785915374756,-2.029684543609619,
1752060731209,-7.785345554351807,-1.9818004369735718,5.76942777633667
1752060731277,-7.799710750579834,-1.9051860570907593,6.004059314727783
1752060731341,-8.115745544433594,-1.8285715579986572,6.176441669464111
1752060731409,,,5.764639377593994
1752060731410,-7.569867134094238,-1.5221136808395386,5.683236122131348
1752060731476,,,5.625775337219238
1752060731477,-7.531559944152832,-1.670554280281067,
1752060731543,-7.17242956161499,-1.6753426790237427,5.798158168792725
1752060731609,-7.680000305175781,-1.857301950454712,6.047154903411865
1752060731677,-7.694365501403809,-1.6514005661010742,5.874772548675537
1752060731742,,,5.592256546020508
1752060731743,-8.455721855163574,-1.8142063617706299,5.563526153564453
1752060731809,-7.680000305175781,-1.732803463935852,6.037578105926514
1752060731877,-7.162852764129639,-1.732803463935852,5.692812919616699
1752060731942,,,5.884349346160889
1752060731943,-7.8092875480651855,-1.9434932470321655,
1752060732009,,,5.673659324645996
1752060732010,-7.27298641204834,-1.4550760984420776,5.836465358734131
1752060732077,-7.1436991691589355,-1.8046295642852783,6.066308498382568
1752060732143,-8.168417930603027,-2.2260091304779053,6.310517311096191
1752060732144,-8.455721855163574,,
1752060732209,-8.61852741241455,-2.2834699153900146,6.64091682434082
1752060732277,,-1.6944962739944458,5.913079738616943
1752060732278,-8.06307315826416,,
1752060732342,,,6.899490833282471
1752060732343,-7.507617950439453,-2.2691047191619873,6.401496887207031
1752060732408,,,5.448604583740234
1752060732409,-6.492476463317871,-1.6992846727371216,6.080673694610596
1752060732476,,,6.420650482177734
1752060732477,-6.827664852142334,-2.09672212600708,6.138134479522705
1752060732543,-7.330447196960449,-1.7471686601638794,6.3296709060668945
1752060732608,,,5.683236122131348
1752060732609,-7.507617950439453,-1.7998411655426025,
1752060732676,,,5.913079738616943
1752060732677,-7.948151111602783,-2.0919337272644043,6.219537258148193
1752060732743,,,5.640140533447266
1752060732744,-7.445368766784668,-2.115875720977783,6.363189697265625
1752060732809,-7.6081743240356445,-2.623446464538574,6.583456039428711
1752060732877,,-2.273893117904663,6.803722858428955
1752060732878,-7.27298641204834,,
1752060732942,,,6.597821235656738
1752060732943,-7.325658798217773,-2.029684543609619,6.688800811767578
1752060733009,,-2.0057425498962402,6.554725646972656
1752060733010,-7.244256019592285,,
1752060733077,-7.330447196960449,-1.876455545425415,6.281786918640137
1752060733142,,,6.181230068206787
1752060733143,-7.641693115234375,-1.613093376159668,
1752060733210,-7.871536731719971,-1.6178817749023438,5.922656536102295
1752060733276,,,5.807734966278076
1752060733277,-7.378331184387207,-1.4071919918060303,5.989694118499756
1752060733343,-7.17242956161499,-1.732803463935852,6.1955952644348145
1752060733409,-7.512406349182129,-1.9578584432601929,6.051943302154541
1752060733476,,-1.8525135517120361,6.186018466949463
1752060733477,-7.526771545410156,,
1752060733543,-7.440580368041992,-1.7184382677078247,6.344036102294922
1752060733609,,,6.1955952644348145
1752060733610,-7.660846710205078,-1.6035165786743164,6.152499675750732
1752060733676,,-1.5843629837036133,6.123769283294678
1752060733677,-7.713519096374512,,
1752060733742,,,6.07588529586792
1752060733743,-7.277774810791016,-1.5747861862182617,6.16686487197876
1752060733809,,,5.941810131072998
1752060733810,-7.205948352813721,-1.5939397811889648,5.879560947418213
1752060733876,-7.071873188018799,-1.6514005661010742,6.099827289581299
1752060733942,,,6.281786918640137
1752060733943,-7.421426773071289,-1.6274585723876953,
1752060734009,-7.80449914932251,-1.5077484846115112,6.104615688323975
1752060734076,-7.7230963706970215,-1.5029600858688354,5.98490571975708
1752060734148,-8.101380348205566,-1.3976151943206787,5.980117321014404
1752060734209,-7.536348342895508,-1.5221136808395386,5.774216175079346
1752060734276,,,5.8029465675354
1752060734277,,,5.702389717102051
1752060734278,-7.354389190673828,-1.5987281799316406,5.721543312072754
1752060734342,-7.885901927947998,-1.6561890840530396,6.344036102294922
1752060734409,-7.924209117889404,-1.225232720375061,6.0423665046691895
1752060734477,-7.17242956161499,-1.0672154426574707,6.047154903411865
1752060734542,,,5.76942777633667
1752060734543,-7.105391979217529,-1.4502876996994019,
1752060734609,,-1.6753426790237427,5.922656536102295
1752060734610,-7.435791969299316,,
1752060734682,-7.431003570556641,-1.4981716871261597,5.8651957511901855
1752060734743,-7.991246700286865,-1.5604209899902344,5.75985050201416
1752060734809,,,5.898714542388916
1752060734810,-8.019977569580078,-1.670554280281067,
1752060734877,-7.665635108947754,-1.488594889640808,5.601833343505859
1752060734942,,-1.9147628545761108,6.1285576820373535
1752060734943,-7.7230963706970215,,
1752060735009,,,5.965752124786377
1752060735010,-7.785345554351807,-1.756745457649231,5.817311763763428
1752060735076,,,6.104615688323975
1752060735077,-7.852383136749268,-1.7663222551345825,6.004059314727783
1752060735142,-7.584232330322266,-1.5652093887329102,6.032789707183838
1752060735208,-7.502829551696777,-1.4167689085006714,6.305728912353516
1752060735275,-7.39748477935791,-1.2539631128311157,5.994482517242432
1752060735343,-7.83801794052124,-1.3162124156951904,5.352836608886719
1752060735409,-7.761403560638428,-1.5939397811889648,5.989694118499756
1752060735476,-7.684788703918457,-1.569997787475586,5.999270915985107
1752060735543,-7.8092875480651855,-1.2922704219818115,5.649717330932617
1752060735609,,,5.774216175079346
1752060735610,-7.445368766784668,-1.206079125404358,5.869984149932861
1752060735677,,,6.0423665046691895
1752060735678,-7.713519096374512,-1.512536883354187,6.037578105926514
1752060735743,-7.445368766784668,-1.4742296934127808,5.750273704528809
1752060735808,,,6.056731700897217
1752060735809,-7.30650520324707,-1.68970787525177,6.118980884552002
1752060735877,-7.421426773071289,-1.4311341047286987,6.152499675750732
1752060735943,-8.144475936889648,-1.5795745849609375,6.353612899780273
1752060736009,,,5.913079738616943
1752060736010,-8.144475936889648,-1.2826935052871704,5.8651957511901855
1752060736077,-7.560290336608887,-1.225232720375061,5.683236122131348
1752060736142,,,5.807734966278076
1752060736143,-7.512406349182129,-1.5987281799316406,5.8651957511901855
1752060736210,-7.574655532836914,-1.5029600858688354,5.922656536102295
1752060736276,,,5.946598529815674
1752060736277,-7.967304706573486,-1.3976151943206787,6.008847713470459
1752060736402,-7.847594738006592,-1.2348095178604126,5.654505729675293
1752060736470,,,5.644928932189941
1752060736471,-7.689577102661133,-1.3976151943206787,
1752060736538,-7.761403560638428,-1.632246971130371,5.520430564880371
1752060736603,,,5.587468147277832
1752060736604,-7.584232330322266,-1.775899052619934,5.630563735961914
1752060736670,,-1.8860323429107666,5.836465358734131
1752060736671,-8.12053394317627,-1.5652093887329102,
1752060736738,-7.708730697631836,-1.4598644971847534,5.568314552307129
1752060736805,,-1.7375918626785278,5.913079738616943
1752060736806,-8.307281494140625,,
1752060736871,-7.799710750579834,-1.589151382446289,5.855618953704834
1752060736939,-7.861959934234619,-1.8429367542266846,5.601833343505859
1752060737004,,,5.496488571166992
1752060737005,-7.871536731719971,-2.034472942352295,5.482123374938965
1752060737071,,,5.415085792541504
1752060737072,-8.139687538146973,-1.9195512533187866,5.439027786254883
1752060737139,-8.455721855163574,-1.8668787479400635,5.371990203857422
1752060737204,-8.388684272766113,-1.613093376159668,5.233126163482666
1752060737272,-7.909843921661377,-1.5747861862182617,5.213972568511963
1752060737338,,,5.19481897354126
1752060737339,-7.871536731719971,-1.4838064908981323,
1752060737404,,,5.395932197570801
1752060737405,-7.83801794052124,-1.3545196056365967,5.491700172424316
1752060737471,,,5.601833343505859
1752060737472,-8.197148323059082,-1.426345705986023,
1752060737539,-8.388684272766113,-1.4502876996994019,5.582679748535156
1752060737605,-8.12053394317627,-1.3401544094085693,5.333683013916016
1752060737671,-8.297704696655273,-1.4359225034713745,5.170876979827881
1752060737739,-8.225878715515137,-1.4646528959274292,5.127781391143799
1752060737805,-7.828441143035889,-1.4550760984420776,5.395932197570801
1752060737871,,-1.2922704219818115,5.568314552307129
1752060737872,-8.015189170837402,,
1752060737938,-8.034342765808105,-1.1677719354629517,5.343259811401367
1752060738004,,,5.204395771026611
1752060738005,-8.273762702941895,-1.1869255304336548,5.252279758453369
1752060738071,-8.297704696655273,-1.1581950187683105,5.324106216430664
1752060738138,-7.981669902801514,-1.1103110313415527,5.099050998687744
1752060738204,-8.398261070251465,-1.3353660106658936,5.553949356079102
1752060738271,-7.713519096374512,-1.206079125404358,5.281010627746582
1752060738338,-8.316858291625977,-1.469441294670105,5.055955410003662
1752060738339,-8.216301918029785,,
1752060741142,,-1.3449428081512451,5.261856555938721
1752060741143,-8.652046203613281,-0.8804676532745361,5.807734966278076
1752060741211,-8.067861557006836,-1.0576386451721191,5.869984149932861
1752060741279,-7.976881504058838,-1.0384849309921265,5.922656536102295
1752060745080,,,5.855618953704834
1752060745081,-7.708730697631836,-1.0480618476867676,5.917868137359619
1752060745082,-7.861959934234619,-0.679354727268219,6.674435615539551
1752060745083,-8.058284759521484,-0.6314706802368164,5.237914562225342
1752060745151,-7.780557155609131,-0.29628247022628784,6.918644428253174
1752060745152,-7.421426773071289,,
1752060745220,-6.942586421966553,-0.7559691667556763,7.36396598815918
1752060745221,-6.626551628112793,,
1752060745368,,,7.311293601989746
1752060745369,-5.22833776473999,-1.0336965322494507,
1752060745437,-7.110180377960205,-0.5404910445213318,7.847594738006592
1752060745504,-8.06307315826416,0.053270988166332245,7.153275966644287
1752060745570,-6.92343282699585,0.436343252658844,6.219537258148193
1752060745571,-6.928221225738525,,
1752060745637,,,5.750273704528809
1752060745638,-7.636904716491699,-0.028131870552897453,5.520430564880371
1752060745704,,,5.630563735961914
1752060745705,-7.27298641204834,-1.6609774827957153,
1752060745772,-5.965752124786377,-0.9283517003059387,5.530007362365723
1752060745838,,,5.980117321014404
1752060745839,-7.9625163078308105,-1.24917471408844,
1752060745905,-7.349600791931152,-0.5165489912033081,6.1955952644348145
1752060745906,-7.5219831466674805,,
1752060745971,-8.388684272766113,-0.25318682193756104,6.4398040771484375
1752060746038,-7.603385925292969,-0.7272387742996216,7.1436991691589355
1752060746105,-7.344812393188477,-0.7272387742996216,6.875548839569092
1752060746171,,,7.158064365386963
1752060746172,-6.985682010650635,-0.71766197681427,7.052719593048096
1752060746238,,-0.5644330382347107,6.856395244598389
1752060746239,-6.875548839569092,,
1752060746305,-7.148487567901611,-0.6889315247535706,6.73189640045166
1752060746306,-7.263409614562988,,
1752060746372,-7.201159954071045,-0.5740098357200623,6.162076473236084
1752060746437,,,5.874772548675537
1752060746438,-7.17242956161499,-0.7846996188163757,
1752060746504,,,5.788581371307373
1752060746505,-7.507617950439453,-0.9331400990486145,5.764639377593994
1752060746571,,,5.8029465675354
1752060746572,-7.881113529205322,-0.8086416125297546,
1752060746638,,-0.5883750915527344,5.917868137359619
1752060746639,-8.106168746948242,,
1752060746706,-7.732673168182373,-0.4878185987472534,6.157288074493408
1752060746772,-7.311293601989746,-0.5452794432640076,6.339247703552246
1752060746838,-7.08144998550415,-0.7032967209815979,6.602609634399414
1752060746839,-7.019200801849365,,
1752060746905,-6.9473748207092285,-0.760757565498352,6.760627269744873
1752060746971,-7.4549455642700195,-0.7655459642410278,6.569090843200684
1752060747038,-7.593809127807617,-0.6697779297828674,6.415862083435059
1752060747105,-7.536348342895508,-0.6554127335548401,6.214748859405518
1752060747172,-7.445368766784668,-0.7368155717849731,6.267421722412109
1752060747237,,-0.899621307849884,6.07588529586792
1752060747238,-7.474099159240723,-0.9570821523666382,
1752060747305,-7.694365501403809,-1.0384849309921265,5.721543312072754
1752060747306,-8.058284759521484,,
1752060747774,-8.00561237335205,-1.2300211191177368,5.36241340637207
1752060747778,-8.235455513000488,-1.1294646263122559,5.391143798828125
1752060747844,-8.417414665222168,-0.9906009435653687,5.218760967254639
1752060747909,,-0.8134300112724304,5.654505729675293
1752060747910,-8.240243911743164,-0.7320271730422974,
1752060747975,,-0.6171054840087891,6.037578105926514
1752060747976,-7.7183074951171875,,
1752060750356,,,6.30094051361084
1752060750362,,,6.353612899780273
1752060750363,,-0.6075286865234375,6.358401298522949
1752060750371,-7.158064365386963,-0.17178396880626678,
1752060750372,-8.316858291625977,,
1752060750428,,,5.549160957336426
1752060750429,-7.991246700286865,-0.6123170852661133,
1752060750499,,-0.7559691667556763,5.319317817687988
1752060750501,-8.470087051391602,,
1752060750563,-7.981669902801514,-0.6458359360694885,5.108627796173096
1752060750629,-8.561066627502441,-1.0097545385360718,5.132569789886475
1752060750696,-8.235455513000488,-1.182137131690979,4.6058454513549805
1752060750764,-8.316858291625977,-1.3976151943206787,4.835689067840576
1752060750829,,,4.854842662811279
1752060750830,-8.656834602355957,-1.8908207416534424,
1752060750896,,,4.715978622436523
1752060750897,-8.048707962036133,-1.8237831592559814,
1752060750965,-8.786121368408203,-1.670554280281067,5.616198539733887
1752060751030,-9.197924613952637,-1.1965023279190063,4.3424835205078125
1752060751097,,,4.347271919250488
1752060751098,-8.872312545776367,-1.5316904783248901,4.136581897735596
1752060751163,,,4.48134708404541
1752060751164,-8.85794734954834,-1.8237831592559814,
1752060755083,,-1.5029600858688354,4.232349872589111
1752060755084,-8.072649955749512,-0.2388216257095337,
1752060755085,,,3.5476083755493164
1752060755087,,,2.542043685913086
1752060755088,-9.360730171203613,-0.39205053448677063,2.690484046936035
1752060755156,,0.9630676507949829,3.2794578075408936
1752060755157,-10.490793228149414,,
1752060755224,,,4.241926670074463
1752060755225,-8.307281494140625,1.6573861837387085,
1752060755372,-7.6752119064331055,0.862511157989502,4.639364242553711
1752060755373,-8.09659194946289,,
1752060755441,-9.77253246307373,0.6278793811798096,4.179677486419678
1752060755508,,1.0732009410858154,4.22277307510376
1752060755509,-9.346364974975586,,
1752060755575,,,4.878784656524658
1752060755576,,1.2791022062301636,4.941033840179443
1752060755577,-8.580220222473145,1.2216414213180542,
1752060755641,-9.221866607666016,0.9151836037635803,4.577115058898926
1752060755709,-9.34157657623291,0.8337807655334473,4.524442672729492
1752060755776,-8.527547836303711,0.9726444482803345,3.930680751800537
1752060755842,-7.8763251304626465,1.346139907836914,3.959411144256592
1752060755910,,,4.332906723022461
1752060755911,,,5.161300182342529
1752060755914,-8.259397506713867,1.5280991792678833,
1752060755975,,,5.3145294189453125
1752060755976,-8.216301918029785,1.3940238952636719,
1752060756042,-9.020753860473633,0.8960300087928772,5.218760967254639
1752060756109,,,4.783016681671143
1752060756110,-8.996811866760254,0.7236474752426147,4.610633850097656
1752060756175,-8.173206329345703,0.6230909824371338,4.476558685302734
1752060756176,-8.91540813446045,,
1752060756242,-9.18355941772461,0.4124012291431427,4.529231071472168
1752060756310,-8.762179374694824,0.8816647529602051,4.92188024520874
1752060756375,,,5.309741020202637
1752060756376,-8.446145057678223,1.082777738571167,4.931457042694092
1752060756442,-8.043919563293457,1.3317747116088867,5.180453777313232
1752060756509,-9.039907455444336,1.0923545360565186,5.19481897354126
1752060756575,-8.197148323059082,1.0732009410858154,4.974552631378174
1752060756641,,,4.783016681671143
1752060756642,-7.952939510345459,0.7715315222740173,
1752060756709,,0.5991489887237549,4.083909511566162
1752060756710,-8.3120698928833,,
1752060756774,,,4.103063106536865
1752060756775,-7.536348342895508,1.0923545360565186,4.261080265045166
1752060756841,,0.9295487999916077,4.471770286560059
1752060756842,-8.484452247619629,,
1752060756909,-9.150040626525879,1.3844470977783203,4.438251495361328
1752060756975,-8.508394241333008,0.9103952050209045,6.008847713470459
1752060757042,-9.087791442871094,0.7667431235313416,6.07588529586792
1752060757109,-8.177994728088379,0.8194155097007751,5.7311201095581055
1752060757175,-7.320870399475098,0.8289923667907715,5.415085792541504
1752060757241,,,5.276222229003906
1752060757242,-8.053496360778809,0.8720879554748535,
1752060757309,-8.901042938232422,0.8289923667907715,5.879560947418213
1752060765928,,,5.525218963623047
1752060765930,,,5.032013416290283
1752060765931,,,4.8069586753845215
1752060765932,-9.18355941772461,1.3748703002929688,7.991246700286865
1752060765933,-9.260173797607422,,
1752060765934,-7.751826763153076,,
1752060765935,-8.254609107971191,,
1752060765936,-6.842030048370361,,
1752060765937,-5.309741020202637,,
1752060765995,-8.192359924316406,0.618302583694458,7.737461566925049
1752060766061,,,6.205172061920166
1752060766062,-6.463746070861816,1.269525408744812,6.1716532707214355
1752060766169,,1.2886791229248047,5.879560947418213
1752060766170,-6.142922878265381,1.269525408744812,
1752060766172,,1.1785458326339722,5.63535213470459
1752060766173,-5.764639377593994,,
1752060766236,,,5.707178115844727
1752060766237,-6.961740016937256,0.7811083197593689,
1752060766302,-7.30650520324707,0.7380126714706421,5.54437255859375
1752060766370,,,6.348824501037598
1752060766371,-7.7661919593811035,-0.028131870552897453,6.612186431884766
1752060766474,-7.043142795562744,0.48901569843292236,5.439027786254883
1752060766478,-7.972093105316162,-0.15263035893440247,7.7230963706970215
1752060766543,-7.349600791931152,0.5225345492362976,7.038354396820068
1752060766610,-7.253832817077637,0.42197805643081665,4.658517837524414
1752060766676,,,4.57232666015625
1752060766677,-8.33601188659668,0.6470330357551575,4.366425514221191
1752060766743,,0.3357867896556854,4.615422248840332
1752060766744,-8.259397506713867,0.345363587141037,
1752060766811,-8.992023468017578,0.12988543510437012,5.501276969909668
1752060766877,,,6.061520099639893
1752060766878,-9.533112525939941,-0.7511807680130005,
1752060767075,-8.163629531860352,-0.20530278980731964,6.3967084884643555
1752060767080,-9.753378868103027,-0.6602011322975159,6.008847713470459
1752060767149,,1.9255367517471313,5.965752124786377
1752060767150,-7.512406349182129,1.4371196031570435,
1752060767216,-7.924209117889404,0.9487023949623108,5.75985050201416
1752060767282,,0.46507367491722107,5.3576250076293945
1752060767283,-8.077438354492188,,
1752060767350,-7.790133953094482,0.17298106849193573,5.616198539733887
1752060767416,,,5.549160957336426
1752060767417,,,7.234679222106934
1752060767418,-5.922656536102295,0.4507084786891937,
1752060767483,-7.421426773071289,0.25917232036590576,6.229114055633545
1752060767551,,0.7236474752426147,6.784569263458252
1752060767552,-7.7183074951171875,,
1752060767616,-8.51797103881836,1.0540473461151123,6.348824501037598
1752060767683,-7.450157165527344,0.718859076499939,5.405508995056152
1752060767750,,0.1107318252325058,6.138134479522705
1752060767751,-8.929773330688477,,
1752060767816,,0.2783259451389313,6.1716532707214355
1752060767817,-8.561066627502441,,
1752060767883,,0.23044191300868988,5.0463786125183105
1752060767884,-7.512406349182129,,
1752060767951,-8.345588684082031,-0.3106476664543152,4.687248229980469
1752060768017,-8.379107475280762,0.21128830313682556,5.587468147277832
1752060768083,,,5.8891377449035645
1752060768084,-8.398261070251465,0.26396074891090393,6.272210121154785
1752060768150,,0.4985924959182739,5.0463786125183105
1752060768151,-8.450933456420898,,
1752060768217,,,5.281010627746582
1752060768218,-9.169194221496582,0.3597288131713867,
1752060768284,-7.852383136749268,0.6518214344978333,6.1716532707214355
1752060768350,-7.4549455642700195,0.5416881442070007,6.382343292236328
1752060768417,-6.995258808135986,0.8912416100502014,5.400720596313477
1752060768482,,,6.506841659545898
1752060768483,-7.541136741638184,0.46507367491722107,6.39192008972168
1752060768550,,,6.612186431884766
1752060768551,-7.450157165527344,,
1752060768616,-7.450157165527344,-0.5213374495506287,6.818088054656982
1752060768682,,,7.129333972930908
1752060768683,-8.130110740661621,-0.6171054840087891,
1752060768750,-8.21151351928711,-1.206079125404358,7.0144124031066895
1752060768816,,-0.760757565498352,7.636904716491699
1752060768817,-9.451709747314453,,
1752060768883,-5.76942777633667,0.09157821536064148,5.520430564880371
1752060768951,-7.924209117889404,-0.2819172441959381,5.630563735961914
1752060769016,,,6.741473197937012
1752060769017,-8.814851760864258,-0.076015904545784,
1752060769117,-7.852383136749268,5.985504249110818E-4,4.950610637664795
1752060769121,-9.212289810180664,-0.27712884545326233,6.276998519897461
1752060769186,-7.17242956161499,-1.0193313360214233,5.7311201095581055
1752060769253,,,6.933009624481201
1752060769254,-8.604162216186523,-0.5404910445213318,5.9753289222717285
1752060769319,-8.652046203613281,-0.18136078119277954,6.707954406738281
1752060769386,-7.344812393188477,0.345363587141037,5.395932197570801
1752060769453,,,5.553949356079102
1752060769454,-7.023989200592041,-0.09038111567497253,6.784569263458252
1752060769518,,,6.952163219451904
1752060769519,-7.584232330322266,0.03890577703714371,7.387907981872559
1752060769586,,,5.884349346160889
1752060769587,-7.584232330322266,-0.2148796021938324,
1752060769653,-7.828441143035889,-0.45908817648887634,5.846042156219482
1752060769718,,,6.645705223083496
1752060769719,-8.853158950805664,-0.9570821523666382,5.2235493659973145
1752060769786,-8.738237380981445,-0.43035775423049927,5.597044944763184
1752060769853,-7.7470383644104,0.2974795699119568,5.482123374938965
1752060769918,,,5.506065368652344
1752060769919,-8.599373817443848,0.07721300423145294,5.367201805114746
1752060769987,-8.901042938232422,0.03411737456917763,6.272210121154785
1752060770053,-6.669647216796875,-0.27234044671058655,6.066308498382568
1752060770119,-8.168417930603027,-0.36810851097106934,5.798158168792725
1752060770187,-7.7183074951171875,-0.20051439106464386,5.788581371307373
1752060770253,-7.996035099029541,-0.3058592677116394,4.936245441436768
1752060770320,-8.561066627502441,-0.262763649225235,5.400720596313477
1752060770386,-7.727884769439697,-0.3585317134857178,5.788581371307373
1752060770454,-8.087015151977539,0.31184476613998413,5.54437255859375
1752060770518,,,5.45339298248291
1752060770519,-8.18757152557373,-0.36332011222839355,5.4677581787109375
1752060770586,-7.689577102661133,-0.21966800093650818,5.017648220062256
1752060770653,,,5.721543312072754
1752060770654,-7.857171535491943,-0.5165489912033081,6.20038366317749
1752060770718,,,6.1955952644348145
1752060770719,-8.053496360778809,-0.15741875767707825,5.055955410003662
1752060770786,-8.067861557006836,0.08200141042470932,4.988917827606201
1752060770959,-7.699153900146484,-0.24361002445220947,5.118204593658447
1752060770964,-7.416638374328613,-0.14784196019172668,5.530007362365723
1752060771033,-7.933785915374756,-0.7080851793289185,4.802170276641846
1752060771099,,,4.845265865325928
1752060771100,-7.656058311462402,-0.6745663285255432,
1752060771166,-7.421426773071289,-1.2300211191177368,5.300164222717285
1752060771234,-7.148487567901611,-0.861314058303833,5.022436618804932
1752060771300,,,5.142146587371826
1752060771301,-7.215525150299072,-1.2635399103164673,5.209184169769287
1752060771366,,,5.750273704528809
1752060771367,-8.42699146270752,-1.5412673950195312,
1752060771434,-8.527547836303711,-1.2635399103164673,5.032013416290283
1752060771500,-8.331223487854004,-1.5508441925048828,5.587468147277832
1752060771567,-8.259397506713867,-1.5316904783248901,5.63535213470459
1752060771635,-8.067861557006836,-1.325789213180542,4.8069586753845215
1752060771700,,,5.276222229003906
1752060771701,-7.80449914932251,-1.2443863153457642,
1752060771768,-7.311293601989746,-1.1103110313415527,5.448604583740234
1752060771834,,-1.225232720375061,6.0423665046691895
1752060771835,-7.981669902801514,,
1752060771900,-7.603385925292969,-0.7128735780715942,5.86040735244751
1752060771967,-7.296928405761719,-1.4407109022140503,6.597821235656738
1752060772034,,,5.826888561248779
1752060772035,-7.043142795562744,-0.961870551109314,5.869984149932861
1752060772100,,,5.994482517242432
1752060772101,-7.531559944152832,-1.0432734489440918,6.061520099639893
1752060772167,,,6.4828996658325195
1752060772168,-8.364742279052734,-1.1773487329483032,
1752060772235,-8.110957145690918,-0.8277952671051025,6.262633323669434
1752060772301,-7.038354396820068,-0.25318682193756104,5.898714542388916
1752060772367,,,5.72633171081543
1752060772368,-7.622539520263672,-0.2867056429386139,5.846042156219482
1752060772434,-8.359953880310059,-0.5309142470359802,6.209960460662842
1752060772500,-8.527547836303711,-0.5692214369773865,5.290587425231934
1752060772566,,,5.32889461517334
1752060772567,-8.46051025390625,-0.5883750915527344,5.7311201095581055
1752060772634,-7.526771545410156,-0.9762357473373413,5.946598529815674
1752060772701,,0.0293289702385664,5.616198539733887
1752060772702,-7.158064365386963,-0.43993455171585083,
1752060772766,,,6.056731700897217
1752060772767,-8.254609107971191,-1.0145429372787476,5.994482517242432
1752060772835,-7.694365501403809,-0.7080851793289185,6.16686487197876
1752060772901,-7.263409614562988,-0.578798234462738,6.420650482177734
1752060772967,-7.517194747924805,-0.71766197681427,6.0854620933532715
1752060773035,-7.584232330322266,-0.5596446394920349,5.850830554962158
1752060773101,-7.474099159240723,-0.8469488620758057,5.826888561248779
1752060773168,-7.799710750579834,-0.8804676532745361,5.764639377593994
1752060773234,-7.9625163078308105,-0.8325836658477783,5.630563735961914
1752060773301,-8.355165481567383,-1.0528502464294434,5.764639377593994
1752060773367,-8.268974304199219,-1.0241197347640991,6.07588529586792
1752060773434,-7.756615161895752,-0.823006808757782,6.684012413024902
1752060773501,-6.679224014282227,-0.4159925580024719,6.229114055633545
1752060773566,,,7.263409614562988
1752060773567,-7.689577102661133,-1.2779051065444946,7.545925140380859
1752060773634,-9.25059700012207,-2.077568531036377,7.732673168182373
1752060773700,-9.1260986328125,-1.7184382677078247,8.613739013671875
1752060773767,-8.053496360778809,-0.9427168965339661,7.292140007019043
1752060773834,,,6.214748859405518
1752060773835,-6.444592475891113,-0.7942764163017273,5.654505729675293
1752060773900,-5.45339298248291,-0.07122749835252762,4.783016681671143
1752060773967,-5.515642166137695,0.8337807655334473,3.9450459480285645
1752060774034,-5.855618953704834,1.2072762250900269,3.8732197284698486
1752060774100,,,3.7726633548736572
1752060774101,-7.359177589416504,1.9829975366592407,
1752060774166,,1.8154034614562988,3.3273417949676514
1752060774167,-8.374319076538086,1.5089455842971802,
1752060774358,-7.756615161895752,0.9534908533096313,4.150947093963623
1752060774364,-7.30650520324707,0.7284358739852905,4.553173065185547
1752060774433,-9.09257984161377,0.9630676507949829,6.118980884552002
1752060774499,-10.203489303588867,0.5321113467216492,8.407837867736816
1752060774565,,,8.479663848876953
1752060774566,-11.347917556762695,0.9199720025062561,8.168417930603027
1752060774634,-9.030330657958984,0.24480712413787842,8.297704696655273
1752060774699,-7.742249965667725,1.0348936319351196,5.688024520874023
1752060774767,-6.621763229370117,0.718859076499939,5.644928932189941
1752060774768,-6.0854620933532715,,
1752060774834,-5.999270915985107,0.35015198588371277,5.5108537673950195
1752060774901,-6.415862083435059,0.6278793811798096,5.22833776473999
1752060774966,,,4.993706226348877
1752060774967,-7.383119583129883,1.0444705486297607,4.984129428863525
1752060775033,,,4.739920616149902
1752060775034,-8.613739013671875,1.1546037197113037,
1752060775100,,1.6478092670440674,4.409521102905273
1752060775101,-9.145252227783203,1.710058569908142,
1752060775166,-9.585784912109375,1.66696298122406,4.749497413635254
1752060775234,-9.77253246307373,1.5759832859039307,5.094262599945068
1752060775300,-8.106168746948242,2.5336639881134033,5.405508995056152
1752060775367,-8.489240646362305,2.6342203617095947,6.190806865692139
1752060775433,,,5.8029465675354
1752060775434,-7.292140007019043,2.3469161987304688,5.841253757476807
1752060775500,,,5.343259811401367
1752060775501,-6.928221225738525,0.7523778676986694,
1752060775568,-7.019200801849365,0.24480712413787842,5.2714338302612305
1752060775634,-8.015189170837402,0.5081692934036255,6.047154903411865
1752060775700,,,5.898714542388916
1752060775701,-8.85794734954834,1.6573861837387085,5.898714542388916
1752060775767,-9.173982620239258,2.1314380168914795,5.89392614364624
1752060775833,,,5.472546577453613
1752060775834,-9.130887031555176,2.0165164470672607,
1752060775899,-7.311293601989746,2.011728048324585,4.66330623626709
1752060775966,-8.173206329345703,1.3844470977783203,5.601833343505859
1752060776034,-7.61296272277832,1.2743138074874878,4.8309006690979
1752060776099,-9.116521835327148,0.862511157989502,5.702389717102051
1752060776166,-8.417414665222168,1.2791022062301636,6.176441669464111
1752060776233,-7.617751121520996,1.427542805671692,5.8221001625061035
1752060776299,-8.958504676818848,1.6813281774520874,5.405508995056152
1752060776365,,,5.099050998687744
1752060776366,-8.58500862121582,1.7483657598495483,4.811747074127197
1752060776434,,,4.75428581237793
1752060776435,-8.450933456420898,1.470638394355774,
1752060776500,-7.866748332977295,1.125873327255249,4.562749862670898
1752060776567,-7.316082000732422,1.0636241436004639,3.887584924697876
1752060776634,-8.101380348205566,1.1354501247406006,4.170100688934326
1752060776635,-8.6089506149292,,
1752060776699,,,5.2714338302612305
1752060776700,-8.886677742004395,1.4514847993850708,
1752060776767,-9.09257984161377,1.2791022062301636,5.534795761108398
1752060776834,-9.298480987548828,0.6278793811798096,5.371990203857422
1752060776899,,,4.859631061553955
1752060776900,-9.695918083190918,0.1586158573627472,4.854842662811279
1752060776967,-8.407837867736816,0.6087257862091064,4.4957122802734375
1752060777034,,,4.328118324279785
1752060777035,-8.297704696655273,0.7571662664413452,4.352060317993164
1752060777100,-8.896254539489746,0.8194155097007751,3.796605348587036
1752060777166,,,3.825335741043091
1752060777167,-9.197924613952637,1.1354501247406006,3.667318344116211
1752060777232,,,4.170100688934326
1752060777233,-8.019977569580078,1.63344407081604,4.399944305419922
1752060777300,-8.886677742004395,1.1402385234832764,4.486135482788086
1752060777366,,,4.13179349899292
1752060777367,-9.691129684448242,0.9870096445083618,
1752060777434,-8.508394241333008,0.7380126714706421,4.232349872589111
1752060777500,,,4.275445461273193
1752060777501,-8.819640159606934,0.42676645517349243,4.093486309051514
1752060777566,,,4.476558685302734
1752060777567,-8.661623001098633,0.7044938206672668,4.519654273986816
1752060777634,,,4.543596267700195
1752060777635,-8.834005355834961,0.7380126714706421,
1752060777700,-9.470863342285156,0.536899745464325,4.845265865325928
1752060777766,-9.964069366455078,0.7332242727279663,5.089474201202393
1752060777833,,,4.644152641296387
1752060777834,-9.384672164916992,0.9056068062782288,4.337695121765137
1752060777899,,,3.6768951416015625
1752060777900,-9.322422981262207,0.3693056106567383,
1752060777966,-9.935338973999023,0.16340427100658417,3.514089584350586
1752060778033,,0.47465047240257263,4.04081392288208
1752060778034,-9.288904190063477,0.3932476341724396,
1752060778099,,,4.658517837524414
1752060778100,-9.121310234069824,0.32620999217033386,4.615422248840332
1752060778166,-9.130887031555176,0.5464765429496765,3.782240152359009
1752060778234,-9.111733436584473,0.7858967185020447,3.6816837787628174
1752060778300,,0.7811083197593689,3.073556423187256
1752060778301,-8.752602577209473,,
1752060778366,-8.417414665222168,0.41718965768814087,3.044826030731201
1752060778434,-8.781332969665527,0.07242459803819656,2.8628666400909424
1752060778500,-8.197148323059082,0.2687491476535797,3.0113072395324707
1752060778566,,0.1586158573627472,3.0160956382751465
1752060778567,-9.221866607666016,,
1752060778633,,,2.829347848892212
1752060778634,-8.316858291625977,0.31184476613998413,2.7096378803253174
1752060778699,,,4.189254283905029
1752060778700,-8.513182640075684,-0.25318682193756104,4.553173065185547
1752060778767,-9.628880500793457,-1.3545196056365967,5.099050998687744
1752060778833,,,5.946598529815674
1752060778834,-9.964069366455078,-1.5364789962768555,
1752060778900,,,5.601833343505859
1752060778901,-9.801262855529785,-1.4790180921554565,
1752060778967,-9.552266120910645,,
1752060779034,,-1.325789213180542,5.319317817687988
1752060779035,-8.235455513000488,-1.6274585723876953,
1752060779101,-7.445368766784668,-1.8285715579986572,5.563526153564453
1752060779166,-8.182783126831055,-1.1390414237976074,5.482123374938965
1752060779234,-8.776544570922852,-0.3345896899700165,5.616198539733887
1752060779235,-9.102156639099121,,
1752060779300,-9.604938507080078,-0.5069721937179565,5.75985050201416
1752060779367,-8.747814178466797,-1.0145429372787476,5.2666449546813965
1752060779434,-8.474875450134277,-1.3114240169525146,4.778227806091309
1752060779435,-8.73344898223877,,
1752060779500,-8.130110740661621,-0.9762357473373413,3.624222755432129
1752060779567,-7.220313549041748,-0.7703344225883484,3.667318344116211
1752060779634,,,3.183689594268799
1752060779635,-6.3967084884643555,-0.5213374495506287,4.39036750793457
1752060779700,-8.556278228759766,-0.31543606519699097,4.835689067840576
1752060779767,-8.249820709228516,-0.04249707981944084,5.443816184997559
1752060779833,,,5.898714542388916
1752060779834,-9.073426246643066,-0.4926069974899292,5.960963726043701
1752060779900,-9.528324127197266,-0.7894880175590515,6.10940408706665
1752060779967,,-0.4734533727169037,4.969764232635498
1752060779968,-9.06863784790039,,
1752060780034,,-0.7990648150444031,4.567538261413574
1752060780035,-8.30249309539795,,
1752060780100,,,4.859631061553955
1752060780102,-8.752602577209473,-1.2826935052871704,
1752060780166,,-0.9953893423080444,5.755062103271484
1752060780167,-9.030330657958984,-0.861314058303833,
1752060780235,,-0.06165069341659546,4.6058454513549805
1752060780236,-7.574655532836914,,
1752060780300,,,4.672883033752441
1752060780301,-8.661623001098633,-0.11432313174009323,4.399944305419922
1752060780366,,,4.739920616149902
1752060780367,-7.426215171813965,0.6326677799224854,4.945822238922119
1752060780434,,,3.8971617221832275
1752060780435,-7.756615161895752,1.2503718137741089,3.494935989379883
1752060780500,-5.812523365020752,0.8242039084434509,3.5476083755493164
1752060780567,,-0.8517372608184814,4.749497413635254
1752060780568,-5.946598529815674,,
1752060780633,,,1.7423802614212036
1752060780634,-8.024765968322754,-1.1773487329483032,3.4997243881225586
1752060780700,-10.821192741394043,-0.9139865040779114,3.6146459579467773
1752060780766,,,6.952163219451904
1752060780767,-10.031106948852539,-0.760757565498352,7.148487567901611
1752060782449,,-0.679354727268219,6.966528415679932
1752060782450,-9.015965461730957,0.9056068062782288,5.405508995056152
1752060782454,-10.265738487243652,0.35015198588371277,3.4757823944091797
1752060782517,,1.2503718137741089,4.466981887817383
1752060782518,-6.928221225738525,,
1752060782585,-11.046248435974121,-0.20051439106464386,4.826112270355225
1752060782651,-11.022306442260742,0.8242039084434509,5.491700172424316
1752060782718,,,4.127005100250244
1752060782719,-9.370306968688965,0.8529343605041504,
1752060782796,,,3.997718334197998
1752060782797,-7.5650787353515625,0.6661866307258606,4.366425514221191
1752060782860,,,3.5859155654907227
1752060782861,,,4.150947093963623
1752060782862,-7.354389190673828,0.7284358739852905,
1752060782927,,1.22642982006073,4.768651008605957
1752060782928,-8.652046203613281,1.3413515090942383,
1752060782996,-8.628104209899902,1.9159599542617798,4.9170918464660645
1752060787084,-7.340023994445801,2.32297420501709,5.5778913497924805
1752060787085,-8.144475936889648,1.7483657598495483,5.4246625900268555
1752060787087,-7.153275966644287,0.14903905987739563,5.127781391143799
1752060787151,,,5.472546577453613
1752060787152,-8.000823974609375,-0.43514615297317505,
1752060787219,,,4.993706226348877
1752060787220,-8.130110740661621,-0.5404910445213318,5.122992992401123
1752060787363,,,4.993706226348877
1752060787364,-9.30805778503418,-0.4638765752315521,4.92188024520874
1752060787432,-8.996811866760254,0.16819266974925995,5.458181381225586
1752060787499,-7.287351608276367,0.10594342648983002,5.10383939743042
1752060787565,,,4.941033840179443
1752060787566,-6.765415668487549,0.35494041442871094,
1752060787632,-9.384672164916992,-0.5931634902954102,6.693589210510254
1752060787699,-5.908291339874268,0.7858967185020447,6.856395244598389
1752060787766,,0.25438392162323,5.9753289222717285
1752060787767,-7.67042350769043,,
1752060787832,,,5.539584159851074
1752060787833,-8.144475936889648,0.30705636739730835,
1752060787899,-7.378331184387207,0.30705636739730835,4.955399036407471
1752060787965,-7.61296272277832,0.17298106849193573,3.9833531379699707
1752060788032,-8.929773330688477,-0.26755204796791077,5.19481897354126
1752060788099,-8.154052734375,0.17298106849193573,5.774216175079346
1752060788165,-7.435791969299316,0.35015198588371277,5.348048210144043
1752060788232,-7.5219831466674805,-0.17178396880626678,5.506065368652344
1752060788299,-8.55148983001709,-0.29628247022628784,6.104615688323975
1752060788365,-7.83801794052124,0.5943605899810791,6.348824501037598
1752060788432,,,6.0423665046691895
1752060788433,-8.46051025390625,0.4985924959182739,5.477334976196289
1752060788499,,,5.477334976196289
1752060788500,-9.317634582519531,0.5033808946609497,5.036801815032959
1752060788566,-8.704718589782715,0.1825578808784485,4.92188024520874
1752060788633,-9.427767753601074,0.23523031175136566,4.749497413635254
1752060788700,-7.526771545410156,1.082777738571167,4.064755916595459
1752060788766,,0.5512649416923523,3.911526918411255
1752060788767,-8.594585418701172,0.8050503134727478,
1752060788833,-8.51797103881836,1.0732009410858154,3.6146459579467773
1752060788900,,,3.375225782394409
1752060788901,-8.9249849319458,0.8433575630187988,3.777451753616333
1752060788966,,,3.9881415367126465
1752060788967,-9.173982620239258,0.7380126714706421,
1752060789034,-8.838793754577637,0.6422445774078369,4.577115058898926
1752060789101,-8.972869873046875,0.6374561786651611,5.1996073722839355
1752060789166,-8.000823974609375,1.470638394355774,5.2714338302612305
1752060789234,-8.101380348205566,1.3605051040649414,4.677671432495117
1752060789300,,1.1881226301193237,4.3424835205078125
1752060789301,-8.130110740661621,,
1752060798391,,1.0636241436004639,4.548384666442871
1752060798392,,1.106719732284546,
1752060798393,-8.455721855163574,,
1752060798394,-8.058284759521484,0.345363587141037,5.826888561248779
1752060798458,-8.704718589782715,-0.08559270948171616,6.387131690979004
1752060798523,,-0.43035775423049927,5.98490571975708
1752060798524,-8.862735748291016,,
1752060798624,,,6.339247703552246
1752060798625,-8.987235069274902,-0.3489548861980438,6.909067630767822
1752060798628,-8.623315811157227,0.10115502029657364,7.186794757843018
1752060798694,-7.680000305175781,0.5464765429496765,7.737461566925049
1752060798759,,,7.282563209533691
1752060798760,-6.348824501037598,0.800261914730072,6.870760440826416
1752060798825,-5.185242176055908,-0.1430535465478897,7.043142795562744
1752060798826,-5.836465358734131,,
1752060798893,-6.372766494750977,0.48901569843292236,5.348048210144043
1752060798960,-9.083003044128418,0.37888240814208984,4.48134708404541
1752060798961,-9.245808601379395,,
1752060803081,,,4.974552631378174
1752060803082,,,5.166088581085205
1752060803083,,1.1641805171966553,6.7510504722595215
1752060803084,-8.297704696655273,-0.3968389332294464,
1752060803087,,0.3932476341724396,
1752060803088,-8.288127899169922,,6.190806865692139
1752060803154,-5.381567001342773,0.5895721912384033,4.1413702964782715
1752060803222,-6.30094051361084,-1.325789213180542,7.191583156585693
1752060804008,,,7.861959934234619
1752060804009,-9.27453899383545,-1.225232720375061,7.162852764129639
1752060804014,,,5.558737754821777
1752060804015,-8.307281494140625,-0.5452794432640076,6.061520099639893
1752060804084,-8.000823974609375,-0.4734533727169037,3.2363622188568115
1752060804149,,,4.720767021179199
1752060804150,-8.110957145690918,-0.5117605924606323,
1752060804261,-6.674435615539551,-0.4159925580024719,5.884349346160889
1752060804266,-7.134122371673584,-0.3489548861980438,6.449380874633789
1752060804329,,,8.201936721801758
1752060804330,-6.0854620933532715,0.02454056777060032,
1752060804397,-6.727108001708984,0.09636662155389786,8.479663848876953
1752060804463,-6.39192008972168,-0.24361002445220947,8.901042938232422
1752060804645,-8.55148983001709,-1.2300211191177368,7.799710750579834
1752060804713,-7.8332295417785645,-1.4550760984420776,5.213972568511963
1752060804780,-6.9042792320251465,-1.2874820232391357,4.16531229019165
1752060804847,,,4.4957122802734375
1752060804848,,,4.44782829284668
1752060804849,-8.350377082824707,-1.0720038414001465,4.639364242553711
1752060804914,-8.901042938232422,-0.679354727268219,5.338471412658691
1752060804980,-8.790909767150879,-0.31543606519699097,6.559514045715332
1752060805047,-7.263409614562988,-0.2148796021938324,7.8763251304626465
1752060805114,-7.8332295417785645,-0.5165489912033081,7.469310760498047
1752060805181,-6.933009624481201,-1.1007342338562012,7.004835605621338
1752060805247,-6.2386908531188965,-1.569997787475586,5.750273704528809
1752060805315,-6.966528415679932,-2.0488381385803223,4.92188024520874
1752060805381,,,4.6058454513549805
1752060805382,-7.095815181732178,-1.8908207416534424,5.343259811401367
1752060805448,,,4.466981887817383
1752060805449,-9.073426246643066,-0.9858125448226929,5.257068157196045
1752060805513,-9.695918083190918,-0.0999579206109047,5.276222229003906
1752060805582,,,6.363189697265625
1752060805583,-8.61852741241455,-0.0999579206109047,6.310517311096191
1752060805648,,,6.827664852142334
1752060805649,-7.239467620849609,-0.8038532137870789,
1752060805714,-6.674435615539551,-1.589151382446289,6.51641845703125
1752060805781,-7.603385925292969,-2.0488381385803223,7.119757175445557
1752060805847,,,7.201159954071045
1752060805848,-8.259397506713867,-1.4502876996994019,5.898714542388916
1752060805914,,,6.4828996658325195
1752060805915,-8.661623001098633,-1.2012907266616821,
1752060805981,-8.087015151977539,-0.5404910445213318,4.912303447723389
1752060806047,,,5.127781391143799
1752060806048,-7.4118499755859375,-0.31543606519699097,
1752060806114,-8.240243911743164,-0.6506243348121643,6.564302444458008
1752060806181,-7.4118499755859375,-0.8900445103645325,5.716754913330078
1752060806247,,,5.142146587371826
1752060806248,-8.139687538146973,-1.2779051065444946,5.817311763763428
1752060806313,,,5.525218963623047
1752060806314,-9.097368240356445,-1.6657658815383911,5.352836608886719
1752060806381,-5.697601318359375,-0.4638765752315521,4.945822238922119
1752060806447,-8.273762702941895,-1.4502876996994019,6.842030048370361
1752060806513,,,6.281786918640137
1752060806514,-7.814075946807861,-0.9331400990486145,7.512406349182129
1752060806581,-8.55148983001709,-1.5508441925048828,6.262633323669434
1752060812084,,-1.12467622756958,7.531559944152832
1752060812085,-8.221090316772461,-0.20051439106464386,6.186018466949463
1752060812088,-10.06462574005127,-2.700061082839966,4.715978622436523
1752060812156,-8.235455513000488,-2.163759708404541,3.60028076171875
1752060812224,-7.555501937866211,-2.1254525184631348,3.245939016342163
1752060812289,,,4.337695121765137
1752060812290,-7.2107367515563965,-2.3936030864715576,4.376002311706543
1752060812356,-7.512406349182129,-2.0632033348083496,4.036025524139404
1752060812423,,,4.2275614738464355
1752060812424,-8.723872184753418,-2.1541829109191895,4.13179349899292
1752060812489,,,5.060743808746338
1752060812490,-8.805274963378906,-1.7854759693145752,5.395932197570801
1752060812556,,-1.8046295642852783,4.912303447723389
1752060812557,-9.298480987548828,,
1752060812623,-10.332776069641113,-2.3313539028167725,4.471770286560059
1752060812690,-10.227431297302246,-2.9011738300323486,3.605069160461426
1752060812756,,,3.619434356689453
1752060812757,-9.241020202636719,-2.8580782413482666,3.360860586166382
1752060812823,,,3.049614429473877
1752060812824,-7.794922351837158,-2.364872694015503,3.1645359992980957
1752060812890,-7.569867134094238,-3.1693243980407715,4.083909511566162
1752060812956,-8.546701431274414,-2.6569652557373047,3.973776340484619
1752060813024,-8.9249849319458,-1.5604209899902344,4.045602321624756
1752060813089,,,3.5667619705200195
1752060813090,-9.762955665588379,-1.3640964031219482,
1752060813157,-10.907383918762207,-2.1062989234924316,2.9490580558776855
1752060813377,,,2.5707740783691406
1752060813378,-9.667187690734863,-1.4502876996994019,2.580350875854492
1752060813381,,-2.3983914852142334,4.457405090332031
1752060813382,-8.599373817443848,,
1752060813446,,,4.668094635009766
1752060813447,-8.355165481567383,-1.9147628545761108,4.366425514221191
1752060813512,,,3.973776340484619
1752060813513,-8.695141792297363,-1.5412673950195312,
1752060813579,-8.197148323059082,-1.325789213180542,3.265092611312866
1752060821907,,,3.111863613128662
1752060821908,-10.011953353881836,-1.7471686601638794,
1752060821909,-8.623315811157227,-0.6458359360694885,1.8716671466827393
1752060821910,,0.7044938206672668,4.835689067840576
1752060821911,-8.546701431274414,0.23523031175136566,5.017648220062256
1752060821975,,,4.308964729309082
1752060821976,-7.794922351837158,3.2136173248291016,4.04081392288208
1752060822043,-7.541136741638184,3.3045969009399414,3.935469150543213
1752060822202,,,3.619434356689453
1752060822203,-8.398261070251465,2.097919225692749,
1752060822207,,,3.538031578063965
1752060822208,-12.023082733154297,0.8481459617614746,
1752060822276,-9.92097282409668,1.0013748407363892,4.974552631378174
1752060822343,,1.1737574338912964,5.534795761108398
1752060822344,-8.33601188659668,,
1752060822409,,0.8433575630187988,5.66887092590332
1752060822410,-8.628104209899902,,
1752060823502,,,5.659294128417969
1752060823503,-8.364742279052734,1.0301052331924438,5.688024520874023
1752060823506,-7.239467620849609,1.8154034614562988,5.525218963623047
1752060823571,-6.645705223083496,1.4754267930984497,6.181230068206787
1752060823637,,,7.009624004364014
1752060823638,-5.716754913330078,1.1689690351486206,
1752060823705,-6.214748859405518,1.1162965297698975,7.7470383644104
1752060823770,,,6.5499372482299805
1752060823771,-7.890690326690674,1.566406488418579,6.310517311096191
1752060823838,-9.52353572845459,1.6478092670440674,5.788581371307373
1752060823902,,1.834557056427002,4.519654273986816
1752060823903,-10.22264289855957,,
1752060823970,,1.7196353673934937,4.337695121765137
1752060823971,-8.872312545776367,,
1752060824036,,1.5041571855545044,4.672883033752441
1752060824037,-8.067861557006836,1.4514847993850708,
1752060827031,-7.541136741638184,1.4036006927490234,4.7590742111206055
1752060827032,-7.905055522918701,1.2838906049728394,5.7311201095581055
1752060827035,-9.087791442871094,0.5321113467216492,5.592256546020508
1752060827036,-8.795698165893555,,
1752060827105,-7.890690326690674,0.7475894689559937,5.54437255859375
1752060827171,,,5.5108537673950195
1752060827172,-7.249044418334961,1.0205284357070923,
1752060827235,,,5.2666449546813965
1752060827236,-6.693589210510254,1.269525408744812,5.127781391143799
1752060827300,-7.742249965667725,1.2503718137741089,5.376778602600098
1752060827367,,1.2982559204101562,5.233126163482666
1752060827368,-7.617751121520996,,
1752060827433,,,5.1134161949157715
1752060827434,-8.498817443847656,1.1115081310272217,
1752060829275,,1.1162965297698975,5.055955410003662
1752060829276,-8.379107475280762,,
1752060829281,-8.441356658935547,0.7284358739852905,5.587468147277832
1752060829350,-7.842806339263916,0.6853402256965637,5.017648220062256
1752060829351,-7.996035099029541,,
1752060829416,,,5.218760967254639
1752060829417,-8.053496360778809,0.6230909824371338,
1752060829482,,,5.276222229003906
1752060829483,-8.158841133117676,0.5656301379203796,5.237914562225342
1752060835463,,,5.170876979827881
1752060835464,-8.556278228759766,0.5512649416923523,5.1134161949157715
1752060835465,-7.727884769439697,0.838569164276123,5.151723384857178
1752060835466,-8.177994728088379,,
1752060835467,-8.355165481567383,-0.21966800093650818,4.821323871612549
1752060835540,-8.431779861450195,-0.3585317134857178,4.677671432495117
1752060835602,-8.51797103881836,-0.22924481332302094,4.859631061553955
1752060835670,-8.297704696655273,-0.21009120345115662,4.912303447723389
1752060835736,-8.364742279052734,-0.2148796021938324,4.897938251495361
1752060835834,-8.441356658935547,-0.11432313174009323,5.060743808746338
1752060835902,,,5.118204593658447
1752060835903,-8.27855110168457,-0.27712884545326233,
1752060835969,,,5.209184169769287
1752060835970,-8.379107475280762,-0.4734533727169037,5.213972568511963
1752060836035,,,5.381567001342773
1752060836036,-8.532336235046387,-0.5931634902954102,5.371990203857422
1752060838414,,,5.400720596313477
1752060838415,-8.3120698928833,-0.45908817648887634,4.701613426208496
1752060838419,,-0.3968389332294464,4.376002311706543
1752060838420,-7.8092875480651855,,
1752060838488,-8.470087051391602,-0.27234044671058655,5.285799026489258
1752060838554,-7.957727909088135,-0.18136078119277954,6.291363716125488
1752060838620,,,6.971316814422607
1752060838621,-7.27298641204834,-0.6458359360694885,6.679224014282227
1752060838688,-8.565855026245117,-0.8948329091072083,5.400720596313477
1752060838754,,,4.92188024520874
1752060838755,-9.264962196350098,-0.6266822814941406,4.955399036407471
1752060838818,-8.168417930603027,-0.17178396880626678,5.276222229003906
1752060838882,-7.9625163078308105,-0.8086416125297546,5.735908508300781
1752060838951,-7.981669902801514,-0.6362590789794922,5.371990203857422
1752060839015,-9.21707820892334,-0.22924481332302094,4.39036750793457
1752060840493,,,4.323329925537109
1752060840494,-8.498817443847656,-0.6458359360694885,4.926668643951416
1752060840560,-8.714295387268066,-0.5644330382347107,5.079897403717041
1752060840624,,,4.246715068817139
1752060840625,-8.417414665222168,-0.6554127335548401,4.246715068817139
1752060840692,-8.36953067779541,-0.8134300112724304,4.816535472869873
1752060840758,-8.072649955749512,-0.12389993667602539,4.586691856384277
1752060841775,-9.097368240356445,-0.9091981053352356,4.677671432495117
1752060841776,-8.139687538146973,,
1752060841782,-8.513182640075684,-0.23403321206569672,5.185242176055908
1752060841851,-8.264185905456543,0.16819266974925995,4.821323871612549
1752060841918,-8.73344898223877,0.09636662155389786,4.16531229019165
1752060853085,,,3.447052001953125
1752060853086,-9.020753860473633,-0.3106476664543152,5.956175327301025
1752060853087,-8.929773330688477,0.8912416100502014,5.5108537673950195
1752060853088,-7.665635108947754,0.8289923667907715,4.826112270355225
1752060853091,-7.2107367515563965,2.6390087604522705,6.152499675750732
1752060853152,-7.593809127807617,2.3038206100463867,5.8221001625061035
1752060853159,-7.627327919006348,2.1745336055755615,5.98490571975708
1752060853226,,,6.0184245109558105
1752060853227,-7.665635108947754,2.2463598251342773,6.056731700897217
1752060858218,,2.342127799987793,6.028001308441162
1752060858219,-7.622539520263672,2.337339401245117,5.716754913330078
1752060858220,-7.4118499755859375,0.14425064623355865,6.760627269744873
1752060858221,-7.2107367515563965,,6.1955952644348145
1752060858260,,,6.090250492095947
1752060858261,-7.8332295417785645,0.5129576921463013,6.205172061920166
1752060858287,-7.684788703918457,0.3932476341724396,6.229114055633545
1752060858353,-7.61296272277832,0.3884592354297638,6.205172061920166
1752060887102,,,6.138134479522705
1752060887103,,,5.525218963623047
1752060887104,,0.3693056106567383,5.764639377593994
1752060887105,,-1.0097545385360718,
1752060887106,-7.751826763153076,,
1752060887107,-8.00561237335205,,
1752060887171,-7.900267124176025,-1.2156559228897095,5.582679748535156
1752060887237,,,5.75985050201416
1752060887238,-7.885901927947998,-1.3305776119232178,5.697601318359375
1752060887304,-8.082226753234863,-1.301847219467163,5.587468147277832
1752060887393,-7.909843921661377,-1.2300211191177368,5.5778913497924805
1752060887457,-7.7661919593811035,-1.1438298225402832,5.630563735961914
1752060887525,-7.8092875480651855,-1.2300211191177368,5.692812919616699
1752060887591,-8.00561237335205,-1.268328309059143,5.563526153564453
1752060887658,,,5.525218963623047
1752060887659,-7.957727909088135,-1.2348095178604126,5.592256546020508
1752060887833,,,5.553949356079102
1752060887834,-7.885901927947998,-1.2635399103164673,5.606621742248535
1752060887902,-7.708730697631836,-1.0097545385360718,5.831676959991455
1752060887969,,,5.745485305786133
1752060887970,-8.053496360778809,-1.1150994300842285,
1752060888035,,,5.601833343505859
1752060888036,-7.957727909088135,-1.2348095178604126,
1752060888102,,-1.206079125404358,5.477334976196289
1752060888103,-7.9194207191467285,,
1752060888169,,,5.774216175079346
1752060888170,-8.154052734375,-1.349731206893921,
1752060888236,-7.967304706573486,-1.3162124156951904,5.625775337219238
1752060888303,,,5.415085792541504
1752060888304,-8.02955436706543,-1.3784615993499756,5.386355400085449
1752060888369,,,5.501276969909668
1752060888370,-7.871536731719971,-1.24917471408844,
1752060888435,,-1.0959458351135254,5.515642166137695
1752060888436,-7.7470383644104,-1.1342530250549316,
1752060888503,,,5.63535213470459
1752060888504,-7.871536731719971,-1.2348095178604126,5.644928932189941
1752060888570,-8.12053394317627,-1.3353660106658936,5.606621742248535
1752060888636,,,5.45339298248291
1752060888637,-8.072649955749512,-1.3640964031219482,
1752060888703,-7.948151111602783,-1.3305776119232178,5.515642166137695
1752060888770,-7.842806339263916,-1.2204443216323853,5.525218963623047
1752060888837,-7.996035099029541,-1.2443863153457642,5.587468147277832
1752060888903,-8.019977569580078,-1.2922704219818115,5.458181381225586
1752060888970,,,5.482123374938965
1752060888971,-8.091803550720215,-1.3066356182098389,5.472546577453613
1752060889036,-7.933785915374756,-1.2874820232391357,5.534795761108398
1752060889103,-8.034342765808105,-1.325789213180542,5.5108537673950195
1752060889169,-7.996035099029541,-1.301847219467163,5.506065368652344
1752060889236,-7.9864583015441895,-1.2539631128311157,5.5108537673950195
1752060889340,-7.972093105316162,-1.301847219467163,5.477334976196289
1752060889346,-7.9864583015441895,-1.3066356182098389,5.515642166137695
1752060889409,-7.996035099029541,-1.268328309059143,5.549160957336426
1752060889476,-8.043919563293457,-1.2587515115737915,5.549160957336426
1752060889542,,,5.501276969909668
1752060889543,-7.972093105316162,-1.301847219467163,5.501276969909668
1752060889610,-7.991246700286865,-1.3593080043792725,5.496488571166992
1752060889676,-8.000823974609375,-1.2731167078018188,5.462969779968262
1752060889742,,-1.2779051065444946,5.491700172424316
1752060889743,-8.010400772094727,,
1752060889809,-7.9864583015441895,-1.2826935052871704,5.491700172424316
1752060889875,,,5.515642166137695
1752060889876,-8.087015151977539,-1.2587515115737915,5.5108537673950195
1752060889943,,-1.268328309059143,5.530007362365723
1752060889944,-7.952939510345459,,
1752060890009,,,5.530007362365723
1752060890010,-7.952939510345459,-1.3066356182098389,
1752060890075,,,5.520430564880371
1752060890076,-7.967304706573486,-1.3162124156951904,
1752060890143,-8.09659194946289,-1.2970588207244873,5.491700172424316
1752060892347,-8.034342765808105,-1.2874820232391357,5.482123374938965
1752060892348,-8.101380348205566,-1.1917139291763306,5.553949356079102
1752060892351,,,5.45339298248291
1752060892352,-7.991246700286865,-1.2731167078018188,5.462969779968262
1752060892420,,,5.4677581787109375
1752060892421,-8.072649955749512,-1.3449428081512451,5.472546577453613
1752060892488,-8.024765968322754,-1.3114240169525146,5.482123374938965
1752060892971,-7.92899751663208,-1.2874820232391357,5.491700172424316
1752060892976,-8.015189170837402,-1.2970588207244873,5.525218963623047
1752060893040,-8.00561237335205,-1.2443863153457642,5.434239387512207
1752060893107,,,5.4677581787109375
1752060893108,-8.043919563293457,-1.325789213180542,5.472546577453613
1752060914954,-7.9625163078308105,-1.3353660106658936,5.525218963623047
1752060914955,-7.967304706573486,-1.2731167078018188,5.434239387512207
1752060914956,-8.019977569580078,-1.3114240169525146,5.515642166137695
1752060914957,,,5.477334976196289
1752060914958,,-1.2826935052871704,
1752060914959,-7.948151111602783,-1.2587515115737915,
1752060914960,-7.861959934234619,,5.458181381225586
1752060914961,,,5.506065368652344
1752060914962,,-1.301847219467163,5.563526153564453
1752060914963,-8.000823974609375,-1.2970588207244873,5.530007362365723
1752060915032,-8.000823974609375,-1.2826935052871704,5.472546577453613
1752060915099,-8.00561237335205,-1.2970588207244873,5.429450988769531
1752060915195,-8.09659194946289,-1.3305776119232178,5.429450988769531
1752060915199,-8.072649955749512,-1.3114240169525146,5.45339298248291
1752060915263,-7.991246700286865,-1.3114240169525146,5.515642166137695
1752060915264,-7.9864583015441895,,
1752060915330,-8.048707962036133,-1.2635399103164673,5.501276969909668
1752060915331,-8.048707962036133,,
1752060915397,,-1.2826935052871704,5.472546577453613
1752060915398,-7.981669902801514,,
1752060915464,,,5.506065368652344
1752060915465,-8.000823974609375,-1.268328309059143,
1752060919889,-7.996035099029541,-1.2779051065444946,5.515642166137695
1752060919890,-7.9864583015441895,-1.2587515115737915,5.486911773681641
1752060919892,-8.015189170837402,-1.3210008144378662,5.45339298248291
1752060919957,,,5.458181381225586
1752060919958,-8.019977569580078,-1.3305776119232178,5.45339298248291
1752060920024,-8.067861557006836,-1.268328309059143,5.41987419128418
1752060921127,-7.981669902801514,-1.268328309059143,5.501276969909668
1752060921128,-7.996035099029541,,
1752060921132,-8.010400772094727,-1.2874820232391357,5.4677581787109375
1752060921201,-8.02955436706543,-1.2970588207244873,5.506065368652344
1752060921268,-7.991246700286865,-1.2970588207244873,5.458181381225586
1752060933089,,,5.477334976196289
1752060933090,-8.091803550720215,-1.2922704219818115,5.477334976196289
1752060933091,-8.058284759521484,-1.2731167078018188,5.477334976196289
1752060933092,-8.039131164550781,-1.3114240169525146,5.506065368652344
1752060933093,,,5.395932197570801
1752060933094,-8.043919563293457,-1.268328309059143,
1752060933148,,-1.2922704219818115,5.405508995056152
1752060933149,-7.996035099029541,,
1752060933216,-8.072649955749512,-1.3114240169525146,5.4246625900268555
1752060933242,-8.134899139404297,-1.2874820232391357,5.439027786254883
1752060933283,-7.996035099029541,-1.2874820232391357,5.501276969909668
1752060933349,,-1.2826935052871704,5.462969779968262
1752060933350,-8.034342765808105,,
1752060933416,-7.996035099029541,-1.2874820232391357,5.462969779968262
1752060933483,-8.00561237335205,-1.301847219467163,5.448604583740234
1752060933549,,-1.2874820232391357,5.496488571166992
1752060933550,-7.9864583015441895,,
1752060933616,-8.053496360778809,-1.2779051065444946,5.491700172424316
1752060933683,-8.019977569580078,-1.2635399103164673,5.491700172424316
1752060933749,,,5.4246625900268555
1752060933750,-8.043919563293457,-1.2970588207244873,5.434239387512207
1752060933817,-8.000823974609375,-1.301847219467163,5.448604583740234
1752060933883,,-1.3162124156951904,5.4677581787109375
1752060933884,-8.091803550720215,-1.3066356182098389,
1752060933950,-8.015189170837402,-1.2922704219818115,5.462969779968262
1752060934016,-8.048707962036133,-1.2922704219818115,5.4677581787109375
1752060934083,-7.952939510345459,-1.2587515115737915,5.472546577453613
1752060934149,,-1.2826935052871704,5.491700172424316
1752060934150,-8.048707962036133,,
1752060934217,-8.010400772094727,-1.2826935052871704,5.482123374938965
1752060973082,,,5.482123374938965
1752060973083,,-1.3162124156951904,5.496488571166992
1752060973084,-8.048707962036133,-1.2874820232391357,5.462969779968262
1752060973085,-8.00561237335205,-1.3210008144378662,5.410297393798828
1752060973086,-7.981669902801514,-1.2970588207244873,
1752060973087,-7.981669902801514,-1.3210008144378662,5.501276969909668
1752060973088,,-1.301847219467163,5.462969779968262
1752060973089,-8.019977569580078,-1.2779051065444946,5.45339298248291
1752060973090,,-0.71766197681427,4.059967517852783
1752060973091,-8.441356658935547,-0.3776853084564209,5.295375823974609
1752060973092,-8.101380348205566,,
1752060973093,-7.852383136749268,,
1752060973094,,,5.386355400085449
1752060973095,-7.478887557983398,-0.2388216257095337,6.16686487197876
1752060973096,-7.780557155609131,,
1752060973097,-8.307281494140625,-2.475006103515625,5.415085792541504
1752060973165,-7.6081743240356445,-2.8580782413482666,6.051943302154541
1752060973232,-7.483675956726074,-2.455852508544922,5.917868137359619
1752060973298,-6.856395244598389,-2.388814687728882,5.960963726043701
1752060973366,-7.292140007019043,-2.585139274597168,5.989694118499756
1752060973433,,,6.229114055633545
1752060973434,-7.689577102661133,-2.8628666400909424,6.16686487197876
1752060973499,-7.9625163078308105,-2.5755624771118164,5.956175327301025
1752060973565,-8.446145057678223,-2.982576847076416,6.071096897125244
1752060973633,-8.019977569580078,-2.781463861465454,5.702389717102051
1752060973698,,,5.410297393798828
1752060973699,-7.445368766784668,-2.867655038833618,
1752060973766,-7.699153900146484,-2.8197710514068604,5.41987419128418
1752060973799,,,5.333683013916016
1752060973800,-7.560290336608887,-2.5324668884277344,5.300164222717285
1752060973866,-7.531559944152832,-2.5085248947143555,5.348048210144043
1752060973933,,,5.386355400085449
1752060973934,-7.545925140380859,-2.2595279216766357,5.343259811401367
1752060973999,,-2.3265655040740967,5.415085792541504
1752060974000,-7.627327919006348,-2.2882583141326904,
1752060974066,-7.751826763153076,-2.2882583141326904,5.506065368652344
1752060974133,-7.555501937866211,-2.3744494915008545,5.673659324645996
1752060974199,-7.296928405761719,-2.364872694015503,5.788581371307373
1752060974267,,-2.498948097229004,5.783792972564697
1752060974268,-7.847594738006592,,
1752060974333,-7.900267124176025,-2.6186580657958984,5.946598529815674
1752060974334,-7.996035099029541,,
1752060974399,-8.134899139404297,-2.6378116607666016,5.213972568511963
1752060974467,-8.158841133117676,-2.891597032546997,5.2714338302612305
1752060974534,-8.18757152557373,-2.872443437576294,5.371990203857422
1752060974600,-8.216301918029785,-2.6138696670532227,5.917868137359619
1752060974666,,,5.8891377449035645
1752060974667,-8.393472671508789,-2.4606409072875977,5.755062103271484
1752060974734,-8.082226753234863,-1.9195512533187866,5.415085792541504
1752060974801,-9.370306968688965,-3.6577415466308594,6.506841659545898
1752060974866,,-3.360860586166382,6.971316814422607
1752060974867,-9.762955665588379,-2.8772318363189697,
1752060974934,-9.15961742401123,-1.933916449546814,5.999270915985107
1752060975000,,,4.869207859039307
1752060975001,-7.095815181732178,-1.349731206893921,4.601057052612305
1752060975068,-5.63535213470459,-1.0001777410507202,4.232349872589111
1752060975134,,,3.7391445636749268
1752060975135,-5.812523365020752,-0.2867056429386139,3.5284547805786133
1752060975200,-6.894702434539795,5.985504249110818E-4,3.715202569961548
1752060975267,-7.794922351837158,-0.21966800093650818,4.045602321624756
1752060975334,,-0.023343466222286224,4.059967517852783
1752060975335,-8.206725120544434,,
1752060975399,,,4.294599533081055
1752060975400,-8.661623001098633,-0.008978256024420261,4.13179349899292
1752060975467,-8.853158950805664,-0.24839842319488525,3.7056257724761963
1752060975535,-7.349600791931152,0.30705636739730835,3.2172086238861084
1752060975600,-6.69837760925293,-0.20530278980731964,3.844489336013794
1752060975667,-9.303269386291504,-1.809417963027954,5.170876979827881
1752060975734,-12.13321590423584,-1.977012038230896,6.157288074493408
1752060975800,-11.204265594482422,-1.632246971130371,6.6361284255981445
1752060975866,-9.542689323425293,-1.3210008144378662,6.090250492095947
1752060975933,-7.972093105316162,-1.4502876996994019,5.563526153564453
1752060975999,-7.622539520263672,-0.9187749028205872,4.835689067840576
1752060976066,-6.928221225738525,-1.1390414237976074,5.132569789886475
1752060976135,,,5.391143798828125
1752060976136,,,5.3576250076293945
1752060976140,-6.162076473236084,-0.8708908557891846,
1752060976199,-7.421426773071289,-1.1629834175109863,5.506065368652344
1752060976266,-7.828441143035889,-1.0959458351135254,5.022436618804932
1752060976333,-8.805274963378906,-0.8948329091072083,5.281010627746582
1752060976399,-8.680776596069336,-0.497395396232605,5.0032830238342285
1752060976466,-8.40304946899414,-1.0193313360214233,4.6920366287231445
1752060976534,-9.00160026550293,-0.32022446393966675,2.8006174564361572
1752060976599,-9.652822494506836,-0.7703344225883484,3.001730442047119
1752060976666,-9.097368240356445,-1.3401544094085693,3.494935989379883
1752060976733,,,4.050390720367432
1752060976734,-8.412626266479492,-1.3784615993499756,4.486135482788086
1752060976801,-6.9904704093933105,-0.9331400990486145,5.118204593658447
1752060976866,-7.737461566925049,-0.9235633015632629,5.649717330932617
1752060976933,-7.761403560638428,-0.7799112200737,5.850830554962158
1752060976999,-8.948927879333496,-0.497395396232605,5.755062103271484
1752060977068,-8.589797019958496,0.12509703636169434,5.683236122131348
1752060977135,-8.40304946899414,-0.497395396232605,5.563526153564453
1752060977136,-8.192359924316406,,
1752060977201,,,4.8309006690979
1752060977202,-8.3120698928833,-1.0001777410507202,
1752060977267,,,4.897938251495361
1752060977268,-7.732673168182373,-1.0432734489440918,
1752060977335,-7.445368766784668,-1.0097545385360718,5.022436618804932
1752060977400,-7.991246700286865,-0.9427168965339661,4.581903457641602
1752060977467,-7.857171535491943,-0.9187749028205872,4.347271919250488
1752060977536,-8.393472671508789,-1.028908133506775,4.371213912963867
1752060977600,,,5.1565117835998535
1752060977601,-8.89146614074707,-1.4359225034713745,
1752060977668,-8.273762702941895,-1.4742296934127808,5.692812919616699
1752060977734,-8.27855110168457,-1.775899052619934,6.142922878265381
1752060977735,-8.163629531860352,,
1752060977801,-8.12053394317627,-1.4024035930633545,6.10940408706665
1752060977869,-7.943362712860107,-1.028908133506775,6.3967084884643555
1752060977934,,-0.7463923692703247,6.588244438171387
1752060977935,-7.890690326690674,,
1752060978000,-7.866748332977295,-0.5117605924606323,6.061520099639893
1752060978067,,-0.5692214369773865,5.233126163482666
1752060978068,-7.972093105316162,-0.5021837949752808,
1752060978134,,,4.835689067840576
1752060978135,-7.751826763153076,-0.6266822814941406,
1752060978200,,,4.5388078689575195
1752060978201,-8.000823974609375,-0.9522937536239624,
1752060978266,,,4.897938251495361
1752060978267,-8.077438354492188,-0.8948329091072083,
1752060978334,,,5.400720596313477
1752060978335,-7.933785915374756,-0.8756792545318604,5.371990203857422
1752060978400,,-0.5404910445213318,5.10383939743042
1752060978401,-8.077438354492188,-0.7224503755569458,
1752060978467,-8.034342765808105,-0.6745663285255432,5.41987419128418
1752060978468,-8.019977569580078,,
1752060978534,,,5.530007362365723
1752060978535,-8.249820709228516,-0.6602011322975159,
1752060978600,,,6.095038890838623
1752060978601,-7.39748477935791,-0.679354727268219,
1752060978667,-7.70394229888916,-0.7128735780715942,5.611410140991211
1752060978734,-8.24503231048584,-0.8325836658477783,5.151723384857178
1752060978800,,-1.0528502464294434,5.027225017547607
1752060978801,-8.704718589782715,-1.0911574363708496,
1752060978867,,,5.247491359710693
1752060978868,-8.97765827178955,-1.1007342338562012,5.281010627746582
1752060978934,,,5.261856555938721
1752060978935,-8.3120698928833,-0.823006808757782,
1752060979001,-8.230667114257812,-0.8277952671051025,5.386355400085449
1752060979068,-7.799710750579834,-0.7032967209815979,4.835689067840576
1752060979135,,,4.591480255126953
1752060979136,-7.761403560638428,-0.8134300112724304,
1752060979200,,,4.4957122802734375
1752060979201,-7.924209117889404,-0.8469488620758057,4.5388078689575195
1752060979267,,-0.8277952671051025,4.189254283905029
1752060979268,-7.976881504058838,,
1752060979334,,,4.610633850097656
1752060979335,-8.532336235046387,-0.9091981053352356,
1752060979400,,,4.873996257781982
1752060979401,-8.33601188659668,-0.9044097065925598,4.883573055267334
1752060979467,-8.192359924316406,-0.9475052952766418,4.864419460296631
1752060979534,,,5.027225017547607
1752060979535,-8.714295387268066,-1.3066356182098389,
1752060979623,-8.30249309539795,-0.961870551109314,4.3855791091918945
1752060979687,-7.569867134094238,-0.7463923692703247,3.734356164932251
1752060979755,-7.656058311462402,-0.6841431260108948,4.687248229980469
1752060979820,-8.09659194946289,-0.9762357473373413,4.984129428863525
1752060989075,,,5.2714338302612305
1752060989076,,-1.3114240169525146,4.778227806091309
1752060989077,-8.910619735717773,-0.8661024570465088,
1752060989078,-6.894702434539795,,6.502053260803223
1752060989145,-8.513182640075684,-2.3792378902435303,4.021660327911377
1752060989212,-6.69837760925293,-0.9379284977912903,4.337695121765137
1752060989279,,,4.644152641296387
1752060989280,-6.655282020568848,-0.8277952671051025,5.338471412658691
1752060989345,,,4.155735492706299
1752060989346,-5.826888561248779,-0.06643909960985184,4.634575843811035
1752060990225,-5.506065368652344,-0.5835866928100586,3.624222755432129
1752060990229,-7.593809127807617,-1.8956091403961182,6.099827289581299
1752060990295,-8.101380348205566,-1.8189947605133057,6.315305709838867
1752060990361,-7.636904716491699,-1.6657658815383911,6.147711277008057
1752061005168,,,5.740696907043457
1752061005169,,-1.6657658815383911,6.492476463317871
1752061005170,,-1.3736732006072998,
1752061005171,-6.6361284255981445,-0.9714473485946655,
1752061005172,-7.861959934234619,,
1752061005173,-6.73189640045166,,
1752061005174,-7.67042350769043,,
1752061005175,,,6.755838871002197
1752061005234,-7.392696380615234,-1.0576386451721191,5.592256546020508
1752061005301,,-0.9858125448226929,5.237914562225342
1752061005302,-7.502829551696777,,
1752061009079,,,6.502053260803223
1752061009080,-8.36953067779541,-1.1294646263122559,5.884349346160889
1752061009084,-8.106168746948242,-1.5364789962768555,5.793369770050049
1752061009152,-7.622539520263672,-1.206079125404358,5.774216175079346
1752061009219,,,5.941810131072998
1752061009220,-7.531559944152832,-1.1629834175109863,5.95138692855835
1752061009287,-7.694365501403809,-1.1725603342056274,5.831676959991455
1752061009353,-7.852383136749268,-0.9044097065925598,5.644928932189941
1752061009419,,,5.898714542388916
1752061009420,-7.924209117889404,-0.8565256595611572,5.960963726043701
1752061009487,,,5.841253757476807
1752061009488,-7.622539520263672,-1.1773487329483032,5.740696907043457
1752061009551,-8.446145057678223,-1.5269020795822144,5.592256546020508
1752061009616,-8.163629531860352,-1.1869255304336548,5.826888561248779
1752061009683,-7.857171535491943,-1.2874820232391357,5.745485305786133
1752061009749,-7.828441143035889,-1.4024035930633545,5.520430564880371
1752061009815,,,5.558737754821777
1752061009816,-7.761403560638428,-1.1677719354629517,5.558737754821777
1752061009887,,,5.630563735961914
1752061009888,-7.857171535491943,-1.2108675241470337,5.625775337219238
1752061009952,,,5.597044944763184
1752061009953,-7.948151111602783,-1.4933832883834839,5.606621742248535
1752061010019,-8.053496360778809,-1.546055793762207,5.601833343505859
1752061010086,-7.952939510345459,-1.5029600858688354,5.702389717102051
1752061010152,-7.737461566925049,-1.5221136808395386,5.740696907043457
1752061010219,-7.80449914932251,-1.5077484846115112,5.884349346160889
1752061010286,-7.680000305175781,-1.546055793762207,5.764639377593994
1752061014394,-8.30249309539795,-1.1342530250549316,5.711966514587402
1752061014395,-8.283339500427246,,
1752061014461,-8.254609107971191,-0.5979518890380859,5.247491359710693
1752061014527,-8.316858291625977,-0.5979518890380859,5.242702960968018
1752061015196,-8.225878715515137,-0.5309142470359802,5.2714338302612305
1752061015197,-8.182783126831055,,5.290587425231934
1752061015200,-8.3120698928833,-0.6841431260108948,5.190030574798584
1752061015265,,-0.7128735780715942,5.132569789886475
1752061015266,-8.326435089111328,-0.760757565498352,
1752061015331,,-0.7799112200737,5.285799026489258
1752061015332,-8.225878715515137,,
1752061024493,,,5.247491359710693
1752061024494,,-0.7224503755569458,5.348048210144043
1752061024495,-8.149264335632324,-0.8756792545318604,
1752061024496,-8.398261070251465,-0.7799112200737,4.969764232635498
1752061024497,-8.398261070251465,-0.7559691667556763,5.008071422576904
1752061024567,-8.340800285339355,-0.7511807680130005,5.0703206062316895
1752061024632,-8.436568260192871,-0.7846996188163757,5.01285982131958
1752061024699,-8.350377082824707,-0.7703344225883484,5.079897403717041
1752061024733,-8.297704696655273,-0.7511807680130005,5.118204593658447
1752061024797,-8.331223487854004,-0.7751228213310242,5.094262599945068
1752061024865,,,5.051167011260986
1752061024866,-8.326435089111328,-0.7511807680130005,5.051167011260986
1752061024932,-8.393472671508789,-0.7463923692703247,5.041590213775635
1752061024998,,-0.7463923692703247,5.079897403717041
1752061024999,-8.326435089111328,-0.7799112200737,
1752061025101,-8.345588684082031,-0.7846996188163757,5.060743808746338
1752061025105,,,5.075109004974365
1752061025106,-8.350377082824707,-0.7846996188163757,5.084685802459717
1752061025170,-8.388684272766113,-0.7751228213310242,5.075109004974365
1752061025237,-8.297704696655273,-0.7032967209815979,5.0703206062316895
1752061025303,,,5.075109004974365
1752061025304,-8.331223487854004,-0.760757565498352,
1752061025370,,,4.998494625091553
1752061025371,-8.383895874023438,-0.7846996188163757,
1752061025437,-8.398261070251465,-0.7990648150444031,5.079897403717041
1752061025503,-8.331223487854004,-0.7655459642410278,5.079897403717041
1752061029503,,,5.099050998687744
1752061029505,-8.33601188659668,-0.7559691667556763,5.065532207489014
1752061029507,-7.617751121520996,-0.4255693554878235,4.902726650238037
1752061029577,-7.028777599334717,-0.7894880175590515,6.205172061920166
1752061029643,-7.162852764129639,-0.7751228213310242,5.980117321014404
1752061030712,-8.80048656463623,-0.3968389332294464,4.701613426208496
1752061030716,-8.64246940612793,-0.6889315247535706,4.763862609863281
1752061030780,-8.206725120544434,-0.6171054840087891,4.9601874351501465
1752061030847,,,4.69682502746582
1752061030848,-8.637681007385254,-0.7846996188163757,4.644152641296387
1752061054081,,,4.567538261413574
1752061054082,-8.652046203613281,-0.6506243348121643,5.055955410003662
1752061054083,,-1.1581950187683105,4.778227806091309
1752061054084,-9.154829025268555,-0.43993455171585083,5.980117321014404
1752061054086,,,5.1996073722839355
1752061054087,,-0.4159925580024719,5.218760967254639
1752061054088,-7.545925140380859,-1.1534066200256348,5.941810131072998
1752061054089,-8.450933456420898,-1.062427043914795,5.252279758453369
1752061054090,-8.130110740661621,-0.5213374495506287,5.242702960968018
1752061054155,-7.191583156585693,-0.03770867735147476,5.094262599945068
1752061054221,-8.067861557006836,-0.4495113790035248,5.142146587371826
1752061054288,-9.063849449157715,-0.6985083222389221,6.071096897125244
1752061054355,-7.7230963706970215,-0.2388216257095337,5.032013416290283
1752061054421,-6.616974830627441,-0.4686649739742279,4.280233860015869
1752061054488,-7.526771545410156,-0.6362590789794922,3.997718334197998
1752061054555,-8.182783126831055,-1.469441294670105,6.272210121154785
1752061054621,,-0.6458359360694885,5.166088581085205
1752061054622,-6.051943302154541,-1.2300211191177368,
1752061054688,-7.818864345550537,-1.3832499980926514,5.122992992401123
1752061054755,,,4.88836145401001
1752061054756,-8.249820709228516,-1.0528502464294434,4.557961463928223
1752061054821,,,5.233126163482666
1752061054822,-8.474875450134277,-1.4311341047286987,5.391143798828125
1752061054888,-7.914632320404053,-1.0241197347640991,5.348048210144043
1752061054956,-8.474875450134277,-1.0767922401428223,5.213972568511963
1752061055021,-8.00561237335205,-1.0959458351135254,5.491700172424316
1752061055088,-7.80449914932251,-1.3401544094085693,5.36241340637207
1752061055155,-8.33601188659668,-1.1390414237976074,5.539584159851074
1752061055156,-8.158841133117676,,
1752061095270,,,5.309741020202637
1752061095271,-8.101380348205566,-1.0145429372787476,5.348048210144043
1752061095272,-7.478887557983398,-0.9475052952766418,5.333683013916016
1752061095273,-7.636904716491699,-1.6370353698730469,5.783792972564697
1752061095274,-7.555501937866211,-0.8804676532745361,5.405508995056152
1752061095275,,,4.419097900390625
1752061095276,,,5.783792972564697
1752061095277,,,5.89392614364624
1752061095278,,,5.678447723388672
1752061095279,,,7.814075946807861
1752061095280,,,7.493252754211426
1752061095281,,-1.0767922401428223,5.434239387512207
1752061095282,,-1.7519570589065552,
1752061095283,,0.2256535142660141,
1752061095284,-7.665635108947754,0.01496376097202301,
1752061095285,-8.556278228759766,,5.439027786254883
1752061095350,-8.259397506713867,0.1538274586200714,6.181230068206787
1752061095417,,,6.061520099639893
1752061095418,-8.024765968322754,0.2974795699119568,5.956175327301025
1752061095485,-7.383119583129883,0.1825578808784485,5.89392614364624
1752061095623,-7.263409614562988,-0.19572599232196808,5.515642166137695
1752061095624,-7.2586212158203125,,
1752061095691,-7.751826763153076,5.985504249110818E-4,5.587468147277832
1752061095758,-7.857171535491943,0.02454056777060032,5.395932197570801
1752061095825,-8.173206329345703,-0.03292027488350868,5.76942777633667
1752061097406,-7.957727909088135,-0.20530278980731964,5.874772548675537
1752061097411,-8.407837867736816,-0.22924481332302094,6.090250492095947
1752061097479,-7.732673168182373,-0.26755204796791077,5.960963726043701
1752061097546,,,6.138134479522705
1752061097547,-7.952939510345459,-0.34416648745536804,5.807734966278076
1752061097612,-8.407837867736816,-0.3345896899700165,6.123769283294678
1752061097679,-7.799710750579834,-0.14784196019172668,5.9753289222717285
1752061097746,,-0.4638765752315521,5.869984149932861
1752061097747,-7.92899751663208,,
1752061097842,-8.173206329345703,-0.262763649225235,5.922656536102295
1752061097910,,,5.7790045738220215
1752061097911,-8.134899139404297,-0.41120412945747375,
1752061097978,-7.799710750579834,-0.1909375786781311,5.587468147277832
1752061098047,-7.818864345550537,-0.27712884545326233,5.434239387512207
1752061100323,,,5.170876979827881
1752061100324,-7.890690326690674,-0.45908817648887634,5.142146587371826
1752061100326,-7.689577102661133,-0.7655459642410278,6.411073684692383
1752061100391,-7.699153900146484,-0.9235633015632629,6.291363716125488
1752061100457,,,6.229114055633545
1752061100459,-7.780557155609131,-0.9810241460800171,6.032789707183838
1752061100525,-7.660846710205078,-1.081580638885498,6.1716532707214355
1752061100591,-7.89547872543335,-1.1773487329483032,5.740696907043457
1752061100713,-8.02955436706543,-1.1773487329483032,5.8891377449035645
1752061100716,,,6.061520099639893
1752061100717,-8.106168746948242,-0.8900445103645325,5.855618953704834
1752061100781,-7.627327919006348,-0.9714473485946655,5.8651957511901855
1752061100848,-7.560290336608887,-0.8661024570465088,5.8221001625061035
1752061100849,-7.531559944152832,,
1752061100914,,,5.917868137359619
1752061100915,-7.684788703918457,-0.9762357473373413,
1752061131085,-7.651269912719727,-0.9427168965339661,5.6640825271606445
1752061131086,-8.197148323059082,-0.7511807680130005,5.798158168792725
1752061131087,-7.857171535491943,-1.4119805097579956,6.008847713470459
1752061131088,-7.89547872543335,-0.8086416125297546,6.219537258148193
1752061131089,-9.00160026550293,1.2072762250900269,6.387131690979004
1752061131090,-8.470087051391602,-0.10953472554683685,4.577115058898926
1752061131091,-8.532336235046387,-0.5404910445213318,5.146934986114502
1752061131092,,,5.395932197570801
1752061131093,,,5.553949356079102
1752061131094,,-1.1629834175109863,5.597044944763184
1752061131095,-8.699930191040039,-0.6218938827514648,
1752061131096,-6.008847713470459,1.0636241436004639,7.196371555328369
1752061131163,,,6.746262073516846
1752061131164,-6.913856029510498,1.0301052331924438,6.597821235656738
1752061131231,-6.928221225738525,1.0205284357070923,6.411073684692383
1752061131298,-7.292140007019043,0.982221245765686,6.621763229370117
1752061131365,-7.158064365386963,0.8672995567321777,6.602609634399414
1752061131431,,,6.406285285949707
1752061131432,-7.028777599334717,0.8529343605041504,6.444592475891113
1752061131521,-7.162852764129639,0.7667431235313416,6.612186431884766
1752061131585,-7.569867134094238,0.6326677799224854,6.387131690979004
1752061131586,-7.756615161895752,,
1752061131652,,,6.186018466949463
1752061131653,-7.770980358123779,0.5608417391777039,6.267421722412109
1752061131719,,,6.037578105926514
1752061131720,-8.359953880310059,0.3597288131713867,
1752061131785,,,5.750273704528809
1752061131786,-8.00561237335205,0.5560533404350281,5.903502941131592
1752061131852,-7.823652744293213,0.4315548539161682,5.874772548675537
1752061131919,-8.115745544433594,0.44592007994651794,5.9753289222717285
1752061131983,,,5.836465358734131
1752061131984,-7.775768756866455,0.6374561786651611,
1752061132050,,,6.071096897125244
1752061132051,-8.048707962036133,0.5416881442070007,6.080673694610596
1752061132117,-7.617751121520996,0.718859076499939,6.142922878265381
1752061132184,-8.134899139404297,0.5847837924957275,6.0854620933532715
1752061132250,-8.072649955749512,0.5752069354057312,6.157288074493408
1752061132318,,0.6326677799224854,5.764639377593994
1752061132319,-7.445368766784668,0.4842272996902466,
1752061132505,-7.316082000732422,0.5704185366630554,5.740696907043457
1752061132510,-7.67042350769043,0.5895721912384033,6.186018466949463
1752061132579,-7.9194207191467285,0.579995334148407,6.2865753173828125
1752061132645,-7.957727909088135,0.6087257862091064,6.1285576820373535
1752061132712,-7.694365501403809,0.37888240814208984,6.324882507324219
1752061132779,-7.493252754211426,0.383670836687088,6.267421722412109
1752061132846,,,6.1285576820373535
1752061132847,-7.531559944152832,0.5321113467216492,
1752061132913,-7.948151111602783,0.4507084786891937,6.248267650604248
1752061132980,-7.785345554351807,0.49380409717559814,6.181230068206787
1752061133046,-8.3120698928833,0.2064998894929886,6.401496887207031
1752061133113,-7.981669902801514,0.3693056106567383,5.898714542388916
1752061133178,-8.230667114257812,-0.018555063754320145,5.640140533447266
1752061133245,-8.015189170837402,0.01496376097202301,4.969764232635498
1752061133312,-7.952939510345459,0.005386953707784414,4.792593479156494
1752061133378,,,5.367201805114746
1752061133379,-8.546701431274414,-0.10474632680416107,5.247491359710693
1752061133446,,,4.749497413635254
1752061133447,-8.168417930603027,0.2064998894929886,
1752061133513,-8.958504676818848,-0.41120412945747375,4.902726650238037
1752061133578,,,4.232349872589111
1752061133579,-8.848370552062988,-0.2388216257095337,4.083909511566162
1752061133645,,,4.22277307510376
1752061133646,-8.36953067779541,-0.4495113790035248,4.213196277618408
1752061133713,-8.364742279052734,-0.4207809567451477,4.428674697875977
1752061133779,-8.321646690368652,-0.0520738884806633,4.720767021179199
1752061133780,-8.58500862121582,,
1752061133846,-8.719083786010742,-0.48303020000457764,4.553173065185547
1752061133913,-8.604162216186523,-0.33937808871269226,4.1844658851623535
1752061133978,,,3.997718334197998
1752061133979,-8.886677742004395,-0.7272387742996216,4.088697910308838
1752061134046,-9.413402557373047,-0.8373720645904541,3.8923733234405518
1752061134113,-8.790909767150879,-0.7416039705276489,4.270657062530518
1752061134179,,-0.36332011222839355,4.2275614738464355
1752061134180,-8.46051025390625,,
1752061134245,,,4.466981887817383
1752061134246,-8.862735748291016,-0.7128735780715942,4.35684871673584
1752061134313,-8.762179374694824,-0.5835866928100586,4.687248229980469
1752061134379,-8.671199798583984,-1.0336965322494507,4.1844658851623535
1752061134445,,,4.323329925537109
1752061134446,-8.647257804870605,-1.3401544094085693,4.0743327140808105
1752061134513,-8.838793754577637,-1.488594889640808,4.203619480133057
1752061134579,-9.52353572845459,-1.3401544094085693,3.7678749561309814
1752061134645,,,3.777451753616333
1752061134646,-9.729436874389648,-1.6178817749023438,3.9498343467712402
1752061134713,,,3.8732197284698486
1752061134714,-9.197924613952637,-1.268328309059143,4.002506732940674
1752061134779,-9.231443405151367,-1.301847219467163,4.586691856384277
1752061134846,,,4.352060317993164
1752061134847,-8.723872184753418,-1.0384849309921265,4.4526166915893555
1752061134913,,-1.0528502464294434,4.2993879318237305
1752061134914,-9.063849449157715,-1.0576386451721191,
1752061134979,-8.465298652648926,-0.8325836658477783,4.510077476501465
1752061135046,-8.565855026245117,-0.899621307849884,4.48134708404541
1752061135113,,-0.6841431260108948,4.783016681671143
1752061135114,-8.015189170837402,,
1752061135179,,,4.730343818664551
1752061135180,-8.747814178466797,-0.6937199234962463,
1752061135246,-7.684788703918457,-1.1342530250549316,5.783792972564697
1752061135313,-8.465298652648926,-0.8852560520172119,5.146934986114502
1752061139407,,-1.0863690376281738,5.218760967254639
1752061139408,-8.21151351928711,-0.5979518890380859,
1752061139409,-9.020753860473633,-0.076015904545784,3.9833531379699707
1752061139473,-9.15961742401123,-0.18136078119277954,4.194042682647705
1752061139539,-9.418190956115723,-0.29149407148361206,4.596268653869629
1752061139926,-9.456498146057129,-0.22924481332302094,4.706401824951172
1752061139930,-8.714295387268066,5.985504249110818E-4,5.175665378570557
1752061139997,,0.35494041442871094,3.9498343467712402
1752061139998,-8.106168746948242,,
1752061140064,-8.077438354492188,0.25438392162323,4.045602321624756
1752061140130,-8.087015151977539,0.14903905987739563,4.189254283905029
1752061149892,,,4.653729438781738
1752061149893,-8.254609107971191,0.16340427100658417,5.8651957511901855
1752061149894,-8.422203063964844,,
1752061149895,-8.36953067779541,,
1752061149952,-7.383119583129883,-0.33937808871269226,6.051943302154541
1752061150020,-7.498041152954102,0.11552023142576218,5.587468147277832
1752061175088,,,5.86040735244751
1752061175090,,,5.63535213470459
1752061175091,,,5.247491359710693
1752061175092,,,5.8029465675354
1752061175093,,,5.922656536102295
1752061175095,,,5.95138692855835
1752061175096,,-0.18136078119277954,5.146934986114502
1752061175097,,-0.7272387742996216,
1752061175098,-6.813299655914307,-0.5548562407493591,
1752061175099,-8.077438354492188,,
1752061175100,-7.555501937866211,,
1752061175101,-8.201936721801758,,3.9402575492858887
1752061175102,,,2.719214677810669
1752061175141,,,4.380790710449219
1752061175143,-7.08144998550415,0.2064998894929886,4.505289077758789
1752061175208,-8.067861557006836,-0.4207809567451477,4.04081392288208
1752061175274,-9.997588157653809,-0.3489548861980438,4.059967517852783
1752061175341,-7.641693115234375,-0.5835866928100586,3.557185173034668
1752061175408,,,3.466205596923828
1752061175409,-10.701482772827148,-1.6370353698730469,
1752061175474,-8.082226753234863,-1.225232720375061,4.869207859039307
1752061175475,-8.407837867736816,,
1752061175541,-8.331223487854004,-1.0480618476867676,5.850830554962158
1752061175608,,,6.937798023223877
1752061175609,-7.04793119430542,-0.3776853084564209,6.937798023223877
1752061175674,-9.006388664245605,0.03411737456917763,4.581903457641602
1752061175741,-12.62163257598877,-0.9235633015632629,5.142146587371826
1752061175808,,,5.745485305786133
1752061175809,-8.9249849319458,5.985504249110818E-4,6.176441669464111
1752061175875,-7.555501937866211,-0.6362590789794922,5.2714338302612305
1752061175941,,,5.45339298248291
1752061175942,-6.42543888092041,-1.1438298225402832,
1752061176008,,,4.246715068817139
1752061176009,-7.794922351837158,-0.4255693554878235,3.533243179321289
1752061176074,,,3.2411506175994873
1752061176075,-9.389460563659668,-0.5069721937179565,
1752061176141,-9.734225273132324,-1.062427043914795,4.376002311706543
1752061176208,-9.700706481933594,-1.4742296934127808,4.079121112823486
1752061176209,-9.92097282409668,,
1752061176274,,-1.933916449546814,4.634575843811035
1752061176275,-9.049484252929688,-1.6083049774169922,
1752061176341,-8.656834602355957,-1.0193313360214233,5.410297393798828
1752061176409,,,4.414309501647949
1752061176410,-8.743025779724121,-1.0384849309921265,4.069544315338135
1752061176475,-9.686341285705566,-1.2156559228897095,4.313753128051758
1752061176542,,,5.32889461517334
1752061176543,-8.934561729431152,-0.5452794432640076,4.869207859039307
1752061176609,-8.173206329345703,-0.4878185987472534,5.122992992401123
1752061176676,-7.292140007019043,-0.7559691667556763,4.902726650238037
1752061176742,-8.532336235046387,-1.0720038414001465,4.79738187789917
1752061176809,-8.221090316772461,-1.2539631128311157,4.457405090332031
1752061176810,-9.025542259216309,,
1752061176875,,,4.4526166915893555
1752061176876,-8.18757152557373,-1.6178817749023438,
1752061176941,,,4.48134708404541
1752061176942,-8.953716278076172,-1.3736732006072998,3.959411144256592
1752061177010,-7.842806339263916,-0.43035775423049927,3.782240152359009
1752061177075,-9.561842918395996,-0.9379284977912903,3.8349125385284424
1752061177142,-8.379107475280762,-0.497395396232605,3.691260576248169
1752061177209,-8.987235069274902,-0.6937199234962463,4.13179349899292
1752061177274,-9.43255615234375,-1.062427043914795,4.045602321624756
1752061177341,-8.503605842590332,-1.0528502464294434,4.036025524139404
1752061177410,-10.418967247009277,-0.8182184100151062,3.954622745513916
1752061177475,-8.80048656463623,0.005386953707784414,3.911526918411255
1752061177543,-8.42699146270752,-0.6362590789794922,4.021660327911377
1752061177610,-8.470087051391602,-0.5309142470359802,3.3225533962249756
1752061177663,-9.260173797607422,-0.38726213574409485,3.8732197284698486
1752061177727,,,3.3895909786224365
1752061177728,-8.417414665222168,-0.17178396880626678,
1752061177794,-10.682329177856445,-1.0767922401428223,3.6146459579467773
1752061177861,-8.546701431274414,-0.4159925580024719,4.433463096618652
1752061177928,-8.374319076538086,-0.6266822814941406,4.079121112823486
1752061177994,-9.322422981262207,-0.43514615297317505,4.012083530426025
1752061178060,,,3.4278981685638428
1752061178061,-8.886677742004395,-0.3776853084564209,3.447052001953125
1752061178128,,,3.7870285511016846
1752061178129,-10.002376556396484,-0.6218938827514648,
1752061178194,-9.164405822753906,-0.22924481332302094,4.241926670074463
1752061178261,-9.106945037841797,-0.7320271730422974,4.285022258758545
1752061178328,-10.232219696044922,-1.0001777410507202,4.48134708404541
1752061178395,-9.906607627868652,-0.9379284977912903,4.610633850097656
1752061178461,,,3.825335741043091
1752061178462,-9.403825759887695,-0.5835866928100586,3.5284547805786133
1752061178528,,-0.34416648745536804,3.2172086238861084
1752061178529,-9.09257984161377,,
1752061178594,,,3.3943793773651123
1752061178595,-7.555501937866211,0.1586158573627472,3.5428199768066406
1752061178661,-9.06863784790039,-0.823006808757782,3.245939016342163
1752061178728,,,2.8389246463775635
1752061178729,-9.825204849243164,-0.5835866928100586,
1752061178793,-8.992023468017578,-0.6218938827514648,3.3225533962249756
1752061178860,-9.475651741027832,-1.105522632598877,2.360084295272827
1752061178929,-6.880337238311768,-0.48303020000457764,2.5516204833984375
1752061178995,-6.803722858428955,0.3357867896556854,3.399167776107788
1752061179061,-8.953716278076172,0.0293289702385664,4.055179119110107
1752061179129,-9.576208114624023,-0.4207809567451477,3.8109705448150635
1752061179194,,,4.783016681671143
1752061179195,-10.18912410736084,-1.1629834175109863,5.051167011260986
1752061179262,-10.227431297302246,-1.1917139291763306,5.486911773681641
1752061179328,,,4.79738187789917
1752061179329,-8.685564994812012,-0.2388216257095337,5.462969779968262
1752061179395,-7.407061576843262,0.19692309200763702,4.471770286560059
1752061179461,-7.996035099029541,-0.22924481332302094,4.04081392288208
1752061179528,,-0.08559270948171616,3.2842462062835693
1752061179529,-9.09257984161377,0.23523031175136566,
1752061179596,-7.761403560638428,0.35015198588371277,2.446275472640991
1752061179661,,,4.423886299133301
1752061179662,-9.911396026611328,-1.1677719354629517,3.9689879417419434
1752061179729,-9.59057331085205,-0.9666589498519897,4.0743327140808105
1752061179794,-9.571419715881348,-0.5740098357200623,4.117428302764893
1752061179862,-9.293692588806152,-0.5883750915527344,3.8971617221832275
1752061179928,-7.842806339263916,-0.353743314743042,3.423109769821167
1752061179929,-8.723872184753418,,
1752061179994,-8.565855026245117,0.2783259451389313,3.3512837886810303
1752061179995,-9.264962196350098,,
1752061180061,-9.609726905822754,0.048482585698366165,3.6960489749908447
1752061180128,,,4.25629186630249
1752061180129,-9.011177062988281,-0.21966800093650818,
1752061180194,-7.780557155609131,-0.5117605924606323,4.792593479156494
1752061180261,-9.427767753601074,-1.1342530250549316,4.639364242553711
1752061180329,-9.834781646728516,-0.9379284977912903,5.127781391143799
1752061180394,-10.165182113647461,-0.5596446394920349,4.8500542640686035
1752061180461,-9.834781646728516,-0.20530278980731964,3.997718334197998
1752061180529,-8.652046203613281,0.28790274262428284,4.203619480133057
1752061180594,-8.182783126831055,0.28790274262428284,3.8588545322418213
1752061180661,,,3.4278981685638428
1752061180662,-8.70950698852539,-0.10474632680416107,
1752061180728,,,3.5188779830932617
1752061180729,-9.552266120910645,-0.9522937536239624,3.9689879417419434
1752061180805,-8.340800285339355,-0.6602011322975159,3.9641995429992676
1752061180870,-8.115745544433594,-0.41120412945747375,4.557961463928223
1752061180936,,,4.6489410400390625
1752061180937,-9.212289810180664,-0.4734533727169037,
1752061181003,-8.982446670532227,-0.24839842319488525,3.8780081272125244
1752061181069,-9.52353572845459,-0.20051439106464386,3.8061821460723877
1752061181136,-9.226655006408691,-0.2867056429386139,4.5388078689575195
1752061181203,-8.273762702941895,-0.6697779297828674,4.438251495361328
1752061181270,-8.115745544433594,-0.6889315247535706,3.911526918411255
1752061181523,-8.235455513000488,-0.5931634902954102,4.318541526794434
1752061181527,-7.220313549041748,-0.4159925580024719,4.093486309051514
1752061181593,-9.70549488067627,-1.5604209899902344,4.534019470214844
1752061181659,-9.360730171203613,-1.569997787475586,6.032789707183838
1752061181725,,,5.697601318359375
1752061181726,-8.522759437561035,-1.68970787525177,
1752061183656,-9.849146842956543,-1.8477251529693604,5.625775337219238
1752061183658,,,3.935469150543213
1752061183659,-8.292916297912598,-0.6362590789794922,4.036025524139404
1752061183728,,,4.241926670074463
1752061183729,-7.914632320404053,-0.9139865040779114,3.906738519668579
1752061183797,-8.024765968322754,-1.081580638885498,3.997718334197998
1752061183860,-8.431779861450195,-1.1294646263122559,4.093486309051514
1752061183928,-8.987235069274902,-1.2922704219818115,4.4957122802734375
1752061183929,-8.786121368408203,,
1752061183994,-8.422203063964844,-1.5604209899902344,4.615422248840332
1752061184061,,-1.8860323429107666,4.816535472869873
1752061184062,-8.661623001098633,,
1752061184128,-9.020753860473633,-1.3832499980926514,4.735132217407227
1752061184195,-8.757390975952148,-1.1294646263122559,5.213972568511963
1752061184196,-9.173982620239258,,
1752061184197,-8.628104209899902,,
1752061184262,-8.019977569580078,-1.1965023279190063,4.471770286560059
1752061184329,-9.116521835327148,-1.8285715579986572,4.9170918464660645
1752061184395,-8.838793754577637,-1.325789213180542,4.66330623626709
1752061184462,-8.73344898223877,-1.3736732006072998,4.241926670074463
1752061184529,-8.637681007385254,-1.3066356182098389,4.907515048980713
1752061184594,,,5.008071422576904
1752061184595,-8.867524147033691,-1.3353660106658936,4.931457042694092
1752061184662,-8.7669677734375,-1.349731206893921,5.233126163482666
1752061184728,,,5.1565117835998535
1752061184729,-8.589797019958496,-1.0911574363708496,
1752061184794,,,4.725555419921875
1752061184795,-8.7669677734375,-1.0863690376281738,
1752061184861,,-0.578798234462738,4.366425514221191
1752061184862,-7.3687543869018555,,
1752061184928,,-1.0432734489440918,4.826112270355225
1752061184929,-7.900267124176025,,
1752061184995,-7.598597526550293,-0.6362590789794922,4.658517837524414
1752061185061,,-0.7799112200737,5.079897403717041
1752061185062,-7.220313549041748,,
1752061185129,-8.64246940612793,-1.1965023279190063,5.142146587371826
1752061185194,,,4.232349872589111
1752061185195,-7.785345554351807,-0.8661024570465088,4.792593479156494
1752061185260,,,5.520430564880371
1752061185261,-9.130887031555176,-1.7471686601638794,5.324106216430664
1752061185328,,-1.3305776119232178,5.496488571166992
1752061185329,-7.660846710205078,,
1752061185395,,,5.175665378570557
1752061185396,-7.751826763153076,-1.0193313360214233,5.6209869384765625
1752061185461,-8.364742279052734,-1.2539631128311157,6.214748859405518
1752061185462,-8.834005355834961,,
1752061185529,,-1.081580638885498,5.846042156219482
1752061185530,-8.939350128173828,,
1752061185595,,,5.462969779968262
1752061185596,-9.384672164916992,-1.1725603342056274,5.118204593658447
1752061185661,-9.729436874389648,-1.301847219467163,5.209184169769287
1752061185662,-9.834781646728516,,
1752061185729,,,4.773439407348633
1752061185730,-8.757390975952148,-0.8421604633331299,
1752061185794,,,4.6920366287231445
1752061185795,-7.785345554351807,-0.5452794432640076,
1752061185862,,,4.419097900390625
1752061185863,-8.173206329345703,-0.5835866928100586,4.203619480133057
1752061185929,,,4.471770286560059
1752061185930,-8.058284759521484,-0.31543606519699097,4.457405090332031
1752061185995,-7.857171535491943,-0.4495113790035248,4.457405090332031
1752061186062,,,5.309741020202637
1752061186063,-8.838793754577637,-1.1198878288269043,4.974552631378174
1752061186129,-8.786121368408203,-0.3585317134857178,5.13735818862915
1752061186194,,,5.606621742248535
1752061186195,-7.354389190673828,-0.5931634902954102,5.8651957511901855
1752061186261,,,5.520430564880371
1752061186262,-8.36953067779541,-1.8812439441680908,
1752061186329,-7.823652744293213,-0.8182184100151062,4.462193489074707
1752061186395,-8.364742279052734,-0.353743314743042,4.5388078689575195
1752061186462,-8.321646690368652,-0.6506243348121643,5.022436618804932
1752061186529,-8.834005355834961,-0.5883750915527344,4.75428581237793
1752061186595,-8.546701431274414,-1.3401544094085693,5.3145294189453125
1752061186661,,-1.028908133506775,4.763862609863281
1752061186662,-7.761403560638428,,
1752061186729,,-0.4926069974899292,4.711190223693848
1752061186730,-8.455721855163574,,
1752061186795,-8.30249309539795,-0.9091981053352356,4.313753128051758
1752061186861,,,4.615422248840332
1752061186862,-7.8332295417785645,-0.8948329091072083,4.763862609863281
1752061186929,,,4.557961463928223
1752061186930,-8.268974304199219,-0.5692214369773865,
1752061186995,-6.626551628112793,-0.04728548228740692,4.438251495361328
1752061187063,-8.877100944519043,-0.5596446394920349,4.969764232635498
1752061187130,-7.019200801849365,-0.5644330382347107,6.181230068206787
1752061187195,-8.431779861450195,-1.4742296934127808,7.407061576843262
1752061187262,-9.839570045471191,-1.7615338563919067,6.028001308441162
1752061187328,,,4.998494625091553
1752061187329,-9.18355941772461,-1.6466121673583984,5.745485305786133
1752061187394,,,4.897938251495361
1752061187395,-9.595361709594727,-1.4119805097579956,
1752061187462,-8.441356658935547,-0.9427168965339661,4.490923881530762
1752061187528,,,5.079897403717041
1752061187529,-8.182783126831055,-0.8134300112724304,5.257068157196045
1752061187595,-7.105391979217529,-0.353743314743042,5.606621742248535
1752061187661,-6.655282020568848,-0.36810851097106934,6.344036102294922
1752061187729,-6.310517311096191,-0.6458359360694885,4.773439407348633
1752061187794,,,3.648164749145508
1752061187795,-7.416638374328613,-0.4016273319721222,
1752061187862,-7.727884769439697,-0.7655459642410278,4.146158695220947
1752061187928,,,4.088697910308838
1752061187929,-9.231443405151367,-1.589151382446289,
1752061187995,,,4.4957122802734375
1752061187996,-7.708730697631836,-1.7375918626785278,5.0463786125183105
1752061188061,,,5.2714338302612305
1752061188062,-7.7470383644104,-1.8046295642852783,
1752061188128,-7.2298903465271,-1.2922704219818115,5.678447723388672
1752061188195,-7.641693115234375,-1.2635399103164673,6.099827289581299
1752061188262,-8.201936721801758,-0.8708908557891846,6.176441669464111
1752061188329,-8.948927879333496,-0.29628247022628784,5.611410140991211
1752061188394,,,5.276222229003906
1752061188395,-9.207501411437988,0.8146271109580994,5.309741020202637
1752061188461,-9.025542259216309,0.6230909824371338,4.907515048980713
1752061188528,,,4.720767021179199
1752061188529,-8.216301918029785,0.7523778676986694,4.543596267700195
1752061188595,-8.182783126831055,1.202487826347351,4.423886299133301
1752061188596,-7.909843921661377,,
1752061188662,-7.881113529205322,1.0875661373138428,4.270657062530518
1752061188728,,0.6422445774078369,4.404732704162598
1752061188729,-8.714295387268066,,
1752061188795,-8.470087051391602,0.47465047240257263,4.869207859039307
1752061188862,-8.359953880310059,0.3166331648826599,5.036801815032959
1752061188930,-8.55148983001709,0.4315548539161682,4.701613426208496
1752061188995,-9.197924613952637,0.4602852761745453,4.75428581237793
1752061189061,,,4.203619480133057
1752061189062,-8.786121368408203,0.9678560495376587,
1752061189130,-8.853158950805664,0.39803603291511536,4.773439407348633
1752061189230,,0.8577227592468262,4.821323871612549
1752061189231,-8.326435089111328,,
1752061189234,-8.177994728088379,0.7284358739852905,4.318541526794434
1752061189299,-8.82442855834961,0.40282443165779114,4.313753128051758
1752061189366,,,4.524442672729492
1752061189367,-9.279327392578125,0.5416881442070007,4.337695121765137
1752061189433,-8.9249849319458,0.6230909824371338,4.926668643951416
1752061189498,-8.992023468017578,0.3357867896556854,4.811747074127197
1752061189564,-8.206725120544434,0.7428010702133179,4.35684871673584
1752061189631,,,4.601057052612305
1752061189632,-8.570643424987793,0.33099839091300964,4.6489410400390625
1752061189698,,,4.897938251495361
1752061189699,-8.867524147033691,0.5512649416923523,
1752061189765,,,4.845265865325928
1752061189766,,,4.859631061553955
1752061189767,-8.80048656463623,0.5225345492362976,
1752061189831,-9.059061050415039,0.5225345492362976,4.486135482788086
1752061189899,,,4.428674697875977
1752061189900,-9.236231803894043,0.6278793811798096,4.409521102905273
1752061189965,,,4.773439407348633
1752061189966,-8.561066627502441,0.7092822790145874,5.01285982131958
1752061190031,,,4.926668643951416
1752061190032,-8.144475936889648,0.8481459617614746,5.022436618804932
1752061190100,-8.455721855163574,0.6470330357551575,4.768651008605957
1752061190166,-8.010400772094727,0.7811083197593689,4.399944305419922
1752061190233,-7.890690326690674,0.8577227592468262,4.280233860015869
1752061190299,,,4.337695121765137
1752061190300,-8.479663848876953,0.862511157989502,4.217984676361084
1752061190367,-8.838793754577637,0.838569164276123,5.0463786125183105
1752061190432,,0.5943605899810791,5.247491359710693
1752061190433,-8.498817443847656,0.345363587141037,
1752061190499,-8.326435089111328,0.4842272996902466,4.75428581237793
1752061190565,,,4.581903457641602
1752061190566,-9.188347816467285,0.2974795699119568,4.706401824951172
1752061190633,-8.647257804870605,0.2687491476535797,5.218760967254639
1752061190698,-8.948927879333496,0.25438392162323,5.300164222717285
1752061190765,,,5.017648220062256
1752061190766,-8.340800285339355,0.6518214344978333,5.022436618804932
1752061190832,,0.37888240814208984,5.218760967254639
1752061190833,-9.504382133483887,0.24480712413787842,
1752061190899,-8.393472671508789,0.7332242727279663,4.964975833892822
1752061190966,,,4.35684871673584
1752061190967,-8.000823974609375,0.5033808946609497,
1752061191031,-8.3120698928833,0.19692309200763702,4.739920616149902
1752061191100,-7.976881504058838,0.35015198588371277,4.668094635009766
1752061191166,-8.149264335632324,0.2735375463962555,4.778227806091309
1752061191233,-9.121310234069824,-0.2819172441959381,5.908291339874268
1752061191299,,0.23523031175136566,6.16686487197876
1752061191300,-8.728660583496094,,
1752061191367,-7.92899751663208,0.2064998894929886,5.941810131072998
1752061191432,,-0.22445641458034515,5.630563735961914
1752061191433,-8.42699146270752,,
1752061191499,,,5.501276969909668
1752061191500,-8.412626266479492,0.0628477931022644,5.1134161949157715
1752061191566,-7.67042350769043,0.16819266974925995,4.749497413635254
1752061191634,-7.818864345550537,0.0867898091673851,4.318541526794434
1752061191699,-8.738237380981445,0.08200141042470932,4.39036750793457
1752061191766,-8.36953067779541,0.17298106849193573,4.835689067840576
1752061191833,-8.230667114257812,-0.18136078119277954,4.9601874351501465
1752061191900,-8.192359924316406,0.053270988166332245,4.936245441436768
1752061191966,-8.249820709228516,-0.07122749835252762,5.5108537673950195
1752061192033,-7.900267124176025,-0.04728548228740692,5.582679748535156
1752061192100,-8.565855026245117,-0.03770867735147476,5.644928932189941
1752061192166,,,5.022436618804932
1752061192167,-8.747814178466797,0.19213469326496124,
1752061192234,-8.508394241333008,0.02454056777060032,4.936245441436768
1752061192301,-9.150040626525879,-0.018555063754320145,4.768651008605957
1752061192366,,,5.405508995056152
1752061192367,-8.51797103881836,0.07242459803819656,5.3145294189453125
1752061192433,,,4.936245441436768
1752061192434,-7.617751121520996,0.16340427100658417,5.094262599945068
1752061192499,,,5.213972568511963
1752061192500,-7.737461566925049,0.10594342648983002,
1752061192566,-7.972093105316162,0.16340427100658417,5.343259811401367
1752061192633,-8.431779861450195,0.2017114907503128,5.094262599945068
1752061192699,-9.09257984161377,-0.43993455171585083,6.138134479522705
1752061192766,-9.303269386291504,-0.18614917993545532,5.36241340637207
1752061192833,,,5.108627796173096
1752061192834,-10.059837341308594,-0.4495113790035248,5.209184169769287
1752061192899,-9.806051254272461,-0.7846996188163757,5.472546577453613
1752061192966,-8.599373817443848,-0.15263035893440247,5.400720596313477
1752061193033,-7.268198013305664,0.25917232036590576,5.079897403717041
1752061193099,-6.9042792320251465,0.41718965768814087,4.988917827606201
1752061193166,-7.7183074951171875,0.5943605899810791,5.333683013916016
1752061193233,-8.331223487854004,0.6326677799224854,5.032013416290283
1752061193300,-8.340800285339355,0.345363587141037,4.160523891448975
1752061193365,,,4.026448726654053
1752061193366,-8.992023468017578,-0.166995570063591,4.313753128051758
1752061193434,-8.834005355834961,-0.3298012912273407,5.079897403717041
1752061193499,,,5.434239387512207
1752061193500,-8.18757152557373,-0.3824737071990967,
1752061193566,-8.168417930603027,-0.5213374495506287,5.63535213470459
1752061193634,-8.647257804870605,-0.2819172441959381,6.023212909698486
1752061193699,-8.173206329345703,0.16819266974925995,6.090250492095947
1752061193767,-8.570643424987793,0.25917232036590576,5.5778913497924805
1752061193833,,,5.19481897354126
1752061193834,-8.067861557006836,0.35494041442871094,5.2714338302612305
1752061193899,-7.80449914932251,0.2064998894929886,4.9601874351501465
1752061193967,-8.450933456420898,-0.2867056429386139,4.897938251495361
1752061194033,-8.388684272766113,-0.13826514780521393,4.35684871673584
1752061194100,-8.441356658935547,-0.20051439106464386,4.677671432495117
1752061194167,-7.694365501403809,0.2974795699119568,4.466981887817383
1752061194233,,,4.9601874351501465
1752061194234,-8.139687538146973,-0.06165069341659546,
1752061194300,-8.42699146270752,0.08200141042470932,5.276222229003906
1752061194365,,,5.185242176055908
1752061194366,-7.957727909088135,0.01496376097202301,5.1565117835998535
1752061194434,,-0.31543606519699097,5.558737754821777
1752061194435,-9.116521835327148,,
1752061194498,-8.249820709228516,0.1777694821357727,
1752061194807,,,5.065532207489014
1752061194808,-7.852383136749268,0.03890577703714371,4.8931498527526855
1752061194813,-8.082226753234863,0.14903905987739563,5.4246625900268555
1752061194881,-8.743025779724121,0.010175357572734356,5.400720596313477
1752061194949,-7.775768756866455,0.37888240814208984,5.146934986114502
1752061195014,-8.58500862121582,-0.3250128924846649,5.32889461517334
1752061195081,-8.431779861450195,0.03411737456917763,4.854842662811279
1752061195445,-7.967304706573486,-0.21966800093650818,5.458181381225586
1752061195451,-8.67598819732666,-0.17657238245010376,5.553949356079102
1752061195521,-8.144475936889648,-0.018555063754320145,4.596268653869629
1752061195588,-8.130110740661621,-0.2579752206802368,5.506065368652344
1752061195802,-9.384672164916992,-0.641047477722168,5.76942777633667
1752061195880,-8.297704696655273,0.12509703636169434,4.629787445068359
1752061195938,-7.656058311462402,0.12988543510437012,5.055955410003662
1752061196004,-7.1436991691589355,0.30705636739730835,4.160523891448975
1752061196071,-7.244256019592285,0.2974795699119568,4.687248229980469
1752061196138,-8.537124633789062,0.37888240814208984,5.290587425231934
1752061196204,-9.169194221496582,0.09157821536064148,5.324106216430664
1752061196272,-9.379883766174316,-0.2148796021938324,5.376778602600098
1752061196338,-8.814851760864258,-0.43993455171585083,5.281010627746582
1752061196405,,,5.036801815032959
1752061196406,-7.775768756866455,-0.13347674906253815,5.118204593658447
1752061196471,,,5.027225017547607
1752061196472,-7.617751121520996,0.058059390634298325,5.027225017547607
1752061196538,,,5.233126163482666
1752061196539,-8.00561237335205,0.5608417391777039,5.166088581085205
1752061196604,,,4.883573055267334
1752061196605,-8.130110740661621,0.8912416100502014,4.629787445068359
1752061196670,,,4.624999046325684
1752061196671,-8.628104209899902,1.0348936319351196,
1752061196739,-8.70950698852539,0.6805518269538879,4.3424835205078125
1752061196823,-9.111733436584473,0.13946224749088287,4.66330623626709
1752061196888,,,5.611410140991211
1752061196889,-8.106168746948242,0.2495955228805542,5.616198539733887
1752061196954,,,5.697601318359375
1752061196955,-6.813299655914307,0.4315548539161682,6.1716532707214355
1752061197021,,,5.6209869384765625
1752061197022,-7.569867134094238,0.5512649416923523,
1752061197800,,,5.573102951049805
1752061197801,-8.010400772094727,0.8146271109580994,5.4246625900268555
1752061197805,-9.34157657623291,0.32620999217033386,4.835689067840576
1752061197876,-8.024765968322754,-0.07122749835252762,5.448604583740234
1752061197941,-8.24503231048584,-0.2148796021938324,4.787805080413818
1752061198007,,,5.850830554962158
1752061198008,-8.829216957092285,-0.6075286865234375,5.841253757476807
1752061198075,-8.321646690368652,-0.31543606519699097,5.965752124786377
1752061198273,-7.814075946807861,-0.028131870552897453,4.88836145401001
1752061198342,-8.752602577209473,-0.9283517003059387,4.634575843811035
1752061198409,,,3.8492777347564697
1752061198410,-7.186794757843018,-0.3728969097137451,
1752061198762,-7.0144124031066895,-0.48303020000457764,4.22277307510376
1752061198768,-9.030330657958984,-1.1773487329483032,5.960963726043701
1752061198840,-8.637681007385254,-1.0001777410507202,5.549160957336426
1752061198904,,,5.98490571975708
1752061198905,-9.025542259216309,-0.9858125448226929,
1752061201811,,,6.013636112213135
1752061201812,-7.062296390533447,-0.3106476664543152,4.730343818664551
1752061201814,,,4.878784656524658
1752061201815,-7.694365501403809,-1.3401544094085693,5.2666449546813965
1752061201883,,,5.850830554962158
1752061201884,-8.920196533203125,-1.3832499980926514,
1752061201950,,,5.285799026489258
1752061201951,-8.848370552062988,-0.9044097065925598,5.300164222717285
1752061204305,,-1.1534066200256348,5.462969779968262
1752061204306,-8.072649955749512,-2.3026235103607178,
1752061204310,-8.589797019958496,-2.1589713096618652,5.338471412658691
1752061204380,,,6.0184245109558105
1752061204381,-7.426215171813965,-1.909974455833435,6.037578105926514
1752061204446,-7.574655532836914,-1.68970787525177,5.927444934844971
1752061204512,,,5.640140533447266
1752061204513,-7.957727909088135,-1.790264368057251,
1752061204580,-7.996035099029541,-2.1302409172058105,5.333683013916016
1752061204644,,,5.252279758453369
1752061204645,-8.019977569580078,-2.010530948638916,
1752061204712,-7.359177589416504,-1.809417963027954,5.118204593658447
1752061204778,-7.780557155609131,-1.9722236394882202,4.9601874351501465
1752061209313,,-2.077568531036377,5.218760967254639
1752061209314,-8.173206329345703,-3.451840400695801,5.735908508300781
1752061209316,-9.145252227783203,-1.3401544094085693,5.6209869384765625
1752061209381,-8.374319076538086,-1.12467622756958,4.783016681671143
1752061209447,,,4.500500679016113
1752061209448,-7.694365501403809,-0.823006808757782,4.414309501647949
1752061210816,,,4.318541526794434
1752061210817,-7.215525150299072,-0.4926069974899292,4.308964729309082
1752061210822,,-1.5508441925048828,5.01285982131958
1752061210823,-9.097368240356445,,
1752061210892,-6.966528415679932,-1.2156559228897095,4.69682502746582
1752061210959,,,4.730343818664551
1752061210960,-7.890690326690674,-1.7232266664505005,4.974552631378174
1752061211025,-8.230667114257812,-1.5221136808395386,4.069544315338135
1752061211091,,,4.816535472869873
1752061211092,-8.130110740661621,-1.349731206893921,4.936245441436768
1752061211186,-7.952939510345459,-1.2635399103164673,5.324106216430664
1752061211190,-9.351153373718262,-1.349731206893921,4.941033840179443
1752061211255,,,4.8931498527526855
1752061211256,-9.609726905822754,-0.7080851793289185,5.0703206062316895
1752061211322,-8.383895874023438,-0.4926069974899292,5.381567001342773
1752061211388,,,5.946598529815674
1752061211389,-8.206725120544434,-1.2108675241470337,6.047154903411865
1752061215992,,,5.95138692855835
1752061215994,,,5.324106216430664
1752061215995,,-0.7128735780715942,5.410297393798828
1752061215997,-7.536348342895508,-2.8580782413482666,
1752061215998,-7.555501937866211,,6.0184245109558105
1752061216066,,,6.4828996658325195
1752061216067,-6.933009624481201,-2.3552958965301514,
1752061216132,,-2.2882583141326904,6.071096897125244
1752061216133,-7.277774810791016,,
1752061216276,-7.627327919006348,-2.360084295272827,5.625775337219238
1752061216345,-7.871536731719971,-2.4845829010009766,5.458181381225586
1752061216411,,-2.206855535507202,5.774216175079346
1752061216412,-7.952939510345459,,
1752061216479,-7.823652744293213,-1.933916449546814,5.908291339874268
1752061216545,-7.541136741638184,-1.9051860570907593,5.908291339874268
1752061216612,-7.6752119064331055,-1.8812439441680908,5.721543312072754
1752061216680,-7.890690326690674,-1.6801310777664185,5.774216175079346
1752061216746,-7.708730697631836,-1.3353660106658936,5.826888561248779
1752061216811,,,6.181230068206787
1752061216812,-7.742249965667725,-1.0432734489440918,6.162076473236084
1752061216880,-7.569867134094238,-0.3250128924846649,6.104615688323975
1752061216946,-7.545925140380859,-0.6458359360694885,6.1716532707214355
1752061217012,,-0.7799112200737,5.750273704528809
1752061217013,-7.651269912719727,,
1752061217080,-7.761403560638428,-0.8756792545318604,6.013636112213135
1752061217145,-7.526771545410156,-0.9906009435653687,6.123769283294678
1752061217146,-7.622539520263672,,
1752061217212,,,6.023212909698486
1752061217213,-7.756615161895752,-0.8565256595611572,
1752061217278,-7.89547872543335,-0.7990648150444031,5.869984149932861
1752061217346,-7.737461566925049,-0.8852560520172119,6.066308498382568
1752061217412,-7.742249965667725,-0.6841431260108948,5.86040735244751
1752061217413,-7.70394229888916,,
1752061217479,-7.622539520263672,-0.9427168965339661,6.152499675750732
1752061217544,-8.125322341918945,-0.6841431260108948,5.640140533447266
1752061217611,,-0.7655459642410278,5.841253757476807
1752061217612,-7.924209117889404,-0.8038532137870789,
1752061217679,-7.713519096374512,-0.7080851793289185,5.812523365020752
1752061217745,,,6.233902454376221
1752061217746,-7.498041152954102,-0.6027402877807617,6.353612899780273
1752061217812,,,6.276998519897461
1752061217813,-7.311293601989746,-0.5500678420066833,5.884349346160889
1752061217879,-7.727884769439697,-0.7559691667556763,5.683236122131348
1752061217946,-8.264185905456543,-0.8182184100151062,5.716754913330078
1752061218012,-7.713519096374512,-0.43035775423049927,5.960963726043701
1752061218080,-7.900267124176025,-0.27712884545326233,6.1285576820373535
1752061218145,,-0.4159925580024719,6.320094108581543
1752061218146,-7.316082000732422,-0.4016273319721222,
1752061218213,-7.7470383644104,-0.5165489912033081,5.6209869384765625
1752061218279,,,5.563526153564453
1752061218280,-7.713519096374512,-0.43993455171585083,5.520430564880371
1752061218345,-8.33601188659668,-1.0959458351135254,5.496488571166992
1752061218412,,-0.8134300112724304,5.702389717102051
1752061218413,-7.9625163078308105,,
1752061218479,-7.684788703918457,-0.6266822814941406,6.10940408706665
1752061218546,-7.684788703918457,-0.166995570063591,5.855618953704834
1752061218612,,,6.377554893493652
1752061218613,-7.713519096374512,-1.004966139793396,
1752061218680,-6.909067630767822,-0.6745663285255432,6.42543888092041
1752061218746,-8.106168746948242,-0.5500678420066833,6.071096897125244
1752061218812,-8.115745544433594,-0.6266822814941406,5.946598529815674
1752061218879,-8.139687538146973,-0.028131870552897453,6.243479251861572
1752061218947,-7.751826763153076,0.28311434388160706,6.784569263458252
1752061219011,,,6.406285285949707
1752061219012,-7.450157165527344,0.718859076499939,
1752061219079,-7.483675956726074,0.7380126714706421,6.147711277008057
1752061219145,-7.756615161895752,1.2838906049728394,6.162076473236084
1752061219838,,1.4227544069290161,6.176441669464111
1752061219840,-7.61296272277832,1.4371196031570435,
1752061219847,-7.268198013305664,1.1785458326339722,6.952163219451904
1752061219912,-6.339247703552246,1.2982559204101562,6.492476463317871
1752061219979,-6.846818447113037,1.269525408744812,6.5930328369140625
1752061220044,,1.1162965297698975,7.124545574188232
1752061220045,-7.924209117889404,,
1752061223618,-7.498041152954102,1.7387889623641968,6.679224014282227
1752061223619,-6.875548839569092,,
1752061223620,-6.214748859405518,,
1752061223621,,0.6374561786651611,4.577115058898926
1752061223688,-9.087791442871094,0.5033808946609497,4.1844658851623535
1752061223756,,,4.280233860015869
1752061223757,-9.097368240356445,0.5321113467216492,4.194042682647705
1752061226379,,0.8864531517028809,4.217984676361084
1752061226380,-8.398261070251465,0.9343371987342834,5.66887092590332
1752061226383,-9.806051254272461,0.32620999217033386,5.381567001342773
1752061226447,,,3.75829815864563
1752061226448,-7.857171535491943,1.1881226301193237,3.935469150543213
1752061226514,-7.04793119430542,0.5464765429496765,3.8061821460723877
1752061226584,-8.048707962036133,0.383670836687088,3.8349125385284424
1752061226648,-8.115745544433594,-0.4686649739742279,4.57232666015625
1752061226715,-7.651269912719727,-1.4502876996994019,4.69682502746582
1752061226782,,,4.490923881530762
1752061226783,-8.948927879333496,-1.3210008144378662,4.591480255126953
1752061231344,,-0.8852560520172119,4.553173065185547
1752061231345,-8.268974304199219,0.4554968774318695,
1752061231346,-7.27298641204834,-0.15741875767707825,3.978564739227295
1752061231416,-8.331223487854004,-1.4071919918060303,5.075109004974365
1752061231483,-8.623315811157227,-1.6849194765090942,5.443816184997559
1752061232572,-9.015965461730957,-1.3305776119232178,6.013636112213135
1752061232573,-8.61852741241455,,
1752061232576,-7.713519096374512,-1.1390414237976074,5.233126163482666
1752061232640,,,5.549160957336426
1752061232641,-8.077438354492188,-1.1342530250549316,5.439027786254883
1752061232706,-9.044695854187012,-1.1965023279190063,5.3145294189453125
1752061232773,-9.106945037841797,-1.2395979166030884,5.558737754821777
1752061235133,,,5.333683013916016
1752061235134,,,5.72633171081543
1752061235136,-7.598597526550293,-0.8134300112724304,6.444592475891113
1752061235140,-7.627327919006348,-0.09038111567497253,6.765415668487549
1752061235208,,,6.545148849487305
1752061235209,-7.110180377960205,-0.13347674906253815,6.559514045715332
1752061235274,-7.052719593048096,-0.07122749835252762,6.387131690979004
1752061243000,,,6.655282020568848
1752061243001,-7.407061576843262,-0.2388216257095337,6.473322868347168
1752061243002,-6.597821235656738,-0.45429977774620056,7.095815181732178
1752061243003,-7.1676411628723145,0.24001872539520264,7.2107367515563965
1752061243004,-7.263409614562988,,
1752061243074,-7.881113529205322,0.6422445774078369,8.182783126831055
1752061243140,-7.158064365386963,0.4507084786891937,7.450157165527344
1752061243207,-7.110180377960205,0.23044191300868988,6.92343282699585
1752061243269,-7.617751121520996,0.9391255974769592,5.95138692855835
1752061243335,,0.2687491476535797,6.583456039428711
1752061243336,-7.512406349182129,0.32620999217033386,
1752061243402,-6.937798023223877,0.24001872539520264,5.558737754821777
1752061243469,,,5.36241340637207
1752061243470,-8.110957145690918,-0.0520738884806633,
1752061243536,-8.565855026245117,-0.5117605924606323,6.138134479522705
1752061243633,-7.651269912719727,0.14903905987739563,5.0703206062316895
1752061243637,-9.504382133483887,-0.29628247022628784,5.625775337219238
1752061243702,-8.656834602355957,0.10115502029657364,5.482123374938965
1752061243770,-9.279327392578125,-0.08080431073904037,5.702389717102051
1752061243835,-8.652046203613281,0.06763619929552078,5.956175327301025
1752061243902,,0.1538274586200714,5.750273704528809
1752061243903,-7.780557155609131,0.19692309200763702,
1752061243969,-8.091803550720215,0.02454056777060032,5.9322333335876465
1752061244035,,0.24001872539520264,6.176441669464111
1752061244036,-8.168417930603027,0.18734627962112427,
1752061244102,-8.221090316772461,-0.10474632680416107,6.344036102294922
1752061244169,,,6.324882507324219
1752061244170,-8.776544570922852,-0.21966800093650818,6.190806865692139
1752061244246,-9.169194221496582,-0.13826514780521393,5.740696907043457
1752061244310,,,5.735908508300781
1752061244311,-9.485228538513184,-0.43514615297317505,5.702389717102051
1752061244378,-8.920196533203125,-0.10474632680416107,4.883573055267334
1752061244444,,-0.5500678420066833,4.773439407348633
1752061244445,-9.43255615234375,,
1752061244511,-8.9249849319458,-0.4734533727169037,3.9881415367126465
1752061244577,,,3.911526918411255
1752061244578,-9.00160026550293,-0.7080851793289185,3.8061821460723877
1752061244644,,-0.6889315247535706,3.22678542137146
1752061244645,-8.805274963378906,,
1752061244711,-9.312846183776855,-0.861314058303833,2.9682116508483887
1752061244777,,-1.1438298225402832,3.1884782314300537
1752061244778,-10.011953353881836,-1.2395979166030884,
1752061244844,,,3.116652011871338
1752061244845,-9.724648475646973,-1.0193313360214233,
1752061244911,-9.734225273132324,-1.1103110313415527,3.1741127967834473
1752061244977,,,3.3848025798797607
1752061244978,-10.160393714904785,-1.105522632598877,
1752061245044,,-0.7990648150444031,3.2124202251434326
1752061245045,-9.676764488220215,-0.7751228213310242,
1752061245110,-9.351153373718262,-1.0097545385360718,2.8772318363189697
1752061245193,-9.600150108337402,-0.899621307849884,3.111863613128662
1752061245194,-9.403825759887695,,
1752061245258,,,3.2555158138275146
1752061245259,-8.786121368408203,-0.6123170852661133,3.1932666301727295
1752061245326,-9.011177062988281,-0.6889315247535706,3.1070752143859863
1752061245392,-8.963293075561523,-0.7272387742996216,2.9251158237457275
1752061245459,-9.370306968688965,-0.9379284977912903,3.336918592453003
1752061245525,,,3.6337995529174805
1752061245526,-9.77253246307373,-0.9906009435653687,3.605069160461426
1752061245591,-9.844358444213867,-0.9570821523666382,3.9163153171539307
1752061245658,,,3.360860586166382
1752061245659,-9.853935241699219,-1.028908133506775,3.5236663818359375
1752061245726,-10.169970512390137,-1.062427043914795,2.8868086338043213
1752061245791,-9.59057331085205,-0.8900445103645325,2.431910276412964
1752061245857,,,2.2834699153900146
1752061245858,-9.365518569946289,-0.8182184100151062,1.9482816457748413
1752061245925,,-1.1917139291763306,2.2451627254486084
1752061245926,-9.504382133483887,-1.3545196056365967,
1752061245991,-10.40460205078125,-1.488594889640808,2.4654293060302734
1752061245992,-10.452486038208008,,
1752061246058,-9.968857765197754,-1.2348095178604126,2.695272445678711
1752061246125,,,2.738368272781372
1752061246126,-9.662399291992188,-1.3976151943206787,2.9682116508483887
1752061246191,,,2.3983914852142334
1752061246192,-10.596138000488281,-1.2779051065444946,2.5276784896850586
1752061246258,-10.519523620605469,-1.1342530250549316,2.427121877670288
1752061246326,-10.059837341308594,-1.0720038414001465,2.518101692199707
1752061246391,,,2.25473952293396
1752061246392,-9.662399291992188,-1.1965023279190063,2.0440497398376465
1752061246458,-8.987235069274902,-1.1534066200256348,1.7615338563919067
1752061246526,-10.52910041809082,-1.6801310777664185,2.1924901008605957
1752061246591,,-1.7423802614212036,2.115875720977783
1752061246592,-11.156381607055664,,
1752061246658,-10.294468879699707,-1.2156559228897095,2.3026235103607178
1752061246725,-9.533112525939941,-1.325789213180542,1.2348095178604126
1752061246791,-10.169970512390137,-1.0720038414001465,0.5931634902954102
1752061250275,-9.049484252929688,-0.7894880175590515,0.7799112200737
1752061250276,-9.03511905670166,-0.3728969097137451,3.1214404106140137
1752061250277,-5.376778602600098,-0.3058592677116394,3.7199909687042236
1752061250342,,,6.880337238311768
1752061250343,-5.477334976196289,-0.3298012912273407,6.8372416496276855
1752061250409,,,7.091026782989502
1752061250410,-6.123769283294678,-0.4878185987472534,7.593809127807617
1752061250560,-8.374319076538086,-1.12467622756958,8.503605842590332
1752061250628,-10.332776069641113,-1.1438298225402832,7.785345554351807
1752061250694,,,7.019200801849365
1752061250695,-9.188347816467285,-1.1869255304336548,
1752061250761,-8.67598819732666,-1.2922704219818115,6.889914035797119
1752061250828,,,5.386355400085449
1752061250829,-8.115745544433594,-0.6554127335548401,
1752061250895,-6.5930328369140625,0.42197805643081665,3.7726633548736572
1752061250962,-5.319317817687988,0.10115502029657364,3.5715503692626953
1752061251030,-4.9170918464660645,-0.3824737071990967,3.648164749145508
1752061251095,,,4.304176330566406
1752061251096,-5.089474201202393,-0.8325836658477783,4.749497413635254
1752061251162,-6.7510504722595215,-0.679354727268219,4.624999046325684
1752061251229,-7.268198013305664,-1.105522632598877,5.515642166137695
1752061251296,-7.617751121520996,-1.0097545385360718,7.124545574188232
1752061251362,,,8.350377082824707
1752061251363,-7.153275966644287,-1.182137131690979,8.738237380981445
1752061251428,,-2.1541829109191895,9.150040626525879
1752061251429,-7.699153900146484,,
1752061251496,-9.150040626525879,-1.6178817749023438,7.469310760498047
1752061251562,-8.575431823730469,-2.058414936065674,6.684012413024902
1752061251629,-8.273762702941895,-1.6274585723876953,5.98490571975708
1752061251695,,,4.4526166915893555
1752061251696,-8.541913032531738,-1.953070044517517,4.486135482788086
1752061251762,-9.106945037841797,-1.8237831592559814,3.2363622188568115
1752061251829,,,3.3177649974823
1752061251830,-8.077438354492188,-1.7280150651931763,3.289034605026245
1752061251894,,,3.073556423187256
1752061251895,-8.345588684082031,-2.6617536544799805,
1752061251962,-9.638457298278809,-3.0352492332458496,2.6665420532226562
1752061252029,-9.624092102050781,-3.1741127967834473,2.451063871383667
1752061252095,-9.873088836669922,-3.06876802444458,2.479794502258301
1752061252161,,,3.087921619415283
1752061252162,-9.671976089477539,-3.06876802444458,3.06876802444458
1752061252229,-8.872312545776367,-2.3457190990448,3.0831332206726074
1752061252295,-9.145252227783203,-2.4127566814422607,2.829347848892212
1752061252362,-8.6089506149292,-2.475006103515625,2.700061082839966
1752061252429,-9.346364974975586,-2.297835111618042,2.3026235103607178
1752061252495,-10.031106948852539,-2.8006174564361572,2.7287914752960205
1752061256911,,,3.0591912269592285
1752061256912,,-2.163759708404541,3.7439329624176025
1752061256913,-6.5930328369140625,0.005386953707784414,
1752061256977,,,3.619434356689453
1752061256978,-8.9680814743042,0.21128830313682556,3.7391445636749268
1752061257044,,,4.021660327911377
1752061257045,-9.039907455444336,0.7667431235313416,4.160523891448975
1752061258188,-8.91540813446045,0.8672995567321777,4.715978622436523
1752061258192,-9.207501411437988,0.6757634282112122,4.174889087677002
1752061258261,-9.078214645385742,0.24001872539520264,5.213972568511963
1752061258329,-9.202713012695312,0.5273229479789734,5.213972568511963
1752061258394,,,5.45339298248291
1752061258395,-9.753378868103027,0.6757634282112122,5.170876979827881
1752061258461,-8.97765827178955,1.3509283065795898,4.490923881530762
1752061258528,-8.834005355834961,1.3652935028076172,4.304176330566406
1752061258573,,,3.3848025798797607
1752061258574,-8.240243911743164,1.470638394355774,3.044826030731201
1752061258638,,,2.384026288986206
1752061258640,-6.363189697265625,1.7387889623641968,2.8772318363189697
1752061258705,-7.699153900146484,0.9965864419937134,3.605069160461426
1752061258772,,,3.973776340484619
1752061258773,,0.8672995567321777,4.241926670074463
1752061258774,-8.594585418701172,,
1752061258839,,,4.490923881530762
1752061258840,-8.40304946899414,1.1306617259979248,
1752061260265,,,5.213972568511963
1752061260266,-9.097368240356445,0.46507367491722107,5.204395771026611
1752061260272,,0.436343252658844,5.333683013916016
1752061260273,-8.723872184753418,-0.03292027488350868,
1752061260276,-9.154829025268555,0.6135141849517822,4.826112270355225
1752061260344,-8.470087051391602,0.7332242727279663,4.9170918464660645
1752061260412,-8.910619735717773,0.5943605899810791,5.2235493659973145
1752061260478,-8.556278228759766,0.8864531517028809,6.205172061920166
1752061260544,,,6.909067630767822
1752061260545,-9.006388664245605,0.6805518269538879,6.257844924926758
1752061260653,,1.269525408744812,5.4677581787109375
1752061260654,-7.158064365386963,1.0971429347991943,
1752061260721,,,3.8157589435577393
1752061260722,-8.963293075561523,0.6230909824371338,
1752061260789,,0.40282443165779114,3.8061821460723877
1752061260790,-9.389460563659668,,
1752061260855,-9.46607494354248,0.5033808946609497,3.8349125385284424
1752061260951,-9.849146842956543,0.7236474752426147,3.844489336013794
1752061260955,-7.92899751663208,1.513733983039856,4.399944305419922
1752061261020,-7.536348342895508,1.2216414213180542,4.945822238922119
1752061261086,,,5.209184169769287
1752061261087,-8.024765968322754,0.6853402256965637,6.071096897125244
1752061261154,-7.114968776702881,1.22642982006073,2.963423252105713
1752061261220,-5.166088581085205,1.5328876972198486,3.3848025798797607
1752061261287,-8.70950698852539,0.1346738487482071,4.624999046325684
1752061261353,,,3.667318344116211
1752061261354,-10.701482772827148,0.7044938206672668,3.8492777347564697
1752061265847,,,4.404732704162598
1752061265848,,,4.8309006690979
1752061265849,,0.048482585698366165,
1752061265850,-10.059837341308594,,
1752061265851,,,4.969764232635498
1752061265914,-8.441356658935547,0.9343371987342834,4.39036750793457
1752061265981,-9.533112525939941,0.7380126714706421,4.8500542640686035
1752061266046,,,4.308964729309082
1752061266047,-9.379883766174316,0.9391255974769592,4.194042682647705
1752061266114,-8.790909767150879,0.8098387122154236,4.553173065185547
1752061266180,-8.810063362121582,0.7763199210166931,4.725555419921875
1752061266247,,0.9199720025062561,5.319317817687988
1752061266248,-8.000823974609375,0.8720879554748535,
1752061266315,-9.609726905822754,0.39803603291511536,6.219537258148193
1752061266380,,0.8433575630187988,5.89392614364624
1752061266381,-9.633668899536133,1.0684125423431396,
1752061266448,,,4.155735492706299
1752061266449,-8.762179374694824,1.3988122940063477,
1752061266515,-8.249820709228516,1.5951368808746338,2.9777884483337402
1752061266581,-6.525995254516602,1.125873327255249,3.9163153171539307
1752061266648,-8.666411399841309,0.9678560495376587,5.300164222717285
1752061266649,-8.623315811157227,,
1752061266714,-8.42699146270752,1.9207483530044556,5.055955410003662
1752061266781,-7.905055522918701,1.4036006927490234,5.764639377593994
1752061266848,-9.413402557373047,0.7044938206672668,4.778227806091309
1752061266915,,,3.734356164932251
1752061266916,-7.732673168182373,1.125873327255249,
1752061266981,-8.470087051391602,-0.36810851097106934,5.180453777313232
1752061267048,-8.3120698928833,0.9151836037635803,5.142146587371826
1752061267115,-9.657610893249512,1.3413515090942383,5.051167011260986
1752061272320,,,5.118204593658447
1752061272321,,1.2120646238327026,5.252279758453369
1752061272322,-10.045472145080566,,
1752061272386,-8.455721855163574,0.46507367491722107,5.2235493659973145
1752061272454,-8.091803550720215,0.6374561786651611,5.175665378570557
1752061275069,,,5.400720596313477
1752061275070,-8.149264335632324,0.5129576921463013,5.324106216430664
1752061275139,-8.838793754577637,-0.04249707981944084,3.643376350402832
1752061275205,-9.173982620239258,0.0867898091673851,3.8061821460723877
1752061275273,-8.805274963378906,0.3645172119140625,4.045602321624756
1752061275337,,,4.6489410400390625
1752061275338,-9.135675430297852,0.31184476613998413,4.873996257781982
1752061275404,-9.427767753601074,0.5895721912384033,4.706401824951172
1752061275470,,,3.403956174850464
1752061275471,-7.1006035804748535,1.3078327178955078,3.3225533962249756
1752061277405,,,3.954622745513916
1752061277406,,0.9343371987342834,4.036025524139404
1752061277407,-7.1006035804748535,0.9391255974769592,
1752061277409,-8.513182640075684,0.7763199210166931,3.782240152359009
1752061277473,-8.503605842590332,0.23044191300868988,4.146158695220947
1752061277541,-8.383895874023438,-0.03770867735147476,4.055179119110107
1752061277607,-8.580220222473145,-0.4878185987472534,4.476558685302734
1752061277710,-8.49402904510498,-0.5021837949752808,3.7726633548736572
1752061277714,-8.776544570922852,-0.47824180126190186,3.8971617221832275
1752061277778,,,3.4614171981811523
1752061277779,-9.451709747314453,-0.4734533727169037,3.375225782394409
1752061277845,-9.331999778747559,-1.3114240169525146,4.050390720367432
1752061277912,-9.49001693725586,-1.8812439441680908,4.337695121765137
1752061277980,,,4.845265865325928
1752061277981,-8.853158950805664,-1.4742296934127808,
1752061278029,-8.73344898223877,-1.4311341047286987,5.472546577453613
1752061278095,-7.67042350769043,-1.3832499980926514,5.304952621459961
1752061278161,,,4.835689067840576
1752061278162,-7.6081743240356445,-1.3210008144378662,4.553173065185547
1752061278228,-7.27298641204834,-1.589151382446289,5.13735818862915
1752061278294,-8.283339500427246,-1.5939397811889648,5.151723384857178
1752061278362,-8.690353393554688,-1.4311341047286987,5.036801815032959
1752061278427,,-1.1150994300842285,5.2235493659973145
1752061278428,-8.455721855163574,,
1752061284109,-8.704718589782715,-1.1150994300842285,4.8931498527526855
1752061284110,-7.234679222106934,0.28790274262428284,7.028777599334717
1752061284111,-7.550713539123535,0.3166331648826599,6.262633323669434
1752061284176,-7.67042350769043,0.21128830313682556,6.071096897125244
1752061284247,-7.483675956726074,0.6087257862091064,6.3296709060668945
1752061284308,,,6.554725646972656
1752061284309,-7.119757175445557,0.5033808946609497,
1752061284376,,,6.650493621826172
1752061284377,-6.918644428253174,0.09157821536064148,6.5930328369140625
1752061284440,,,6.669647216796875
1752061284441,-7.009624004364014,0.3597288131713867,6.755838871002197
1752061284506,-7.828441143035889,0.3645172119140625,6.138134479522705
1752061284573,-7.6081743240356445,0.048482585698366165,6.142922878265381
1752061287812,-7.407061576843262,0.8912416100502014,6.358401298522949
1752061287813,-6.995258808135986,0.6326677799224854,7.421426773071289
1752061287817,-6.83245325088501,0.13946224749088287,6.928221225738525
1752061287885,-7.019200801849365,0.11552023142576218,7.124545574188232
1752061287951,,,7.2586212158203125
1752061287952,-6.679224014282227,0.4554968774318695,7.344812393188477
1752061290552,,0.579995334148407,7.177217960357666
1752061290553,-6.789357662200928,0.345363587141037,
1752061290620,-7.076661586761475,0.06763619929552078,6.736684799194336
1752061290686,-7.105391979217529,0.12988543510437012,6.803722858428955
1752061290736,,,6.961740016937256
1752061290738,-6.909067630767822,-0.03770867735147476,7.000047206878662
1752061290801,,,7.110180377960205
1752061290803,-6.770204067230225,0.1777694821357727,7.177217960357666
1752061290866,-6.856395244598389,0.12509703636169434,6.9042792320251465
1752061290932,-7.114968776702881,-0.03770867735147476,6.913856029510498
1752061297085,,0.0628477931022644,6.736684799194336
1752061297086,-6.9042792320251465,-0.08559270948171616,
1752061297152,-7.019200801849365,0.9726444482803345,6.92343282699585
1752061297219,-6.229114055633545,0.5991489887237549,6.971316814422607
1752061297286,,0.7428010702133179,7.450157165527344
1752061297287,-5.913079738616943,,
1752061297352,,,7.531559944152832
1752061297353,-6.540360450744629,0.7523778676986694,7.052719593048096
1752061297419,-6.909067630767822,0.862511157989502,6.5499372482299805
1752061297487,-7.842806339263916,0.03890577703714371,6.5930328369140625
1752061297552,,,6.377554893493652
1752061297553,-7.04793119430542,-1.2348095178604126,
1752061297619,-7.550713539123535,-1.2204443216323853,6.502053260803223
1752061297620,-7.507617950439453,,
1752061297686,,,6.176441669464111
1752061297687,-7.158064365386963,-2.058414936065674,
1752061297753,-7.656058311462402,-1.3449428081512451,6.205172061920166
1752061297819,,,7.071873188018799
1752061297820,-7.239467620849609,-1.6226701736450195,
1752061297887,-6.487688064575195,-2.077568531036377,7.129333972930908
1752061297953,-7.48846435546875,-1.2587515115737915,6.176441669464111
1752061298019,-7.871536731719971,-0.7032967209815979,5.980117321014404
1752061298087,-7.196371555328369,-0.9331400990486145,6.176441669464111
1752061298153,,,6.712742805480957
1752061298154,-6.559514045715332,-0.6985083222389221,6.779780864715576
1752061301269,-6.679224014282227,-0.679354727268219,6.937798023223877
1752061301270,-8.470087051391602,-1.081580638885498,5.798158168792725
1752061301273,-6.86597204208374,-1.368884801864624,6.722319602966309
1752061301344,-7.713519096374512,-1.3401544094085693,6.190806865692139
1752061301409,,,6.492476463317871
1752061301410,-7.186794757843018,-1.2874820232391357,6.463746070861816
1752061305649,-7.268198013305664,-1.349731206893921,6.372766494750977
1752061305650,-7.387907981872559,,
1752061305651,,-1.2970588207244873,6.348824501037598
1752061305652,-7.435791969299316,-1.3353660106658936,6.305728912353516
1752061305717,,,6.257844924926758
1752061305718,-7.407061576843262,-1.2731167078018188,6.276998519897461
1752061305783,,,6.305728912353516
1752061305784,-7.407061576843262,-1.325789213180542,6.30094051361084
1752061354578,,,6.2386908531188965
1752061354579,,,6.4828996658325195
1752061354580,,-1.3401544094085693,6.162076473236084
1752061354581,,-1.2012907266616821,
1752061354582,-7.416638374328613,-1.9147628545761108,
1752061354583,-7.440580368041992,,
1752061354584,-7.459733963012695,-1.4790180921554565,6.10940408706665
1752061354585,-7.359177589416504,-1.5173252820968628,6.186018466949463
1752061354586,-7.335235595703125,-1.5556325912475586,6.224325656890869
1752061354587,-7.483675956726074,-1.5508441925048828,6.16686487197876
1752061354591,,,6.20038366317749
1752061354592,,,6.20038366317749
1752061354593,,,6.1955952644348145
1752061354594,,,6.157288074493408
1752061354595,,-1.5077484846115112,6.028001308441162
1752061354596,,-1.488594889640808,
1752061354597,,-0.6841431260108948,
1752061354598,-7.387907981872559,-0.8756792545318604,
1752061354599,-7.435791969299316,,
1752061354600,,,6.071096897125244
1752061354661,-7.861959934234619,-2.235585927963257,6.588244438171387
1752061354727,,,6.363189697265625
1752061354728,-7.062296390533447,-1.9865888357162476,6.530783653259277
1752061354793,,,6.3967084884643555
1752061354794,-6.430227279663086,-1.9003976583480835,6.028001308441162
1752061354878,-6.803722858428955,-2.2691047191619873,6.535572052001953
1752061354947,-7.656058311462402,-1.9482816457748413,6.324882507324219
1752061355014,,,6.674435615539551
1752061355015,-7.632116317749023,-2.015319347381592,6.4398040771484375
1752061355082,-6.961740016937256,-2.2020668983459473,6.846818447113037
1752061355172,-7.603385925292969,-2.297835111618042,6.411073684692383
1752061355175,,,6.233902454376221
1752061355176,-6.588244438171387,-2.101510524749756,
1752061355242,-7.421426773071289,-2.518101692199707,6.310517311096191
1752061355243,-8.02955436706543,,
1752061355308,,-2.3122003078460693,7.196371555328369
1752061355309,-7.861959934234619,-2.848501443862915,
1752061355375,-7.536348342895508,-2.0057425498962402,5.908291339874268
1752061355442,-6.813299655914307,-1.9195512533187866,5.841253757476807
1752061355507,,-2.676118850708008,6.535572052001953
1752061355508,-7.574655532836914,,
1752061355574,,-2.3265655040740967,5.290587425231934
1752061355575,-7.268198013305664,,
1752061358776,,,5.6209869384765625
1752061358778,,-2.4654293060302734,5.36241340637207
1752061358779,-8.18757152557373,-1.5173252820968628,
1752061358781,-8.364742279052734,-2.518101692199707,6.933009624481201
1752061358850,,,6.176441669464111
1752061358851,-6.540360450744629,-2.2643163204193115,6.133346080780029
1752061358917,,,5.45339298248291
1752061358918,-6.899490833282471,-2.364872694015503,5.539584159851074
1752061359156,,-2.072780132293701,6.0184245109558105
1752061359157,-6.597821235656738,,
1752061359160,,,6.6361284255981445
1752061359161,-7.105391979217529,-2.4606409072875977,
1752061359227,,,6.468534469604492
1752061359228,-7.105391979217529,-2.5995044708251953,6.430227279663086
1752061359293,,,5.937021732330322
1752061359294,-7.162852764129639,-2.3744494915008545,5.8651957511901855
1752061361615,,,5.6209869384765625
1752061361616,-6.564302444458008,-1.756745457649231,8.9680814743042
1752061361619,-4.778227806091309,-0.9906009435653687,11.750143051147461
1752061361688,-3.643376350402832,-0.8804676532745361,9.044695854187012
1752061361754,,,9.873088836669922
1752061361755,-3.3704373836517334,-0.961870551109314,10.169970512390137
1752061361821,-3.6146459579467773,-0.7416039705276489,10.06462574005127
1752061361888,-4.4957122802734375,-0.34416648745536804,10.83555793762207
1752061361955,-3.930680751800537,0.5273229479789734,9.418190956115723
1752061363634,-3.1741127967834473,0.17298106849193573,7.842806339263916
1752061363637,-5.558737754821777,-0.31543606519699097,4.912303447723389
1752061363702,-5.1565117835998535,-0.6123170852661133,6.214748859405518
1752061363768,-6.209960460662842,-0.8469488620758057,7.976881504058838
1752061366314,,,9.46607494354248
1752061366316,,-1.3784615993499756,5.999270915985107
1752061366317,-6.42543888092041,-1.325789213180542,
1752061366318,,,5.7790045738220215
1752061366319,-7.5219831466674805,-0.7942764163017273,
1752061366389,-7.861959934234619,-1.148618221282959,6.616974830627441
1752061366454,-8.087015151977539,-1.2874820232391357,6.798934459686279
1752061366521,,,6.061520099639893
1752061366522,-7.737461566925049,-1.12467622756958,5.913079738616943
1752061366587,,,5.8029465675354
1752061366588,-8.067861557006836,-1.3449428081512451,5.659294128417969
1752061366977,,,5.506065368652344
1752061366978,-7.253832817077637,-0.8421604633331299,5.553949356079102
1752061366982,-7.2586212158203125,-1.0576386451721191,6.07588529586792
1752061367052,-7.799710750579834,-1.2156559228897095,5.999270915985107
1752061367119,-7.641693115234375,-1.0145429372787476,6.118980884552002
1752061373080,-7.7470383644104,-1.0145429372787476,6.032789707183838
1752061373081,-6.765415668487549,-0.6458359360694885,6.573879241943359
1752061373082,-6.0184245109558105,-0.20530278980731964,8.168417930603027
1752061373085,-7.517194747924805,-1.1342530250549316,5.673659324645996
1752061373154,-7.794922351837158,-0.7032967209815979,5.908291339874268
1752061373221,-7.555501937866211,-0.6027402877807617,6.320094108581543
1752061373289,-7.3687543869018555,-1.268328309059143,6.7031660079956055
1752061373354,-7.857171535491943,-1.6370353698730469,6.056731700897217
1752061373421,-8.661623001098633,-1.8477251529693604,6.30094051361084
1752061373500,-8.110957145690918,-1.5939397811889648,6.746262073516846
1752061373565,-7.445368766784668,-1.148618221282959,6.305728912353516
1752061373566,-7.5650787353515625,,
1752061373631,,,5.874772548675537
1752061373632,-7.6752119064331055,-0.7416039705276489,5.63535213470459
1752061373698,,,6.138134479522705
1752061373699,-7.732673168182373,-0.7751228213310242,5.922656536102295
1752061373766,-7.641693115234375,-1.0241197347640991,5.884349346160889
1752061373824,-7.8332295417785645,-1.5747861862182617,5.841253757476807
1752061373888,-8.039131164550781,-1.809417963027954,6.578667640686035
1752061373953,,,6.746262073516846
1752061373954,-8.474875450134277,-1.6274585723876953,7.071873188018799
1752061374021,,-1.7184382677078247,6.693589210510254
1752061374022,-7.708730697631836,-2.1302409172058105,
1752061374089,-6.320094108581543,-1.6035165786743164,7.0144124031066895
1752061374153,-6.545148849487305,-1.2156559228897095,7.076661586761475
1752061374221,-7.483675956726074,-2.0488381385803223,6.1716532707214355
1752061374222,-7.641693115234375,,
1752061375322,,,6.669647216796875
1752061375323,-8.192359924316406,-2.7527334690093994,
1752061375326,-6.224325656890869,-0.497395396232605,5.8221001625061035
1752061375391,-6.60739803314209,-0.7799112200737,6.444592475891113
1752061375457,,,7.387907981872559
1752061375458,-7.828441143035889,-1.0911574363708496,7.17242956161499
1752061375711,-8.776544570922852,,
1752061375715,-7.17242956161499,-1.0959458351135254,6.693589210510254
1752061375780,-7.498041152954102,-0.8565256595611572,6.367978096008301
1752061375848,-7.7661919593811035,-0.8277952671051025,6.899490833282471
1752061375912,-7.459733963012695,-0.7655459642410278,6.545148849487305
1752061375979,-7.296928405761719,-1.1150994300842285,6.104615688323975
1752061376047,-7.885901927947998,-1.546055793762207,5.970540523529053
1752061376115,-7.727884769439697,-1.3593080043792725,5.836465358734131
1752061376179,-8.331223487854004,-1.3449428081512451,6.339247703552246
1752061376247,,-0.8421604633331299,6.114192485809326
1752061376248,-7.574655532836914,,
1752061376313,-7.469310760498047,-0.8565256595611572,6.39192008972168
1752061376502,-7.335235595703125,-1.0959458351135254,6.7510504722595215
1752061376508,-8.02955436706543,-1.3066356182098389,6.2865753173828125
1752061376576,,,6.176441669464111
1752061376577,-8.02955436706543,-1.2108675241470337,
1752061376644,-7.70394229888916,-0.9091981053352356,5.391143798828125
1752061376710,-7.7661919593811035,-0.8900445103645325,5.127781391143799
1752061376776,,,5.352836608886719
1752061376777,-7.732673168182373,-1.0145429372787476,5.218760967254639
1752061376845,-7.991246700286865,-1.0767922401428223,5.496488571166992
1752061376910,,-1.301847219467163,5.597044944763184
1752061376911,-8.537124633789062,-1.4119805097579956,
1752061376978,-8.671199798583984,-1.4742296934127808,5.4246625900268555
1752061377044,,,5.324106216430664
1752061377045,-8.465298652648926,-1.3449428081512451,
1752061377111,-8.513182640075684,-1.3305776119232178,5.587468147277832
1752061377177,-8.9680814743042,-1.206079125404358,5.630563735961914
1752061377244,,,5.573102951049805
1752061377245,-8.958504676818848,-1.1342530250549316,5.66887092590332
1752061377311,,,5.673659324645996
1752061377312,-8.173206329345703,-0.9331400990486145,5.065532207489014
1752061377378,-7.938574314117432,-0.7751228213310242,5.3576250076293945
1752061377445,-7.665635108947754,-1.0959458351135254,6.047154903411865
1752061377511,-9.15961742401123,-1.325789213180542,4.869207859039307
1752061377577,,,6.2865753173828125
1752061377578,-6.253056526184082,-0.8517372608184814,5.917868137359619
1752061377645,,-0.7320271730422974,6.176441669464111
1752061377646,-7.732673168182373,,
1752061377711,-7.57944393157959,-0.8373720645904541,5.798158168792725
1752061377777,-7.756615161895752,-0.8086416125297546,5.841253757476807
1752061377846,-7.727884769439697,-0.9714473485946655,5.989694118499756
1752061377912,-7.732673168182373,-0.9475052952766418,5.75985050201416
1752061377978,-8.364742279052734,-0.9762357473373413,6.099827289581299
1752061378045,-8.053496360778809,-0.6266822814941406,5.673659324645996
1752061378110,,,5.295375823974609
1752061378111,-7.7183074951171875,-0.7368155717849731,
1752061378177,-7.885901927947998,-0.8134300112724304,5.1134161949157715
1752061378244,,,4.69682502746582
1752061378245,-8.575431823730469,-0.7080851793289185,
1752061378310,,,4.912303447723389
1752061378311,-8.134899139404297,-0.7894880175590515,4.7590742111206055
1752061378377,-8.18757152557373,-1.182137131690979,4.672883033752441
1752061378445,-8.374319076538086,-1.2012907266616821,4.524442672729492
1752061380918,,-0.9810241460800171,3.978564739227295
1752061380919,-8.843582153320312,,3.60028076171875
1752061380922,-9.03511905670166,-1.426345705986023,3.710414171218872
1752061380988,-9.901819229125977,-1.6992846727371216,3.796605348587036
1752061381054,-9.370306968688965,-1.5747861862182617,4.0312371253967285
1752061418080,,,3.753509759902954
1752061418081,-9.336788177490234,-1.546055793762207,4.045602321624756
1752061418082,-8.474875450134277,,
1752061418083,-8.7669677734375,,3.662529945373535
1752061418084,,-0.6841431260108948,4.601057052612305
1752061418085,-8.790909767150879,-0.9906009435653687,5.606621742248535
1752061418086,-9.025542259216309,-1.3210008144378662,5.501276969909668
1752061418087,-8.527547836303711,-2.8006174564361572,4.677671432495117
1752061418088,,-0.8900445103645325,4.682459831237793
1752061418089,-8.599373817443848,-0.6985083222389221,4.6489410400390625
1752061418091,-7.996035099029541,-1.4646528959274292,5.415085792541504
1752061418092,-8.364742279052734,-1.182137131690979,5.874772548675537
1752061418096,-7.373542785644531,-0.03292027488350868,4.471770286560059
1752061418132,-8.829216957092285,-0.45908817648887634,5.032013416290283
1752061418200,-8.383895874023438,0.1777694821357727,4.859631061553955
1752061418266,-9.528324127197266,-1.24917471408844,5.841253757476807
1752061418332,,,6.454169273376465
1752061418333,,-1.8429367542266846,6.655282020568848
1752061418334,-9.638457298278809,,
1752061418399,,,7.13891077041626
1752061418400,-9.997588157653809,-2.3792378902435303,
1752061418466,-9.1260986328125,-1.9818004369735718,6.64091682434082
1752061418532,,,6.320094108581543
1752061418533,-8.374319076538086,-1.833359956741333,5.855618953704834
1752061418600,-7.3017168045043945,-1.1965023279190063,5.592256546020508
1752061418601,-7.134122371673584,,
1752061418666,-7.110180377960205,-0.8517372608184814,5.079897403717041
1752061418732,,,4.864419460296631
1752061418733,-7.076661586761475,-1.3353660106658936,4.883573055267334
1752061418800,,,4.802170276641846
1752061418801,-6.569090843200684,-1.7950527667999268,4.792593479156494
1752061418866,-6.722319602966309,-2.3313539028167725,5.281010627746582
1752061418933,-7.296928405761719,-2.384026288986206,5.5778913497924805
1752061419000,-8.33601188659668,-2.2691047191619873,5.980117321014404
1752061419067,-9.241020202636719,-1.3114240169525146,5.683236122131348
1752061419135,-9.475651741027832,-0.6554127335548401,5.405508995056152
1752061419637,-8.944138526916504,-0.3345896899700165,5.161300182342529
1752061419644,-7.378331184387207,-0.5883750915527344,5.055955410003662
1752061419712,,,5.597044944763184
1752061419713,-8.450933456420898,-0.5213374495506287,5.611410140991211
1752061419779,,,5.659294128417969
1752061419780,-8.896254539489746,-0.2819172441959381,
1752061419844,,,5.075109004974365
1752061419845,-9.049484252929688,0.26396074891090393,4.941033840179443
1752061419911,,0.292691171169281,5.0463786125183105
1752061419912,-8.814851760864258,0.19692309200763702,
1752061419995,-8.503605842590332,0.058059390634298325,5.343259811401367
1752061420060,-8.149264335632324,-0.21966800093650818,5.2235493659973145
1752061420126,-7.861959934234619,-0.15263035893440247,4.644152641296387
1752061420193,,,4.232349872589111
1752061420194,-8.000823974609375,-0.3489548861980438,4.639364242553711
1752061424718,,,4.543596267700195
1752061424719,-8.637681007385254,-0.6649895310401917,5.2714338302612305
1752061424720,-8.556278228759766,,
1752061424721,-8.077438354492188,-1.5269020795822144,5.496488571166992
1752061424786,-8.49402904510498,-1.4981716871261597,5.525218963623047
1752061424787,-8.580220222473145,,
1752061424853,-9.145252227783203,-1.9482816457748413,5.692812919616699
1752061425161,-8.85794734954834,-1.5843629837036133,5.405508995056152
1752061425166,-7.8092875480651855,-1.2635399103164673,5.175665378570557
1752061425235,-8.201936721801758,-0.9331400990486145,5.017648220062256
1752061425303,-8.053496360778809,-0.8661024570465088,5.333683013916016
1752061464410,,-1.445499300956726,5.2235493659973145
1752061464411,-8.436568260192871,-1.3162124156951904,
1752061464412,-7.627327919006348,,
1752061464413,-7.416638374328613,-1.0911574363708496,5.683236122131348
1752061464414,-6.712742805480957,-1.5412673950195312,5.721543312072754
1752061464415,-7.890690326690674,,
1752061464418,-7.952939510345459,,
1752061464419,-8.259397506713867,-1.225232720375061,
1752061464420,,-1.4502876996994019,
1752061464421,,-2.230797529220581,5.477334976196289
1752061464422,,,5.276222229003906
1752061464423,-8.101380348205566,-1.2156559228897095,
1752061464424,-8.144475936889648,-0.8661024570465088,
1752061464425,,-0.9810241460800171,5.175665378570557
1752061464426,-8.06307315826416,-1.2012907266616821,5.041590213775635
1752061464427,-8.350377082824707,-1.1150994300842285,5.405508995056152
1752061464495,-7.885901927947998,-1.0145429372787476,5.295375823974609
1752061464561,-7.957727909088135,-0.9953893423080444,5.395932197570801
1752061464648,,-1.0001777410507202,5.539584159851074
1752061464649,-8.09659194946289,-1.0576386451721191,
1752061464717,-8.364742279052734,-1.225232720375061,5.707178115844727
1752061464784,-8.254609107971191,-1.0672154426574707,5.697601318359375
1752061464852,-7.976881504058838,-1.0097545385360718,5.534795761108398
1752061464918,-7.905055522918701,-1.028908133506775,5.319317817687988
1752061469516,,,5.161300182342529
1752061469517,-8.134899139404297,-1.1581950187683105,5.994482517242432
1752061469583,-7.9864583015441895,-1.0145429372787476,5.22833776473999
1752061469650,-8.431779861450195,-0.7751228213310242,5.127781391143799
1752061470655,,-1.028908133506775,5.22833776473999
1752061470656,-8.053496360778809,-0.7511807680130005,
1752061470725,-8.12053394317627,-0.7128735780715942,5.477334976196289
1752061470792,-8.254609107971191,-0.7990648150444031,5.558737754821777
1752061494082,,-0.7224503755569458,5.395932197570801
1752061494083,-8.422203063964844,-1.2826935052871704,5.482123374938965
1752061494084,-8.259397506713867,-0.8182184100151062,5.448604583740234
1752061494085,-7.555501937866211,-0.406415730714798,6.253056526184082
1752061494086,,0.03411737456917763,5.817311763763428
1752061494088,,-0.166995570063591,
1752061494089,-8.268974304199219,,5.616198539733887
1752061494090,-8.359953880310059,-3.1501708030700684,4.601057052612305
1752061494091,-9.260173797607422,0.03411737456917763,5.055955410003662
1752061494156,-8.862735748291016,-0.27712884545326233,4.610633850097656
1752061494223,-8.474875450134277,-0.3298012912273407,4.2993879318237305
1752061494288,-8.283339500427246,0.1825578808784485,4.476558685302734
1752061494352,,,4.524442672729492
1752061494353,-7.70394229888916,0.42676645517349243,4.438251495361328
1752061494420,-8.877100944519043,-0.10474632680416107,5.032013416290283
1752061494486,-8.834005355834961,-0.03770867735147476,5.036801815032959
1752061494553,-9.011177062988281,-0.4255693554878235,4.246715068817139
1752061494722,,,5.060743808746338
1752061494723,-8.843582153320312,-0.31543606519699097,5.3576250076293945
1752061494791,-9.43255615234375,-0.36332011222839355,5.218760967254639
1752061494859,-9.600150108337402,-0.018555063754320145,5.783792972564697
1752061494925,-7.48846435546875,0.383670836687088,5.448604583740234
1752061494991,-8.316858291625977,-0.41120412945747375,4.950610637664795
1752061495060,-6.966528415679932,-0.008978256024420261,4.0982747077941895
1752061495126,-7.498041152954102,-0.023343466222286224,3.978564739227295
1752061495860,-8.058284759521484,-0.27234044671058655,4.902726650238037
1752061495862,,,5.908291339874268
1752061495863,-8.154052734375,-0.3298012912273407,5.630563735961914
1752061495928,,,5.697601318359375
1752061495929,,0.16819266974925995,5.946598529815674
1752061495930,-7.091026782989502,0.0628477931022644,
1752061495992,,,5.190030574798584
1752061495993,-7.7661919593811035,-0.03770867735147476,5.247491359710693
1752061496060,-8.067861557006836,-0.33937808871269226,5.6640825271606445
1752061496126,-6.918644428253174,-0.18614917993545532,5.702389717102051
1752061499316,,-0.023343466222286224,5.333683013916016
1752061499317,-7.153275966644287,0.0867898091673851,6.540360450744629
1752061499321,-8.407837867736816,-2.0440497398376465,5.290587425231934
1752061499390,-8.067861557006836,-1.9482816457748413,5.491700172424316
1752061499391,-8.163629531860352,,
1752061499457,-7.981669902801514,-1.732803463935852,5.094262599945068
1752061499524,-7.842806339263916,-1.6849194765090942,4.883573055267334
1752061499590,,,4.749497413635254
1752061499591,-7.92899751663208,-1.7471686601638794,
1752061500096,-8.019977569580078,-1.6514005661010742,5.099050998687744
1752061500100,-6.971316814422607,-1.4215573072433472,5.9322333335876465
1752061500164,,-1.7615338563919067,5.592256546020508
1752061500165,-7.909843921661377,,
1752061500233,-7.61296272277832,-1.368884801864624,5.075109004974365
1752061500299,-7.378331184387207,-1.6035165786743164,5.898714542388916
1752061519081,-6.856395244598389,-1.1773487329483032,5.242702960968018
1752061519082,-7.83801794052124,-2.3361423015594482,5.118204593658447
1752061519083,-9.09257984161377,-2.2451627254486084,2.8149826526641846
1752061519084,-8.795698165893555,-0.1909375786781311,3.8780081272125244
1752061519085,,0.3597288131713867,5.1996073722839355
1752061519086,-8.388684272766113,,
1752061519087,-8.087015151977539,-1.2012907266616821,
1752061519091,-8.393472671508789,-1.1103110313415527,5.908291339874268
1752061519141,-7.976881504058838,-0.9810241460800171,5.735908508300781
1752061519159,-8.268974304199219,-1.0241197347640991,5.711966514587402
1752061519226,,,5.697601318359375
1752061519227,-7.948151111602783,-0.9331400990486145,5.807734966278076
1752061524205,,,5.5778913497924805
1752061524206,-8.058284759521484,-0.8708908557891846,6.051943302154541
1752061524207,-7.80449914932251,,5.01285982131958
1752061524208,-8.000823974609375,-1.392826795578003,5.027225017547607
1752061524209,-7.996035099029541,,
1752061524212,-7.684788703918457,-0.8134300112724304,5.735908508300781
1752061524251,,,6.506841659545898
1752061524252,-7.732673168182373,-0.9762357473373413,6.578667640686035
1752061524280,-7.8332295417785645,-1.2348095178604126,6.602609634399414
1752061524347,,-1.24917471408844,6.616974830627441
1752061524348,-7.7470383644104,-1.2587515115737915,
1752061539080,,,6.741473197937012
1752061539081,-7.814075946807861,-1.2300211191177368,5.740696907043457
1752061539082,-7.512406349182129,-1.0097545385360718,5.826888561248779
1752061539083,,,6.123769283294678
1752061539084,-6.679224014282227,-2.0679917335510254,5.017648220062256
1752061539085,-7.8763251304626465,,5.903502941131592
1752061539086,,,5.735908508300781
1752061539087,-7.814075946807861,-0.9379284977912903,
1752061539155,-7.991246700286865,-0.9714473485946655,5.616198539733887
1752061539222,-7.952939510345459,-0.9427168965339661,5.66887092590332
1752061539289,-8.053496360778809,-0.9906009435653687,5.692812919616699
1752061539355,,,5.788581371307373
1752061539356,-7.847594738006592,-0.9044097065925598,
1752061539421,,,5.750273704528809
1752061539422,-7.881113529205322,-0.8852560520172119,5.740696907043457
1752061539488,,-0.8804676532745361,5.740696907043457
1752061539489,-7.790133953094482,,
1752061539555,,,5.711966514587402
1752061539556,-7.866748332977295,-0.9235633015632629,5.697601318359375
1752061539621,,,5.7311201095581055
1752061539622,-7.818864345550537,-0.899621307849884,5.711966514587402
1752061539689,-7.972093105316162,-0.9427168965339661,5.7311201095581055
1752061539756,-7.909843921661377,-0.9570821523666382,5.697601318359375
1752061539821,,,5.640140533447266
1752061539822,-7.924209117889404,-0.9379284977912903,5.688024520874023
1752061539888,,,5.75985050201416
1752061539889,-7.866748332977295,-0.9044097065925598,
1752061539955,,,5.7311201095581055
1752061539956,-7.89547872543335,-0.9139865040779114,5.72633171081543
1752061540021,,,5.707178115844727
1752061540022,-7.885901927947998,-0.9139865040779114,5.7311201095581055
1752061540088,,-0.9283517003059387,5.72633171081543
1752061540089,-7.933785915374756,,
1752061556086,,,5.750273704528809
1752061556087,,,5.707178115844727
1752061556090,,,6.104615688323975
1752061556091,,,5.170876979827881
1752061556092,,-0.9379284977912903,5.429450988769531
1752061556093,-7.83801794052124,-0.7224503755569458,
1752061556094,-8.197148323059082,,
1752061556162,-7.957727909088135,-1.105522632598877,5.553949356079102
1752061556228,-8.024765968322754,-1.081580638885498,5.568314552307129
1752061556295,-8.053496360778809,-1.105522632598877,5.506065368652344
1752061556361,-7.9194207191467285,-1.0911574363708496,5.539584159851074
1752061556427,,,5.520430564880371
1752061556428,-8.048707962036133,-1.1007342338562012,
1752061556496,-8.058284759521484,-1.0767922401428223,5.501276969909668
1752061556561,-8.06307315826416,-1.1198878288269043,5.477334976196289
1752061556629,-7.9864583015441895,-1.1198878288269043,5.525218963623047
1752061556696,,-1.1198878288269043,5.491700172424316
1752061556697,-8.09659194946289,-1.105522632598877,
1752061556762,-7.885901927947998,-1.062427043914795,5.587468147277832
1752061556829,-8.048707962036133,-1.0863690376281738,5.520430564880371
1752061556896,-8.034342765808105,-1.1103110313415527,5.482123374938965
1752061556961,,,5.573102951049805
1752061556962,-8.158841133117676,-1.1342530250549316,2.2164323329925537
1752061557028,-5.812523365020752,-1.6944962739944458,8.97765827178955
1752061557096,-6.39192008972168,-0.8134300112724304,5.439027786254883
1752061557162,-7.680000305175781,-0.7655459642410278,5.649717330932617
1752061557228,-8.168417930603027,-1.1773487329483032,5.937021732330322
1752061557726,-7.727884769439697,-1.0672154426574707,5.793369770050049
1752061557731,-8.024765968322754,-1.1725603342056274,5.520430564880371
1752061557801,-7.847594738006592,-1.1629834175109863,6.142922878265381
1752061557867,-7.569867134094238,-1.105522632598877,6.023212909698486
1752061574515,-7.708730697631836,-1.1390414237976074,6.037578105926514
1752061574516,-7.842806339263916,-1.004966139793396,5.793369770050049
1752061574517,-7.9194207191467285,-0.9953893423080444,5.692812919616699
1752061574518,-7.957727909088135,-0.9475052952766418,5.697601318359375
1752061574519,-7.828441143035889,-1.0145429372787476,5.711966514587402
1752061574522,-7.957727909088135,-1.0480618476867676,5.66887092590332
1752061574590,,,5.740696907043457
1752061574591,-7.890690326690674,-1.0959458351135254,5.735908508300781
1752061574657,,,5.764639377593994
1752061574658,-7.83801794052124,-1.0528502464294434,5.774216175079346
1752061574741,-7.881113529205322,-1.0432734489440918,5.740696907043457
1752061574746,-7.92899751663208,-1.028908133506775,5.711966514587402
1752061574810,-7.83801794052124,-1.028908133506775,5.707178115844727
1752061574876,,,5.76942777633667
1752061574877,-7.881113529205322,-1.0336965322494507,5.788581371307373
1752061574944,-7.780557155609131,-1.0241197347640991,5.7790045738220215
1752061575045,-7.900267124176025,-1.0720038414001465,5.76942777633667
1752061575049,-7.861959934234619,-1.0767922401428223,5.707178115844727
1752061575114,,,5.721543312072754
1752061575115,-7.943362712860107,-1.0863690376281738,
1752061575182,-7.828441143035889,-1.0001777410507202,5.716754913330078
1752061575247,-7.881113529205322,-1.0480618476867676,5.735908508300781
1752061575314,,-1.0576386451721191,5.702389717102051
1752061575315,-7.847594738006592,,
1752061575382,,-1.0720038414001465,5.75985050201416
1752061575383,-7.905055522918701,,
1752061575447,,-1.0720038414001465,5.76942777633667
1752061575448,-7.890690326690674,,
1752061576682,,,5.774216175079346
1752061576683,,-1.028908133506775,
1752061576686,,-1.028908133506775,
1752061576687,-7.799710750579834,,
1752061576688,,,5.716754913330078
1752061576755,-7.885901927947998,-1.0672154426574707,5.716754913330078
1752061576821,-7.952939510345459,-1.0241197347640991,5.735908508300781
1752061576887,,,5.788581371307373
1752061576888,-7.756615161895752,-0.9810241460800171,5.8029465675354
1752061576954,,-1.0241197347640991,5.721543312072754
1752061576955,-7.814075946807861,,
1752061579555,,-1.0863690376281738,5.688024520874023
1752061579556,-7.83801794052124,-1.062427043914795,5.745485305786133
1752061579561,-7.905055522918701,-1.0241197347640991,5.716754913330078
1752061579630,-7.871536731719971,-1.0720038414001465,5.72633171081543
1752061579696,-7.909843921661377,-1.0528502464294434,5.721543312072754
1752061579763,,,5.740696907043457
1752061579764,-7.83801794052124,-1.0480618476867676,5.7311201095581055
1752061579830,-7.914632320404053,-1.0384849309921265,5.721543312072754
1752061579945,-7.8092875480651855,-1.0432734489440918,5.750273704528809
1752061580014,-7.799710750579834,-1.0576386451721191,5.8029465675354
1752061580080,,,5.711966514587402
1752061580081,-7.933785915374756,-1.0528502464294434,
1752061580147,,,5.72633171081543
1752061580148,-7.842806339263916,-1.0480618476867676,5.735908508300781
1752061616088,,,5.697601318359375
1752061616089,,-1.0384849309921265,
1752061616090,-7.943362712860107,-1.0480618476867676,
1752061616093,-7.881113529205322,,
1752061616094,-7.852383136749268,,5.745485305786133
1752061616095,,-1.0241197347640991,5.711966514587402
1752061616099,,-1.0480618476867676,5.788581371307373
1752061616100,-7.842806339263916,-1.0480618476867676,
1752061616101,-7.823652744293213,,5.745485305786133
1752061616102,,-1.0432734489440918,5.774216175079346
1752061616103,-7.646481513977051,-0.8948329091072083,
1752061616104,-7.92899751663208,,5.654505729675293
1752061616105,-7.933785915374756,-1.004966139793396,5.72633171081543
1752061616106,-7.713519096374512,-0.9522937536239624,5.702389717102051
1752061616107,-7.933785915374756,-0.9139865040779114,5.764639377593994
1752061616171,-7.981669902801514,-1.0145429372787476,5.458181381225586
1752061616237,,,5.400720596313477
1752061616238,-8.101380348205566,-0.8900445103645325,5.434239387512207
1752061616304,-8.087015151977539,-0.9331400990486145,5.482123374938965
1752061616371,,,5.8029465675354
1752061616372,-7.828441143035889,-0.8421604633331299,
1752061616437,,,5.793369770050049
1752061616438,-7.799710750579834,-1.0145429372787476,
1752061616541,-8.034342765808105,-0.9570821523666382,5.5108537673950195
1752061616545,-8.130110740661621,-0.9379284977912903,5.482123374938965
1752061616609,-7.996035099029541,-0.8661024570465088,5.616198539733887
1752061616677,,,5.798158168792725
1752061616678,-7.852383136749268,-0.9666589498519897,5.817311763763428
1752061616744,-7.991246700286865,-0.9379284977912903,5.568314552307129
1752061616849,-8.082226753234863,-1.0480618476867676,5.491700172424316
1752061616853,-8.12053394317627,-0.8661024570465088,5.525218963623047
1752061616917,,-0.9953893423080444,5.812523365020752
1752061616918,-7.828441143035889,,
1752061616986,-8.043919563293457,-0.9762357473373413,5.582679748535156
1752061617052,,-0.8708908557891846,5.491700172424316
1752061617053,-8.010400772094727,-0.8517372608184814,
1752061617118,,,5.812523365020752
1752061617119,-7.871536731719971,-0.899621307849884,
1752061617185,-7.861959934234619,-0.9235633015632629,5.745485305786133
1752061617253,-7.9864583015441895,-0.8756792545318604,5.5778913497924805
1752061621377,,,5.9322333335876465
1752061621378,-7.92899751663208,-0.8373720645904541,5.917868137359619
1752061621379,,-1.0384849309921265,5.448604583740234
1752061621445,-7.742249965667725,-0.9283517003059387,5.501276969909668
1752061621510,,,5.5778913497924805
1752061621511,-8.091803550720215,-0.8708908557891846,5.45339298248291
1752061622990,,,5.32889461517334
1752061622991,-8.163629531860352,-0.899621307849884,5.41987419128418
1752061622995,-8.043919563293457,-1.0863690376281738,5.874772548675537
1752061623064,,,5.793369770050049
1752061623065,-8.010400772094727,-0.9427168965339661,
1752061623132,-7.751826763153076,-0.9187749028205872,5.525218963623047
1752061635750,,,5.76942777633667
1752061635751,,,5.597044944763184
1752061635754,,,5.319317817687988
1752061635757,,,5.405508995056152
1752061635758,-8.067861557006836,-1.0001777410507202,5.95138692855835
1752061635759,-7.981669902801514,,
1752061635814,-8.46051025390625,-1.062427043914795,4.725555419921875
1752061635882,-8.431779861450195,-1.1390414237976074,5.462969779968262
1752061635950,-6.616974830627441,-1.1869255304336548,6.741473197937012
1752061636014,-8.470087051391602,-1.7663222551345825,6.976105213165283
1752061636081,,,5.879560947418213
1752061636082,-7.632116317749023,-1.0001777410507202,5.807734966278076
1752061636148,-8.470087051391602,-1.5029600858688354,5.36241340637207
1752061660079,-8.40304946899414,-1.8908207416534424,5.86040735244751
1752061660081,,-3.4757823944091797,4.208407878875732
1752061660082,-9.39903736114502,-1.1007342338562012,
1752061660083,-8.771756172180176,-0.5740098357200623,6.190806865692139
1752061660084,-7.976881504058838,-2.168548107147217,5.520430564880371
1752061660085,-8.158841133117676,-0.43514615297317505,4.050390720367432
1752061660086,-9.145252227783203,-0.9331400990486145,4.739920616149902
1752061660088,-8.781332969665527,0.3884592354297638,4.505289077758789
1752061660130,-9.422979354858398,0.2974795699119568,4.9170918464660645
1752061660197,-9.303269386291504,0.4507084786891937,5.036801815032959
1752061660264,-8.987235069274902,0.5129576921463013,4.926668643951416
1752061660331,-8.776544570922852,0.6661866307258606,4.75428581237793
1752061660397,-8.383895874023438,0.800261914730072,4.529231071472168
1752061660464,,0.800261914730072,4.476558685302734
1752061660465,-8.46051025390625,0.8242039084434509,
1752061660531,-8.666411399841309,0.8816647529602051,4.438251495361328
1752061660532,-8.661623001098633,,
1752061660598,-8.216301918029785,0.8577227592468262,4.706401824951172
1752061660664,-8.144475936889648,0.656609833240509,4.88836145401001
1752061660731,-8.848370552062988,0.35015198588371277,4.897938251495361
1752061660797,-8.599373817443848,0.5225345492362976,4.711190223693848
1752061660863,,,5.247491359710693
1752061660864,-8.570643424987793,0.39803603291511536,5.127781391143799
1752061660931,-8.7669677734375,,
1752061660997,,,4.687248229980469
1752061660998,-8.671199798583984,-0.34416648745536804,4.658517837524414
1752061661064,-8.652046203613281,-0.7416039705276489,4.39036750793457
1752061661131,,-0.9283517003059387,4.620210647583008
1752061661132,-8.508394241333008,,
1752061684612,,,5.180453777313232
1752061684613,,-0.43993455171585083,4.912303447723389
1752061684614,-7.976881504058838,0.30705636739730835,
1752061684615,-8.776544570922852,-0.5883750915527344,6.2865753173828125
1752061684616,,-1.1294646263122559,8.503605842590332
1752061684617,-6.372766494750977,,7.560290336608887
1752061684618,-7.92899751663208,-0.29628247022628784,5.371990203857422
1752061684619,,-0.535702645778656,
1752061684621,-7.526771545410156,-0.9953893423080444,5.8891377449035645
1752061684685,-7.967304706573486,-1.445499300956726,5.999270915985107
1752061684753,-7.9194207191467285,-1.8477251529693604,6.51641845703125
1752061684807,-8.177994728088379,-1.7854759693145752,6.2865753173828125
1752061684873,,-1.2826935052871704,5.630563735961914
1752061684874,-7.905055522918701,,
1752061684938,-7.9625163078308105,-0.9475052952766418,6.10940408706665
1752061685005,,-1.0193313360214233,6.276998519897461
1752061685006,-7.61296272277832,,
1752061685072,,,5.439027786254883
1752061685073,-7.7230963706970215,-0.7894880175590515,5.477334976196289
1752061689570,-7.205948352813721,-0.9666589498519897,5.716754913330078
1752061689571,-7.186794757843018,-1.6609774827957153,6.454169273376465
1752061689572,-6.976105213165283,,
1752061689573,-6.612186431884766,-0.8182184100151062,7.234679222106934
1752061689638,-6.449380874633789,-0.9714473485946655,7.7183074951171875
1752061689704,-5.937021732330322,-0.8517372608184814,7.699153900146484
1752061689771,-6.229114055633545,-0.961870551109314,7.92899751663208
1752061689838,-6.276998519897461,-1.2970588207244873,8.154052734375
1752061690798,,-1.2204443216323853,8.67598819732666
1752061690799,-6.842030048370361,,
1752061690809,-7.464522361755371,-0.679354727268219,9.355941772460938
1752061690815,-5.812523365020752,-1.3066356182098389,7.61296272277832
1752061690883,-6.344036102294922,-1.2731167078018188,7.569867134094238
1752061690950,,,7.828441143035889
1752061690951,-6.348824501037598,-1.105522632598877,7.775768756866455
1752061701723,,,7.445368766784668
1752061701724,,,7.459733963012695
1752061701725,,,7.92899751663208
1752061701727,,,6.779780864715576
1752061701728,,-0.9522937536239624,6.813299655914307
1752061701729,,-1.081580638885498,
1752061701730,,-0.5069721937179565,
1752061701731,-5.994482517242432,-1.3162124156951904,
1752061701796,-6.741473197937012,-0.7799112200737,6.315305709838867
1752061701862,-7.617751121520996,-1.028908133506775,6.243479251861572
1752061711497,,-1.1103110313415527,6.190806865692139
1752061711498,-8.019977569580078,-1.2970588207244873,
1752061711499,-7.153275966644287,,
1752061711563,,,6.521206855773926
1752061711564,-6.7749924659729,-1.8381483554840088,
1752061711630,,-1.7519570589065552,6.367978096008301
1752061711631,-7.182006359100342,-1.6801310777664185,
1752061711722,-7.028777599334717,-1.8908207416534424,6.6361284255981445
1752061711726,-7.062296390533447,-1.7088614702224731,6.358401298522949
1752061711791,-6.980893611907959,-1.8046295642852783,6.69837760925293
1752061711857,,,6.502053260803223
1752061711858,-7.028777599334717,-1.9434932470321655,
1752061711925,-7.004835605621338,-1.713649868965149,6.415862083435059
1752061720072,,,6.30094051361084
1752061720073,,,6.20038366317749
1752061720074,-7.416638374328613,-1.6801310777664185,6.16686487197876
1752061720075,-7.493252754211426,,
1752061720137,,-1.0336965322494507,6.291363716125488
1752061720138,-7.474099159240723,-1.0241197347640991,
1752061720204,,-1.004966139793396,6.248267650604248
1752061720205,-7.507617950439453,,
1752061720269,,,6.229114055633545
1752061720270,-7.39748477935791,-0.9953893423080444,6.214748859405518
1752061720336,-7.517194747924805,-1.0336965322494507,6.176441669464111
1752061720403,-7.507617950439453,-1.0528502464294434,6.214748859405518
1752061720469,-7.507617950439453,-1.0336965322494507,6.214748859405518
1752061720536,-7.450157165527344,-1.0145429372787476,6.147711277008057
1752061720604,,,6.229114055633545
1752061720605,-7.512406349182129,-1.0097545385360718,6.2386908531188965
1752061720669,,,6.262633323669434
1752061720670,-7.531559944152832,-1.0767922401428223,6.267421722412109
1752061720737,-7.493252754211426,-1.0097545385360718,6.2386908531188965
1752061720804,-7.431003570556641,-1.0193313360214233,6.233902454376221
1752061720870,-7.483675956726074,-1.0241197347640991,6.229114055633545
1752061720937,-7.512406349182129,-1.0145429372787476,6.229114055633545
1752061721003,,,6.181230068206787
1752061721004,-7.483675956726074,-1.0001777410507202,6.20038366317749
1752061721070,-7.498041152954102,-1.0480618476867676,6.190806865692139
1752061721136,,,6.219537258148193
1752061721137,-7.445368766784668,-1.0432734489440918,6.219537258148193
1752061721205,-7.589020729064941,-1.0720038414001465,6.248267650604248
1752061738086,,,6.262633323669434
1752061738089,,,6.233902454376221
1752061738090,,-0.9810241460800171,6.1716532707214355
1752061738091,,-0.9858125448226929,
1752061738092,-7.464522361755371,-0.013766659423708916,
1752061738093,-7.483675956726074,,
1752061738155,,,4.8309006690979
1752061738156,-8.240243911743164,-0.8038532137870789,4.8500542640686035
1752061738223,-8.450933456420898,-0.9570821523666382,4.902726650238037
1752061738290,-8.431779861450195,-0.9235633015632629,4.969764232635498
1752061738356,-8.699930191040039,-1.0001777410507202,5.032013416290283
1752061738423,-8.613739013671875,-0.8948329091072083,5.065532207489014
1752061738517,-8.671199798583984,-0.8565256595611572,5.146934986114502
1752061738522,-8.379107475280762,-0.6889315247535706,5.170876979827881
1752061738587,-8.024765968322754,-0.6362590789794922,4.955399036407471
1752061738652,,,5.01285982131958
1752061738653,-7.9194207191467285,-0.6075286865234375,
1752061738719,,,5.376778602600098
1752061738720,-7.900267124176025,-0.6171054840087891,5.300164222717285
1752061738787,-8.134899139404297,-0.6027402877807617,5.032013416290283
1752061738841,,,4.993706226348877
1752061738842,-8.561066627502441,-0.8565256595611572,
1752061738906,,,5.343259811401367
1752061738907,-8.671199798583984,-0.8756792545318604,5.36241340637207
1752061738973,,,5.32889461517334
1752061738974,-8.479663848876953,-0.7655459642410278,5.261856555938721
1752061739040,-8.12053394317627,-0.7942764163017273,5.434239387512207
1752061739107,,,5.798158168792725
1752061739108,-8.273762702941895,-1.2348095178604126,
1752061739174,-7.713519096374512,-0.8948329091072083,5.616198539733887
1752061739240,-7.991246700286865,-0.8469488620758057,5.72633171081543
1752061742372,,,5.443816184997559
1752061742373,-8.101380348205566,-1.1198878288269043,5.376778602600098
1752061742374,-7.780557155609131,,
1752061742376,-8.039131164550781,-2.652176856994629,5.649717330932617
1752061742442,-7.794922351837158,-2.518101692199707,5.874772548675537
1752061742509,-7.560290336608887,-2.384026288986206,5.798158168792725
1752061742860,,-2.2882583141326904,5.558737754821777
1752061742861,-7.483675956726074,-2.3074119091033936,
1752061742866,-7.392696380615234,-2.0201077461242676,5.917868137359619
1752061742936,-8.02955436706543,-1.569997787475586,5.841253757476807
1752061743002,-8.934561729431152,-1.6944962739944458,4.984129428863525
1752061752525,,,4.677671432495117
1752061752526,-8.781332969665527,-2.249951124191284,5.170876979827881
1752061752527,-8.49402904510498,-0.4207809567451477,4.787805080413818
1752061752528,-9.111733436584473,-0.9091981053352356,3.7630865573883057
1752061752529,-9.087791442871094,,
1752061752531,-9.039907455444336,-0.17178396880626678,4.878784656524658
1752061752598,,0.26396074891090393,4.835689067840576
1752061752599,-8.110957145690918,,
1752061752666,-8.235455513000488,0.1346738487482071,6.090250492095947
1752061752733,,,5.8891377449035645
1752061752734,-7.27298641204834,0.4315548539161682,5.95138692855835
1752061752798,-7.881113529205322,-0.3345896899700165,5.242702960968018
1752061752864,,,4.601057052612305
1752061752865,-8.417414665222168,-0.8852560520172119,
1752061752932,-8.982446670532227,-1.4933832883834839,4.945822238922119
1752061753808,-8.652046203613281,-1.392826795578003,5.400720596313477
1752061753811,-7.593809127807617,-1.2874820232391357,6.080673694610596
1752061753877,-7.483675956726074,-1.2204443216323853,5.965752124786377
1752061753944,-7.823652744293213,-1.0576386451721191,6.056731700897217
1752061782079,,,5.994482517242432
1752061782080,-7.378331184387207,-0.9858125448226929,6.415862083435059
1752061782081,-8.805274963378906,,5.5778913497924805
1752061782082,,,5.8029465675354
1752061782083,,,6.612186431884766
1752061782084,,-1.0336965322494507,
1752061782085,-7.469310760498047,-0.5117605924606323,5.8651957511901855
1752061782086,-6.746262073516846,,
1752061782087,,,6.727108001708984
1752061782089,,,6.2386908531188965
1752061782090,,-0.6937199234962463,6.248267650604248
1752061782091,-8.561066627502441,-0.4638765752315521,
1752061782092,-8.757390975952148,,5.22833776473999
1752061782158,-9.049484252929688,0.42197805643081665,5.343259811401367
1752061782224,,0.900818407535553,6.190806865692139
1752061782225,-9.676764488220215,,
1752061782291,-7.938574314117432,0.42197805643081665,6.645705223083496
1752061782358,,0.23044191300868988,6.281786918640137
1752061782359,-7.9625163078308105,0.3166331648826599,
1752061782424,,,5.66887092590332
1752061782425,-8.072649955749512,0.28790274262428284,
1752061782491,-7.589020729064941,0.48901569843292236,5.616198539733887
1752061782559,-8.489240646362305,0.8481459617614746,5.151723384857178
1752061782624,,0.9103952050209045,5.257068157196045
1752061782625,-8.64246940612793,,
1752061782692,-7.70394229888916,0.37409400939941406,5.352836608886719
1752061782758,,,5.496488571166992
1752061782759,-7.028777599334717,-0.47824180126190186,
1752061782824,-7.536348342895508,-1.0097545385360718,5.937021732330322
1752061782890,,,5.917868137359619
1752061782891,,,6.272210121154785
1752061782892,-7.871536731719971,-1.1965023279190063,6.473322868347168
1752061782958,-8.647257804870605,-0.578798234462738,6.39192008972168
1752061783024,,-1.0720038414001465,6.674435615539551
1752061783025,-8.565855026245117,,
1752061783092,,,5.75985050201416
1752061783094,-7.938574314117432,-0.6649895310401917,5.702389717102051
1752061783159,-7.584232330322266,-0.2388216257095337,6.061520099639893
1752061783224,-7.196371555328369,-0.27234044671058655,6.157288074493408
1752061783261,-7.30650520324707,-0.43035775423049927,6.478111267089844
1752061783325,-7.038354396820068,-0.5117605924606323,6.152499675750732
1752061783393,-7.885901927947998,-0.6841431260108948,6.066308498382568
1752061783459,,-1.1294646263122559,6.674435615539551
1752061783460,-8.125322341918945,,
1752061783526,-8.422203063964844,-0.7559691667556763,5.798158168792725
1752061783593,-7.39748477935791,-0.5500678420066833,5.587468147277832
1752061783660,-6.712742805480957,-0.7846996188163757,6.736684799194336
1752061783726,-7.416638374328613,-0.7272387742996216,6.013636112213135
1752061783792,,,5.788581371307373
1752061783793,-8.508394241333008,-0.43514615297317505,
1752061783859,,,5.606621742248535
1752061783860,-7.823652744293213,-0.3298012912273407,5.491700172424316
1752061783926,,,5.381567001342773
1752061783927,-8.058284759521484,-0.43514615297317505,
1752061783992,,,6.080673694610596
1752061783993,-8.699930191040039,-0.3824737071990967,6.028001308441162
1752061784060,,,5.2235493659973145
1752061784061,-7.9625163078308105,0.18734627962112427,
1752061784126,-8.039131164550781,-0.17657238245010376,5.764639377593994
1752061784127,-7.933785915374756,,
1752061784193,,0.48901569843292236,5.233126163482666
1752061784194,-7.416638374328613,0.4315548539161682,
1752061784260,-7.952939510345459,0.345363587141037,5.22833776473999
1752061784326,-8.197148323059082,0.09157821536064148,4.792593479156494
1752061784393,-8.173206329345703,-0.24361002445220947,5.434239387512207
1752061784460,-8.249820709228516,-0.12868833541870117,5.348048210144043
1752061784525,-7.866748332977295,0.01975216343998909,5.405508995056152
1752061784577,,,5.568314552307129
1752061784578,-8.7669677734375,-0.2148796021938324,5.5778913497924805
1752061784642,-7.7470383644104,0.14425064623355865,5.745485305786133
1752061784708,-8.00561237335205,-0.10953472554683685,5.434239387512207
1752061784775,,,4.897938251495361
1752061784776,-8.61852741241455,0.0867898091673851,4.586691856384277
1752061784842,-8.810063362121582,-0.028131870552897453,5.204395771026611
1752061784908,,,5.716754913330078
1752061784909,-8.819640159606934,-0.018555063754320145,5.659294128417969
1752061784976,-8.101380348205566,0.2735375463962555,5.290587425231934
1752061787032,-8.412626266479492,0.06763619929552078,5.558737754821777
1752061787038,-7.976881504058838,-1.0097545385360718,5.3576250076293945
1752061787106,,,5.2666449546813965
1752061787107,-9.533112525939941,-2.010530948638916,
1752061787173,-8.053496360778809,-1.4407109022140503,5.10383939743042
1752061787240,-8.948927879333496,-1.8189947605133057,5.649717330932617
1752061787306,-8.043919563293457,-1.5173252820968628,5.4246625900268555
1752061787372,,,4.955399036407471
1752061787373,-7.9864583015441895,-1.12467622756958,4.4526166915893555
1752061787440,-8.508394241333008,-1.3401544094085693,5.721543312072754
1752061787506,,,5.247491359710693
1752061787507,-7.866748332977295,-1.1677719354629517,
1752061787573,-8.498817443847656,-1.3305776119232178,5.640140533447266
1752061787642,-8.685564994812012,-1.512536883354187,6.741473197937012
1752061787707,,-1.2922704219818115,6.918644428253174
1752061787708,-8.02955436706543,,
1752061787773,,,6.0854620933532715
1752061787774,-8.541913032531738,-1.5173252820968628,5.587468147277832
1752061787840,,,5.76942777633667
1752061787841,-8.652046203613281,-1.349731206893921,
1752061787907,-8.082226753234863,-0.9666589498519897,4.519654273986816
1752061787973,-7.823652744293213,-0.8038532137870789,5.1565117835998535
1752061788041,-6.909067630767822,-0.3776853084564209,5.4246625900268555
1752061788107,-6.525995254516602,-0.5069721937179565,5.276222229003906
1752061788173,-6.7941460609436035,-1.3449428081512451,5.640140533447266
1752061788241,-7.354389190673828,-1.790264368057251,4.763862609863281
1752061788307,,,4.476558685302734
1752061788308,-8.944138526916504,-2.1302409172058105,4.361637115478516
1752061788373,-9.619303703308105,-2.010530948638916,4.174889087677002
1752061788441,-9.327211380004883,-1.7232266664505005,3.9881415367126465
1752061788507,,,4.083909511566162
1752061788508,-9.461286544799805,-1.5508441925048828,
1752061788573,-9.025542259216309,-1.325789213180542,4.270657062530518
1752061788641,,-1.2779051065444946,5.640140533447266
1752061788642,-7.847594738006592,,
1752061789785,,,5.343259811401367
1752061789786,-7.474099159240723,-1.0001777410507202,5.2714338302612305
1752061789789,-8.431779861450195,-2.5468320846557617,5.257068157196045
1752061789854,-8.18757152557373,-2.0679917335510254,4.998494625091553
1752061789921,-8.537124633789062,-2.273893117904663,5.166088581085205
1752061791453,,-2.321777105331421,4.97934103012085
1752061791454,-7.756615161895752,,
1752061791459,-8.154052734375,-2.9059622287750244,4.490923881530762
1752061791527,,,4.433463096618652
1752061791528,-8.527547836303711,-3.207631826400757,
1752061791595,-8.9680814743042,-3.4997243881225586,4.644152641296387
1752061793916,,-3.5284547805786133,4.945822238922119
1752061793917,-8.436568260192871,-2.695272445678711,3.207631826400757
1752061793921,,-1.028908133506775,2.407968282699585
1752061793922,-9.059061050415039,,
1752061793990,,-1.2012907266616821,2.230797529220581
1752061793991,-9.868300437927246,,
1752061794056,,,2.1924901008605957
1752061794057,-9.633668899536133,-1.081580638885498,2.3265655040740967
1752061794124,-9.968857765197754,-1.2731167078018188,2.321777105331421
1752061794190,-9.566631317138672,-1.2156559228897095,1.9865888357162476
1752061794241,-9.389460563659668,-1.3640964031219482,1.4981716871261597
1752061794305,,,1.6561890840530396
1752061794306,-9.719860076904297,-1.5316904783248901,1.5029600858688354
1752061794372,,-1.3162124156951904,1.5029600858688354
1752061794373,-10.011953353881836,,
1752061794440,-9.609726905822754,-1.12467622756958,1.8860323429107666
1752061794533,-9.815628051757812,-1.1917139291763306,2.0919337272644043
1752061794537,-9.667187690734863,-1.0720038414001465,2.2212207317352295
1752061794603,-9.700706481933594,-1.0432734489440918,2.1541829109191895
1752061794668,,,2.206855535507202
1752061794670,-9.77253246307373,-1.0001777410507202,
1752061794736,-9.806051254272461,-0.9331400990486145,2.206855535507202
1752061794802,,,2.2834699153900146
1752061794803,-9.643245697021484,-0.9906009435653687,2.249951124191284
1752061794868,-9.470863342285156,-0.9139865040779114,2.3026235103607178
1752061794935,-9.226655006408691,-0.9475052952766418,2.144606113433838
1752061795039,,,2.2212207317352295
1752061795040,-9.317634582519531,-1.5987281799316406,
1752061795044,-8.340800285339355,-1.5364789962768555,2.963423252105713
1752061795109,-9.346364974975586,-2.18770170211792,2.5899276733398438
1752061795176,-9.566631317138672,-1.6992846727371216,2.585139274597168
1752061795242,,-2.738368272781372,3.451840400695801
1752061795243,-9.09257984161377,,
1752061795310,-9.27453899383545,-1.1869255304336548,4.136581897735596
1752061795375,-9.49001693725586,-1.6992846727371216,4.136581897735596
1752061795443,-8.91540813446045,-1.6466121673583984,4.213196277618408
1752061795509,-9.00160026550293,-1.8285715579986572,4.404732704162598
1752061795575,-8.072649955749512,-1.6801310777664185,4.869207859039307
1752061795642,,-1.6178817749023438,4.821323871612549
1752061795643,-8.034342765808105,,
1752061795708,,,5.688024520874023
1752061795709,-7.814075946807861,-1.8237831592559814,5.534795761108398
1752061795775,,,5.089474201202393
1752061795776,-7.794922351837158,-1.3784615993499756,
1752061795842,,,4.969764232635498
1752061795843,-7.92899751663208,-1.546055793762207,
1752061795909,-8.197148323059082,-1.5077484846115112,4.859631061553955
1752061795975,,-1.349731206893921,5.022436618804932
1752061795976,-7.574655532836914,,
1752061796042,,,5.573102951049805
1752061796043,-8.489240646362305,-1.8477251529693604,
1752061796108,,,5.6209869384765625
1752061796109,-8.177994728088379,-1.7184382677078247,5.740696907043457
1752061797135,,-1.7040730714797974,5.640140533447266
1752061797136,-8.345588684082031,,
1752061797138,-5.415085792541504,-0.7128735780715942,8.33601188659668
1752061797203,-5.716754913330078,-0.8756792545318604,8.465298652648926
1752061797270,,,8.034342765808105
1752061797271,-5.458181381225586,-0.9522937536239624,8.254609107971191
1752061797336,-5.75985050201416,-1.325789213180542,8.503605842590332
1752061801213,,,6.320094108581543
1752061801214,,,6.64091682434082
1752061801215,,0.6087257862091064,6.4398040771484375
1752061801216,-6.674435615539551,0.7571662664413452,
1752061801217,,0.10594342648983002,6.818088054656982
1752061801218,-7.478887557983398,,
1752061801282,,,6.818088054656982
1752061801283,-7.416638374328613,0.1346738487482071,
1752061801349,-7.517194747924805,0.09636662155389786,6.511630058288574
1752061801415,-7.124545574188232,0.2064998894929886,6.444592475891113
1752061802965,-6.779780864715576,0.26396074891090393,6.2865753173828125
1752061802969,,,6.827664852142334
1752061802970,-6.961740016937256,-0.8852560520172119,
1752061803038,,,6.162076473236084
1752061803039,-7.680000305175781,-1.4502876996994019,6.008847713470459
1752061803105,,,5.927444934844971
1752061803106,-6.660070419311523,-0.9044097065925598,6.909067630767822
1752061803171,,,6.157288074493408
1752061803172,-6.942586421966553,-0.9714473485946655,
1752061803238,-7.6752119064331055,-1.5221136808395386,6.530783653259277
1752061803305,,-1.4550760984420776,6.60739803314209
1752061803306,-7.426215171813965,,
1752061803371,,,6.281786918640137
1752061803372,-7.244256019592285,-1.5221136808395386,
1752061803439,-7.646481513977051,-2.1733365058898926,6.870760440826416
1752061803507,-7.27298641204834,-1.732803463935852,6.554725646972656
1752061803572,-6.894702434539795,-1.5077484846115112,6.233902454376221
1752061804968,,-1.933916449546814,6.885125637054443
1752061804969,-7.071873188018799,,
1752061805037,-8.00561237335205,-1.062427043914795,5.611410140991211
1752061805105,-7.900267124176025,-1.2156559228897095,6.281786918640137
1752061805170,,,6.291363716125488
1752061805171,-7.823652744293213,-1.9482816457748413,6.353612899780273
1752061805436,-7.83801794052124,-2.3026235103607178,6.363189697265625
1752061805505,-7.033565998077393,-1.512536883354187,6.530783653259277
1752061805571,-7.36396598815918,-1.6657658815383911,5.798158168792725
1752061805637,,-1.613093376159668,5.348048210144043
1752061805638,-7.57944393157959,-1.5316904783248901,
1752061805974,,,5.879560947418213
1752061805975,-7.402273178100586,-0.8661024570465088,5.683236122131348
1752061805980,-7.818864345550537,-1.7280150651931763,6.262633323669434
1752061806050,-7.794922351837158,-1.4550760984420776,6.233902454376221
1752061806115,,,6.2386908531188965
1752061806116,-7.885901927947998,-1.4933832883834839,
1752061806182,,,6.209960460662842
1752061806183,-7.205948352813721,-1.7519570589065552,6.339247703552246
1752061806248,-7.378331184387207,-2.235585927963257,6.401496887207031
1752061806315,-8.192359924316406,-2.3122003078460693,6.535572052001953
1752061806382,,,6.95695161819458
1752061806383,-7.8332295417785645,-2.0201077461242676,6.870760440826416
1752061806972,,,6.7031660079956055
1752061806973,-7.555501937866211,-1.9626468420028687,6.631340026855469
1752061806979,-8.407837867736816,-2.714426279067993,5.448604583740234
1752061807048,,,5.970540523529053
1752061807049,-7.656058311462402,-2.101510524749756,
1752061807114,,,6.411073684692383
1752061807115,-7.253832817077637,-2.3361423015594482,
1752061807180,,,5.783792972564697
1752061807181,-7.699153900146484,-2.364872694015503,6.525995254516602
1752061807247,,,6.511630058288574
1752061807248,-7.70394229888916,-2.403179883956909,6.597821235656738
1752061807314,-6.980893611907959,-3.0208840370178223,6.928221225738525
1752061807380,,,4.816535472869873
1752061807381,-8.996811866760254,-0.45908817648887634,
1752061807449,-8.340800285339355,-0.6027402877807617,6.1285576820373535
1752061807514,,,5.817311763763428
1752061807515,-7.253832817077637,-1.1294646263122559,
1752061807582,-7.205948352813721,-1.6944962739944458,5.8221001625061035
1752061807648,,,5.539584159851074
1752061807649,-7.4549455642700195,-0.8756792545318604,5.295375823974609
1752061807715,,,5.008071422576904
1752061807716,-7.828441143035889,-1.7088614702224731,
1752061807781,,,5.5778913497924805
1752061807782,-7.627327919006348,-1.8046295642852783,
1752061807849,,,5.927444934844971
1752061807850,-8.00561237335205,-1.2826935052871704,
1752061807915,,,6.099827289581299
1752061807916,-8.431779861450195,-0.4686649739742279,
1752061807982,-8.963293075561523,0.6757634282112122,5.836465358734131
1752061808050,,,5.458181381225586
1752061808051,-9.734225273132324,2.0452468395233154,
1752061808114,,,4.69682502746582
1752061808115,-8.814851760864258,2.299032211303711,
1752061808181,,,4.854842662811279
1752061808182,-7.996035099029541,1.7387889623641968,4.524442672729492
1752061810481,-7.555501937866211,1.4131776094436646,4.2993879318237305
1752061810487,-9.1260986328125,,
1752061810489,,-0.6506243348121643,5.065532207489014
1752061810553,,,5.841253757476807
1752061810554,-8.9680814743042,-0.6937199234962463,5.659294128417969
1752061810620,,,5.678447723388672
1752061810621,-9.241020202636719,-0.4878185987472534,
1752061859073,,-0.3298012912273407,4.6489410400390625
1752061859074,-9.130887031555176,0.17298106849193573,5.027225017547607
1752061859075,-8.125322341918945,-1.004966139793396,5.539584159851074
1752061859076,-8.33601188659668,-3.1070752143859863,1.5556325912475586
1752061859077,,-1.5795745849609375,3.006518840789795
1752061859078,,-1.3784615993499756,
1752061859079,-8.82442855834961,-0.48303020000457764,3.3464953899383545
1752061859080,-7.569867134094238,-0.04249707981944084,5.98490571975708
1752061859081,-8.110957145690918,-1.4167689085006714,5.855618953704834
1752061859082,-7.186794757843018,-1.0384849309921265,6.032789707183838
1752061859083,-6.808511257171631,1.0348936319351196,6.717531204223633
1752061859085,-8.197148323059082,-0.29149407148361206,5.290587425231934
1752061859086,-7.900267124176025,-1.1007342338562012,4.950610637664795
1752061859087,-8.939350128173828,-1.1965023279190063,4.6920366287231445
1752061859088,-9.906607627868652,-0.9906009435653687,
1752061859089,-6.367978096008301,-2.2260091304779053,4.778227806091309
1752061859090,,,8.158841133117676
1752061859092,-5.869984149932861,1.5616180896759033,8.168417930603027
1752061859155,-6.281786918640137,0.9630676507949829,8.230667114257812
1752061859223,-6.056731700897217,1.1354501247406006,8.110957145690918
1752061859289,-5.405508995056152,1.7579425573349,8.474875450134277
1752061859356,-5.908291339874268,1.202487826347351,8.110957145690918
1752061859423,,,7.847594738006592
1752061859424,-6.16686487197876,0.8672995567321777,
1752061859533,-6.296152114868164,1.0971429347991943,7.507617950439453
1752061859538,-6.449380874633789,1.0732009410858154,7.2586212158203125
1752061859602,-6.588244438171387,0.8960300087928772,7.2586212158203125
1752061859668,,,7.04793119430542
1752061859669,-6.506841659545898,0.9295487999916077,7.009624004364014
1752061859735,,1.0109516382217407,6.707954406738281
1752061859736,-6.693589210510254,,
1752061859803,-7.091026782989502,0.8433575630187988,6.875548839569092
1752061859868,,,7.004835605621338
1752061859869,-7.4118499755859375,0.7571662664413452,7.033565998077393
1752061864328,,,7.119757175445557
1752061864329,-6.966528415679932,0.9103952050209045,7.387907981872559
1752061864330,-6.626551628112793,-0.0520738884806633,6.123769283294678
1752061864332,-7.502829551696777,-0.7559691667556763,6.233902454376221
1752061864396,,,5.300164222717285
1752061864397,-6.870760440826416,-0.5500678420066833,
1752061864464,,,5.166088581085205
1752061864465,-7.7183074951171875,-0.641047477722168,5.295375823974609
1752061864901,-7.770980358123779,-1.2204443216323853,6.1285576820373535
1752061864905,-7.8092875480651855,-0.5740098357200623,6.123769283294678
1752061864970,-7.770980358123779,-0.6075286865234375,6.2865753173828125
1752061865037,-7.383119583129883,-0.497395396232605,5.8651957511901855
1752061903081,,,5.055955410003662
1752061903082,-7.483675956726074,-0.6123170852661133,6.779780864715576
1752061903083,-7.7183074951171875,-0.7272387742996216,5.836465358734131
1752061903084,,-1.5173252820968628,6.320094108581543
1752061903085,-7.205948352813721,-1.7806875705718994,
1752061903086,-7.823652744293213,-1.1294646263122559,6.430227279663086
1752061903087,,-1.004966139793396,6.0184245109558105
1752061903088,-8.21151351928711,-1.6274585723876953,5.807734966278076
1752061903090,-7.818864345550537,-0.8182184100151062,5.807734966278076
1752061903091,-7.775768756866455,-0.8373720645904541,5.855618953704834
1752061903092,-7.847594738006592,,5.659294128417969
1752061903093,,-0.5548562407493591,
1752061903094,-7.464522361755371,0.26396074891090393,6.0184245109558105
1752061903095,-4.543596267700195,,7.39748477935791
1752061903096,-6.497264862060547,0.28311434388160706,7.450157165527344
1752061903098,-6.401496887207031,0.2495955228805542,7.330447196960449
1752061903135,-6.463746070861816,0.2017114907503128,7.440580368041992
1752061903201,-6.415862083435059,0.24001872539520264,7.407061576843262
1752061903238,-6.39192008972168,0.2495955228805542,7.407061576843262
1752061903269,-6.415862083435059,0.30226796865463257,7.287351608276367
1752061903335,,0.2256535142660141,7.344812393188477
1752061903336,-6.39192008972168,0.22086510062217712,
1752061903402,,0.19213469326496124,7.373542785644531
1752061903403,-6.4828996658325195,,
1752061903469,,0.18734627962112427,7.421426773071289
1752061903470,-6.468534469604492,,
1752061903535,,,7.402273178100586
1752061903536,-6.449380874633789,0.2017114907503128,
1752061903602,-6.411073684692383,0.23523031175136566,7.349600791931152
1752061903670,-6.4398040771484375,0.2256535142660141,7.378331184387207
1752061903735,,,7.354389190673828
1752061903736,-6.454169273376465,0.21128830313682556,
1752061903803,-6.435015678405762,0.24480712413787842,7.383119583129883
1752061903869,,,7.3687543869018555
1752061903870,-6.463746070861816,0.2064998894929886,7.378331184387207
1752061903936,-6.435015678405762,0.19213469326496124,7.435791969299316
1752061904002,-6.367978096008301,0.2064998894929886,7.416638374328613
1752061904069,,,7.373542785644531
1752061904070,-6.478111267089844,0.22086510062217712,
1752061904136,,,7.325658798217773
1752061904137,-6.4398040771484375,0.21607670187950134,7.349600791931152
1752061904791,,,7.383119583129883
1752061904792,-6.4398040771484375,0.24001872539520264,7.392696380615234
1752061904796,-6.435015678405762,0.2064998894929886,7.416638374328613
1752061904861,-6.492476463317871,0.18734627962112427,7.344812393188477
1752061904927,,,7.340023994445801
1752061904928,-6.411073684692383,0.24001872539520264,7.359177589416504
1752061905025,-6.4828996658325195,0.23044191300868988,7.3687543869018555
1752061905030,-6.458957672119141,0.23044191300868988,7.344812393188477
1752061905094,-6.468534469604492,0.2256535142660141,7.39748477935791
1752061905159,,0.2017114907503128,7.354389190673828
1752061905160,-6.521206855773926,,
1752061905227,-6.3967084884643555,0.22086510062217712,7.373542785644531
1752061905294,-6.435015678405762,0.24480712413787842,7.330447196960449
1752061909738,,,7.392696380615234
1752061909739,-6.511630058288574,0.18734627962112427,7.383119583129883
1752061909740,,,7.387907981872559
1752061909742,-6.4828996658325195,0.2256535142660141,7.383119583129883
1752061909811,-6.468534469604492,0.2017114907503128,7.36396598815918
1752061909877,-6.458957672119141,0.19692309200763702,7.354389190673828
1752061909944,,,7.3687543869018555
1752061909945,-6.42543888092041,0.24480712413787842,7.36396598815918
1752061910011,,,7.36396598815918
1752061910012,-6.458957672119141,0.19692309200763702,7.359177589416504
1752061910957,-6.454169273376465,0.23523031175136566,7.359177589416504
1752061910962,-6.42543888092041,0.2017114907503128,7.359177589416504
1752061911031,,,7.387907981872559
1752061911032,-6.367978096008301,0.22086510062217712,7.387907981872559
1752061911097,,,7.373542785644531
1752061911098,-6.468534469604492,0.19213469326496124,7.383119583129883
1752061955075,,,7.354389190673828
1752061955076,-6.430227279663086,0.21128830313682556,7.4118499755859375
1752061955077,-6.4828996658325195,,7.373542785644531
1752061955079,-6.382343292236328,,
1752061955080,-6.430227279663086,,
1752061955081,-6.39192008972168,0.19692309200763702,
1752061955082,,0.21128830313682556,
1752061955083,,0.1825578808784485,7.39748477935791
1752061955084,,,7.387907981872559
1752061955085,,0.19692309200763702,7.421426773071289
1752061955086,-6.411073684692383,0.2064998894929886,
1752061955087,-6.4398040771484375,0.2256535142660141,7.407061576843262
1752061955088,-6.420650482177734,0.22086510062217712,7.426215171813965
1752061955089,-6.420650482177734,0.16819266974925995,7.392696380615234
1752061955090,-6.401496887207031,0.2017114907503128,7.373542785644531
1752061955091,-6.4398040771484375,,7.402273178100586
1752061955092,-6.463746070861816,0.2017114907503128,7.402273178100586
1752061955107,-6.435015678405762,0.2017114907503128,7.383119583129883
1752061955174,-6.784569263458252,0.48901569843292236,6.942586421966553
1752061955175,-7.000047206878662,,
1752061966174,,,6.7031660079956055
1752061966175,,,6.894702434539795
1752061966176,,0.1825578808784485,6.60739803314209
1752061966177,-7.234679222106934,0.21128830313682556,
1752061966178,-7.086238384246826,,
1752061966244,,,6.798934459686279
1752061966245,-7.071873188018799,0.7044938206672668,
1752061966311,-8.455721855163574,1.6956933736801147,5.798158168792725
1752061966379,-6.320094108581543,1.5807716846466064,6.5499372482299805
1752061966446,,,6.707954406738281
1752061966448,-8.019977569580078,1.1115081310272217,6.497264862060547
1752061966511,-6.83245325088501,0.6997054219245911,6.435015678405762
1752061966578,-7.148487567901611,1.2743138074874878,6.3967084884643555
1752061966648,-6.573879241943359,0.3166331648826599,7.191583156585693
1752061966711,-6.621763229370117,0.536899745464325,6.92343282699585
1752061966782,,,6.976105213165283
1752061966783,-7.114968776702881,0.4507084786891937,
1752061966846,,,6.631340026855469
1752061966847,-7.1676411628723145,0.30226796865463257,6.813299655914307
1752061966912,-7.124545574188232,0.2495955228805542,6.9473748207092285
1752061966978,,,7.033565998077393
1752061966979,-7.344812393188477,0.24480712413787842,6.942586421966553
1752061967045,,,6.880337238311768
1752061967046,-7.086238384246826,0.5512649416923523,6.808511257171631
1752061967100,-7.182006359100342,0.8577227592468262,6.688800811767578
1752061967166,-7.249044418334961,1.0684125423431396,6.688800811767578
1752061967232,-7.622539520263672,1.6956933736801147,6.473322868347168
1752061967298,-7.780557155609131,2.0691888332366943,6.291363716125488
1752061967299,-7.708730697631836,,
1752061967366,,2.4809916019439697,6.099827289581299
1752061967367,-7.632116317749023,2.5145103931427,
1752061967539,-7.531559944152832,2.495356798171997,6.028001308441162
1752061967607,,,6.315305709838867
1752061967608,-6.942586421966553,1.690904974937439,
1752061967673,,,6.243479251861572
1752061967674,-6.707954406738281,1.22642982006073,6.521206855773926
1752061967740,-6.985682010650635,0.39803603291511536,6.33445930480957
1752061967807,,,6.995258808135986
1752061967808,-6.3296709060668945,0.292691171169281,7.354389190673828
1752061967874,-7.632116317749023,0.1777694821357727,6.73189640045166
1752061967941,,,7.191583156585693
1752061967942,-7.8763251304626465,0.19213469326496124,
1752061968008,-7.641693115234375,0.39803603291511536,7.0575079917907715
1752061968074,,,6.909067630767822
1752061968075,-7.349600791931152,0.5943605899810791,
1752061968141,-6.8611836433410645,0.5608417391777039,6.842030048370361
1752061968142,-6.918644428253174,,
1752061968208,,,6.688800811767578
1752061968209,-6.95695161819458,0.345363587141037,6.492476463317871
1752061968273,,,6.281786918640137
1752061968274,-7.27298641204834,0.292691171169281,6.5499372482299805
1752061968341,,,6.770204067230225
1752061968342,-6.980893611907959,0.26396074891090393,
1752061968408,-7.421426773071289,0.25438392162323,6.324882507324219
1752061968474,-7.5219831466674805,0.383670836687088,6.463746070861816
1752061968540,,,6.492476463317871
1752061968541,-6.9473748207092285,0.35494041442871094,
1752061968608,-7.330447196960449,0.16340427100658417,6.707954406738281
1752061968673,,,6.276998519897461
1752061968674,-7.277774810791016,0.42676645517349243,6.511630058288574
1752061968740,,,6.755838871002197
1752061968741,-7.560290336608887,0.24001872539520264,
1752061968808,-6.7749924659729,0.2256535142660141,6.569090843200684
1752061968873,,,7.153275966644287
1752061968874,-6.73189640045166,0.292691171169281,6.9473748207092285
1752061968941,-6.985682010650635,0.21128830313682556,7.009624004364014
1752061969008,-6.736684799194336,0.13946224749088287,7.205948352813721
1752061969009,-7.349600791931152,,
1752061969074,,,6.808511257171631
1752061969075,-7.3687543869018555,0.21607670187950134,
1752061969142,-7.316082000732422,0.30226796865463257,6.597821235656738
1752061969208,-6.9042792320251465,0.14903905987739563,6.770204067230225
1752061969274,,,6.7510504722595215
1752061969275,-7.000047206878662,0.32620999217033386,6.669647216796875
1752061969340,,0.5943605899810791,6.588244438171387
1752061969341,-7.095815181732178,,
1752061969408,-6.985682010650635,0.7092822790145874,6.92343282699585
1752061969474,,,6.688800811767578
1752061969475,-7.110180377960205,0.7092822790145874,6.664858818054199
1752061970923,,,6.7031660079956055
1752061970925,-7.263409614562988,0.6997054219245911,6.320094108581543
1752061970930,-7.076661586761475,0.8816647529602051,6.760627269744873
1752061970997,,,6.937798023223877
1752061970998,-7.000047206878662,0.9056068062782288,7.04793119430542
1752061971065,,0.9199720025062561,7.019200801849365
1752061971066,-6.83245325088501,,
1752061971131,,,6.7941460609436035
1752061971132,-7.08144998550415,0.7906851172447205,6.7510504722595215
1752061971199,-7.153275966644287,0.7475894689559937,6.530783653259277
1752061971200,-7.095815181732178,,
1752061971266,-7.124545574188232,0.7571662664413452,6.320094108581543
1752061971332,-7.215525150299072,0.6087257862091064,6.39192008972168
1752061971398,,,6.4398040771484375
1752061971399,-7.36396598815918,0.761954665184021,6.559514045715332
1752061971466,-7.062296390533447,0.8194155097007751,6.707954406738281
1752061975362,,,7.244256019592285
1752061975363,-7.038354396820068,0.6039373874664307,6.387131690979004
1752061975365,-7.182006359100342,0.01975216343998909,7.105391979217529
1752061975430,,,7.0575079917907715
1752061975431,-6.755838871002197,0.25438392162323,7.033565998077393
1752061975496,,,6.435015678405762
1752061975497,-7.282563209533691,0.053270988166332245,6.650493621826172
1752061975997,-6.9904704093933105,0.1777694821357727,6.478111267089844
1752061976001,-6.851606845855713,-0.5021837949752808,6.942586421966553
1752061976070,-6.942586421966553,-0.6266822814941406,6.933009624481201
1752061976136,-7.1436991691589355,-0.6075286865234375,6.755838871002197
1752061976202,,,6.755838871002197
1752061976203,-7.17242956161499,-0.43993455171585083,6.952163219451904
1752061976270,,0.07242459803819656,6.995258808135986
1752061976271,-7.08144998550415,,
1752061977532,,,6.669647216796875
1752061977533,-6.95695161819458,0.14425064623355865,6.937798023223877
1752061977602,-6.880337238311768,-0.7224503755569458,7.009624004364014
1752061977668,,,7.062296390533447
1752061977669,-6.69837760925293,-0.7128735780715942,7.253832817077637
1752061977828,,,7.038354396820068
1752061977829,-6.928221225738525,-0.7751228213310242,6.909067630767822
1752061977897,-6.966528415679932,-0.7655459642410278,7.071873188018799
1752061977963,-7.110180377960205,-0.5548562407493591,6.846818447113037
1752061978030,,,6.784569263458252
1752061978031,-7.234679222106934,-0.3585317134857178,6.736684799194336
1752061978096,,,6.92343282699585
1752061978097,-6.880337238311768,-0.24839842319488525,7.091026782989502
1752061978164,-6.693589210510254,-0.4016273319721222,6.985682010650635
1752061978231,-6.9473748207092285,-0.641047477722168,6.899490833282471
1752061978297,-7.325658798217773,-0.24839842319488525,6.755838871002197
1752061978364,-7.225101947784424,-0.07122749835252762,6.684012413024902
1752061978431,-6.980893611907959,-0.17657238245010376,6.928221225738525
1752061978498,-6.870760440826416,-0.43035775423049927,6.856395244598389
1752061978564,,,6.813299655914307
1752061978565,-6.985682010650635,-0.22924481332302094,6.808511257171631
1752061978632,-7.2586212158203125,-0.10953472554683685,6.727108001708984
1752061978697,-7.052719593048096,-0.41120412945747375,6.789357662200928
1752061978765,-7.182006359100342,-0.15263035893440247,6.976105213165283
1752061978831,,,6.7510504722595215
1752061978832,-7.292140007019043,0.46507367491722107,6.798934459686279
1752061978897,,,6.602609634399414
1752061978898,-7.373542785644531,1.1162965297698975,6.492476463317871
1752061978964,-7.3017168045043945,0.8720879554748535,6.430227279663086
1752061979033,-7.249044418334961,0.9487023949623108,6.305728912353516
1752061979097,,,6.2865753173828125
1752061979098,-7.071873188018799,0.7523778676986694,6.324882507324219
1752061979165,-7.129333972930908,0.6087257862091064,6.339247703552246
1752061979231,,,6.616974830627441
1752061979232,-7.153275966644287,0.5656301379203796,
1752061979297,,,6.621763229370117
1752061979298,-7.234679222106934,0.4554968774318695,
1752061979364,-7.344812393188477,0.383670836687088,6.616974830627441
1752061979430,,,6.664858818054199
1752061979431,-7.560290336608887,0.4842272996902466,6.588244438171387
1752061979497,-7.182006359100342,0.5225345492362976,6.64091682434082
1752061979562,,,6.583456039428711
1752061979563,-7.2298903465271,0.5081692934036255,6.492476463317871
1752061979631,-7.086238384246826,0.48901569843292236,6.454169273376465
1752061979696,,,6.387131690979004
1752061979697,-7.205948352813721,0.4794389009475708,
1752061979763,-7.517194747924805,0.2783259451389313,6.650493621826172
1752061979831,-7.1006035804748535,-0.013766659423708916,6.813299655914307
1752061979898,,,6.674435615539551
1752061979899,-6.818088054656982,0.5033808946609497,6.588244438171387
1752061980043,-7.177217960357666,0.1538274586200714,6.712742805480957
1752061980049,-7.114968776702881,0.1346738487482071,6.69837760925293
1752061980117,-7.095815181732178,0.03890577703714371,6.612186431884766
1752061980183,,,6.348824501037598
1752061980184,-6.942586421966553,0.7140706777572632,6.281786918640137
1752061980251,-7.287351608276367,0.21128830313682556,6.320094108581543
1752061980318,,,7.27298641204834
1752061980319,-7.550713539123535,-0.36810851097106934,7.340023994445801
1752061980384,-6.727108001708984,-0.06643909960985184,7.253832817077637
1752061980451,,,6.664858818054199
1752061980452,-7.1006035804748535,0.13946224749088287,6.707954406738281
1752061980547,-7.162852764129639,0.14903905987739563,6.7031660079956055
1752061980551,-7.043142795562744,0.02454056777060032,6.856395244598389
1752061980615,,,6.846818447113037
1752061980616,-6.909067630767822,0.2256535142660141,6.827664852142334
1752061980683,-7.158064365386963,0.03890577703714371,6.995258808135986
1752061980749,,,6.842030048370361
1752061980750,-6.966528415679932,0.10115502029657364,6.875548839569092
1752061980816,,,6.86597204208374
1752061980817,-6.933009624481201,0.09157821536064148,
1752061980882,,0.1346738487482071,6.8372416496276855
1752061980883,-6.952163219451904,,
1752061980949,-7.119757175445557,0.11552023142576218,6.899490833282471
1752061981016,-6.995258808135986,0.10594342648983002,6.842030048370361
1752061981082,,,6.851606845855713
1752061981083,-7.023989200592041,0.07721300423145294,6.842030048370361
1752061981150,-6.976105213165283,0.08200141042470932,6.885125637054443
1752061981215,,,6.8372416496276855
1752061981216,-7.000047206878662,0.12988543510437012,
1752061981282,-6.995258808135986,0.10594342648983002,6.808511257171631
1752061981349,,,6.813299655914307
1752061981350,-7.019200801849365,0.12509703636169434,6.803722858428955
1752061981415,,0.0867898091673851,6.875548839569092
1752061981416,-6.980893611907959,,
1752061981509,-7.0144124031066895,0.10594342648983002,6.889914035797119
1752061981513,-6.966528415679932,0.11552023142576218,6.856395244598389
1752061981578,-7.043142795562744,0.10115502029657364,6.818088054656982
1752061981645,-6.95695161819458,0.19213469326496124,6.707954406738281
1752061981712,-6.995258808135986,0.07721300423145294,6.870760440826416
1752061981778,-6.980893611907959,0.0867898091673851,6.842030048370361
1752061981845,-7.038354396820068,0.07242459803819656,6.899490833282471
1752061981912,-6.9904704093933105,0.14425064623355865,6.851606845855713
1752061981978,,0.12988543510437012,6.8611836433410645
1752061981979,-6.966528415679932,,
1752061982045,-7.000047206878662,0.12030863761901855,6.83245325088501
1752061982112,-6.985682010650635,0.053270988166332245,6.822876453399658
1752061982178,,,6.818088054656982
1752061982179,-7.0575079917907715,0.0867898091673851,
1752061982244,,,6.813299655914307
1752061982245,-7.052719593048096,0.053270988166332245,6.746262073516846
1752061982312,,,6.856395244598389
1752061982313,-6.9473748207092285,0.12988543510437012,6.899490833282471
1752061982378,-7.067084789276123,0.12030863761901855,6.803722858428955
1752061982446,-7.0144124031066895,0.10594342648983002,6.8372416496276855
1752061982512,-6.971316814422607,0.0867898091673851,6.846818447113037
1752061982578,,,6.889914035797119
1752061982579,-7.0144124031066895,0.07242459803819656,6.880337238311768
1752061982645,-7.076661586761475,0.1107318252325058,6.827664852142334
1752061982713,-6.976105213165283,0.14425064623355865,6.798934459686279
1752061982778,,,6.8372416496276855
1752061982779,-7.019200801849365,0.12509703636169434,
1752061982845,,0.10594342648983002,6.846818447113037
1752061982846,-6.966528415679932,,
1752061982913,-7.086238384246826,0.07242459803819656,6.798934459686279
1752061982978,-7.028777599334717,0.06763619929552078,6.870760440826416
1752061983045,-7.162852764129639,0.02454056777060032,6.937798023223877
1752061983113,-7.04793119430542,0.10594342648983002,6.909067630767822
1752061986020,-6.92343282699585,0.44592007994651794,6.296152114868164
1752061986034,,,6.875548839569092
1752061986035,-7.052719593048096,0.2256535142660141,6.966528415679932
1752061986036,-6.133346080780029,0.35494041442871094,
1752061986038,-6.080673694610596,0.3693056106567383,7.641693115234375
1752061986104,-6.0854620933532715,0.3693056106567383,7.651269912719727
1752061986170,,,7.617751121520996
1752061986171,-6.147711277008057,0.3932476341724396,7.57944393157959
1752061988646,,0.345363587141037,7.593809127807617
1752061988647,-6.20038366317749,0.292691171169281,7.589020729064941
1752061988653,-6.047154903411865,0.41718965768814087,7.569867134094238
1752061988654,-5.9753289222717285,,
1752061988715,,,7.651269912719727
1752061988716,-5.927444934844971,0.39803603291511536,7.694365501403809
1752061988782,-6.0423665046691895,0.3932476341724396,7.680000305175781
1752061988845,-6.162076473236084,0.3405751883983612,7.656058311462402
1752061988846,-6.229114055633545,,
1752061988910,-6.229114055633545,0.33099839091300964,7.61296272277832
1752061988976,-6.133346080780029,0.345363587141037,7.61296272277832
1752061989042,,,7.627327919006348
1752061989043,-6.07588529586792,0.383670836687088,7.632116317749023
1752062013074,,0.40282443165779114,7.641693115234375
1752062013075,-5.999270915985107,0.40282443165779114,7.646481513977051
1752062013076,-6.10940408706665,0.3357867896556854,
1752062013077,,0.37888240814208984,7.660846710205078
1752062013078,-6.104615688323975,0.345363587141037,7.622539520263672
1752062013079,-6.123769283294678,0.3693056106567383,7.641693115234375
1752062013080,-6.07588529586792,0.35494041442871094,7.636904716491699
1752062013081,-6.133346080780029,0.3645172119140625,7.6081743240356445
1752062013082,-6.233902454376221,,
1752062013087,-6.157288074493408,0.345363587141037,7.636904716491699
1752062013156,-6.147711277008057,0.37409400939941406,7.617751121520996
1752062014852,-6.095038890838623,0.3597288131713867,7.617751121520996
1752062014866,,,7.603385925292969
1752062014867,-6.142922878265381,0.3597288131713867,
1752062014934,,,7.598597526550293
1752062014935,-6.1285576820373535,0.3645172119140625,7.646481513977051
1752062015001,,,7.632116317749023
1752062015002,-6.1716532707214355,0.35015198588371277,7.622539520263672
1752062015096,-6.066308498382568,0.345363587141037,7.632116317749023
1752062015161,,,7.6081743240356445
1752062015162,-6.147711277008057,0.35015198588371277,7.622539520263672
1752062015226,-6.181230068206787,0.3884592354297638,7.627327919006348
1752062015294,-6.047154903411865,0.3405751883983612,7.660846710205078
1752062015360,,,7.617751121520996
1752062015361,-6.176441669464111,0.3405751883983612,7.627327919006348
1752062016906,,,7.646481513977051
1752062016907,-6.090250492095947,0.3405751883983612,7.617751121520996
1752062016918,-6.095038890838623,0.3405751883983612,7.651269912719727
1752062016987,-6.090250492095947,0.37409400939941406,7.641693115234375
1752062017052,,,7.6081743240356445
1752062017053,-6.16686487197876,0.3597288131713867,
1752062017120,-6.133346080780029,0.3214215636253357,7.61296272277832
1752062017186,,0.345363587141037,7.627327919006348
1752062017187,-6.152499675750732,,
1752062017744,-6.099827289581299,0.3405751883983612,7.632116317749023
1752062017757,-6.133346080780029,0.3645172119140625,7.641693115234375
1752062017826,-6.157288074493408,0.3405751883983612,7.660846710205078
1752062017892,-6.066308498382568,0.37409400939941406,7.632116317749023
1752062017959,,,7.636904716491699
1752062017960,-6.138134479522705,0.35015198588371277,7.636904716491699
1752062018025,,,7.622539520263672
1752062018026,-6.10940408706665,0.345363587141037,7.641693115234375
1752062019820,-6.214748859405518,0.3597288131713867,7.617751121520996
1752062019836,,0.33099839091300964,7.632116317749023
1752062019837,-6.142922878265381,0.3693056106567383,
1752062019904,-6.1285576820373535,0.3405751883983612,7.627327919006348
1752062019970,-6.114192485809326,0.345363587141037,7.651269912719727
1752062020037,,,7.6081743240356445
1752062020038,-6.205172061920166,0.35494041442871094,7.617751121520996
1752062020104,,,7.584232330322266
1752062020105,-6.104615688323975,0.32620999217033386,
1752062020170,,,7.641693115234375
1752062020171,-6.1716532707214355,0.3693056106567383,7.627327919006348
1752062020248,-6.056731700897217,0.3405751883983612,7.636904716491699
1752062020313,-6.224325656890869,0.35015198588371277,7.617751121520996
1752062020380,,,7.6081743240356445
1752062020381,-6.118980884552002,0.33099839091300964,7.617751121520996
1752062020446,,,7.627327919006348
1752062020447,-6.123769283294678,0.3597288131713867,
1752062024074,,0.345363587141037,7.622539520263672
1752062024075,-6.118980884552002,0.3357867896556854,7.622539520263672
1752062024087,-6.147711277008057,0.3357867896556854,7.656058311462402
1752062024154,,,7.598597526550293
1752062024155,-6.118980884552002,0.345363587141037,
1752062024222,-6.10940408706665,0.3597288131713867,7.646481513977051
1752062024287,,,7.641693115234375
1752062024288,-6.157288074493408,0.3214215636253357,7.632116317749023
1752062024354,,,7.617751121520996
1752062024355,-6.138134479522705,0.3693056106567383,
1752062024421,,,7.617751121520996
1752062024422,-6.142922878265381,0.3214215636253357,7.6081743240356445
1752062024488,-6.1285576820373535,0.37409400939941406,7.641693115234375
1752062024554,,0.3597288131713867,7.641693115234375
1752062024555,-6.114192485809326,,
1752062024622,,,7.646481513977051
1752062024623,-6.080673694610596,0.345363587141037,7.632116317749023
1752062024688,,,7.627327919006348
1752062024689,-6.118980884552002,0.345363587141037,7.632116317749023
1752062024754,,0.3693056106567383,7.617751121520996
1752062024755,-6.157288074493408,,
1752062024822,-6.104615688323975,0.33099839091300964,7.646481513977051
1752062024888,-6.16686487197876,0.35015198588371277,7.598597526550293
1752062024954,,0.3645172119140625,7.632116317749023
1752062024955,-6.10940408706665,,
1752062025022,-6.123769283294678,0.345363587141037,7.632116317749023
1752062025087,,,7.627327919006348
1752062025088,-6.1716532707214355,0.3597288131713867,7.617751121520996
1752062025154,-6.1285576820373535,0.35015198588371277,7.61296272277832
1752062025222,-6.133346080780029,0.345363587141037,7.632116317749023
1752062025223,-6.157288074493408,,
1752062025288,,,7.617751121520996
1752062025289,-6.118980884552002,0.3645172119140625,7.617751121520996
1752062025354,-6.147711277008057,0.3357867896556854,
1752062025422,,,7.6081743240356445
1752062025423,-6.157288074493408,0.32620999217033386,7.627327919006348
1752062025488,,,7.651269912719727
1752062025489,-6.147711277008057,0.35494041442871094,7.622539520263672
1752062025555,-6.104615688323975,0.3597288131713867,7.622539520263672
1752062027226,,0.3645172119140625,7.632116317749023
1752062027227,-6.162076473236084,0.3645172119140625,
1752062027239,,,7.61296272277832
1752062027240,-6.147711277008057,0.35494041442871094,7.622539520263672
1752062027308,-6.133346080780029,0.345363587141037,7.627327919006348
1752062027374,-6.133346080780029,0.3645172119140625,7.61296272277832
1752062027442,-6.104615688323975,0.345363587141037,7.665635108947754
1752062027507,,0.3405751883983612,7.593809127807617
1752062027508,-6.118980884552002,,
1752062027574,-6.16686487197876,0.345363587141037,7.617751121520996
1752062028156,-6.114192485809326,0.3357867896556854,7.627327919006348
1752062028224,-6.104615688323975,0.383670836687088,7.651269912719727
1752062028290,-6.080673694610596,0.33099839091300964,7.651269912719727
1752062028357,,,7.656058311462402
1752062028358,-6.1955952644348145,0.33099839091300964,
1752062028425,-6.186018466949463,0.32620999217033386,7.574655532836914
1752062029062,-6.142922878265381,0.37888240814208984,7.61296272277832
1752062029075,-6.099827289581299,0.3597288131713867,7.57944393157959
1752062029143,,,7.622539520263672
1752062029146,-6.190806865692139,0.3405751883983612,7.622539520263672
1752062029210,,0.383670836687088,7.632116317749023
1752062029211,-6.066308498382568,,
1752062029276,-6.152499675750732,0.37888240814208984,7.6081743240356445
1752062029344,-6.142922878265381,0.2783259451389313,7.593809127807617
1752062029410,-6.214748859405518,0.3405751883983612,7.656058311462402
1752062029476,,,7.632116317749023
1752062029477,-6.176441669464111,0.3405751883983612,7.622539520263672
1752062029973,-6.1285576820373535,0.3214215636253357,7.603385925292969
1752062029994,,,7.603385925292969
1752062029995,-6.16686487197876,0.383670836687088,7.622539520263672
1752062030063,,0.35015198588371277,7.5650787353515625
1752062030064,-6.181230068206787,0.3693056106567383,
1752062030066,-6.162076473236084,,
1752062030131,,,7.656058311462402
1752062030133,-6.152499675750732,0.33099839091300964,7.651269912719727
1752062030196,-6.07588529586792,0.35494041442871094,7.646481513977051
1752062030264,-6.138134479522705,0.28790274262428284,7.665635108947754
1752062030329,,,7.622539520263672
1752062030330,-6.257844924926758,0.33099839091300964,
1752062031179,,,7.699153900146484
1752062031180,-6.16686487197876,0.383670836687088,7.656058311462402
1752062031248,-6.1955952644348145,0.3405751883983612,7.569867134094238
1752062031314,-6.176441669464111,0.33099839091300964,7.603385925292969
1752062080110,,0.35015198588371277,7.598597526550293
1752062080111,-6.162076473236084,,8.192359924316406
1752062080112,,0.618302583694458,7.713519096374512
1752062080113,-6.071096897125244,0.5704185366630554,7.603385925292969
1752062080114,-6.147711277008057,0.5608417391777039,7.7183074951171875
1752062080115,-6.099827289581299,0.579995334148407,7.6752119064331055
1752062080118,,,7.684788703918457
1752062080119,,0.5464765429496765,7.742249965667725
1752062080120,-6.032789707183838,0.517746090888977,
1752062080121,-6.2386908531188965,,7.67042350769043
1752062080122,,0.5321113467216492,7.584232330322266
1752062080123,-6.095038890838623,0.5273229479789734,7.584232330322266
1752062080124,-6.176441669464111,0.517746090888977,7.545925140380859
1752062080125,-7.5650787353515625,1.2503718137741089,6.209960460662842
1752062080126,-7.407061576843262,2.9550435543060303,6.276998519897461
1752062080128,-7.373542785644531,0.39803603291511536,5.812523365020752
1752062080192,,0.19692309200763702,5.640140533447266
1752062080193,-7.694365501403809,,
1752062080258,,,6.320094108581543
1752062080259,-7.866748332977295,0.25917232036590576,6.291363716125488
1752062080327,,,5.8029465675354
1752062080328,-8.163629531860352,0.4411316514015198,5.8029465675354
1752062080392,-8.091803550720215,0.10115502029657364,5.937021732330322
1752062080458,,,5.6640825271606445
1752062080459,-8.015189170837402,0.4411316514015198,
1752062080526,-7.4549455642700195,0.800261914730072,5.462969779968262
1752062080592,-7.086238384246826,0.37888240814208984,6.16686487197876
1752062080658,,,6.588244438171387
1752062080659,-7.296928405761719,0.5464765429496765,
1752062080726,-7.3687543869018555,0.6470330357551575,5.89392614364624
1752062080792,,,5.89392614364624
1752062080794,-7.330447196960449,0.5464765429496765,5.922656536102295
1752062080860,-7.507617950439453,0.345363587141037,6.382343292236328
1752062080926,,,5.970540523529053
1752062080927,-7.636904716491699,0.3357867896556854,5.941810131072998
1752062080992,-8.42699146270752,0.30226796865463257,6.224325656890869
1752062081059,-7.555501937866211,0.4315548539161682,6.176441669464111
1752062081126,,,6.406285285949707
1752062081127,-7.909843921661377,0.2017114907503128,6.214748859405518
1752062081192,-7.584232330322266,0.49380409717559814,5.721543312072754
1752062081258,-7.770980358123779,0.3166331648826599,5.793369770050049
1752062081326,-7.464522361755371,0.4507084786891937,6.224325656890869
1752062081392,-7.244256019592285,0.6709750294685364,6.181230068206787
1752062081458,-7.464522361755371,0.3645172119140625,6.344036102294922
1752062081526,,,6.559514045715332
1752062081527,-7.162852764129639,0.7763199210166931,6.545148849487305
1752062081592,-7.727884769439697,0.21607670187950134,6.870760440826416
1752062081659,,,6.262633323669434
1752062081660,,,6.358401298522949
1752062081661,-7.545925140380859,0.5081692934036255,
1752062081726,-7.952939510345459,0.7044938206672668,6.190806865692139
1752062081792,-7.656058311462402,0.30226796865463257,6.4398040771484375
1752062081858,-6.880337238311768,1.0396820306777954,6.9473748207092285
1752062081927,-6.798934459686279,0.9534908533096313,6.631340026855469
1752062081992,-6.669647216796875,0.31184476613998413,6.444592475891113
1752062082059,-6.492476463317871,0.010175357572734356,6.808511257171631
1752062082126,,,8.393472671508789
1752062082127,-7.000047206878662,-0.028131870552897453,
1752062082193,-6.7749924659729,0.03890577703714371,7.680000305175781
1752062082259,-7.114968776702881,-0.12389993667602539,7.536348342895508
1752062082326,,,7.569867134094238
1752062082327,-6.521206855773926,0.22086510062217712,
1752062082392,,0.5991489887237549,7.239467620849609
1752062082393,-5.960963726043701,,
1752062082459,-6.099827289581299,0.9678560495376587,6.899490833282471
1752062082526,-7.13891077041626,0.46507367491722107,6.454169273376465
1752062082527,-7.378331184387207,,
1752062082592,-8.264185905456543,0.1825578808784485,5.874772548675537
1752062082659,-8.422203063964844,0.2064998894929886,5.812523365020752
1752062082726,-8.173206329345703,0.12509703636169434,5.980117321014404
1752062082792,-7.991246700286865,0.0293289702385664,6.1716532707214355
1752062082860,-7.881113529205322,0.14903905987739563,5.755062103271484
1752062082926,,,5.573102951049805
1752062082927,-7.110180377960205,5.985504249110818E-4,
1752062082992,-7.205948352813721,-0.33937808871269226,6.248267650604248
1752062083060,-7.857171535491943,-0.6458359360694885,5.903502941131592
1752062083126,,,6.33445930480957
1752062083127,-8.24503231048584,-1.0672154426574707,6.2865753173828125
1752062083192,-7.660846710205078,-0.9666589498519897,6.69837760925293
1752062083259,-7.483675956726074,-0.7894880175590515,7.1006035804748535
1752062083328,-7.27298641204834,-0.5069721937179565,6.971316814422607
1752062083393,-7.407061576843262,-0.5644330382347107,6.492476463317871
1752062083460,-7.220313549041748,-0.8325836658477783,6.310517311096191
1752062083527,,-0.9235633015632629,5.8651957511901855
1752062083528,-7.469310760498047,-0.9091981053352356,
1752062083594,-8.144475936889648,-1.225232720375061,5.300164222717285
1752062083660,-8.00561237335205,-1.4598644971847534,5.75985050201416
1752062083727,-7.905055522918701,-1.5747861862182617,6.233902454376221
1752062083793,,-1.1629834175109863,6.60739803314209
1752062083794,-7.550713539123535,-1.1629834175109863,
1752062083859,,,6.918644428253174
1752062083860,-7.009624004364014,-1.2012907266616821,7.023989200592041
1752062083928,-7.062296390533447,-1.0001777410507202,7.052719593048096
1752062083992,,,6.717531204223633
1752062083993,-7.440580368041992,-0.8277952671051025,
1752062084060,-7.268198013305664,-0.7559691667556763,6.722319602966309
1752062084126,-7.186794757843018,-0.5165489912033081,6.626551628112793
1752062084193,-7.158064365386963,-0.497395396232605,6.674435615539551
1752062084259,,,6.181230068206787
1752062084260,-7.268198013305664,-0.013766659423708916,
1752062084328,-7.550713539123535,-0.45908817648887634,6.276998519897461
1752062084393,-7.292140007019043,-0.7272387742996216,6.430227279663086
1752062084460,-7.17242956161499,-0.7942764163017273,6.51641845703125
1752062084691,-7.191583156585693,-0.7511807680130005,6.928221225738525
1752062084696,-7.023989200592041,-0.6554127335548401,7.000047206878662
1752062084766,,,7.182006359100342
1752062084767,-6.784569263458252,-0.7990648150444031,7.110180377960205
1752062084832,-6.770204067230225,-0.7320271730422974,7.033565998077393
1752062084898,-7.023989200592041,-0.6075286865234375,7.000047206878662
1752062084965,,,6.913856029510498
1752062084966,-7.038354396820068,-0.3968389332294464,7.033565998077393
1752062085031,,,6.889914035797119
1752062085032,-7.033565998077393,-0.353743314743042,6.870760440826416
1752062085099,-7.08144998550415,-0.26755204796791077,7.019200801849365
1752062085165,,,6.86597204208374
1752062085166,-7.249044418334961,0.1538274586200714,6.765415668487549
1752062085233,-7.780557155609131,0.7284358739852905,5.980117321014404
1752062085299,,,5.95138692855835
1752062085300,-7.842806339263916,0.5081692934036255,
1752062085366,,,5.831676959991455
1752062085367,-7.340023994445801,0.4842272996902466,6.061520099639893
1752062085432,-7.708730697631836,0.46507367491722107,6.367978096008301
1752062085499,,,6.564302444458008
1752062085500,-6.937798023223877,5.985504249110818E-4,
1752062085567,-7.320870399475098,0.3693056106567383,6.387131690979004
1752062085632,-7.124545574188232,0.2783259451389313,6.8611836433410645
1752062085701,-7.086238384246826,0.345363587141037,6.717531204223633
1752062085767,-7.5650787353515625,0.14903905987739563,6.502053260803223
1752062085832,-6.870760440826416,0.40282443165779114,6.741473197937012
1752062085900,-6.2865753173828125,0.5752069354057312,7.263409614562988
1752062086979,,0.6422445774078369,6.454169273376465
1752062086980,-7.435791969299316,1.7435773611068726,
1752062086984,,,6.631340026855469
1752062086985,-7.871536731719971,1.0492589473724365,
1752062087053,-8.383895874023438,1.5951368808746338,5.98490571975708
1752062087120,,,5.549160957336426
1752062087121,-7.790133953094482,1.853710651397705,
1752062087187,-7.909843921661377,2.0644004344940186,5.443816184997559
1752062087253,-7.976881504058838,1.8920178413391113,5.290587425231934
1752062087320,-7.89547872543335,1.7387889623641968,5.13735818862915
1752062087405,,,5.008071422576904
1752062087406,-7.972093105316162,2.097919225692749,5.065532207489014
1752062087474,,,5.2666449546813965
1752062087475,-8.268974304199219,1.9207483530044556,5.352836608886719
1752062087541,,2.1074960231781006,5.735908508300781
1752062087542,-7.871536731719971,,
1752062087609,-8.110957145690918,2.184110403060913,5.587468147277832
1752062087610,-8.21151351928711,,
1752062087674,-7.847594738006592,2.097919225692749,5.520430564880371
1752062087770,-7.699153900146484,2.0452468395233154,5.793369770050049
1752062087774,-7.866748332977295,2.0260932445526123,5.515642166137695
1752062087839,,,5.391143798828125
1752062087840,-8.02955436706543,1.896806240081787,
1752062087906,-8.067861557006836,1.7818846702575684,5.352836608886719
1752062087972,-7.991246700286865,1.5855600833892822,4.945822238922119
1752062088038,,1.125873327255249,5.434239387512207
1752062088039,-8.067861557006836,,
1752062088106,-7.89547872543335,0.6757634282112122,5.611410140991211
1752062088172,-7.9864583015441895,0.2064998894929886,6.2386908531188965
1752062091589,-7.680000305175781,0.28790274262428284,6.712742805480957
1752062091590,-7.857171535491943,,
1752062091593,-7.435791969299316,-0.166995570063591,6.454169273376465
1752062091661,-7.316082000732422,0.2735375463962555,6.602609634399414
1752062091729,-7.536348342895508,1.0684125423431396,6.69837760925293
1752062093838,,,6.123769283294678
1752062093839,-8.125322341918945,,
1752062093843,-7.976881504058838,1.8824410438537598,6.037578105926514
1752062093914,-8.407837867736816,1.9829975366592407,5.774216175079346
1752062093978,,,6.569090843200684
1752062093980,-7.818864345550537,1.470638394355774,6.324882507324219
1752062094045,,,5.285799026489258
1752062094046,-7.4118499755859375,2.1314380168914795,5.304952621459961
1752062094112,-7.004835605621338,1.2216414213180542,4.936245441436768
1752062094178,,,4.974552631378174
1752062094179,-7.196371555328369,0.28790274262428284,
1752062094242,-7.900267124176025,0.3405751883983612,5.32889461517334
1752062094307,,0.24480712413787842,6.612186431884766
1752062094308,-7.493252754211426,,
1752062094374,-7.943362712860107,0.11552023142576218,6.928221225738525
1752062094441,-8.254609107971191,0.9103952050209045,6.655282020568848
1752062096755,,,7.292140007019043
1752062096756,-7.933785915374756,0.37888240814208984,6.51641845703125
1752062096759,-6.741473197937012,0.2783259451389313,6.9473748207092285
1752062096825,-6.899490833282471,0.345363587141037,6.913856029510498
1752062096891,-7.205948352813721,0.048482585698366165,6.660070419311523
1752062096957,-6.597821235656738,0.1538274586200714,6.478111267089844
1752062097023,,,7.067084789276123
1752062097024,-8.259397506713867,-0.39205053448677063,5.66887092590332
1752062097076,-7.890690326690674,0.16819266974925995,7.3687543869018555
1752062097140,-7.814075946807861,0.42676645517349243,6.616974830627441
1752062097207,,,7.359177589416504
1752062097208,-6.511630058288574,0.31184476613998413,
1752062097273,,,6.492476463317871
1752062097274,-6.545148849487305,0.21607670187950134,6.770204067230225
1752062097340,,,6.722319602966309
1752062097341,-6.650493621826172,-0.12389993667602539,6.4398040771484375
1752062101071,-7.1676411628723145,-0.018555063754320145,6.51641845703125
1752062101072,-8.70950698852539,-1.4359225034713745,5.903502941131592
1752062101075,-8.158841133117676,-0.04249707981944084,5.783792972564697
1752062101139,-7.387907981872559,0.6661866307258606,6.253056526184082
1752062101207,-7.7183074951171875,0.09157821536064148,5.6640825271606445
1752062101272,-7.770980358123779,-0.013766659423708916,5.702389717102051
1752062101336,,0.28311434388160706,5.582679748535156
1752062101338,-7.996035099029541,,
1752062101404,-8.249820709228516,0.14903905987739563,5.640140533447266
1752062101470,,,6.071096897125244
1752062101471,-8.254609107971191,0.1586158573627472,
1752062101930,,,5.86040735244751
1752062101931,-7.70394229888916,0.12988543510437012,5.72633171081543
1752062102001,-7.632116317749023,-0.4638765752315521,6.382343292236328
1752062102066,,,5.740696907043457
1752062102067,-7.641693115234375,0.2974795699119568,6.3296709060668945
1752062106765,-7.70394229888916,0.9917980432510376,5.549160957336426
1752062106766,-8.010400772094727,,4.725555419921875
1752062106767,,1.8441338539123535,6.099827289581299
1752062106769,-6.693589210510254,1.6813281774520874,4.6489410400390625
1752062106839,-7.694365501403809,1.9638439416885376,3.911526918411255
1752062106905,-8.283339500427246,2.1553800106048584,3.906738519668579
1752062107954,,,4.821323871612549
1752062107955,-8.623315811157227,2.1505916118621826,5.051167011260986
1752062107958,-8.67598819732666,0.3214215636253357,6.315305709838867
1752062108002,,0.4076128304004669,6.473322868347168
1752062108003,-7.981669902801514,,
1752062108024,-7.761403560638428,0.46507367491722107,6.367978096008301
1752062108089,,,6.118980884552002
1752062108090,-7.641693115234375,0.5560533404350281,5.946598529815674
1752062110367,,0.4602852761745453,5.640140533447266
1752062110368,-7.890690326690674,0.28311434388160706,
1752062110370,-7.517194747924805,0.1825578808784485,5.644928932189941
1752062110434,-7.536348342895508,0.03890577703714371,5.711966514587402
1752062110501,-7.517194747924805,0.3166331648826599,5.9753289222717285
1752062124888,-7.861959934234619,0.345363587141037,6.272210121154785
1752062124889,-7.7183074951171875,-0.08080431073904037,5.242702960968018
1752062124890,-7.474099159240723,0.5416881442070007,5.371990203857422
1752062124891,-7.61296272277832,1.3221979141235352,5.41987419128418
1752062124892,-8.053496360778809,-0.26755204796791077,5.994482517242432
1752062124895,-7.83801794052124,0.5752069354057312,5.908291339874268
1752062124964,-7.680000305175781,0.6757634282112122,5.922656536102295
1752062125030,-7.7230963706970215,0.7044938206672668,5.927444934844971
1752062125031,-7.790133953094482,,
1752062125118,,,5.841253757476807
1752062125119,-7.852383136749268,0.7763199210166931,
1752062125187,-7.852383136749268,0.8672995567321777,5.812523365020752
1752062125253,,0.8146271109580994,5.798158168792725
1752062125254,-7.823652744293213,,
1752062125322,-7.80449914932251,0.8289923667907715,5.846042156219482
1752062125513,-7.770980358123779,0.7332242727279663,5.826888561248779
1752062125582,-7.89547872543335,0.7523778676986694,5.9322333335876465
1752062125648,-7.814075946807861,0.7236474752426147,5.846042156219482
1752062125714,-7.780557155609131,0.7475894689559937,5.937021732330322
1752062125782,-7.756615161895752,0.7332242727279663,5.817311763763428
1752062125848,,,5.9322333335876465
1752062125849,-7.823652744293213,0.7284358739852905,5.927444934844971
1752062125915,-7.790133953094482,0.7236474752426147,5.86040735244751
1752062127088,,,5.8891377449035645
1752062127089,-7.861959934234619,0.7332242727279663,5.831676959991455
1752062127093,-7.871536731719971,0.618302583694458,5.8651957511901855
1752062127161,-7.756615161895752,0.6470330357551575,5.913079738616943
1752062127228,-7.7183074951171875,0.6374561786651611,5.8651957511901855
1752062127294,,0.6278793811798096,5.817311763763428
1752062127295,-7.8092875480651855,0.6422445774078369,
1752062127362,-7.8332295417785645,0.5895721912384033,5.879560947418213
1752062129918,-7.828441143035889,0.5943605899810791,5.908291339874268
1752062129919,,,5.903502941131592
1752062129923,-7.814075946807861,0.6470330357551575,5.898714542388916
1752062129991,,0.6374561786651611,5.869984149932861
1752062129992,-7.83801794052124,0.6470330357551575,
1752062130058,-7.761403560638428,0.6422445774078369,5.903502941131592
1752062130125,-7.8092875480651855,0.6278793811798096,5.908291339874268
1752062130191,,,5.913079738616943
1752062130192,-7.818864345550537,0.6422445774078369,
1752062131136,-7.790133953094482,0.618302583694458,5.86040735244751
1752062131141,-7.756615161895752,0.6757634282112122,5.874772548675537
1752062131210,-7.861959934234619,0.6374561786651611,5.95138692855835
1752062131276,,,5.8651957511901855
1752062131277,-7.7470383644104,0.6757634282112122,5.937021732330322
1752062142180,,,5.8221001625061035
1752062142181,,0.7140706777572632,5.937021732330322
1752062142182,-7.881113529205322,0.7284358739852905,
1752062142183,-7.818864345550537,,
1752062142184,,,5.89392614364624
1752062142185,-7.536348342895508,0.536899745464325,6.190806865692139
1752062142253,,,6.028001308441162
1752062142254,-8.00561237335205,0.44592007994651794,
1752062142322,,,6.272210121154785
1752062142323,-7.790133953094482,0.7044938206672668,6.20038366317749
1752062142387,,,6.1285576820373535
1752062142388,-7.742249965667725,0.8289923667907715,
1752062142454,-7.646481513977051,0.8242039084434509,6.095038890838623
1752062142520,,,6.449380874633789
1752062142521,-7.402273178100586,0.862511157989502,
1752062142588,-7.30650520324707,1.1546037197113037,5.946598529815674
1752062142655,-7.598597526550293,1.1593921184539795,5.745485305786133
1752062142721,-7.732673168182373,0.9103952050209045,5.6209869384765625
1752062142789,-7.651269912719727,0.9103952050209045,5.855618953704834
1752062142855,-7.8332295417785645,0.8816647529602051,5.903502941131592
1752062142921,,0.982221245765686,6.051943302154541
1752062142922,-7.823652744293213,0.9391255974769592,
1752062142988,,,5.913079738616943
1752062142989,-7.70394229888916,0.9103952050209045,
1752062143054,-7.684788703918457,0.9917980432510376,6.157288074493408
1752062143120,,,6.080673694610596
1752062143121,-7.981669902801514,0.7763199210166931,5.970540523529053
1752062143188,-8.192359924316406,0.5560533404350281,5.956175327301025
1752062143254,-8.388684272766113,0.6087257862091064,5.960963726043701
1752062143320,,,5.9322333335876465
1752062143321,-8.340800285339355,0.5033808946609497,6.411073684692383
1752062143388,-7.512406349182129,0.17298106849193573,5.764639377593994
1752062143545,-7.512406349182129,0.8864531517028809,5.774216175079346
1752062143613,,,5.5108537673950195
1752062143614,-7.9864583015441895,0.6997054219245911,
1752062143680,-8.168417930603027,0.6326677799224854,5.688024520874023
1752062143748,-8.058284759521484,0.8050503134727478,5.640140533447266
1752062143749,-8.000823974609375,,
1752062143815,-7.823652744293213,0.7380126714706421,5.960963726043701
1752062143880,,0.900818407535553,6.080673694610596
1752062143881,-7.660846710205078,,
1752062143949,-7.7470383644104,0.8433575630187988,6.123769283294678
1752062144015,-8.091803550720215,0.900818407535553,5.855618953704834
1752062144081,-8.077438354492188,1.0684125423431396,5.673659324645996
1752062144148,-7.881113529205322,1.2599486112594604,5.549160957336426
1752062144221,-7.842806339263916,1.125873327255249,5.439027786254883
1752062144288,-7.8763251304626465,1.1450269222259521,5.45339298248291
1752062144354,-8.106168746948242,1.1546037197113037,5.5108537673950195
1752062144421,,,5.683236122131348
1752062144422,-8.163629531860352,1.1019313335418701,5.783792972564697
1752062144488,-8.043919563293457,1.0205284357070923,5.960963726043701
1752062144554,-8.091803550720215,1.1019313335418701,5.836465358734131
1752062144621,-7.8332295417785645,1.0923545360565186,5.716754913330078
1752062144622,-7.9625163078308105,,
1752062144688,-8.015189170837402,1.1115081310272217,5.582679748535156
1752062144754,,1.1354501247406006,5.587468147277832
1752062144755,-8.077438354492188,,
1752062144821,-8.407837867736816,1.0923545360565186,5.525218963623047
1752062144889,-8.589797019958496,1.0923545360565186,5.376778602600098
1752062144954,,,5.1996073722839355
1752062144955,-8.628104209899902,1.4036006927490234,
1752062145021,-8.345588684082031,1.7004817724227905,5.218760967254639
1752062145088,,,5.3576250076293945
1752062145089,-8.197148323059082,1.9207483530044556,
1752062145155,-7.842806339263916,1.978209137916565,5.41987419128418
1752062145221,-7.574655532836914,1.896806240081787,5.257068157196045
1752062145288,,,5.122992992401123
1752062145289,-7.512406349182129,1.7579425573349,5.161300182342529
1752062145355,,,5.22833776473999
1752062145356,-7.57944393157959,1.5616180896759033,
1752062145421,,,5.506065368652344
1752062145422,-8.489240646362305,1.389235496520996,
1752062145490,-8.206725120544434,1.1881226301193237,5.415085792541504
1752062149248,,1.0396820306777954,5.472546577453613
1752062149249,-8.21151351928711,0.5847837924957275,5.568314552307129
1752062149253,-7.818864345550537,0.9199720025062561,5.558737754821777
1752062149322,-8.33601188659668,0.8242039084434509,5.319317817687988
1752062149389,,,5.185242176055908
1752062149390,-8.259397506713867,0.7811083197593689,
1752062149455,-8.51797103881836,0.6613982319831848,5.051167011260986
1752062149548,,,5.060743808746338
1752062149549,-8.42699146270752,0.6278793811798096,5.084685802459717
1752062149552,-8.221090316772461,0.6709750294685364,4.964975833892822
1752062149617,-8.067861557006836,0.6949170231819153,4.97934103012085
1752062149684,-8.125322341918945,0.6901286244392395,5.132569789886475
1752062149751,,0.6613982319831848,5.41987419128418
1752062149752,-8.513182640075684,,
1752062149818,-8.364742279052734,0.7763199210166931,5.6640825271606445
1752062149884,-8.144475936889648,0.7523778676986694,5.874772548675537
1752062149932,-8.149264335632324,0.7044938206672668,5.66887092590332
1752062149997,,,5.764639377593994
1752062149998,-8.455721855163574,0.6949170231819153,5.7790045738220215
1752062150063,,0.761954665184021,5.515642166137695
1752062150064,-8.024765968322754,,
1752062150131,-7.933785915374756,0.718859076499939,5.257068157196045
1752062150197,-8.091803550720215,0.7667431235313416,5.237914562225342
1752062150263,,,5.36241340637207
1752062150264,-8.40304946899414,0.7715315222740173,5.304952621459961
1752062150330,-8.27855110168457,0.7858967185020447,5.2235493659973145
1752062154334,,,5.252279758453369
1752062154335,,,5.376778602600098
1752062154336,-8.235455513000488,0.8050503134727478,5.10383939743042
1752062154339,-7.560290336608887,0.7332242727279663,5.132569789886475
1752062154408,-8.283339500427246,0.6470330357551575,5.19481897354126
1752062154475,-8.61852741241455,0.7475894689559937,5.415085792541504
1752062155452,,0.6853402256965637,5.520430564880371
1752062155453,-8.479663848876953,0.7763199210166931,
1752062155458,-8.249820709228516,0.579995334148407,5.1134161949157715
1752062155527,,,4.792593479156494
1752062155528,-8.09659194946289,0.7380126714706421,4.586691856384277
1752062155593,,,5.41987419128418
1752062155594,-8.58500862121582,0.536899745464325,5.549160957336426
1752062173514,,0.9678560495376587,5.429450988769531
1752062173515,-8.06307315826416,0.7475894689559937,
1752062173516,-8.307281494140625,,
1752062173517,-8.40304946899414,,
1752062173518,-8.053496360778809,,
1752062173519,-7.914632320404053,,
1752062173520,-8.49402904510498,,
1752062173521,-7.785345554351807,,5.386355400085449
1752062173522,,,5.36241340637207
1752062173523,,0.6422445774078369,4.653729438781738
1752062173524,,1.1737574338912964,
1752062173525,-7.450157165527344,,
1752062173589,,,3.7918169498443604
1752062173590,-9.087791442871094,2.44747257232666,
1752062173658,,,3.2172086238861084
1752062173659,-9.820416450500488,2.409165382385254,3.183689594268799
1752062173735,-8.158841133117676,3.5488054752349854,3.667318344116211
1752062173799,-8.575431823730469,1.3509283065795898,3.820547342300415
1752062173865,,,3.3848025798797607
1752062173866,-8.508394241333008,0.24480712413787842,
1752062173932,,-0.3250128924846649,4.1844658851623535
1752062173933,-8.470087051391602,,
1752062174000,-9.322422981262207,0.048482585698366165,4.438251495361328
1752062174065,,,4.821323871612549
1752062174066,-9.767744064331055,1.2407950162887573,4.66330623626709
1752062176354,,,4.0312371253967285
1752062176355,,1.389235496520996,3.9929299354553223
1752062176356,-9.810839653015137,2.0260932445526123,
1752062176357,,,5.640140533447266
1752062176358,-7.402273178100586,1.9877859354019165,
1752062176426,-7.48846435546875,2.0452468395233154,5.233126163482666
1752062176492,-7.095815181732178,1.79146146774292,5.1996073722839355
1752062176560,-7.933785915374756,1.3605051040649414,5.644928932189941
1752062176626,-6.7510504722595215,1.9207483530044556,5.367201805114746
1752062176692,,,4.720767021179199
1752062176693,-6.554725646972656,0.8050503134727478,5.01285982131958
1752062176984,,,5.1565117835998535
1752062176985,-8.235455513000488,0.13946224749088287,
1752062176989,,,6.310517311096191
1752062176990,-7.244256019592285,0.2017114907503128,6.6361284255981445
1752062177059,-7.0575079917907715,0.7475894689559937,5.54437255859375
1752062177125,-8.996811866760254,0.536899745464325,5.276222229003906
1752062182331,-7.967304706573486,0.292691171169281,5.443816184997559
1752062182332,-8.61852741241455,0.6805518269538879,6.152499675750732
1752062182399,-6.899490833282471,0.7715315222740173,5.5778913497924805
1752062182400,-6.8372416496276855,,
1752062182465,,,5.774216175079346
1752062182467,-7.589020729064941,0.6661866307258606,5.515642166137695
1752062182526,,,5.553949356079102
1752062182527,-8.216301918029785,0.7332242727279663,5.13735818862915
1752062182594,-8.015189170837402,0.5943605899810791,4.404732704162598
1752062182658,-8.455721855163574,0.25917232036590576,4.35684871673584
1752062182724,,,4.715978622436523
1752062182725,-8.465298652648926,0.01975216343998909,
1752062182791,,-0.018555063754320145,5.027225017547607
1752062182792,-8.910619735717773,,
1752062182859,-8.80048656463623,-0.013766659423708916,5.122992992401123
1752062182930,-9.954492568969727,-0.18136078119277954,5.060743808746338
1752062182994,,,4.2275614738464355
1752062182995,-8.97765827178955,0.19692309200763702,4.170100688934326
1752062183062,,,4.0982747077941895
1752062183063,-8.288127899169922,0.13946224749088287,3.8971617221832275
1752062183128,-8.479663848876953,0.44592007994651794,3.8923733234405518
1752062183194,,,3.9881415367126465
1752062183195,-6.430227279663086,0.8242039084434509,
1752062183261,-8.058284759521484,0.4076128304004669,5.079897403717041
1752062183327,-8.019977569580078,0.2064998894929886,5.051167011260986
1752062183479,-8.738237380981445,-0.06643909960985184,5.348048210144043
1752062183484,-8.149264335632324,0.2783259451389313,6.363189697265625
1752062183551,,,6.707954406738281
1752062183552,-6.219537258148193,-0.16220717132091522,7.5650787353515625
1752062183619,-7.129333972930908,-0.11432313174009323,7.498041152954102
1752062183685,-7.507617950439453,0.8433575630187988,7.335235595703125
1752062183751,,,6.320094108581543
1752062183752,-7.08144998550415,1.0636241436004639,6.722319602966309
1752062183819,-7.062296390533447,0.6997054219245911,6.83245325088501
1752062183885,-6.420650482177734,-0.08559270948171616,6.913856029510498
1752062183952,,,7.277774810791016
1752062183953,-7.052719593048096,0.33099839091300964,
1752062184019,-7.225101947784424,0.7571662664413452,7.39748477935791
1752062184086,-7.775768756866455,0.9247604012489319,7.689577102661133
1752062184153,-6.6361284255981445,0.4842272996902466,8.527547836303711
1752062184221,-6.401496887207031,1.245583415031433,6.664858818054199
1752062184287,-6.1955952644348145,1.326986312866211,7.842806339263916
1752062184334,-5.515642166137695,1.3605051040649414,7.292140007019043
1752062184354,-5.496488571166992,0.8912416100502014,7.665635108947754
1752062184419,-5.41987419128418,0.6853402256965637,7.823652744293213
1752062184485,-5.022436618804932,0.7523778676986694,6.746262073516846
1752062184552,,,7.603385925292969
1752062184553,-6.573879241943359,0.24001872539520264,7.526771545410156
1752062184619,-7.220313549041748,0.8864531517028809,7.694365501403809
1752062184685,-6.7749924659729,0.5081692934036255,7.498041152954102
1752062184753,,,8.12053394317627
1752062184762,-6.741473197937012,0.6039373874664307,8.115745544433594
1752062184820,-6.51641845703125,0.9056068062782288,7.67042350769043
1752062184885,-5.970540523529053,0.6326677799224854,6.506841659545898
1752062184953,-6.296152114868164,0.40282443165779114,6.918644428253174
1752062185019,-6.406285285949707,0.2256535142660141,7.249044418334961
1752062185085,-7.7183074951171875,0.01496376097202301,6.4398040771484375
1752062185152,-7.909843921661377,-0.24361002445220947,6.545148849487305
1752062185219,-7.440580368041992,-0.10474632680416107,6.69837760925293
1752062185285,-7.110180377960205,-0.4878185987472534,6.86597204208374
1752062185352,-7.708730697631836,-0.4926069974899292,6.506841659545898
1752062185419,-7.828441143035889,-0.6649895310401917,5.711966514587402
1752062185486,-8.067861557006836,-0.9187749028205872,5.5108537673950195
1752062185487,-7.991246700286865,,
1752062185552,-8.02955436706543,-0.7990648150444031,5.63535213470459
1752062185620,,,6.224325656890869
1752062185621,-7.263409614562988,-0.8469488620758057,6.5499372482299805
1752062185685,-6.95695161819458,-0.8086416125297546,6.846818447113037
1752062185753,-7.431003570556641,-0.8804676532745361,5.549160957336426
1752062185821,-8.06307315826416,-1.4167689085006714,5.95138692855835
1752062185886,-8.12053394317627,-1.9291280508041382,6.42543888092041
1752062185952,,,5.764639377593994
1752062185953,-8.221090316772461,-1.9865888357162476,5.592256546020508
1752062186019,,,5.175665378570557
1752062186020,-8.49402904510498,-1.9482816457748413,
1752062186092,-8.225878715515137,-2.010530948638916,5.75985050201416
1752062186152,-8.149264335632324,-1.8812439441680908,5.764639377593994
1752062186221,-8.340800285339355,-1.5029600858688354,5.582679748535156
1752062186286,,,5.405508995056152
1752062186287,-7.828441143035889,-1.4742296934127808,
1752062186352,,,5.45339298248291
1752062186353,-7.900267124176025,-1.0863690376281738,5.831676959991455
1752062186420,-8.297704696655273,-1.0672154426574707,5.4677581787109375
1752062186486,-8.723872184753418,-1.589151382446289,6.219537258148193
1752062186553,,,5.151723384857178
1752062186554,-7.737461566925049,-1.3736732006072998,
1752062186620,,,5.520430564880371
1752062186621,-8.656834602355957,-1.2108675241470337,5.486911773681641
1752062186686,,-1.445499300956726,5.989694118499756
1752062186687,-8.331223487854004,-1.301847219467163,
1752062186752,,,5.352836608886719
1752062186753,-8.326435089111328,-1.0432734489440918,5.142146587371826
1752062186820,-7.512406349182129,-0.8038532137870789,5.534795761108398
1752062186886,-7.780557155609131,-0.9666589498519897,4.821323871612549
1752062186952,,,4.912303447723389
1752062186953,-7.972093105316162,-1.004966139793396,5.10383939743042
1752062187021,,,5.410297393798828
1752062187022,-7.770980358123779,-1.1150994300842285,5.5778913497924805
1752062187086,-8.144475936889648,-1.68970787525177,5.908291339874268
1752062187153,-7.972093105316162,-1.2012907266616821,5.395932197570801
1752062187220,,,6.564302444458008
1752062187221,-8.7669677734375,-1.6609774827957153,6.186018466949463
1752062187286,-6.789357662200928,-1.68970787525177,6.339247703552246
1752062187354,-7.905055522918701,-1.8285715579986572,5.750273704528809
1752062187420,-8.307281494140625,-1.8142063617706299,6.33445930480957
1752062187485,-7.689577102661133,-1.8285715579986572,6.9042792320251465
1752062187552,-7.699153900146484,-0.9714473485946655,6.621763229370117
1752062187553,-7.387907981872559,,
1752062187620,-7.627327919006348,-0.1909375786781311,5.960963726043701
1752062187685,-7.871536731719971,0.14903905987739563,5.094262599945068
1752062187755,-7.871536731719971,0.18734627962112427,4.567538261413574
1752062187756,-8.00561237335205,,
1752062187819,-7.92899751663208,0.16819266974925995,4.500500679016113
1752062187885,-7.924209117889404,0.48901569843292236,5.376778602600098
1752062187956,-8.556278228759766,0.33099839091300964,6.707954406738281
1752062188020,,,6.722319602966309
1752062188021,-7.445368766784668,-0.09516951441764832,6.458957672119141
1752062188085,-7.589020729064941,0.2687491476535797,5.8891377449035645
1752062188152,-7.900267124176025,0.19213469326496124,5.640140533447266
1752062188219,-8.474875450134277,-0.15263035893440247,5.348048210144043
1752062188286,-8.398261070251465,-0.0520738884806633,5.563526153564453
1752062188353,-8.154052734375,-0.17657238245010376,5.735908508300781
1752062188421,,-0.24839842319488525,6.0854620933532715
1752062188422,-7.909843921661377,-0.24839842319488525,
1752062188485,-8.704718589782715,-0.5740098357200623,7.196371555328369
1752062188551,,,7.4549455642700195
1752062188552,-8.790909767150879,-0.5596446394920349,7.464522361755371
1752062188619,-8.398261070251465,-0.497395396232605,7.574655532836914
1752062188685,-7.589020729064941,-0.08559270948171616,5.745485305786133
1752062188752,-7.08144998550415,0.09157821536064148,3.820547342300415
1752062188819,-7.651269912719727,0.345363587141037,2.958634853363037
1752062188886,,,3.4566287994384766
1752062188887,-6.3967084884643555,1.1210849285125732,3.8780081272125244
1752062188952,-6.7510504722595215,1.9494787454605103,4.644152641296387
1752062189019,-6.631340026855469,3.7403416633605957,4.194042682647705
1752062189085,-6.674435615539551,3.2327709197998047,3.7918169498443604
1752062189152,-7.900267124176025,1.6430208683013916,5.86040735244751
1752062189220,-8.743025779724121,0.6087257862091064,6.1285576820373535
1752062189285,-10.825981140136719,0.010175357572734356,6.39192008972168
1752062189337,-11.089344024658203,0.6949170231819153,7.205948352813721
1752062189352,,1.2551602125167847,7.282563209533691
1752062189353,-10.74457836151123,,
1752062189419,,1.4323312044143677,7.182006359100342
1752062189420,-10.28010368347168,1.547252893447876,
1752062189485,-8.795698165893555,1.303044319152832,5.95138692855835
1752062189552,-7.459733963012695,1.4419080018997192,4.725555419921875
1752062189619,,,4.97934103012085
1752062189620,-6.616974830627441,1.6478092670440674,4.873996257781982
1752062189685,-6.4828996658325195,1.4850035905838013,4.567538261413574
1752062189752,,0.6422445774078369,4.577115058898926
1752062189753,-8.221090316772461,,
1752062189819,,,4.48134708404541
1752062189820,-8.661623001098633,0.17298106849193573,4.553173065185547
1752062189885,-8.09659194946289,0.5656301379203796,5.170876979827881
1752062189952,-8.508394241333008,0.8529343605041504,5.898714542388916
1752062190020,-8.656834602355957,2.117072820663452,6.219537258148193
1752062190085,-8.484452247619629,3.596689462661743,6.468534469604492
1752062190152,-8.388684272766113,4.185663223266602,5.257068157196045
1752062190219,,3.007715940475464,4.371213912963867
1752062190220,-8.738237380981445,,
1752062190286,-7.603385925292969,1.470638394355774,4.787805080413818
1752062190352,-6.463746070861816,0.19213469326496124,4.735132217407227
1752062190419,-6.176441669464111,-0.353743314743042,5.3576250076293945
1752062190486,,,5.72633171081543
1752062190487,-7.392696380615234,1.4083890914916992,
1752062190553,,,5.659294128417969
1752062190554,-9.169194221496582,2.160168409347534,5.937021732330322
1752062190619,,,5.8221001625061035
1752062190620,-10.308834075927734,2.3469161987304688,
1752062190685,,,5.333683013916016
1752062190686,-9.044695854187012,2.3469161987304688,5.506065368652344
1752062190754,-8.355165481567383,1.7004817724227905,5.051167011260986
1752062190819,,,4.988917827606201
1752062190820,-7.464522361755371,1.2168530225753784,
1752062190885,,,5.338471412658691
1752062190886,-7.4118499755859375,0.9056068062782288,5.218760967254639
1752062190952,-7.818864345550537,1.125873327255249,4.902726650238037
1752062191019,-7.9625163078308105,1.5376760959625244,5.190030574798584
1752062191086,-8.479663848876953,1.6525976657867432,5.515642166137695
1752062191152,-8.201936721801758,2.0596120357513428,5.161300182342529
1752062191219,-8.49402904510498,1.9255367517471313,5.434239387512207
1752062191285,,1.1546037197113037,5.281010627746582
1752062191286,-8.053496360778809,0.7523778676986694,
1752062191352,-7.268198013305664,0.1777694821357727,5.180453777313232
1752062191419,-7.4118499755859375,-0.3058592677116394,5.448604583740234
1752062191485,-7.526771545410156,-0.14784196019172668,5.8029465675354
1752062191552,-7.205948352813721,-0.262763649225235,5.86040735244751
1752062191619,-7.545925140380859,-0.578798234462738,6.248267650604248
1752062191685,-7.938574314117432,0.058059390634298325,6.6361284255981445
1752062191752,-8.388684272766113,0.44592007994651794,6.511630058288574
1752062191819,-7.076661586761475,0.2735375463962555,6.162076473236084
1752062191885,-7.933785915374756,0.01975216343998909,6.660070419311523
1752062191952,-8.728660583496094,0.16340427100658417,7.196371555328369
1752062192019,-7.7230963706970215,0.4076128304004669,6.559514045715332
1752062192086,-6.918644428253174,0.4602852761745453,5.970540523529053
1752062192152,-7.277774810791016,0.6949170231819153,5.415085792541504
1752062192219,,,5.343259811401367
1752062192220,-6.803722858428955,0.8816647529602051,5.515642166137695
1752062192285,-7.268198013305664,0.9965864419937134,5.649717330932617
1752062192352,-7.699153900146484,0.7092822790145874,5.898714542388916
1752062192419,,,5.410297393798828
1752062192420,-8.019977569580078,0.6661866307258606,5.702389717102051
1752062192485,-8.024765968322754,1.0684125423431396,6.224325656890869
1752062192552,-7.842806339263916,1.2551602125167847,6.679224014282227
1752062192619,-7.316082000732422,1.0348936319351196,6.4828996658325195
1752062192685,,,7.0144124031066895
1752062192686,-6.827664852142334,0.6470330357551575,
1752062192752,-6.39192008972168,0.8337807655334473,6.669647216796875
1752062192819,,,7.48846435546875
1752062192820,-7.507617950439453,0.6805518269538879,7.148487567901611
1752062192885,,,6.851606845855713
1752062192886,-7.48846435546875,1.3126211166381836,7.076661586761475
1752062192952,-6.913856029510498,1.446696400642395,6.894702434539795
1752062193020,-6.798934459686279,1.3844470977783203,6.942586421966553
1752062193085,-6.1716532707214355,0.7284358739852905,7.13891077041626
1752062193152,-6.305728912353516,0.656609833240509,7.378331184387207
1752062193219,,,7.359177589416504
1752062193220,-6.118980884552002,0.9151836037635803,7.464522361755371
1752062193285,,,7.775768756866455
1752062193286,-6.118980884552002,0.5847837924957275,7.9194207191467285
1752062193352,-5.601833343505859,0.8912416100502014,7.493252754211426
1752062193419,,,7.967304706573486
1752062193420,-6.118980884552002,0.618302583694458,7.9625163078308105
1752062193485,-6.032789707183838,1.0492589473724365,8.015189170837402
1752062193552,-6.243479251861572,0.7140706777572632,8.771756172180176
1752062193619,-5.558737754821777,1.2072762250900269,7.957727909088135
1752062193685,,,8.259397506713867
1752062193686,-5.989694118499756,0.9726444482803345,7.751826763153076
1752062193752,-4.835689067840576,1.5185223817825317,7.9625163078308105
1752062193819,-4.486135482788086,1.1929110288619995,7.9625163078308105
1752062193885,-4.586691856384277,0.6326677799224854,9.25059700012207
1752062193952,-5.54437255859375,0.6613982319831848,8.182783126831055
1752062194019,-6.205172061920166,0.47465047240257263,8.024765968322754
1752062194085,-10.146028518676758,-0.45429977774620056,9.260173797607422
1752062194152,-6.966528415679932,0.943913996219635,8.139687538146973
1752062194219,-6.061520099639893,0.8433575630187988,7.814075946807861
1752062194286,-4.653729438781738,0.9870096445083618,8.259397506713867
1752062194352,-3.9881415367126465,1.370081901550293,7.790133953094482
1752062194419,,1.025316834449768,9.509170532226562
1752062194420,-4.955399036407471,,
1752062194485,-4.107851505279541,1.4514847993850708,9.1260986328125
1752062194552,-5.213972568511963,1.0923545360565186,8.872312545776367
1752062194619,,,7.330447196960449
1752062194620,-5.180453777313232,1.8249802589416504,7.598597526550293
1752062194685,,,9.140463829040527
1752062194686,-6.885125637054443,1.0013748407363892,9.106945037841797
1752062194752,-5.477334976196289,1.3557167053222656,8.082226753234863
1752062194819,,,7.7661919593811035
1752062194820,-4.749497413635254,0.8912416100502014,7.7470383644104
1752062194885,-3.5188779830932617,0.7044938206672668,8.355165481567383
1752062194952,-3.7056257724761963,1.106719732284546,8.814851760864258
1752062195020,-4.730343818664551,1.2647370100021362,8.944138526916504
1752062195086,-4.6058454513549805,1.5328876972198486,9.135675430297852
1752062195152,-4.624999046325684,0.718859076499939,10.227431297302246
1752062195219,-5.166088581085205,1.0205284357070923,9.078214645385742
1752062195285,-5.6640825271606445,0.9726444482803345,9.384672164916992
1752062195352,-4.8309006690979,0.8816647529602051,8.623315811157227
1752062195419,-4.13179349899292,0.9295487999916077,8.680776596069336
1752062195486,-4.466981887817383,0.5943605899810791,9.197924613952637
1752062195552,-4.189254283905029,1.0684125423431396,8.474875450134277
1752062195618,,1.058835744857788,8.747814178466797
1752062195619,-4.596268653869629,1.0540473461151123,
1752062195686,-5.175665378570557,1.2072762250900269,8.848370552062988
1752062195752,-5.400720596313477,1.3557167053222656,8.91540813446045
1752062195818,,,8.130110740661621
1752062195819,-4.9170918464660645,1.2599486112594604,
1752062195886,-5.060743808746338,0.9774328470230103,8.685564994812012
1752062195952,-4.826112270355225,0.6374561786651611,9.087791442871094
1752062196019,-5.027225017547607,0.7858967185020447,8.752602577209473
1752062196086,-5.142146587371826,1.1785458326339722,8.67598819732666
1752062196152,-5.654505729675293,0.8768763542175293,8.570643424987793
1752062196218,,,7.680000305175781
1752062196219,-4.854842662811279,1.1402385234832764,8.043919563293457
1752062196286,-5.831676959991455,0.656609833240509,8.374319076538086
1752062196352,-6.367978096008301,0.6470330357551575,8.55148983001709
1752062196418,,,8.201936721801758
1752062196419,-5.740696907043457,0.5321113467216492,8.139687538146973
1752062196486,-6.1716532707214355,0.761954665184021,7.732673168182373
1752062196552,-6.152499675750732,0.8050503134727478,7.756615161895752
1752062196618,,,8.024765968322754
1752062196619,-6.746262073516846,0.900818407535553,7.392696380615234
1752062196686,-6.870760440826416,1.2934675216674805,6.511630058288574
1752062196752,-6.952163219451904,1.1689690351486206,6.3967084884643555
1752062196819,-6.961740016937256,1.2599486112594604,6.4828996658325195
1752062196886,-7.4118499755859375,1.1929110288619995,6.525995254516602
1752062196952,-7.761403560638428,1.6765397787094116,5.45339298248291
1752062197019,-7.598597526550293,1.4945803880691528,5.869984149932861
1752062197086,-7.818864345550537,1.1210849285125732,5.597044944763184
1752062197152,-7.665635108947754,1.025316834449768,5.72633171081543
1752062197220,,,5.7311201095581055
1752062197221,,,5.506065368652344
1752062197222,-7.890690326690674,0.9678560495376587,5.630563735961914
1752062197286,-8.455721855163574,0.9965864419937134,5.391143798828125
1752062197352,-7.924209117889404,1.6095020771026611,5.884349346160889
1752062197419,-7.421426773071289,1.3844470977783203,5.3576250076293945
1752062197486,-8.498817443847656,1.3557167053222656,4.75428581237793
1752062197552,-7.8092875480651855,1.0540473461151123,4.931457042694092
1752062197618,,,5.553949356079102
1752062197619,-8.06307315826416,0.9295487999916077,
1752062197686,-8.158841133117676,1.2072762250900269,5.300164222717285
1752062197752,-8.379107475280762,1.0013748407363892,4.658517837524414
1752062197818,,,4.9170918464660645
1752062197819,-8.374319076538086,1.0540473461151123,
1752062197886,-8.431779861450195,1.0444705486297607,5.654505729675293
1752062197952,-8.963293075561523,0.9247604012489319,5.659294128417969
1752062198019,-8.197148323059082,1.3126211166381836,5.386355400085449
1752062198087,-8.110957145690918,1.2551602125167847,5.98490571975708
1752062198152,-7.421426773071289,1.346139907836914,5.98490571975708
1752062198219,-8.072649955749512,1.3317747116088867,5.826888561248779
1752062198286,-8.048707962036133,1.3940238952636719,5.376778602600098
1752062198352,-8.024765968322754,1.2360066175460815,5.616198539733887
1752062198419,,1.3605051040649414,5.625775337219238
1752062198420,-7.019200801849365,,
1752062198486,-7.699153900146484,1.2791022062301636,6.176441669464111
1752062198552,-8.757390975952148,1.3652935028076172,6.047154903411865
1752062198619,-7.742249965667725,1.5041571855545044,5.611410140991211
1752062198686,-8.513182640075684,0.7140706777572632,6.621763229370117
1752062198752,-7.48846435546875,1.202487826347351,5.45339298248291
1752062198819,-8.699930191040039,0.9391255974769592,5.869984149932861
1752062198886,,,4.69682502746582
1752062198887,,1.3557167053222656,4.778227806091309
1752062198888,-8.417414665222168,1.2886791229248047,
1752062198952,-8.039131164550781,1.3652935028076172,5.735908508300781
1752062199019,-7.431003570556641,1.1546037197113037,5.898714542388916
1752062199086,-6.382343292236328,1.025316834449768,5.400720596313477
1752062199152,-6.727108001708984,0.4507084786891937,6.162076473236084
1752062199219,-7.5650787353515625,0.0628477931022644,6.487688064575195
1752062199286,-8.087015151977539,0.1538274586200714,6.420650482177734
1752062199352,-8.51797103881836,-0.04249707981944084,5.774216175079346
1752062199419,-8.6089506149292,-0.406415730714798,6.118980884552002
1752062199486,-7.823652744293213,-0.2148796021938324,6.032789707183838
1752062199552,-7.153275966644287,-0.21009120345115662,6.612186431884766
1752062199619,-7.2298903465271,0.18734627962112427,6.5930328369140625
1752062199686,-7.2298903465271,0.4985924959182739,6.597821235656738
1752062199752,-6.9904704093933105,0.44592007994651794,6.142922878265381
1752062199819,-7.665635108947754,0.01496376097202301,6.147711277008057
1752062199886,-7.071873188018799,0.07242459803819656,5.960963726043701
1752062199952,-7.7183074951171875,-0.19572599232196808,5.678447723388672
1752062200019,-7.818864345550537,-0.11911153793334961,5.3576250076293945
1752062200086,-8.637681007385254,-0.1430535465478897,5.8029465675354
1752062200152,-7.67042350769043,0.1346738487482071,6.032789707183838
1752062200219,-7.732673168182373,-0.04249707981944084,6.114192485809326
1752062200286,-7.713519096374512,-0.09038111567497253,6.458957672119141
1752062200352,-7.1436991691589355,0.1825578808784485,6.1285576820373535
1752062200419,-7.445368766784668,0.09636662155389786,6.138134479522705
1752062200486,-7.177217960357666,0.3214215636253357,5.86040735244751
1752062200552,-7.124545574188232,0.005386953707784414,5.688024520874023
1752062200619,-8.015189170837402,-0.07122749835252762,6.066308498382568
1752062200686,-8.321646690368652,-0.12389993667602539,6.818088054656982
1752062200752,-8.110957145690918,0.3166331648826599,6.798934459686279
1752062200818,,,5.688024520874023
1752062200819,-6.511630058288574,0.5416881442070007,
1752062200886,-7.550713539123535,-0.31543606519699097,6.9473748207092285
1752062200952,-7.3687543869018555,0.23044191300868988,5.960963726043701
1752062201018,,,5.4246625900268555
1752062201019,-6.909067630767822,0.13946224749088287,
1752062201086,-7.387907981872559,0.010175357572734356,5.367201805114746
1752062201152,-7.713519096374512,0.048482585698366165,5.922656536102295
1752062201218,,,6.559514045715332
1752062201219,-8.355165481567383,0.058059390634298325,6.4828996658325195
1752062201286,-7.972093105316162,0.33099839091300964,6.382343292236328
1752062201352,-8.00561237335205,0.25917232036590576,6.5930328369140625
1752062201419,-7.354389190673828,0.22086510062217712,6.51641845703125
1752062201486,-7.3687543869018555,-0.018555063754320145,6.980893611907959
1752062201552,-6.770204067230225,-0.166995570063591,7.205948352813721
1752062201619,-6.693589210510254,0.13946224749088287,6.942586421966553
1752062201686,-7.526771545410156,0.25438392162323,6.626551628112793
1752062201752,-8.316858291625977,0.2064998894929886,6.032789707183838
1752062201819,-8.09659194946289,0.3645172119140625,5.7311201095581055
1752062201886,-7.603385925292969,0.2256535142660141,5.946598529815674
1752062201952,-7.426215171813965,-0.04728548228740692,5.846042156219482
1752062202019,-7.296928405761719,-0.07122749835252762,6.0184245109558105
1752062202087,-7.407061576843262,-0.06643909960985184,5.989694118499756
1752062202152,-7.550713539123535,0.11552023142576218,6.707954406738281
1752062202219,-7.881113529205322,0.2687491476535797,6.6361284255981445
1752062202286,-7.325658798217773,0.4315548539161682,6.233902454376221
1752062202352,-6.928221225738525,0.5943605899810791,6.324882507324219
1752062202419,-6.487688064575195,0.5943605899810791,6.363189697265625
1752062202486,-7.2107367515563965,0.2017114907503128,6.463746070861816
1752062202552,-7.967304706573486,-0.09516951441764832,6.770204067230225
1752062202619,-8.249820709228516,-0.008978256024420261,6.631340026855469
1752062202686,-7.119757175445557,0.46507367491722107,6.367978096008301
1752062202752,-6.722319602966309,0.11552023142576218,6.0854620933532715
1752062202819,-7.790133953094482,0.09157821536064148,6.028001308441162
1752062202886,-7.603385925292969,0.3597288131713867,6.104615688323975
1752062202952,-7.713519096374512,0.1586158573627472,6.468534469604492
1752062203018,,,6.3967084884643555
1752062203019,-7.474099159240723,0.23044191300868988,6.545148849487305
1752062203086,-7.646481513977051,-0.03292027488350868,6.219537258148193
1752062203152,-7.7470383644104,0.053270988166332245,6.621763229370117
1752062203218,,,6.736684799194336
1752062203219,-6.7031660079956055,0.4985924959182739,6.966528415679932
1752062203286,-6.468534469604492,0.44592007994651794,7.17242956161499
1752062203352,-6.779780864715576,0.6470330357551575,7.13891077041626
1752062203418,,,6.267421722412109
1752062203419,-6.870760440826416,0.6661866307258606,6.4828996658325195
1752062203486,-7.794922351837158,0.4315548539161682,6.104615688323975
1752062203552,,,6.669647216796875
1752062203553,-8.106168746948242,0.19213469326496124,
1752062203619,-7.775768756866455,0.4124012291431427,6.746262073516846
1752062203686,-7.134122371673584,0.7380126714706421,6.7031660079956055
1752062203752,-7.0144124031066895,0.656609833240509,6.746262073516846
1752062203818,,,6.463746070861816
1752062203819,-7.6752119064331055,1.0301052331924438,6.138134479522705
1752062203886,-7.474099159240723,1.7435773611068726,5.673659324645996
1752062203952,-8.039131164550781,1.1162965297698975,6.142922878265381
1752062204019,-7.483675956726074,1.427542805671692,5.831676959991455
1752062204086,-6.942586421966553,1.149815320968628,6.205172061920166
1752062204152,-7.0575079917907715,0.8768763542175293,5.764639377593994
1752062204219,-7.378331184387207,0.7858967185020447,5.937021732330322
1752062204286,-7.7230963706970215,0.7763199210166931,5.927444934844971
1752062204352,-7.689577102661133,0.7858967185020447,6.233902454376221
1752062204418,,,6.205172061920166
1752062204419,-7.5650787353515625,0.8242039084434509,6.051943302154541
1752062204486,-7.550713539123535,0.6422445774078369,6.348824501037598
1752062204552,-7.148487567901611,1.1162965297698975,6.502053260803223
1752062204618,,,6.4398040771484375
1752062204619,-7.560290336608887,1.1115081310272217,6.344036102294922
1752062204686,-7.287351608276367,0.9487023949623108,6.530783653259277
1752062204752,-7.17242956161499,0.4985924959182739,6.525995254516602
1752062204819,,,8.230667114257812
1752062204820,,-0.5117605924606323,
1752062204822,,-0.7894880175590515,
1752062204823,-8.33601188659668,-0.7463923692703247,
1752062204886,-9.063849449157715,-0.71766197681427,8.728660583496094
1752062204953,-8.80048656463623,0.3645172119140625,7.0144124031066895
1752062205019,-6.583456039428711,0.7906851172447205,6.420650482177734
1752062205086,,,6.004059314727783
1752062205087,-5.54437255859375,0.42676645517349243,
1752062205152,-5.659294128417969,0.8816647529602051,5.257068157196045
1752062205219,,,5.22833776473999
1752062205220,-6.411073684692383,0.8146271109580994,5.017648220062256
1752062205286,-6.39192008972168,0.8529343605041504,5.391143798828125
1752062205287,-6.573879241943359,,
1752062205352,-7.373542785644531,0.6039373874664307,5.376778602600098
1752062205419,-8.834005355834961,0.8912416100502014,5.788581371307373
1752062205486,-8.254609107971191,1.7004817724227905,5.869984149932861
1752062205552,-6.688800811767578,1.5041571855545044,6.51641845703125
1752062205619,-7.27298641204834,1.0157400369644165,6.047154903411865
1752062205686,-7.2298903465271,1.4083890914916992,5.659294128417969
1752062205752,-6.693589210510254,1.9829975366592407,5.1996073722839355
1752062205819,-6.387131690979004,2.0404584407806396,4.988917827606201
1752062205886,-5.774216175079346,2.006939649581909,4.993706226348877
1752062205952,-6.272210121154785,0.7428010702133179,6.770204067230225
1752062206018,,,6.875548839569092
1752062206019,-8.125322341918945,0.48901569843292236,7.110180377960205
1752062206086,-9.49001693725586,0.5512649416923523,6.186018466949463
1752062206152,-10.83555793762207,-0.09516951441764832,5.434239387512207
1752062206218,,,6.056731700897217
1752062206219,-9.43255615234375,-0.8804676532745361,6.545148849487305
1752062206286,-10.423755645751953,-1.6466121673583984,7.205948352813721
1752062206352,-8.992023468017578,-0.19572599232196808,8.479663848876953
1752062206419,-7.1436991691589355,1.1450269222259521,8.498817443847656
1752062206486,-5.735908508300781,1.5185223817825317,8.46051025390625
1752062206552,-4.562749862670898,1.710058569908142,7.871536731719971
1752062206618,,,6.961740016937256
1752062206619,-4.912303447723389,1.5376760959625244,
1752062206686,-6.3967084884643555,1.3748703002929688,6.051943302154541
1752062206752,-8.484452247619629,0.9917980432510376,5.142146587371826
1752062206819,-8.522759437561035,1.1737574338912964,4.811747074127197
1752062206886,-7.445368766784668,1.4993687868118286,5.41987419128418
1752062206952,-7.775768756866455,1.4371196031570435,5.161300182342529
1752062207019,-8.541913032531738,1.1881226301193237,5.055955410003662
1752062207086,-7.952939510345459,1.9686323404312134,5.3145294189453125
1752062207152,,,5.434239387512207
1752062207153,-9.006388664245605,2.983773946762085,5.300164222717285
1752062207218,,,4.433463096618652
1752062207219,-8.623315811157227,3.2854433059692383,4.150947093963623
1752062207286,-9.360730171203613,2.3517045974731445,3.624222755432129
1752062207352,-8.73344898223877,1.6286556720733643,4.155735492706299
1752062207419,-8.345588684082031,1.6956933736801147,4.601057052612305
1752062207486,-7.536348342895508,2.2655134201049805,5.22833776473999
1752062207552,-4.864419460296631,1.7196353673934937,9.322422981262207
1752062207619,-5.395932197570801,2.208052635192871,9.370306968688965
1752062207686,-6.430227279663086,1.9829975366592407,8.680776596069336
1752062207753,-8.340800285339355,2.102707624435425,7.158064365386963
1752062207819,-8.130110740661621,2.3995885848999023,5.118204593658447
1752062207885,,,4.083909511566162
1752062207886,-8.6089506149292,1.7531541585922241,3.686472177505493
1752062207953,-8.235455513000488,1.3557167053222656,3.7678749561309814
1752062208019,-7.9194207191467285,1.6525976657867432,3.8923733234405518
1752062208085,,,4.265868663787842
1752062208086,-8.604162216186523,1.6861165761947632,4.112639904022217
1752062208153,-7.67042350769043,2.0213048458099365,4.409521102905273
1752062208219,-7.61296272277832,1.9303251504898071,5.597044944763184
1752062208285,,,6.430227279663086
1752062208286,-7.842806339263916,2.1122844219207764,6.233902454376221
1752062208353,-7.234679222106934,2.2176294326782227,5.903502941131592
1752062208419,-7.83801794052124,2.0213048458099365,5.917868137359619
1752062208486,-8.249820709228516,1.7292121648788452,5.745485305786133
1752062208553,-8.158841133117676,1.590348482131958,5.486911773681641
1752062208618,,,5.75985050201416
1752062208619,-7.253832817077637,1.6813281774520874,5.75985050201416
1752062208685,,,5.937021732330322
1752062208686,-7.909843921661377,1.7723077535629272,5.764639377593994
1752062208753,-7.770980358123779,2.1314380168914795,5.084685802459717
1752062208818,,,5.568314552307129
1752062208819,-7.799710750579834,2.0931308269500732,
1752062208885,-8.379107475280762,1.9159599542617798,5.735908508300781
1752062208953,-7.071873188018799,1.470638394355774,5.381567001342773
1752062209019,-7.023989200592041,0.5895721912384033,5.592256546020508
1752062209086,-7.584232330322266,0.1107318252325058,5.989694118499756
1752062209153,,,6.39192008972168
1752062209154,-7.349600791931152,0.292691171169281,6.688800811767578
1752062209219,,,6.411073684692383
1752062209220,-7.972093105316162,0.19692309200763702,6.525995254516602
1752062209285,,,6.717531204223633
1752062209286,-7.972093105316162,-0.09516951441764832,
1752062209353,-8.06307315826416,-0.1909375786781311,6.559514045715332
1752062209419,-7.421426773071289,0.2974795699119568,5.850830554962158
1752062209485,-7.239467620849609,0.2064998894929886,6.435015678405762
1752062209553,-7.091026782989502,0.21128830313682556,6.229114055633545
1752062209618,,,5.798158168792725
1752062209619,-7.4118499755859375,0.21607670187950134,5.946598529815674
1752062209685,,0.17298106849193573,6.123769283294678
1752062209686,-7.57944393157959,,
1752062209753,-7.531559944152832,0.2495955228805542,6.506841659545898
1752062209819,-7.440580368041992,0.24001872539520264,6.92343282699585
1752062209886,-7.009624004364014,0.12988543510437012,6.583456039428711
1752062209952,,,6.578667640686035
1752062209953,-7.737461566925049,0.0628477931022644,6.602609634399414
1752062210019,-7.296928405761719,0.2783259451389313,6.530783653259277
1752062210086,-7.028777599334717,0.07721300423145294,6.69837760925293
1752062210153,-7.004835605621338,0.11552023142576218,6.717531204223633
1752062210220,-7.1006035804748535,0.28790274262428284,6.502053260803223
1752062210287,,0.42197805643081665,6.248267650604248
1752062210288,-6.880337238311768,0.37409400939941406,
1752062210354,-6.846818447113037,0.21607670187950134,6.473322868347168
1752062210421,-7.493252754211426,0.42197805643081665,6.281786918640137
1752062210487,-7.3017168045043945,0.5991489887237549,6.813299655914307
1752062210554,-6.60739803314209,0.40282443165779114,6.933009624481201
1752062210620,,0.41718965768814087,7.727884769439697
1752062210621,-6.181230068206787,,
1752062210687,-6.664858818054199,0.32620999217033386,7.732673168182373
1752062210754,-7.162852764129639,0.30226796865463257,7.536348342895508
1752062210820,,,7.239467620849609
1752062210821,-7.646481513977051,0.3357867896556854,
1752062210887,-7.000047206878662,0.4124012291431427,6.741473197937012
1752062210954,-6.7941460609436035,0.42676645517349243,7.378331184387207
1752062211020,,,7.483675956726074
1752062211021,-5.539584159851074,0.5991489887237549,7.751826763153076
1752062211087,-5.86040735244751,0.5033808946609497,7.17242956161499
1752062211154,-6.157288074493408,0.4554968774318695,7.17242956161499
1752062211220,,,7.1436991691589355
1752062211221,-6.7941460609436035,0.4842272996902466,
1752062211287,-7.038354396820068,0.761954665184021,7.292140007019043
1752062211354,,,7.790133953094482
1752062211355,-7.033565998077393,0.7380126714706421,
1752062211421,,0.7236474752426147,7.794922351837158
1752062211422,-6.061520099639893,,
1752062211487,-5.994482517242432,0.6997054219245911,7.5650787353515625
1752062211555,-6.468534469604492,0.9917980432510376,7.36396598815918
1752062211621,-6.435015678405762,1.183334231376648,7.507617950439453
1752062211687,-5.884349346160889,1.5520412921905518,7.359177589416504
1752062211755,-6.051943302154541,1.0109516382217407,7.431003570556641
1752062211821,-5.937021732330322,0.8529343605041504,7.785345554351807
1752062211888,-6.186018466949463,0.8242039084434509,7.296928405761719
1752062211954,,1.0348936319351196,7.948151111602783
1752062211955,-6.1716532707214355,,
1752062212020,,1.6861165761947632,7.857171535491943
1752062212021,-6.650493621826172,,
1752062212088,-6.822876453399658,1.9590555429458618,7.957727909088135
1752062212154,,,7.8092875480651855
1752062212155,-6.937798023223877,2.3564929962158203,7.641693115234375
1752062212220,,2.4809916019439697,7.550713539123535
1752062212221,-6.176441669464111,,
1752062212288,-5.884349346160889,2.07397723197937,7.292140007019043
1752062212355,-5.051167011260986,2.2846670150756836,7.249044418334961
1752062212421,-5.5108537673950195,1.9829975366592407,7.296928405761719
1752062212487,,,7.636904716491699
1752062212488,-6.770204067230225,1.7435773611068726,7.4118499755859375
1752062212554,,,7.110180377960205
1752062212555,-6.104615688323975,2.121861219406128,7.435791969299316
1752062212621,,,7.92899751663208
1752062212622,-5.846042156219482,2.0452468395233154,8.087015151977539
1752062212687,-6.095038890838623,2.006939649581909,8.249820709228516
1752062212755,-5.525218963623047,2.184110403060913,8.297704696655273
1752062212756,-5.640140533447266,,
1752062212820,,1.9686323404312134,7.814075946807861
1752062212821,-6.099827289581299,,
1752062212887,,,7.7230963706970215
1752062212888,-6.080673694610596,1.9877859354019165,7.407061576843262
1752062212954,,,7.890690326690674
1752062212955,-6.0184245109558105,1.9446903467178345,
1752062213020,-5.879560947418213,2.203263998031616,7.593809127807617
1752062213088,-5.410297393798828,2.0644004344940186,7.545925140380859
1752062213155,-5.371990203857422,2.2463598251342773,7.952939510345459
1752062213221,-5.122992992401123,2.433107376098633,8.139687538146973
1752062213287,-5.10383939743042,2.3469161987304688,7.756615161895752
1752062213288,-4.629787445068359,,
1752062213354,-4.596268653869629,2.030881643295288,7.871536731719971
1752062213420,,,8.752602577209473
1752062213421,-4.380790710449219,1.7483657598495483,
1752062213487,-4.945822238922119,1.9734207391738892,8.704718589782715
1752062213555,-5.8029465675354,1.4993687868118286,9.097368240356445
1752062213620,,1.566406488418579,8.814851760864258
1752062213621,-6.028001308441162,,
1752062213687,,1.8297686576843262,8.64246940612793
1752062213688,-5.41987419128418,,
1752062213754,,1.777096152305603,8.656834602355957
1752062213755,-5.051167011260986,,
1752062213820,,1.66696298122406,8.527547836303711
1752062213821,-4.802170276641846,,
1752062213887,,,8.106168746948242
1752062213888,-4.6920366287231445,1.7004817724227905,8.149264335632324
1752062213954,-4.687248229980469,1.7531541585922241,7.914632320404053
1752062214021,-4.653729438781738,2.16495680809021,8.388684272766113
1752062214087,,,8.80048656463623
1752062214088,-4.514865875244141,1.9686323404312134,
1752062214155,-4.720767021179199,1.9446903467178345,8.498817443847656
1752062214221,-5.151723384857178,1.79146146774292,8.106168746948242
1752062214286,,1.6717513799667358,8.3120698928833
1752062214287,-5.515642166137695,,
1752062214354,-5.750273704528809,1.4371196031570435,8.470087051391602
1752062214420,,,8.163629531860352
1752062214421,-5.434239387512207,1.3988122940063477,
1752062214488,-5.338471412658691,1.245583415031433,8.781332969665527
1752062214554,,,7.914632320404053
1752062214555,-5.678447723388672,1.896806240081787,
1752062214620,,,8.7669677734375
1752062214621,-5.5778913497924805,1.5185223817825317,8.02955436706543
1752062214688,-5.415085792541504,1.5328876972198486,8.58500862121582
1752062214754,,,7.354389190673828
1752062214755,-4.873996257781982,1.978209137916565,7.5219831466674805
1752062214821,-5.640140533447266,1.4179660081863403,7.943362712860107
1752062214886,,1.4371196031570435,7.641693115234375
1752062214887,-5.592256546020508,,
1752062214954,-5.75985050201416,1.4514847993850708,7.110180377960205
1752062215020,-6.502053260803223,1.303044319152832,7.80449914932251
1752062215086,-6.760627269744873,1.5711948871612549,7.062296390533447
1752062215154,-7.177217960357666,1.3078327178955078,7.234679222106934
1752062215219,-6.9904704093933105,1.3413515090942383,7.182006359100342
1752062215285,,,6.985682010650635
1752062215286,-6.717531204223633,1.2360066175460815,7.225101947784424
1752062215353,-7.517194747924805,1.1976994276046753,6.770204067230225
1752062215419,-6.86597204208374,1.1210849285125732,6.415862083435059
1752062215486,,1.1019313335418701,6.616974830627441
1752062215487,-6.631340026855469,,
1752062215553,-7.04793119430542,1.2886791229248047,6.583456039428711
1752062215620,-7.416638374328613,1.370081901550293,6.008847713470459
1752062215686,-7.000047206878662,1.3652935028076172,5.956175327301025
1752062215754,-6.621763229370117,1.1689690351486206,5.72633171081543
1752062215820,-8.455721855163574,0.9774328470230103,6.061520099639893
1752062215887,-7.914632320404053,1.2551602125167847,5.5108537673950195
1752062215953,,,5.218760967254639
1752062215954,-7.665635108947754,0.9870096445083618,5.654505729675293
1752062216020,-8.537124633789062,0.8481459617614746,5.807734966278076
1752062216021,-8.431779861450195,,
1752062216086,-8.508394241333008,1.0923545360565186,5.659294128417969
1752062216154,-7.943362712860107,1.025316834449768,5.7311201095581055
1752062216219,-7.08144998550415,1.025316834449768,6.214748859405518
1752062216289,-8.115745544433594,1.1546037197113037,6.090250492095947
1752062216354,-7.349600791931152,1.269525408744812,5.539584159851074
1752062216421,-8.134899139404297,0.9103952050209045,5.616198539733887
1752062216487,-7.325658798217773,1.0971429347991943,5.127781391143799
1752062216554,,,5.285799026489258
1752062216555,-7.622539520263672,0.9295487999916077,5.36241340637207
1752062216620,,,5.927444934844971
1752062216621,-8.680776596069336,0.4076128304004669,
1752062216688,-8.345588684082031,0.048482585698366165,5.831676959991455
1752062216754,-8.661623001098633,-0.11911153793334961,5.879560947418213
1752062216821,-8.048707962036133,-0.20530278980731964,5.486911773681641
1752062216887,-7.770980358123779,-0.6985083222389221,5.290587425231934
1752062216954,-7.541136741638184,-0.8086416125297546,5.539584159851074
1752062217020,,,6.276998519897461
1752062217021,-7.924209117889404,-0.353743314743042,6.181230068206787
1752062217087,-7.8332295417785645,0.01975216343998909,6.004059314727783
1752062217154,-8.513182640075684,-0.11432313174009323,5.999270915985107
1752062217155,-8.182783126831055,,
1752062217220,,,5.8029465675354
1752062217221,-7.450157165527344,0.03411737456917763,
1752062217287,,,5.783792972564697
1752062217288,-7.110180377960205,-0.29149407148361206,5.745485305786133
1752062217354,-7.2586212158203125,-0.5500678420066833,5.66887092590332
1752062217421,,,5.836465358734131
1752062217422,-7.756615161895752,-0.4878185987472534,5.89392614364624
1752062217487,-7.665635108947754,-0.18614917993545532,6.262633323669434
1752062217555,-7.847594738006592,-0.008978256024420261,6.291363716125488
1752062217621,-8.043919563293457,0.0628477931022644,6.1716532707214355
1752062217687,-7.900267124176025,-0.16220717132091522,6.281786918640137
1752062217755,,,5.937021732330322
1752062217756,-7.48846435546875,-0.32022446393966675,5.89392614364624
1752062217820,,,5.8651957511901855
1752062217821,-7.512406349182129,-0.3489548861980438,
1752062217888,-7.656058311462402,-0.0999579206109047,5.908291339874268
1752062217955,-7.699153900146484,-0.13826514780521393,6.123769283294678
1752062217956,-8.024765968322754,,
1752062218021,,-0.008978256024420261,6.39192008972168
1752062218022,-8.110957145690918,0.09636662155389786,
1752062218087,,,6.118980884552002
1752062218088,-7.890690326690674,0.10594342648983002,5.898714542388916
1752062218154,,,6.023212909698486
1752062218155,-7.593809127807617,0.21128830313682556,
1752062218221,,0.19692309200763702,6.118980884552002
1752062218222,-7.1676411628723145,,
1752062218287,-7.392696380615234,0.10115502029657364,5.98490571975708
1752062218356,-8.168417930603027,0.12030863761901855,5.922656536102295
1752062218420,,0.12030863761901855,6.061520099639893
1752062218421,-8.18757152557373,,
1752062218487,,,5.439027786254883
1752062218488,-7.660846710205078,0.383670836687088,5.462969779968262
1752062218555,-7.89547872543335,0.23044191300868988,5.812523365020752
1752062218620,-7.900267124176025,0.25917232036590576,6.051943302154541
1752062218688,-7.196371555328369,0.3166331648826599,5.549160957336426
1752062218755,-8.221090316772461,0.12988543510437012,6.190806865692139
1752062218820,-7.823652744293213,0.37409400939941406,5.937021732330322
1752062218888,-7.885901927947998,0.2783259451389313,5.764639377593994
1752062218954,-7.996035099029541,0.33099839091300964,5.8221001625061035
1752062219020,,,5.66887092590332
1752062219021,-7.6752119064331055,0.2783259451389313,5.587468147277832
1752062219088,-7.153275966644287,0.26396074891090393,5.295375823974609
1752062219154,,,5.812523365020752
1752062219155,-8.12053394317627,0.13946224749088287,5.688024520874023
1752062219220,,,5.98490571975708
1752062219221,-8.182783126831055,0.4315548539161682,
1752062219287,,0.39803603291511536,5.917868137359619
1752062219288,-7.694365501403809,,
1752062219354,,,5.95138692855835
1752062219355,-7.972093105316162,0.23044191300868988,5.76942777633667
1752062219420,,,5.654505729675293
1752062219421,-7.507617950439453,0.32620999217033386,5.711966514587402
1752062219487,,,5.692812919616699
1752062219488,-7.689577102661133,0.30705636739730835,
1752062219555,,,6.004059314727783
1752062219556,-7.80449914932251,0.383670836687088,
1752062219620,-7.636904716491699,0.23523031175136566,6.023212909698486
1752062219688,-7.6752119064331055,0.18734627962112427,6.013636112213135
1752062219689,-7.737461566925049,,
1752062219755,,-0.13347674906253815,6.133346080780029
1752062219756,-7.890690326690674,,
1752062219821,-7.751826763153076,-0.12868833541870117,5.994482517242432
1752062219888,-7.708730697631836,-0.2579752206802368,6.262633323669434
1752062219956,-7.996035099029541,-0.1430535465478897,6.162076473236084
1752062220021,,0.0293289702385664,5.95138692855835
1752062220022,-7.263409614562988,,
1752062220087,,0.005386953707784414,6.071096897125244
1752062220088,-7.36396598815918,,
1752062220154,,,6.095038890838623
1752062220155,-7.550713539123535,0.053270988166332245,6.1955952644348145
1752062220220,,,6.229114055633545
1752062220221,-7.732673168182373,0.12509703636169434,
1752062220287,-7.852383136749268,0.11552023142576218,6.209960460662842
1752062220354,-8.230667114257812,-0.06643909960985184,6.243479251861572
1752062220420,-7.89547872543335,-0.06643909960985184,5.793369770050049
1752062220487,-7.67042350769043,-0.04728548228740692,5.831676959991455
1752062220554,-7.225101947784424,-0.10474632680416107,6.142922878265381
1752062220621,,0.24001872539520264,5.965752124786377
1752062220622,-7.684788703918457,,
1752062220686,-8.106168746948242,0.28790274262428284,6.056731700897217
1752062220753,,,6.090250492095947
1752062220754,-7.5219831466674805,0.3166331648826599,6.296152114868164
1752062220821,,0.11552023142576218,6.147711277008057
1752062220822,-7.469310760498047,,
1752062220887,-7.5219831466674805,0.07242459803819656,6.008847713470459
1752062220953,,,6.3967084884643555
1752062220954,-7.8763251304626465,-0.08080431073904037,
1752062221021,,,5.956175327301025
1752062221022,-7.589020729064941,0.2064998894929886,5.980117321014404
1752062221087,-7.445368766784668,0.1538274586200714,5.869984149932861
1752062221153,,,5.970540523529053
1752062221154,-7.799710750579834,0.18734627962112427,
1752062221221,-7.780557155609131,0.19213469326496124,6.047154903411865
1752062221287,-7.478887557983398,0.0628477931022644,5.941810131072998
1752062221353,-7.349600791931152,0.10594342648983002,5.941810131072998
1752062221421,-7.512406349182129,0.0628477931022644,6.2386908531188965
1752062221487,-7.713519096374512,0.1586158573627472,6.233902454376221
1752062221488,-7.871536731719971,,
1752062221553,,,6.090250492095947
1752062221554,-7.646481513977051,0.1777694821357727,6.176441669464111
1752062221622,-7.857171535491943,0.08200141042470932,6.2386908531188965
1752062221686,,,6.257844924926758
1752062221687,-7.584232330322266,0.02454056777060032,6.20038366317749
1752062221754,,,6.262633323669434
1752062221755,-7.316082000732422,-0.06165069341659546,
1752062221820,,,6.181230068206787
1752062221821,-7.555501937866211,-0.018555063754320145,6.229114055633545
1752062221886,,0.053270988166332245,6.2386908531188965
1752062221887,-7.689577102661133,,
1752062221953,-7.957727909088135,-0.023343466222286224,6.16686487197876
1752062222022,,,6.190806865692139
1752062222024,-7.909843921661377,0.005386953707784414,6.118980884552002
1752062222096,,,5.826888561248779
1752062222097,-7.311293601989746,-0.10953472554683685,5.573102951049805
1752062222153,-7.36396598815918,-0.12868833541870117,5.688024520874023
1752062222219,,,5.8891377449035645
1752062222220,-7.598597526550293,-0.1430535465478897,
1752062222286,-7.311293601989746,-0.15741875767707825,6.209960460662842
1752062222354,-7.589020729064941,-0.36810851097106934,6.51641845703125
1752062222420,,,7.043142795562744
1752062222421,-7.574655532836914,-0.6649895310401917,7.086238384246826
1752062222488,-7.560290336608887,-0.7272387742996216,6.540360450744629
1752062222554,-7.881113529205322,-0.8804676532745361,6.564302444458008
1752062222620,,,5.946598529815674
1752062222621,-7.3687543869018555,-0.8804676532745361,6.099827289581299
1752062222687,,,6.181230068206787
1752062222688,-6.985682010650635,-0.9331400990486145,6.291363716125488
1752062222753,,-1.2012907266616821,6.684012413024902
1752062222754,-7.526771545410156,,
1752062222822,-7.589020729064941,-0.9570821523666382,6.310517311096191
1752062222887,-7.665635108947754,-0.7559691667556763,6.0184245109558105
1752062222954,-7.924209117889404,-1.0720038414001465,6.377554893493652
1752062223021,,,6.2865753173828125
1752062223022,-7.320870399475098,-0.43035775423049927,6.339247703552246
1752062223087,-6.9904704093933105,-0.7942764163017273,6.377554893493652
1752062223154,,-0.9714473485946655,6.535572052001953
1752062223155,-7.440580368041992,-0.9283517003059387,
1752062223221,-7.684788703918457,-0.7368155717849731,5.908291339874268
1752062223288,-7.560290336608887,-0.899621307849884,6.411073684692383
1752062223354,-7.569867134094238,-0.8852560520172119,6.4828996658325195
1752062223420,,,6.315305709838867
1752062223421,-7.665635108947754,-0.7751228213310242,6.291363716125488
1752062223486,,,6.502053260803223
1752062223487,-7.737461566925049,-0.8421604633331299,6.4828996658325195
1752062223553,,,6.444592475891113
1752062223554,-7.57944393157959,-0.7368155717849731,6.535572052001953
1752062223622,-7.555501937866211,-0.899621307849884,6.468534469604492
1752062223687,-7.483675956726074,-0.9187749028205872,6.339247703552246
1752062223753,,,6.372766494750977
1752062223754,-7.3687543869018555,-0.8517372608184814,6.382343292236328
1752062223819,,,6.631340026855469
1752062223820,-7.239467620849609,-0.71766197681427,
1752062223887,-7.1436991691589355,-0.7511807680130005,6.722319602966309
1752062223953,,,6.492476463317871
1752062223954,-7.713519096374512,-0.7224503755569458,
1752062224021,-7.656058311462402,-0.6937199234962463,6.262633323669434
1752062224087,-7.7183074951171875,-0.7751228213310242,6.133346080780029
1752062224154,-7.761403560638428,-0.7080851793289185,6.099827289581299
1752062224221,-7.909843921661377,-0.43993455171585083,5.980117321014404
1752062224287,-7.727884769439697,-0.6506243348121643,5.999270915985107
1752062224354,-7.641693115234375,-0.7655459642410278,5.879560947418213
1752062224420,,,5.965752124786377
1752062224421,-7.431003570556641,-0.7032967209815979,
1752062224487,-8.087015151977539,-0.5883750915527344,5.659294128417969
1752062224554,-7.976881504058838,-0.7368155717849731,6.114192485809326
1752062224620,,,6.0854620933532715
1752062224621,-7.708730697631836,-0.5883750915527344,6.344036102294922
1752062224687,,,6.506841659545898
1752062224688,-7.866748332977295,-0.9283517003059387,6.367978096008301
1752062224754,-7.775768756866455,-0.7368155717849731,6.10940408706665
1752062224821,-7.689577102661133,-0.7128735780715942,6.20038366317749
1752062224887,,,5.8221001625061035
1752062224888,-7.8332295417785645,0.0867898091673851,5.798158168792725
1752062224953,,0.35015198588371277,5.711966514587402
1752062224954,-8.240243911743164,0.3405751883983612,
1752062225022,-7.972093105316162,0.25438392162323,5.7311201095581055
1752062225087,-7.699153900146484,0.19692309200763702,5.735908508300781
1752062225154,,,5.678447723388672
1752062225155,-7.8332295417785645,0.1538274586200714,5.640140533447266
1752062225221,-8.000823974609375,0.1586158573627472,5.573102951049805
1752062225287,-8.139687538146973,0.19213469326496124,5.640140533447266
1752062225288,-7.914632320404053,,
1752062225354,-7.751826763153076,0.2495955228805542,5.826888561248779
1752062225421,,0.28790274262428284,5.960963726043701
1752062225422,-7.617751121520996,0.19213469326496124,
1752062225488,-7.80449914932251,0.22086510062217712,5.89392614364624
1752062225554,-7.943362712860107,-0.08080431073904037,5.721543312072754
1752062225622,-7.885901927947998,-0.23403321206569672,5.98490571975708
1752062225687,-7.751826763153076,-0.23403321206569672,5.970540523529053
1752062225753,-7.761403560638428,-0.26755204796791077,6.305728912353516
1752062225820,-7.507617950439453,-0.10953472554683685,6.1955952644348145
1752062225887,-7.57944393157959,-0.1430535465478897,6.372766494750977
1752062225954,-7.502829551696777,-0.23403321206569672,6.104615688323975
1752062226021,-7.689577102661133,-0.32022446393966675,6.243479251861572
1752062226087,,-0.5979518890380859,5.999270915985107
1752062226088,-7.9194207191467285,,
1752062226153,,-0.5213374495506287,5.970540523529053
1752062226154,-7.7470383644104,,
1752062226221,-7.857171535491943,-0.6362590789794922,6.095038890838623
1752062226287,-7.814075946807861,-0.7128735780715942,5.879560947418213
1752062226354,-7.8092875480651855,-0.45908817648887634,5.683236122131348
1752062226421,-7.392696380615234,-0.5740098357200623,5.913079738616943
1752062226487,-7.023989200592041,-0.535702645778656,6.16686487197876
1752062226554,-8.704718589782715,-1.1007342338562012,5.209184169769287
1752062226620,-8.872312545776367,-1.4215573072433472,4.653729438781738
1752062226687,,,5.439027786254883
1752062226688,-8.345588684082031,-1.2012907266616821,
1752062226755,-7.952939510345459,-0.9953893423080444,5.735908508300781
1752062226821,-8.695141792297363,-0.7080851793289185,5.472546577453613
1752062226888,-8.40304946899414,-0.5404910445213318,5.515642166137695
1752062226954,-7.402273178100586,-0.12868833541870117,5.7790045738220215
1752062227021,,,6.099827289581299
1752062227022,-7.708730697631836,-0.5404910445213318,5.884349346160889
1752062227086,-8.034342765808105,-0.22445641458034515,5.343259811401367
1752062227154,-7.981669902801514,-0.2867056429386139,5.688024520874023
1752062227222,-7.517194747924805,-0.27712884545326233,5.95138692855835
1752062227287,,,6.30094051361084
1752062227288,-7.4118499755859375,-0.32022446393966675,
1752062227354,-7.70394229888916,-0.4207809567451477,6.037578105926514
1752062227422,-7.842806339263916,-0.5117605924606323,6.07588529586792
1752062227487,-7.737461566925049,-0.48303020000457764,6.190806865692139
1752062227554,,,6.205172061920166
1752062227555,-7.713519096374512,-0.5021837949752808,6.0854620933532715
1752062227621,-7.785345554351807,-0.47824180126190186,5.9322333335876465
1752062227687,,-0.48303020000457764,6.190806865692139
1752062227688,-7.651269912719727,,
1752062227754,-7.641693115234375,-0.3058592677116394,6.056731700897217
1752062227821,,-0.4638765752315521,6.133346080780029
1752062227822,-7.680000305175781,,
1752062227888,-7.742249965667725,-0.24839842319488525,6.104615688323975
1752062227954,,,5.75985050201416
1752062227955,-8.091803550720215,0.292691171169281,
1752062228021,,,6.10940408706665
1752062228022,-7.57944393157959,-0.05686229094862938,
1752062228088,,,5.7311201095581055
1752062228089,-7.852383136749268,-0.076015904545784,5.563526153564453
1752062228154,,,5.520430564880371
1752062228155,-8.288127899169922,0.09636662155389786,5.501276969909668
1752062228220,,0.23523031175136566,5.764639377593994
1752062228221,-7.866748332977295,0.23523031175136566,
1752062228287,,,6.1716532707214355
1752062228288,-7.440580368041992,0.03411737456917763,6.1285576820373535
1752062228353,,,5.831676959991455
1752062228354,-8.000823974609375,-0.023343466222286224,5.683236122131348
1752062228421,,0.04369417950510979,5.611410140991211
1752062228422,-8.18757152557373,,
1752062228487,-7.8332295417785645,0.21607670187950134,5.8651957511901855
1752062228553,,0.23044191300868988,5.884349346160889
1752062228554,-7.6752119064331055,,
1752062228621,-7.976881504058838,0.28790274262428284,5.716754913330078
1752062228687,-8.082226753234863,0.22086510062217712,5.597044944763184
1752062228753,,,5.673659324645996
1752062228754,-7.890690326690674,0.30705636739730835,5.740696907043457
1752062228821,-7.8092875480651855,0.30226796865463257,5.7311201095581055
1752062228887,-8.163629531860352,0.2256535142660141,5.592256546020508
1752062228954,-8.024765968322754,0.28790274262428284,5.606621742248535
1752062229021,,,5.496488571166992
1752062229022,-8.082226753234863,0.19213469326496124,
1752062229087,,,9.408614158630371
1752062229088,-9.49001693725586,1.6095020771026611,4.486135482788086
1752062229154,,,6.071096897125244
1752062229155,-7.493252754211426,-0.028131870552897453,5.999270915985107
1752062229220,-8.221090316772461,0.23044191300868988,5.649717330932617
1752062229288,-7.957727909088135,0.1107318252325058,5.72633171081543
1752062229354,-7.742249965667725,0.03890577703714371,5.750273704528809
1752062229422,-7.790133953094482,0.048482585698366165,5.960963726043701
1752062229487,-7.742249965667725,-0.0520738884806633,6.0184245109558105
1752062229555,-8.02955436706543,-0.2819172441959381,5.855618953704834
1752062229620,,,5.735908508300781
1752062229621,-8.36953067779541,-0.27234044671058655,5.812523365020752
1752062229687,,,6.3967084884643555
1752062229688,-7.39748477935791,-0.4255693554878235,5.941810131072998
1752062229754,,-0.5596446394920349,5.817311763763428
1752062229755,-8.273762702941895,-0.5404910445213318,
1752062229821,-7.263409614562988,-0.3585317134857178,6.071096897125244
1752062229888,-7.967304706573486,-0.5165489912033081,6.133346080780029
1752062229954,-7.70394229888916,-0.34416648745536804,5.798158168792725
1752062229955,-7.852383136749268,,
1752062230022,-8.12053394317627,-0.3345896899700165,5.798158168792725
1752062230087,,,5.616198539733887
1752062230088,-8.106168746948242,0.32620999217033386,5.625775337219238
1752062230153,,,5.587468147277832
1752062230154,-8.177994728088379,0.4602852761745453,
1752062230221,-7.818864345550537,0.4554968774318695,5.587468147277832
1752062230287,-7.761403560638428,0.2256535142660141,5.630563735961914
1752062230353,,,5.750273704528809
1752062230354,-7.727884769439697,0.18734627962112427,
1752062230421,-8.039131164550781,0.1586158573627472,5.812523365020752
1752062230487,-8.067861557006836,0.12030863761901855,5.72633171081543
1752062230553,,,5.688024520874023
1752062230554,-8.139687538146973,-0.11911153793334961,5.601833343505859
1752062230621,-8.015189170837402,0.058059390634298325,5.688024520874023
1752062230687,-7.92899751663208,0.18734627962112427,5.644928932189941
1752062230753,,,5.841253757476807
1752062230754,-7.589020729064941,0.2495955228805542,5.836465358734131
1752062230821,-7.656058311462402,-0.06643909960985184,5.913079738616943
1752062230887,-8.288127899169922,-0.15263035893440247,5.884349346160889
1752062230953,,,5.309741020202637
1752062230954,-7.799710750579834,0.3597288131713867,5.462969779968262
1752062231021,-8.125322341918945,0.10594342648983002,5.826888561248779
1752062231087,-7.8332295417785645,0.14425064623355865,5.846042156219482
1752062231153,,,5.740696907043457
1752062231154,-7.7470383644104,0.1586158573627472,5.755062103271484
1752062231221,-7.967304706573486,0.1586158573627472,5.788581371307373
1752062231287,,,5.826888561248779
1752062231288,-7.89547872543335,0.19213469326496124,
1752062231354,,,5.793369770050049
1752062231355,-7.972093105316162,0.03890577703714371,5.8221001625061035
1752062231421,-7.7230963706970215,0.16819266974925995,6.008847713470459
1752062231488,-7.885901927947998,0.383670836687088,5.630563735961914
1752062231553,,,5.745485305786133
1752062231554,-7.8763251304626465,0.19692309200763702,5.898714542388916
1752062231622,-7.871536731719971,-0.076015904545784,5.898714542388916
1752062231687,,,5.783792972564697
1752062231688,-8.048707962036133,0.19213469326496124,
1752062231754,,,5.707178115844727
1752062231755,-7.842806339263916,0.14903905987739563,
1752062231821,,,5.927444934844971
1752062231822,-7.957727909088135,0.1107318252325058,
1752062231887,-6.937798023223877,-0.45908817648887634,6.430227279663086
1752062231955,-6.444592475891113,-0.07122749835252762,4.7590742111206055
1752062232021,-7.823652744293213,-0.09038111567497253,6.209960460662842
1752062232088,-7.866748332977295,-0.028131870552897453,5.8029465675354
1752062232154,-7.818864345550537,0.4124012291431427,
1752062232222,-8.154052734375,-0.15263035893440247,6.20038366317749
1752062232287,,,6.229114055633545
1752062232288,-7.383119583129883,0.005386953707784414,6.324882507324219
1752062232354,-7.689577102661133,-0.008978256024420261,6.281786918640137
1752062232421,-7.512406349182129,0.1538274586200714,6.181230068206787
1752062232487,-7.737461566925049,-0.004189853090792894,5.941810131072998
1752062232554,-7.770980358123779,0.0293289702385664,5.913079738616943
1752062232621,,,5.908291339874268
1752062232622,-7.6752119064331055,-0.06165069341659546,
1752062232689,-7.780557155609131,0.048482585698366165,6.138134479522705
1752062232754,,,6.243479251861572
1752062232755,-7.651269912719727,0.11552023142576218,
1752062232822,-7.483675956726074,0.07242459803819656,6.162076473236084
1752062232887,,,6.008847713470459
1752062232888,-7.627327919006348,-0.013766659423708916,5.989694118499756
1752062232954,,-0.04249707981944084,6.028001308441162
1752062232955,-7.732673168182373,0.01496376097202301,
1752062233021,-7.9194207191467285,0.048482585698366165,5.9753289222717285
1752062233087,,,6.138134479522705
1752062233088,-7.651269912719727,0.01496376097202301,
1752062233154,-7.57944393157959,5.985504249110818E-4,6.071096897125244
1752062233221,-7.646481513977051,0.053270988166332245,6.071096897125244
1752062233287,,,5.98490571975708
1752062233288,-7.761403560638428,0.07721300423145294,
1752062233353,,,6.095038890838623
1752062233354,-7.632116317749023,0.005386953707784414,6.080673694610596
1752062233421,-7.6752119064331055,0.01975216343998909,6.1285576820373535
1752062233486,-7.569867134094238,0.03890577703714371,6.224325656890869
1752062233554,-7.689577102661133,0.010175357572734356,6.004059314727783
1752062233621,-7.905055522918701,-0.03770867735147476,5.8029465675354
1752062233687,-7.823652744293213,0.058059390634298325,5.869984149932861
1752062233755,-7.7183074951171875,0.03890577703714371,6.056731700897217
1752062233821,,,6.142922878265381
1752062233822,-7.689577102661133,0.08200141042470932,6.1716532707214355
1752062233888,-7.464522361755371,0.048482585698366165,6.243479251861572
1752062233954,-7.464522361755371,-0.018555063754320145,6.1955952644348145
1752062234022,-7.732673168182373,-0.028131870552897453,6.162076473236084
1752062234088,-7.8092875480651855,-0.013766659423708916,5.98490571975708
1752062234154,-7.842806339263916,-0.04728548228740692,5.884349346160889
1752062234222,-7.794922351837158,-0.04728548228740692,5.999270915985107
1752062234287,,,5.89392614364624
1752062234288,-7.742249965667725,0.12509703636169434,
1752062234354,-7.727884769439697,0.07721300423145294,5.989694118499756
1752062234421,,,6.2386908531188965
1752062234422,-7.617751121520996,-0.04728548228740692,6.310517311096191
1752062234487,-7.340023994445801,-0.14784196019172668,6.521206855773926
1752062234554,-7.402273178100586,-0.04728548228740692,6.281786918640137
1752062234621,,,6.118980884552002
1752062234622,-7.92899751663208,-0.03292027488350868,5.941810131072998
1752062234687,-7.972093105316162,-0.10474632680416107,5.903502941131592
1752062234688,-7.871536731719971,,
1752062234755,-7.6752119064331055,0.03890577703714371,5.774216175079346
1752062234819,,,5.8891377449035645
1752062234820,-7.785345554351807,0.1107318252325058,5.95138692855835
1752062234887,,,6.0854620933532715
1752062234888,-7.7230963706970215,-0.05686229094862938,6.205172061920166
1752062234954,,,6.267421722412109
1752062234955,-7.402273178100586,-0.2148796021938324,6.233902454376221
1752062235021,-7.589020729064941,-0.004189853090792894,6.16686487197876
1752062235089,-7.603385925292969,-0.004189853090792894,6.118980884552002
1752062235153,,,6.253056526184082
1752062235155,-7.584232330322266,0.058059390634298325,
1752062235219,,0.02454056777060032,6.176441669464111
1752062235221,-7.531559944152832,,
1752062235288,,,6.061520099639893
1752062235292,-7.593809127807617,-0.14784196019172668,6.080673694610596
1752062235353,,,6.061520099639893
1752062235354,-7.694365501403809,-0.09516951441764832,6.047154903411865
1752062235420,-7.780557155609131,0.07721300423145294,6.037578105926514
1752062235488,-7.909843921661377,0.03411737456917763,6.004059314727783
1752062235553,,-0.12389993667602539,6.066308498382568
1752062235554,-7.541136741638184,-0.15741875767707825,
1752062235620,-7.646481513977051,-0.0520738884806633,6.0184245109558105
1752062235621,-7.790133953094482,,
1752062235688,-7.785345554351807,0.12988543510437012,6.037578105926514
1752062235753,,,6.16686487197876
1752062235754,-7.531559944152832,0.07721300423145294,6.190806865692139
1752062235820,,,6.310517311096191
1752062235821,-7.435791969299316,0.005386953707784414,
1752062235888,-7.6081743240356445,5.985504249110818E-4,6.181230068206787
1752062235889,-7.680000305175781,,
1752062235953,,,6.104615688323975
1752062235954,-7.6752119064331055,-0.028131870552897453,6.10940408706665
1752062236020,,,6.032789707183838
1752062236021,-7.70394229888916,-0.06643909960985184,6.0184245109558105
1752062236087,,,6.028001308441162
1752062236088,-7.6752119064331055,-0.06165069341659546,6.023212909698486
1752062236154,-7.780557155609131,-0.04728548228740692,6.004059314727783
1752062236220,,,6.037578105926514
1752062236221,-7.7470383644104,0.04369417950510979,6.037578105926514
1752062236289,-7.651269912719727,0.07242459803819656,6.118980884552002
1752062236354,-7.48846435546875,-0.04249707981944084,6.16686487197876
1752062236421,-7.632116317749023,-0.06165069341659546,6.0854620933532715
1752062236488,,,6.051943302154541
1752062236489,-7.737461566925049,0.005386953707784414,6.07588529586792
1752062236553,,0.07721300423145294,6.114192485809326
1752062236554,-7.732673168182373,0.06763619929552078,
1752062236621,-7.48846435546875,-0.023343466222286224,6.133346080780029
1752062236688,-7.560290336608887,-0.07122749835252762,6.004059314727783
1752062236754,-7.909843921661377,-0.04249707981944084,6.104615688323975
1752062236821,,,6.1285576820373535
1752062236822,-7.713519096374512,0.03411737456917763,6.181230068206787
1752062236888,,,6.20038366317749
1752062236889,-7.493252754211426,0.058059390634298325,
1752062236890,-7.507617950439453,,
1752062236954,-7.526771545410156,0.01975216343998909,6.047154903411865
1752062237020,,,5.9753289222717285
1752062237021,-7.770980358123779,5.985504249110818E-4,5.965752124786377
1752062237088,-7.694365501403809,0.053270988166332245,6.056731700897217
1752062237154,,,6.30094051361084
1752062237155,-7.598597526550293,-0.008978256024420261,6.2865753173828125
1752062237220,,,6.2386908531188965
1752062237221,-7.536348342895508,0.04369417950510979,6.1955952644348145
1752062237289,-7.622539520263672,-0.07122749835252762,6.032789707183838
1752062237354,-7.8332295417785645,0.01496376097202301,6.028001308441162
1752062237421,-7.7230963706970215,0.0867898091673851,5.989694118499756
1752062237487,,,6.1716532707214355
1752062237488,-7.5650787353515625,-0.018555063754320145,6.190806865692139
1752062237553,,,6.147711277008057
1752062237554,-7.632116317749023,-0.028131870552897453,6.133346080780029
1752062237620,-7.7230963706970215,0.07242459803819656,6.090250492095947
1752062237688,-7.632116317749023,0.03890577703714371,6.138134479522705
1752062237753,,,6.147711277008057
1752062237754,-7.560290336608887,0.010175357572734356,6.123769283294678
1752062237820,-7.737461566925049,0.0293289702385664,6.07588529586792
1752062237888,,-0.07122749835252762,6.061520099639893
1752062237889,-7.708730697631836,,
1752062237953,,,5.994482517242432
1752062237954,-7.6752119064331055,0.01496376097202301,6.056731700897217
1752062238021,-7.799710750579834,0.07721300423145294,6.07588529586792
1752062238088,-7.751826763153076,-0.008978256024420261,6.07588529586792
1752062238154,,,6.190806865692139
1752062238155,-7.421426773071289,-0.03292027488350868,6.267421722412109
1752062238220,,,6.267421722412109
1752062238221,-7.598597526550293,0.11552023142576218,
1752062238288,-7.627327919006348,0.09157821536064148,6.07588529586792
1752062238354,,,5.999270915985107
1752062238355,-7.680000305175781,-0.0999579206109047,5.980117321014404
1752062238420,,,5.999270915985107
1752062238421,-7.828441143035889,-0.04728548228740692,6.004059314727783
1752062238487,,,6.028001308441162
1752062238488,-7.794922351837158,-0.04728548228740692,6.032789707183838
1752062238553,,,6.243479251861572
1752062238554,-7.589020729064941,-0.04728548228740692,6.262633323669434
1752062238620,,,6.224325656890869
1752062238621,-7.593809127807617,0.09157821536064148,6.229114055633545
1752062238689,-7.555501937866211,0.14903905987739563,6.190806865692139
1752062238755,-7.651269912719727,-0.05686229094862938,6.071096897125244
1752062238821,-7.6752119064331055,-0.08559270948171616,6.008847713470459
1752062238888,-7.770980358123779,-0.04728548228740692,5.9753289222717285
1752062238955,,,6.0423665046691895
1752062238956,-7.665635108947754,-0.023343466222286224,
1752062239020,,0.010175357572734356,6.095038890838623
1752062239021,-7.737461566925049,,
1752062239089,-7.651269912719727,0.010175357572734356,6.104615688323975
1752062239154,,,6.104615688323975
1752062239155,-7.536348342895508,0.005386953707784414,
1752062239221,-7.6081743240356445,-0.023343466222286224,6.133346080780029
1752062239288,,,6.07588529586792
1752062239289,-7.632116317749023,0.053270988166332245,6.051943302154541
1752062239355,-7.756615161895752,-0.05686229094862938,6.051943302154541
1752062239421,-7.699153900146484,-0.04728548228740692,6.0423665046691895
1752062239487,,,6.037578105926514
1752062239488,-7.708730697631836,-0.004189853090792894,6.047154903411865
1752062239554,-7.627327919006348,0.010175357572734356,6.147711277008057
1752062239620,,5.985504249110818E-4,6.0854620933532715
1752062239621,-7.7470383644104,-0.013766659423708916,
1752062239687,,,5.98490571975708
1752062239688,-7.636904716491699,-0.04728548228740692,5.960963726043701
1752062239753,,,6.07588529586792
1752062239754,-7.689577102661133,0.02454056777060032,6.114192485809326
1752062239820,-7.584232330322266,0.07721300423145294,6.152499675750732
1752062239888,-7.627327919006348,-0.018555063754320145,6.248267650604248
1752062239953,-7.7183074951171875,-0.076015904545784,6.047154903411865
1752062240020,-7.742249965667725,-0.06643909960985184,5.879560947418213
1752062240088,,,6.061520099639893
1752062240089,-7.756615161895752,-0.023343466222286224,6.123769283294678
1752062240154,,0.10115502029657364,6.1955952644348145
1752062240155,-7.622539520263672,,
1752062240221,-7.440580368041992,0.0628477931022644,6.138134479522705
1752062240288,,,6.186018466949463
1752062240289,-7.632116317749023,-0.11911153793334961,6.147711277008057
1752062240354,-7.737461566925049,-0.0520738884806633,6.037578105926514
1752062240355,-7.8092875480651855,,
1752062240421,-7.890690326690674,0.010175357572734356,6.008847713470459
1752062240488,-7.636904716491699,-0.028131870552897453,5.9753289222717285
1752062240553,,,6.047154903411865
1752062240554,-7.632116317749023,-0.018555063754320145,6.061520099639893
1752062240620,,,6.10940408706665
1752062240621,-7.67042350769043,-0.008978256024420261,
1752062240689,-7.7470383644104,-0.008978256024420261,6.123769283294678
1752062240754,-7.5650787353515625,0.03890577703714371,6.138134479522705
1752062240821,-7.708730697631836,0.0293289702385664,6.037578105926514
1752062240888,,,6.051943302154541
1752062240889,-7.617751121520996,-0.05686229094862938,
1752062240954,-7.751826763153076,-0.076015904545784,6.051943302154541
1752062241021,,,6.013636112213135
1752062241022,-7.660846710205078,-0.018555063754320145,
1752062241088,-7.770980358123779,0.010175357572734356,6.028001308441162
1752062241153,,,6.190806865692139
1752062241154,-7.622539520263672,-0.03770867735147476,
1752062241221,-7.694365501403809,0.01975216343998909,6.205172061920166
1752062241288,,,6.090250492095947
1752062241289,-7.622539520263672,-0.023343466222286224,6.032789707183838
1752062241354,-7.665635108947754,-0.018555063754320145,5.989694118499756
1752062241422,-7.794922351837158,-0.09038111567497253,5.994482517242432
1752062241488,,,5.937021732330322
1752062241489,-7.775768756866455,-0.013766659423708916,5.922656536102295
1752062241555,-7.80449914932251,-0.03292027488350868,5.941810131072998
1752062241621,-7.646481513977051,-0.04249707981944084,6.0854620933532715
1752062241688,-7.589020729064941,-0.0520738884806633,6.205172061920166
1752062241755,-7.593809127807617,-0.008978256024420261,6.2386908531188965
1752062241821,-7.550713539123535,-0.03292027488350868,6.16686487197876
1752062241888,-7.708730697631836,-0.004189853090792894,6.142922878265381
1752062241954,-7.7183074951171875,0.02454056777060032,6.023212909698486
1752062242021,-7.751826763153076,-0.04249707981944084,5.98490571975708
1752062242088,-7.775768756866455,-0.11911153793334961,6.008847713470459
1752062242154,-7.842806339263916,-0.09516951441764832,6.080673694610596
1752062242220,,,6.071096897125244
1752062242221,-7.70394229888916,-0.05686229094862938,
1752062242288,-7.550713539123535,0.04369417950510979,6.07588529586792
1752062242353,,,6.162076473236084
1752062242354,-7.603385925292969,0.09636662155389786,6.1716532707214355
1752062242420,,,6.162076473236084
1752062242421,-7.545925140380859,0.07242459803819656,
1752062242488,-7.478887557983398,0.08200141042470932,6.133346080780029
1752062242553,,,6.10940408706665
1752062242554,-7.5219831466674805,-0.03770867735147476,6.104615688323975
1752062242620,,-0.15263035893440247,6.104615688323975
1752062242621,-7.991246700286865,,
1752062242688,-7.890690326690674,-0.08080431073904037,5.8891377449035645
1752062242753,,,5.850830554962158
1752062242754,-7.814075946807861,-0.028131870552897453,
1752062242820,,,6.080673694610596
1752062242821,-7.598597526550293,-0.0520738884806633,6.133346080780029
1752062242888,-7.550713539123535,0.07242459803819656,6.1285576820373535
1752062242954,-7.5650787353515625,0.0628477931022644,6.205172061920166
1752062243021,-7.632116317749023,-0.008978256024420261,6.20038366317749
1752062243089,-7.545925140380859,-0.05686229094862938,6.186018466949463
1752062243154,-7.694365501403809,0.01496376097202301,5.98490571975708
1752062243221,-7.699153900146484,0.01975216343998909,5.946598529815674
1752062243289,-7.785345554351807,-0.004189853090792894,6.07588529586792
1752062243353,,,6.1955952644348145
1752062243354,-7.57944393157959,-0.028131870552897453,
1752062243421,-7.517194747924805,-0.018555063754320145,6.243479251861572
1752062243488,,,6.071096897125244
1752062243489,-7.751826763153076,-0.004189853090792894,6.0423665046691895
1752062243554,-7.790133953094482,-0.03770867735147476,5.874772548675537
1752062243622,-7.7183074951171875,-0.013766659423708916,6.123769283294678
1752062243687,,,6.1285576820373535
1752062243688,-7.636904716491699,-0.028131870552897453,6.1716532707214355
1752062243754,-7.531559944152832,-0.05686229094862938,6.061520099639893
1752062243821,-7.656058311462402,0.09636662155389786,5.989694118499756
1752062243822,-7.5650787353515625,,
1752062243888,,,6.037578105926514
1752062243889,-7.39748477935791,0.19692309200763702,
1752062243954,,-0.05686229094862938,6.3296709060668945
1752062243955,-7.799710750579834,,
1752062244021,,,6.233902454376221
1752062244022,-7.694365501403809,-0.19572599232196808,
1752062244088,-7.699153900146484,-0.08080431073904037,5.999270915985107
1752062244155,-7.737461566925049,0.03890577703714371,6.028001308441162
1752062244156,-7.790133953094482,,
1752062244221,-7.699153900146484,0.053270988166332245,6.095038890838623
1752062244288,-7.622539520263672,5.985504249110818E-4,6.138134479522705
1752062244354,-7.67042350769043,-0.06165069341659546,5.960963726043701
1752062244421,-7.761403560638428,-0.10953472554683685,5.8651957511901855
1752062244488,-7.770980358123779,0.005386953707784414,6.095038890838623
1752062244553,-7.67042350769043,0.09157821536064148,6.176441669464111
1752062244621,-7.407061576843262,-0.018555063754320145,6.176441669464111
1752062244688,-7.5650787353515625,-0.076015904545784,6.07588529586792
1752062244753,,,6.047154903411865
1752062244754,-7.857171535491943,0.0628477931022644,6.095038890838623
1752062244820,,,6.07588529586792
1752062244821,-7.80449914932251,-0.018555063754320145,
1752062244889,-7.584232330322266,-0.09516951441764832,6.114192485809326
1752062244953,,,6.07588529586792
1752062244954,-7.67042350769043,-0.04728548228740692,5.994482517242432
1752062245021,-7.780557155609131,0.01975216343998909,5.922656536102295
1752062245088,-7.785345554351807,-0.004189853090792894,5.927444934844971
1752062245154,-7.660846710205078,-0.008978256024420261,6.162076473236084
1752062245221,-7.641693115234375,-0.028131870552897453,6.33445930480957
1752062245288,-7.541136741638184,-0.028131870552897453,6.243479251861572
1752062245354,-7.790133953094482,-0.028131870552897453,5.89392614364624
1752062245421,-7.498041152954102,0.0628477931022644,6.013636112213135
1752062245489,-7.402273178100586,0.17298106849193573,6.229114055633545
1752062245553,,0.010175357572734356,6.1285576820373535
1752062245554,-7.799710750579834,,
1752062245621,,,5.812523365020752
1752062245622,-7.89547872543335,-0.09516951441764832,5.788581371307373
1752062245688,,,5.86040735244751
1752062245689,-7.7470383644104,-0.10953472554683685,5.946598529815674
1752062245754,-7.57944393157959,-0.008978256024420261,6.16686487197876
1752062245821,,,6.276998519897461
1752062245822,-7.598597526550293,0.01496376097202301,6.262633323669434
1752062245888,,0.09157821536064148,6.152499675750732
1752062245889,-7.732673168182373,,
1752062245953,,0.02454056777060032,6.071096897125244
1752062245954,-7.5650787353515625,,
1752062246021,,,6.071096897125244
1752062246022,-7.598597526550293,-0.023343466222286224,6.0854620933532715
1752062246088,-7.651269912719727,-0.023343466222286224,5.994482517242432
1752062246154,-7.890690326690674,-0.06643909960985184,5.927444934844971
1752062246220,,,6.061520099639893
1752062246221,-7.775768756866455,0.005386953707784414,6.152499675750732
1752062246287,-7.627327919006348,0.10115502029657364,6.186018466949463
1752062246288,-7.4118499755859375,,
1752062246354,,,6.152499675750732
1752062246355,-7.440580368041992,0.03890577703714371,6.1955952644348145
1752062246421,-7.545925140380859,-0.08559270948171616,6.162076473236084
1752062246489,-7.8763251304626465,-0.013766659423708916,6.176441669464111
1752062246555,,,5.927444934844971
1752062246556,-7.751826763153076,0.03411737456917763,
1752062246621,-7.785345554351807,-0.07122749835252762,5.89392614364624
1752062246688,,,5.941810131072998
1752062246689,-7.7470383644104,0.01975216343998909,
1752062246755,-7.6752119064331055,0.03411737456917763,6.152499675750732
1752062246822,-7.48846435546875,5.985504249110818E-4,6.324882507324219
1752062246888,-7.483675956726074,0.01975216343998909,6.224325656890869
1752062246956,-7.7230963706970215,0.01975216343998909,6.037578105926514
1752062247021,,,5.980117321014404
1752062247022,-7.742249965667725,-0.013766659423708916,
1752062247088,-7.7661919593811035,-0.004189853090792894,5.989694118499756
1752062247154,,,6.066308498382568
1752062247155,-7.737461566925049,-0.076015904545784,
1752062247220,,-0.04249707981944084,6.071096897125244
1752062247221,-7.680000305175781,-0.04728548228740692,
1752062247287,,,6.1285576820373535
1752062247288,-7.632116317749023,-0.0520738884806633,
1752062247354,,,6.0854620933532715
1752062247355,-7.636904716491699,0.0628477931022644,
1752062247421,-7.770980358123779,0.048482585698366165,5.970540523529053
1752062247487,-7.574655532836914,-0.09516951441764832,6.0423665046691895
1752062247554,-7.57944393157959,-0.11432313174009323,6.209960460662842
1752062247620,,,6.219537258148193
1752062247621,-7.699153900146484,0.07242459803819656,
1752062247687,,,6.028001308441162
1752062247688,-7.541136741638184,0.07242459803819656,6.004059314727783
1752062247755,-7.689577102661133,-0.05686229094862938,5.980117321014404
1752062247820,,,5.999270915985107
1752062247821,-7.89547872543335,-0.0520738884806633,
1752062247887,,5.985504249110818E-4,6.004059314727783
1752062247888,-7.775768756866455,,
1752062247954,,-0.023343466222286224,6.114192485809326
1752062247955,-7.464522361755371,-0.008978256024420261,
1752062248021,-7.651269912719727,0.0628477931022644,6.214748859405518
1752062248087,,0.0293289702385664,6.099827289581299
1752062248088,-7.70394229888916,,
1752062248155,-7.569867134094238,-0.03770867735147476,6.071096897125244
1752062248220,,,6.008847713470459
1752062248221,-7.828441143035889,-0.05686229094862938,
1752062248287,,,6.037578105926514
1752062248288,-7.67042350769043,-0.008978256024420261,
1752062248354,,-0.03292027488350868,6.032789707183838
1752062248355,-7.770980358123779,-0.004189853090792894,
1752062248420,,,6.176441669464111
1752062248421,-7.632116317749023,-0.023343466222286224,6.162076473236084
1752062248487,,,6.037578105926514
1752062248488,-7.761403560638428,0.0293289702385664,6.023212909698486
1752062248554,,,6.037578105926514
1752062248555,-7.646481513977051,-0.04249707981944084,
1752062248621,-7.680000305175781,0.01975216343998909,6.090250492095947
1752062248687,,,6.190806865692139
1752062248688,-7.6081743240356445,0.01496376097202301,6.138134479522705
1752062248755,-7.742249965667725,-0.013766659423708916,6.142922878265381
1752062248820,,-0.04249707981944084,6.0184245109558105
1752062248821,-7.622539520263672,,
1752062248887,,,6.123769283294678
1752062248888,-7.694365501403809,-0.004189853090792894,6.114192485809326
1752062248955,-7.641693115234375,0.053270988166332245,6.07588529586792
1752062249021,-7.6081743240356445,5.985504249110818E-4,5.994482517242432
1752062249088,,-0.09038111567497253,6.0854620933532715
1752062249089,-7.794922351837158,-0.06165069341659546,
1752062249154,,,6.10940408706665
1752062249155,-7.732673168182373,0.048482585698366165,
1752062249221,-7.67042350769043,-0.09516951441764832,6.118980884552002
1752062249287,,,5.98490571975708
1752062249288,-7.598597526550293,-0.06643909960985184,
1752062249355,,,5.95138692855835
1752062249356,-7.646481513977051,0.01496376097202301,
1752062249421,,,6.243479251861572
1752062249422,-7.699153900146484,0.07721300423145294,6.33445930480957
1752062249487,,,6.353612899780273
1752062249488,-7.517194747924805,0.048482585698366165,6.33445930480957
1752062249555,,,5.86040735244751
1752062249556,-7.790133953094482,0.058059390634298325,
1752062249621,-7.617751121520996,0.0628477931022644,6.272210121154785
1752062249688,-7.493252754211426,-0.008978256024420261,6.281786918640137
1752062249755,-7.57944393157959,-0.08080431073904037,6.1285576820373535
1752062249821,,0.005386953707784414,5.994482517242432
1752062249822,-7.8092875480651855,-0.008978256024420261,
1752062249887,,,6.028001308441162
1752062249888,-7.660846710205078,0.03411737456917763,
1752062249954,,,6.118980884552002
1752062249955,-7.526771545410156,-0.008978256024420261,
1752062250021,-7.92899751663208,-0.028131870552897453,5.960963726043701
1752062250087,-7.794922351837158,0.0293289702385664,5.960963726043701
1752062250154,-7.627327919006348,-0.06165069341659546,6.1285576820373535
1752062250155,-7.632116317749023,,
1752062250220,,,6.296152114868164
1752062250221,-7.459733963012695,0.0293289702385664,
1752062250287,,0.053270988166332245,6.20038366317749
1752062250288,-7.603385925292969,,
1752062250354,,,6.147711277008057
1752062250355,-7.555501937866211,0.053270988166332245,6.138134479522705
1752062250421,-7.727884769439697,0.01496376097202301,6.095038890838623
1752062250487,-7.603385925292969,0.005386953707784414,5.999270915985107
1752062250554,,,5.98490571975708
1752062250555,-7.890690326690674,-0.076015904545784,5.9753289222717285
1752062250620,,,6.090250492095947
1752062250621,-7.636904716491699,-0.07122749835252762,
1752062250687,-7.713519096374512,-0.05686229094862938,6.181230068206787
1752062250755,-7.5650787353515625,0.058059390634298325,6.147711277008057
1752062250820,,,6.037578105926514
1752062250821,-7.656058311462402,0.053270988166332245,6.061520099639893
1752062250887,,,6.147711277008057
1752062250888,-7.57944393157959,-0.04249707981944084,6.147711277008057
1752062250955,-7.713519096374512,-0.013766659423708916,6.118980884552002
1752062251021,-7.622539520263672,-0.004189853090792894,6.090250492095947
1752062251087,,,6.066308498382568
1752062251088,-7.636904716491699,0.01496376097202301,6.123769283294678
1752062251154,,,6.1955952644348145
1752062251155,-7.57944393157959,0.005386953707784414,
1752062251221,-7.828441143035889,-0.004189853090792894,6.267421722412109
1752062251288,-7.220313549041748,-0.03770867735147476,5.826888561248779
1752062251354,,,6.147711277008057
1752062251355,-8.06307315826416,-0.0999579206109047,6.0423665046691895
1752062251421,,,6.406285285949707
1752062251422,-7.526771545410156,0.46507367491722107,
1752062251487,-7.924209117889404,0.08200141042470932,5.874772548675537
1752062251555,,,6.133346080780029
1752062251556,-7.70394229888916,0.3214215636253357,5.850830554962158
1752062251621,-8.149264335632324,0.30226796865463257,5.5108537673950195
1752062251687,-8.561066627502441,0.19213469326496124,5.185242176055908
1752062251756,-8.40304946899414,0.24001872539520264,5.132569789886475
1752062251821,-8.359953880310059,0.3405751883983612,4.433463096618652
1752062251888,-8.61852741241455,0.7236474752426147,4.265868663787842
1752062251954,,0.2783259451389313,5.185242176055908
1752062251955,-8.441356658935547,,
1752062252022,-8.331223487854004,0.39803603291511536,4.926668643951416
1752062252087,,,4.811747074127197
1752062252088,-8.829216957092285,0.1107318252325058,4.864419460296631
1752062252155,,0.46507367491722107,4.749497413635254
1752062252156,-8.594585418701172,,
1752062252221,-8.508394241333008,0.383670836687088,4.744709014892578
1752062252287,,,4.620210647583008
1752062252288,-8.805274963378906,0.2783259451389313,
1752062252356,-8.685564994812012,0.35015198588371277,4.246715068817139
1752062252421,-8.393472671508789,0.4124012291431427,4.9170918464660645
1752062252488,-8.522759437561035,0.37409400939941406,
1752062252554,,0.4124012291431427,4.912303447723389
1752062252555,-8.345588684082031,,
1752062252620,,0.2974795699119568,5.1134161949157715
1752062252621,-8.264185905456543,,
1752062252686,-8.364742279052734,0.5991489887237549,4.706401824951172
1752062252754,,0.42676645517349243,4.672883033752441
1752062252755,-8.661623001098633,,
1752062252820,,,4.490923881530762
1752062252821,-8.910619735717773,0.3166331648826599,4.476558685302734
1752062252887,-8.862735748291016,0.3166331648826599,4.519654273986816
1752062252953,,,4.644152641296387
1752062252954,-8.656834602355957,0.4411316514015198,4.69682502746582
1752062253021,-8.388684272766113,0.39803603291511536,4.964975833892822
1752062253086,,,5.376778602600098
1752062253087,-8.034342765808105,0.3645172119140625,5.482123374938965
1752062253155,-8.053496360778809,0.6087257862091064,5.410297393798828
1752062253220,,,5.1565117835998535
1752062253221,-8.537124633789062,0.2495955228805542,
1752062253287,-8.383895874023438,0.6901286244392395,5.166088581085205
1752062253355,-7.948151111602783,0.39803603291511536,5.606621742248535
1752062253421,-7.996035099029541,0.4554968774318695,5.549160957336426
1752062253487,-8.072649955749512,0.536899745464325,5.549160957336426
1752062253554,,,5.458181381225586
1752062253555,-8.249820709228516,0.656609833240509,
1752062253621,,,5.472546577453613
1752062253622,-7.861959934234619,0.5273229479789734,5.549160957336426
1752062253687,,,5.587468147277832
1752062253688,-7.8763251304626465,0.4411316514015198,
1752062253755,-8.24503231048584,0.49380409717559814,5.448604583740234
1752062253822,-8.230667114257812,0.5656301379203796,5.477334976196289
1752062253888,-7.828441143035889,0.5752069354057312,5.654505729675293
1752062253956,-7.818864345550537,0.5081692934036255,5.7790045738220215
1752062254023,-8.072649955749512,0.5943605899810791,5.879560947418213
1752062254088,,,5.846042156219482
1752062254089,-7.967304706573486,0.4411316514015198,5.72633171081543
1752062254154,-7.89547872543335,0.5847837924957275,5.592256546020508
1752062254220,,,5.45339298248291
1752062254221,-8.091803550720215,0.6039373874664307,5.539584159851074
1752062254287,-7.952939510345459,0.5416881442070007,5.721543312072754
1752062254354,-8.034342765808105,0.5895721912384033,5.606621742248535
1752062254421,-7.9864583015441895,0.5704185366630554,5.750273704528809
1752062254487,-8.02955436706543,0.5273229479789734,5.640140533447266
1752062254554,,,5.367201805114746
1752062254555,-8.206725120544434,0.5512649416923523,5.324106216430664
1752062254620,,0.6230909824371338,5.6640825271606445
1752062254621,-8.12053394317627,,
1752062254688,-7.7470383644104,0.5656301379203796,5.697601318359375
1752062254754,,0.579995334148407,5.525218963623047
1752062254755,-7.871536731719971,0.5656301379203796,
1752062254820,,,5.66887092590332
1752062254821,-8.034342765808105,0.5656301379203796,5.630563735961914
1752062254888,-8.000823974609375,0.4602852761745453,5.707178115844727
1752062254954,-8.077438354492188,0.5273229479789734,5.63535213470459
1752062255021,,,5.76942777633667
1752062255022,-7.933785915374756,0.5321113467216492,5.807734966278076
1752062255088,-7.909843921661377,0.48901569843292236,5.716754913330078
1752062255155,-7.900267124176025,0.46507367491722107,5.793369770050049
1752062255221,-7.996035099029541,0.5081692934036255,5.625775337219238
1752062255287,-7.8763251304626465,0.3166331648826599,5.597044944763184
1752062255355,,0.4794389009475708,5.913079738616943
1752062255356,-7.9625163078308105,,
1752062255421,-7.89547872543335,0.5129576921463013,5.86040735244751
1752062255488,-7.636904716491699,0.46986207365989685,5.831676959991455
1752062255554,,,5.755062103271484
1752062255555,-7.871536731719971,0.41718965768814087,5.692812919616699
1752062255621,-8.225878715515137,0.37409400939941406,5.587468147277832
1752062255688,-8.087015151977539,0.5273229479789734,5.539584159851074
1752062255755,-7.828441143035889,0.40282443165779114,5.688024520874023
1752062255820,,,5.898714542388916
1752062255821,-7.742249965667725,0.40282443165779114,5.855618953704834
1752062255886,,,5.702389717102051
1752062255887,-8.12053394317627,0.4507084786891937,5.616198539733887
1752062255954,,,5.573102951049805
1752062255955,-8.043919563293457,0.32620999217033386,5.573102951049805
1752062255956,-8.015189170837402,,
1752062256022,-7.952939510345459,0.30705636739730835,5.66887092590332
1752062256088,,0.345363587141037,5.525218963623047
1752062256089,-8.024765968322754,0.31184476613998413,
1752062256155,-8.18757152557373,0.30705636739730835,5.501276969909668
1752062256221,-8.21151351928711,0.2974795699119568,5.429450988769531
1752062256288,-8.173206329345703,0.33099839091300964,5.371990203857422
1752062256354,,0.2064998894929886,5.45339298248291
1752062256355,-8.182783126831055,,
1752062256421,-8.034342765808105,0.30705636739730835,5.539584159851074
1752062256487,-8.225878715515137,0.2735375463962555,5.539584159851074
1752062256554,,0.25438392162323,5.506065368652344
1752062256555,-8.18757152557373,,
1752062256620,,,5.434239387512207
1752062256621,-7.948151111602783,0.4076128304004669,
1752062256687,,0.35494041442871094,5.472546577453613
1752062256688,-8.149264335632324,,
1752062256754,,,5.525218963623047
1752062256755,-8.115745544433594,0.3884592354297638,5.539584159851074
1752062256821,-7.9625163078308105,0.37409400939941406,5.6209869384765625
1752062256887,,,5.683236122131348
1752062256888,-7.933785915374756,0.42197805643081665,5.683236122131348
1752062256954,,,5.5778913497924805
1752062256955,-8.000823974609375,0.4554968774318695,
1752062257021,-8.053496360778809,0.37409400939941406,5.597044944763184
1752062257087,,0.3597288131713867,5.606621742248535
1752062257088,-8.02955436706543,,
1752062257154,,,5.520430564880371
1752062257155,-8.110957145690918,0.3932476341724396,5.5108537673950195
1752062257220,,,5.659294128417969
1752062257221,-7.9864583015441895,0.4076128304004669,5.716754913330078
1752062257288,-7.981669902801514,0.4315548539161682,5.702389717102051
1752062257353,-8.048707962036133,0.41718965768814087,5.716754913330078
1752062257420,-7.92899751663208,0.37888240814208984,5.601833343505859
1752062257488,-8.00561237335205,0.3645172119140625,5.592256546020508
1752062257554,,0.47465047240257263,5.515642166137695
1752062257555,-8.058284759521484,,
1752062257621,,,5.678447723388672
1752062257622,-7.957727909088135,0.40282443165779114,
1752062257687,-7.9625163078308105,0.3884592354297638,5.764639377593994
1752062257754,-7.938574314117432,0.47465047240257263,5.630563735961914
1752062257820,-8.077438354492188,0.42676645517349243,5.553949356079102
1752062257888,-7.938574314117432,0.4076128304004669,5.597044944763184
1752062257956,-8.02955436706543,0.3932476341724396,5.7311201095581055
1752062258022,,,5.707178115844727
1752062258023,-8.06307315826416,0.42197805643081665,5.702389717102051
1752062258087,,,5.601833343505859
1752062258088,-7.948151111602783,0.4602852761745453,5.573102951049805
1752062258155,,,5.63535213470459
1752062258156,-7.92899751663208,0.4554968774318695,
1752062258222,-7.828441143035889,0.4794389009475708,5.841253757476807
1752062258288,-7.909843921661377,0.42676645517349243,5.812523365020752
1752062258354,-7.952939510345459,0.40282443165779114,5.841253757476807
1752062258421,,0.3932476341724396,5.8029465675354
1752062258422,-7.900267124176025,,
1752062258488,-7.881113529205322,0.4411316514015198,5.735908508300781
1752062258554,-7.775768756866455,0.44592007994651794,5.750273704528809
1752062258621,-7.8763251304626465,0.4076128304004669,5.841253757476807
1752062258688,-7.89547872543335,0.4124012291431427,5.879560947418213
1752062258754,-7.924209117889404,0.4315548539161682,5.798158168792725
1752062258821,-7.794922351837158,0.42676645517349243,5.817311763763428
1752062258887,,,5.8651957511901855
1752062258888,-7.751826763153076,0.39803603291511536,5.903502941131592
1752062258954,-7.8763251304626465,0.47465047240257263,5.841253757476807
1752062259021,,,5.750273704528809
1752062259022,-8.091803550720215,0.49380409717559814,5.697601318359375
1752062259087,,,5.697601318359375
1752062259088,-7.981669902801514,0.39803603291511536,
1752062259154,-7.885901927947998,0.37409400939941406,5.659294128417969
1752062259221,,,5.788581371307373
1752062259222,-7.881113529205322,0.3932476341724396,
1752062259288,-7.814075946807861,0.44592007994651794,5.908291339874268
1752062259354,,,5.980117321014404
1752062259355,-7.770980358123779,0.436343252658844,5.850830554962158
1752062259422,-7.684788703918457,0.4602852761745453,5.831676959991455
1752062259487,,,5.688024520874023
1752062259488,-7.9194207191467285,0.42676645517349243,5.711966514587402
1752062259554,-8.082226753234863,0.41718965768814087,5.697601318359375
1752062259622,,0.4124012291431427,5.75985050201416
1752062259623,-7.943362712860107,,
1752062259688,-7.751826763153076,0.41718965768814087,5.826888561248779
1752062259754,,,5.841253757476807
1752062259755,-7.9194207191467285,0.42676645517349243,
1752062259822,-7.976881504058838,0.4554968774318695,5.831676959991455
1752062259887,,0.41718965768814087,5.735908508300781
1752062259888,-7.89547872543335,0.40282443165779114,
1752062259955,-7.713519096374512,0.39803603291511536,5.788581371307373
1752062260021,,0.4507084786891937,5.836465358734131
1752062260022,-7.881113529205322,,
1752062260087,,0.44592007994651794,5.89392614364624
1752062260088,-7.814075946807861,,
1752062260155,-7.866748332977295,0.40282443165779114,5.8891377449035645
1752062260221,,,5.783792972564697
1752062260222,-7.852383136749268,0.41718965768814087,
1752062260287,-7.943362712860107,0.4411316514015198,5.740696907043457
1752062260355,-7.866748332977295,0.4124012291431427,5.76942777633667
1752062260421,,,5.7311201095581055
1752062260422,-7.972093105316162,0.436343252658844,5.72633171081543
1752062260487,-7.780557155609131,0.39803603291511536,5.8651957511901855
1752062260555,-7.890690326690674,0.4411316514015198,5.89392614364624
1752062260621,-7.847594738006592,0.42676645517349243,5.913079738616943
1752062260688,-7.842806339263916,0.4315548539161682,5.745485305786133
1752062260754,-7.866748332977295,0.40282443165779114,5.7790045738220215
1752062260822,-7.991246700286865,0.47465047240257263,5.702389717102051
1752062260888,-7.7470383644104,0.4411316514015198,5.850830554962158
1752062260955,-7.9194207191467285,0.4124012291431427,5.826888561248779
1752062261021,,0.4507084786891937,5.774216175079346
1752062261022,-7.861959934234619,0.4554968774318695,
1752062261087,,0.42676645517349243,5.75985050201416
1752062261088,-7.857171535491943,,
1752062261154,-7.751826763153076,0.4076128304004669,5.8891377449035645
1752062261221,,0.42197805643081665,5.884349346160889
1752062261222,-7.943362712860107,0.41718965768814087,
1752062261287,-7.924209117889404,0.40282443165779114,5.817311763763428
1752062261353,,,5.63535213470459
1752062261354,-7.957727909088135,0.42197805643081665,5.683236122131348
1752062261421,,,5.697601318359375
1752062261422,-7.871536731719971,0.37888240814208984,
1752062261487,,,5.774216175079346
1752062261488,-7.924209117889404,0.4076128304004669,5.841253757476807
1752062261554,-7.8332295417785645,0.46507367491722107,5.908291339874268
1752062261621,,,5.8891377449035645
1752062261622,-7.857171535491943,0.41718965768814087,5.884349346160889
1752062261686,-7.861959934234619,0.41718965768814087,5.774216175079346
1752062261753,-7.92899751663208,0.383670836687088,5.711966514587402
1752062261821,-7.952939510345459,0.41718965768814087,5.702389717102051
1752062261887,,,5.788581371307373
1752062261890,-7.852383136749268,0.42197805643081665,
1752062261955,-7.885901927947998,0.4315548539161682,5.826888561248779
1752062262021,-7.8092875480651855,0.40282443165779114,5.869984149932861
1752062262086,-7.943362712860107,0.436343252658844,5.846042156219482
1752062262153,-7.680000305175781,0.40282443165779114,5.869984149932861
1752062262220,-7.905055522918701,0.39803603291511536,5.826888561248779
1752062262287,,,5.76942777633667
1752062262288,-7.881113529205322,0.42197805643081665,
1752062262354,-7.972093105316162,0.41718965768814087,5.72633171081543
1752062262421,,,5.788581371307373
1752062262422,-7.823652744293213,0.3932476341724396,5.812523365020752
1752062262487,,0.42676645517349243,5.76942777633667
1752062262488,-7.981669902801514,,
1752062262553,-7.80449914932251,0.41718965768814087,5.812523365020752
1752062262622,-7.924209117889404,0.42676645517349243,5.798158168792725
1752062262623,-7.92899751663208,,
1752062262687,-7.689577102661133,0.41718965768814087,5.7790045738220215
1752062262754,,,6.07588529586792
1752062262755,-7.8332295417785645,0.35015198588371277,
1752062262821,,0.5129576921463013,5.841253757476807
1752062262822,-7.866748332977295,,
1752062262888,-8.010400772094727,0.44592007994651794,5.549160957336426
1752062262954,-8.000823974609375,0.35494041442871094,5.659294128417969
1752062263022,-7.737461566925049,0.42197805643081665,5.683236122131348
1752062263088,,,5.970540523529053
1752062263089,-7.9625163078308105,0.4124012291431427,5.927444934844971
1752062263154,-7.785345554351807,0.47465047240257263,5.884349346160889
1752062263222,,,5.86040735244751
1752062263223,-7.799710750579834,0.37409400939941406,5.76942777633667
1752062263287,-7.938574314117432,0.3884592354297638,5.755062103271484
1752062263355,-7.900267124176025,0.4602852761745453,5.702389717102051
1752062263421,-7.967304706573486,0.39803603291511536,5.807734966278076
1752062263422,-7.92899751663208,,
1752062263487,-7.900267124176025,0.40282443165779114,5.793369770050049
1752062263488,-7.914632320404053,,
1752062263554,-7.900267124176025,0.42197805643081665,5.793369770050049
1752062263621,-7.8332295417785645,0.4124012291431427,5.812523365020752
1752062263687,,0.436343252658844,5.846042156219482
1752062263688,-7.842806339263916,,
1752062263753,,,5.807734966278076
1752062263754,-7.900267124176025,0.4124012291431427,5.793369770050049
1752062263821,-7.7661919593811035,0.4076128304004669,5.817311763763428
1752062263887,-7.857171535491943,0.4124012291431427,5.869984149932861
1752062263954,-7.909843921661377,0.41718965768814087,5.793369770050049
1752062264021,-7.89547872543335,0.41718965768814087,5.788581371307373
1752062264087,,0.40282443165779114,5.798158168792725
1752062264088,-7.814075946807861,0.39803603291511536,
1752062264154,-7.92899751663208,0.4124012291431427,5.8221001625061035
1752062264220,,0.4554968774318695,5.874772548675537
1752062264221,-7.799710750579834,,
1752062264265,-7.871536731719971,0.4411316514015198,5.846042156219482
1752062264332,-7.890690326690674,0.3932476341724396,5.869984149932861
1752062264399,-7.861959934234619,0.42197805643081665,5.812523365020752
1752062264465,,,5.740696907043457
1752062264466,-7.924209117889404,0.42197805643081665,
1752062264531,-7.952939510345459,0.3645172119140625,5.8029465675354
1752062264599,,0.4076128304004669,5.75985050201416
1752062264600,-7.89547872543335,0.3884592354297638,
1752062264665,-7.790133953094482,0.4124012291431427,5.879560947418213
1752062264732,-7.785345554351807,0.4554968774318695,5.86040735244751
1752062264799,-7.7661919593811035,0.4411316514015198,5.965752124786377
1752062264865,-7.689577102661133,0.4602852761745453,5.908291339874268
1752062264932,-7.770980358123779,0.436343252658844,5.874772548675537
1752062264998,,,5.913079738616943
1752062264999,-7.842806339263916,0.39803603291511536,5.89392614364624
1752062265065,-7.976881504058838,0.40282443165779114,5.788581371307373
1752062265132,-7.842806339263916,0.37888240814208984,5.788581371307373
1752062265199,-7.952939510345459,0.41718965768814087,5.7790045738220215
1752062265265,-7.7470383644104,0.4315548539161682,5.855618953704834
1752062265333,-7.818864345550537,0.4315548539161682,5.908291339874268
1752062265399,-7.790133953094482,0.42197805643081665,5.874772548675537
1752062265465,,,5.8891377449035645
1752062265467,-7.857171535491943,0.40282443165779114,5.836465358734131
1752062265532,,,5.841253757476807
1752062265533,-7.799710750579834,0.44592007994651794,
1752062265599,,,5.812523365020752
1752062265600,-7.861959934234619,0.40282443165779114,5.798158168792725
1752062265666,-7.866748332977295,0.4315548539161682,5.783792972564697
1752062265732,,,5.826888561248779
1752062265733,-7.890690326690674,0.4124012291431427,
1752062265799,,0.4315548539161682,5.850830554962158
1752062265800,-7.780557155609131,,
1752062265865,,,5.798158168792725
1752062265866,-7.866748332977295,0.41718965768814087,5.817311763763428
1752062265933,-7.7661919593811035,0.4315548539161682,5.846042156219482
1752062266000,-7.871536731719971,0.39803603291511536,5.913079738616943
1752062266066,-7.794922351837158,0.3645172119140625,5.831676959991455
1752062266134,-8.053496360778809,0.3932476341724396,5.692812919616699
1752062266199,,,5.63535213470459
1752062266200,-8.09659194946289,0.3357867896556854,
1752062266268,-7.967304706573486,0.3645172119140625,5.7311201095581055
1752062266333,-7.866748332977295,0.39803603291511536,5.831676959991455
1752062266400,-7.885901927947998,0.3357867896556854,5.774216175079346
1752062266466,-7.871536731719971,0.35494041442871094,5.841253757476807
1752062266532,-7.732673168182373,0.40282443165779114,5.941810131072998
1752062266599,-7.732673168182373,0.40282443165779114,6.004059314727783
1752062266665,-7.909843921661377,0.4602852761745453,5.812523365020752
1752062266731,-7.80449914932251,0.3884592354297638,5.812523365020752
1752062266798,-7.852383136749268,0.4507084786891937,5.831676959991455
1752062266865,-7.948151111602783,0.4794389009475708,5.788581371307373
1752062266931,-7.847594738006592,0.49380409717559814,5.86040735244751
1752062266998,-7.742249965667725,0.42676645517349243,6.023212909698486
1752062267064,,0.41718965768814087,6.008847713470459
1752062267065,-7.646481513977051,,
1752062267131,-7.799710750579834,0.40282443165779114,5.960963726043701
1752062267198,-7.818864345550537,0.39803603291511536,5.8029465675354
1752062267265,-7.914632320404053,0.4124012291431427,5.817311763763428
1752062267331,-7.885901927947998,0.4985924959182739,5.874772548675537
1752062267398,,,5.841253757476807
1752062267400,-7.866748332977295,0.44592007994651794,5.788581371307373
1752062267464,-7.794922351837158,0.4411316514015198,5.850830554962158
1752062267532,-7.7661919593811035,0.3884592354297638,5.960963726043701
1752062267599,,,5.807734966278076
1752062267600,-7.857171535491943,0.4315548539161682,5.8221001625061035
1752062267666,,,5.95138692855835
1752062267667,-7.823652744293213,0.42197805643081665,5.898714542388916
1752062267733,-7.83801794052124,0.436343252658844,5.831676959991455
1752062267801,-7.857171535491943,0.42197805643081665,5.850830554962158
1752062267866,-7.847594738006592,0.42676645517349243,5.841253757476807
1752062267933,,,5.9322333335876465
1752062267934,-7.785345554351807,0.4602852761745453,
1752062267999,,,5.841253757476807
1752062268000,-7.761403560638428,0.44592007994651794,
1752062268066,,,5.831676959991455
1752062268067,-7.866748332977295,0.42676645517349243,5.793369770050049
1752062268132,,,5.855618953704834
1752062268133,-7.871536731719971,0.42197805643081665,5.855618953704834
1752062268199,-7.909843921661377,0.4507084786891937,5.841253757476807
1752062268200,-7.905055522918701,,
1752062268265,,,5.908291339874268
1752062268266,-7.780557155609131,0.4124012291431427,5.817311763763428
1752062268333,-7.818864345550537,0.4842272996902466,5.874772548675537
1752062268399,-7.751826763153076,0.4842272996902466,5.826888561248779
1752062268465,,,5.874772548675537
1752062268466,-7.8092875480651855,0.49380409717559814,
1752062268532,,,5.8651957511901855
1752062268533,-7.7470383644104,0.3932476341724396,5.788581371307373
1752062268600,-7.967304706573486,0.4602852761745453,5.735908508300781
1752062268667,-8.053496360778809,0.3884592354297638,5.573102951049805
1752062268734,-8.134899139404297,0.3645172119140625,5.625775337219238
1752062268800,-7.9625163078308105,0.3884592354297638,5.692812919616699
1752062268866,-7.981669902801514,0.3693056106567383,5.640140533447266
1752062268933,,0.37888240814208984,5.711966514587402
1752062268934,-7.924209117889404,,
1752062269000,-7.914632320404053,0.37409400939941406,5.697601318359375
1752062269066,-8.00561237335205,0.3214215636253357,5.582679748535156
1752062269133,-8.197148323059082,0.3597288131713867,5.477334976196289
1752062269200,-8.024765968322754,0.3357867896556854,5.5108537673950195
1752062269266,-8.087015151977539,0.3932476341724396,5.501276969909668
1752062269334,-8.06307315826416,0.39803603291511536,5.549160957336426
1752062269399,-7.972093105316162,0.3405751883983612,5.688024520874023
1752062269467,-7.991246700286865,0.3645172119140625,5.597044944763184
1752062269533,-7.933785915374756,0.3932476341724396,5.678447723388672
1752062269599,-7.828441143035889,0.24480712413787842,5.75985050201416
1752062269667,,0.3597288131713867,5.391143798828125
1752062269668,-8.173206329345703,,
1752062269732,,,5.501276969909668
1752062269733,-8.101380348205566,0.4411316514015198,5.534795761108398
1752062269799,,,5.501276969909668
1752062269800,-8.09659194946289,0.3693056106567383,5.534795761108398
1752062269871,-7.976881504058838,0.32620999217033386,5.654505729675293
1752062269934,,,5.649717330932617
1752062269935,-7.976881504058838,0.40282443165779114,5.750273704528809
1752062269999,,0.3357867896556854,5.76942777633667
1752062270000,-7.857171535491943,,
1752062270066,,0.37409400939941406,5.692812919616699
1752062270067,-8.000823974609375,,
1752062270132,,,5.66887092590332
1752062270133,-8.000823974609375,0.41718965768814087,
1752062270199,,,5.66887092590332
1752062270200,-7.957727909088135,0.3932476341724396,5.683236122131348
1752062270266,,,5.616198539733887
1752062270267,-7.938574314117432,0.3932476341724396,
1752062270333,-8.048707962036133,0.3645172119140625,5.573102951049805
1752062270399,-7.948151111602783,0.3597288131713867,5.8221001625061035
1752062270466,,,5.7790045738220215
1752062270467,-7.885901927947998,0.3166331648826599,5.688024520874023
1752062270532,,0.5560533404350281,5.654505729675293
1752062270533,-8.000823974609375,,
1752062270598,,,5.659294128417969
1752062270599,-7.89547872543335,0.5656301379203796,5.659294128417969
1752062270666,,,6.023212909698486
1752062270667,-7.761403560638428,0.19692309200763702,
1752062270733,-7.67042350769043,0.2783259451389313,5.879560947418213
1752062270799,,,5.558737754821777
1752062270800,-8.201936721801758,0.3693056106567383,5.573102951049805
1752062270867,-8.087015151977539,0.30226796865463257,5.654505729675293
1752062270932,,,5.745485305786133
1752062270933,-7.976881504058838,0.3645172119140625,5.72633171081543
1752062271000,-7.814075946807861,0.3597288131713867,5.913079738616943
1752062271067,-7.545925140380859,0.4076128304004669,6.114192485809326
1752062271133,-7.493252754211426,0.3645172119140625,6.1716532707214355
1752062271200,-7.885901927947998,0.3357867896556854,5.7311201095581055
1752062271267,-8.077438354492188,0.12988543510437012,5.798158168792725
1752062271333,,0.24480712413787842,5.735908508300781
1752062271334,-8.197148323059082,,
1752062271399,,,5.616198539733887
1752062271400,-7.70394229888916,0.2687491476535797,
1752062271467,-7.699153900146484,0.2687491476535797,6.30094051361084
1752062271533,-7.517194747924805,0.31184476613998413,6.2865753173828125
1752062271598,-7.83801794052124,0.3693056106567383,5.582679748535156
1752062271667,,,5.95138692855835
1752062271668,-7.924209117889404,0.2064998894929886,5.917868137359619
1752062271733,-8.383895874023438,0.3405751883983612,5.8029465675354
1752062271800,-7.866748332977295,0.47465047240257263,5.683236122131348
1752062271801,-8.249820709228516,,
1752062271866,,,5.530007362365723
1752062271867,-8.33601188659668,0.19692309200763702,
1752062271933,-7.67042350769043,0.13946224749088287,6.348824501037598
1752062271999,,,5.429450988769531
1752062272000,-7.627327919006348,0.18734627962112427,5.702389717102051
1752062272067,-7.957727909088135,0.2064998894929886,6.162076473236084
1752062272134,-7.636904716491699,0.19692309200763702,6.037578105926514
1752062272199,,,6.066308498382568
1752062272200,-7.598597526550293,0.42197805643081665,
1752062272266,-7.67042350769043,0.25917232036590576,6.20038366317749
1752062272332,-8.158841133117676,0.579995334148407,5.151723384857178
1752062272399,-8.21151351928711,-0.3250128924846649,5.439027786254883
1752062272466,-8.02955436706543,0.23044191300868988,5.549160957336426
1752062272533,-7.914632320404053,0.2974795699119568,5.755062103271484
1752062272600,,,5.7790045738220215
1752062272601,-8.09659194946289,0.3214215636253357,
1752062272666,,,5.721543312072754
1752062272667,-7.699153900146484,0.3357867896556854,
1752062272732,,,5.079897403717041
1752062272733,,0.40282443165779114,5.209184169769287
1752062272734,-8.422203063964844,,
1752062272801,-8.082226753234863,0.19213469326496124,5.76942777633667
1752062272868,-7.938574314117432,0.25917232036590576,5.654505729675293
1752062272933,,,5.9753289222717285
1752062272934,-7.536348342895508,0.12030863761901855,
1752062273000,,0.16340427100658417,6.224325656890869
1752062273001,-7.589020729064941,,
1752062273067,-8.221090316772461,0.21128830313682556,5.218760967254639
1752062273133,-8.479663848876953,0.4507084786891937,5.573102951049805
1752062273199,-8.019977569580078,0.01975216343998909,5.903502941131592
1752062273200,-8.048707962036133,,
1752062273266,,,5.4246625900268555
1752062273267,-7.914632320404053,0.37409400939941406,
1752062273332,,,6.16686487197876
1752062273333,-7.186794757843018,0.3357867896556854,
1752062273399,-8.240243911743164,0.17298106849193573,5.391143798828125
1752062273400,-8.503605842590332,,
1752062273466,,0.3405751883983612,5.142146587371826
1752062273467,-8.61852741241455,,
1752062273532,,,5.673659324645996
1752062273533,-7.952939510345459,0.31184476613998413,
1752062273599,-7.933785915374756,0.12509703636169434,5.697601318359375
1752062273666,,0.1538274586200714,5.66887092590332
1752062273667,-7.943362712860107,,
1752062273733,-7.92899751663208,-0.27712884545326233,5.606621742248535
1752062273799,-7.842806339263916,0.46986207365989685,5.841253757476807
1752062273866,,,6.190806865692139
1752062273867,-7.517194747924805,0.30226796865463257,
1752062273932,,,4.811747074127197
1752062273933,-8.666411399841309,-0.21966800093650818,
1752062273999,,,5.2714338302612305
1752062274000,-8.474875450134277,-0.15263035893440247,
1752062274067,,,5.7311201095581055
1752062274068,-8.326435089111328,-0.08080431073904037,
1752062274132,-7.972093105316162,0.24001872539520264,5.702389717102051
1752062274198,,,5.285799026489258
1752062274199,-8.000823974609375,0.058059390634298325,
1752062274267,,,5.707178115844727
1752062274268,-8.125322341918945,0.1346738487482071,5.606621742248535
1752062274332,,,5.4677581787109375
1752062274333,-8.039131164550781,0.25917232036590576,5.549160957336426
1752062274400,-7.871536731719971,0.01496376097202301,5.72633171081543
1752062274467,-7.814075946807861,0.053270988166332245,5.659294128417969
1752062274533,-8.345588684082031,-0.028131870552897453,5.630563735961914
1752062274600,-8.12053394317627,0.02454056777060032,5.4246625900268555
1752062274667,,,5.434239387512207
1752062274668,-8.321646690368652,0.048482585698366165,
1752062274733,,,5.721543312072754
1752062274734,-7.861959934234619,0.21607670187950134,
1752062274800,-7.8092875480651855,0.19692309200763702,5.884349346160889
1752062274867,-8.02955436706543,0.09636662155389786,5.530007362365723
1752062274868,-7.976881504058838,,
1752062274932,-8.144475936889648,-0.008978256024420261,5.630563735961914
1752062274999,-8.077438354492188,0.1777694821357727,5.673659324645996
1752062275066,-7.852383136749268,0.23044191300868988,5.611410140991211
1752062275132,-7.943362712860107,0.09636662155389786,5.774216175079346
1752062275199,-7.842806339263916,0.06763619929552078,5.735908508300781
1752062275266,-8.053496360778809,0.19213469326496124,5.6640825271606445
1752062275332,-7.957727909088135,0.18734627962112427,5.654505729675293
1752062275398,,-0.018555063754320145,5.721543312072754
1752062275399,-7.996035099029541,,
1752062275465,,,5.63535213470459
1752062275466,-7.785345554351807,0.32620999217033386,5.630563735961914
1752062275532,-8.21151351928711,0.13946224749088287,5.386355400085449
1752062275600,-7.799710750579834,0.4124012291431427,5.501276969909668
1752062275601,-8.27855110168457,,
1752062275666,,,5.491700172424316
1752062275667,-8.470087051391602,0.16819266974925995,5.477334976196289
1752062275732,,,6.267421722412109
1752062275733,-8.12053394317627,-0.013766659423708916,
1752062275800,-6.784569263458252,-0.09516951441764832,6.487688064575195
1752062275866,,,7.177217960357666
1752062275867,-6.985682010650635,-0.7751228213310242,6.913856029510498
1752062275933,,,6.099827289581299
1752062275934,-7.483675956726074,0.23523031175136566,5.980117321014404
1752062275999,,0.1107318252325058,5.869984149932861
1752062276000,-8.058284759521484,0.1777694821357727,
1752062276068,-7.857171535491943,0.07721300423145294,5.831676959991455
1752062276133,-7.881113529205322,0.4842272996902466,5.750273704528809
1752062276200,-8.36953067779541,0.517746090888977,5.812523365020752
1752062276267,,,5.716754913330078
1752062276268,-7.727884769439697,0.5943605899810791,5.702389717102051
1752062276333,-7.48846435546875,0.6949170231819153,5.611410140991211
1752062276399,-8.115745544433594,0.5560533404350281,5.515642166137695
1752062276466,,0.8433575630187988,5.405508995056152
1752062276467,-7.823652744293213,,
1752062276532,,,4.045602321624756
1752062276533,-9.346364974975586,0.42197805643081665,4.198831081390381
1752062276600,-8.455721855163574,0.18734627962112427,4.802170276641846
1752062276667,-6.64091682434082,0.292691171169281,6.909067630767822
1752062276733,,0.4602852761745453,5.788581371307373
1752062276734,-7.7183074951171875,,
1752062276800,-8.441356658935547,0.3932476341724396,5.89392614364624
1752062276867,-7.794922351837158,-0.08080431073904037,6.0854620933532715
1752062276934,-7.632116317749023,0.4842272996902466,6.209960460662842
1752062276999,-8.048707962036133,0.6087257862091064,5.855618953704834
1752062277068,-7.665635108947754,0.345363587141037,5.8891377449035645
1752062277133,-7.67042350769043,0.33099839091300964,5.76942777633667
1752062277199,-8.043919563293457,0.4411316514015198,5.534795761108398
1752062277267,-8.422203063964844,0.3357867896556854,5.127781391143799
1752062277332,,,5.051167011260986
1752062277333,-8.33601188659668,-0.018555063754320145,5.180453777313232
1752062277399,,,5.5108537673950195
1752062277400,-8.134899139404297,0.30705636739730835,
1752062277466,,,6.071096897125244
1752062277467,-7.67042350769043,0.02454056777060032,
1752062277532,,,5.611410140991211
1752062277533,-7.790133953094482,0.5943605899810791,
1752062277599,-8.33601188659668,0.19692309200763702,5.798158168792725
1752062277666,,,5.2235493659973145
1752062277667,-8.513182640075684,0.26396074891090393,
1752062277733,-7.900267124176025,0.40282443165779114,5.764639377593994
1752062277799,,0.11552023142576218,6.0854620933532715
1752062277800,-7.421426773071289,,
1752062277867,-7.076661586761475,-0.6362590789794922,6.3967084884643555
1752062277932,,,6.253056526184082
1752062277933,-7.340023994445801,-0.6075286865234375,
1752062277999,,,6.707954406738281
1752062278000,-7.636904716491699,-1.0336965322494507,
1752062278066,,,5.213972568511963
1752062278067,-8.522759437561035,0.7428010702133179,
1752062278132,,,5.640140533447266
1752062278133,-8.666411399841309,0.48901569843292236,5.72633171081543
1752062278199,,0.2974795699119568,5.874772548675537
1752062278200,-7.6081743240356445,0.4076128304004669,
1752062278266,,,5.745485305786133
1752062278267,-7.737461566925049,0.46507367491722107,
1752062278332,,,5.735908508300781
1752062278333,-7.828441143035889,0.5416881442070007,5.558737754821777
1752062278399,-7.83801794052124,0.3166331648826599,5.530007362365723
1752062278467,-8.628104209899902,0.14903905987739563,5.2666449546813965
1752062278532,,,5.630563735961914
1752062278533,-8.000823974609375,0.3645172119140625,5.798158168792725
1752062278599,-7.464522361755371,0.12988543510437012,6.186018466949463
1752062278666,,,5.917868137359619
1752062278667,-7.632116317749023,0.1586158573627472,5.841253757476807
1752062278732,,,5.8891377449035645
1752062278733,-8.115745544433594,-0.10474632680416107,
1752062278799,,,5.66887092590332
1752062278800,-7.957727909088135,0.048482585698366165,6.028001308441162
1752062278866,,,5.841253757476807
1752062278867,-7.842806339263916,0.005386953707784414,5.826888561248779
1752062278933,-8.139687538146973,0.0628477931022644,5.788581371307373
1752062278999,,,5.530007362365723
1752062279000,-8.259397506713867,0.4411316514015198,5.553949356079102
1752062279067,,,5.721543312072754
1752062279068,-7.89547872543335,0.2783259451389313,5.702389717102051
1752062279133,-7.933785915374756,0.26396074891090393,5.793369770050049
1752062279200,-8.00561237335205,0.28311434388160706,5.644928932189941
1752062279267,-7.794922351837158,0.18734627962112427,5.764639377593994
1752062279333,-7.905055522918701,-0.20051439106464386,6.004059314727783
1752062279334,-8.019977569580078,,
1752062279400,,,5.783792972564697
1752062279401,-7.684788703918457,0.09157821536064148,5.95138692855835
1752062279467,-7.890690326690674,-0.1430535465478897,6.095038890838623
1752062279533,,,5.6640825271606445
1752062279534,-8.043919563293457,-0.06165069341659546,5.66887092590332
1752062279599,,,5.688024520874023
1752062279600,-7.83801794052124,-0.11432313174009323,5.783792972564697
1752062279668,-7.981669902801514,0.0867898091673851,5.855618953704834
1752062279733,,,6.008847713470459
1752062279734,-7.909843921661377,0.2783259451389313,
1752062279799,,,5.755062103271484
1752062279800,-8.00561237335205,0.22086510062217712,5.755062103271484
1752062279867,,,5.587468147277832
1752062279868,-7.8763251304626465,0.3597288131713867,5.688024520874023
1752062279933,-8.101380348205566,0.25917232036590576,5.7790045738220215
1752062280000,-7.713519096374512,0.49380409717559814,5.788581371307373
1752062280067,,,5.841253757476807
1752062280068,-7.972093105316162,0.3357867896556854,
1752062280133,,,5.434239387512207
1752062280134,-7.67042350769043,0.838569164276123,5.697601318359375
1752062280200,-7.450157165527344,0.8720879554748535,5.903502941131592
1752062280267,-8.85794734954834,0.2783259451389313,5.755062103271484
1752062280332,,,6.281786918640137
1752062280333,-7.445368766784668,-0.10953472554683685,6.3296709060668945
1752062280399,-7.292140007019043,0.1777694821357727,6.363189697265625
1752062280467,,,6.028001308441162
1752062280468,-7.392696380615234,0.4076128304004669,
1752062280533,-8.27855110168457,0.41718965768814087,5.573102951049805
1752062280599,,0.1586158573627472,5.6640825271606445
1752062280600,-8.053496360778809,,
1752062280666,,,5.98490571975708
1752062280667,-7.909843921661377,0.6661866307258606,5.922656536102295
1752062280732,,,6.1955952644348145
1752062280733,-7.885901927947998,0.517746090888977,5.994482517242432
1752062280800,-7.589020729064941,0.8481459617614746,5.688024520874023
1752062280867,-8.355165481567383,1.1976994276046753,5.7311201095581055
1752062280932,,,5.764639377593994
1752062280933,-8.130110740661621,1.0540473461151123,5.458181381225586
1752062280999,,,5.884349346160889
1752062281000,-7.512406349182129,1.1402385234832764,6.071096897125244
1752062281066,,,5.534795761108398
1752062281067,-7.727884769439697,1.082777738571167,5.721543312072754
1752062281133,-8.00561237335205,1.0971429347991943,5.539584159851074
1752062281199,,,6.023212909698486
1752062281200,-8.144475936889648,1.1929110288619995,
1752062281268,-7.445368766784668,1.4227544069290161,6.142922878265381
1752062281333,,,5.980117321014404
1752062281334,-7.359177589416504,1.3796586990356445,6.33445930480957
1752062281397,,,5.764639377593994
1752062281398,-7.684788703918457,1.1689690351486206,5.960963726043701
1752062281467,-8.024765968322754,1.2168530225753784,6.363189697265625
1752062281534,-8.077438354492188,1.0444705486297607,6.1285576820373535
1752062281600,,,5.76942777633667
1752062281601,-7.464522361755371,0.9247604012489319,
1752062281667,,,5.611410140991211
1752062281668,-7.7230963706970215,0.7380126714706421,
1752062281733,-7.450157165527344,0.761954665184021,5.960963726043701
1752062281799,,,6.3296709060668945
1752062281800,-7.498041152954102,0.7906851172447205,6.257844924926758
1752062281867,,,6.406285285949707
1752062281868,-7.17242956161499,0.8768763542175293,6.372766494750977
1752062281933,,,6.458957672119141
1752062281934,-7.30650520324707,0.7763199210166931,
1752062282000,-7.818864345550537,0.6039373874664307,6.176441669464111
1752062282067,-7.292140007019043,0.862511157989502,6.2865753173828125
1752062282133,-7.239467620849609,0.5321113467216492,6.406285285949707
1752062282201,-7.593809127807617,0.536899745464325,6.147711277008057
1752062282267,-7.426215171813965,0.3357867896556854,6.511630058288574
1752062282333,-7.153275966644287,0.5752069354057312,6.6361284255981445
1752062282399,-7.1436991691589355,0.5321113467216492,6.69837760925293
1752062282466,,,6.363189697265625
1752062282467,-7.617751121520996,0.22086510062217712,
1752062282533,-7.464522361755371,-0.0999579206109047,6.066308498382568
1752062282599,-7.8763251304626465,-0.4159925580024719,6.07588529586792
1752062282667,-7.70394229888916,-0.12389993667602539,6.013636112213135
1752062282732,,,6.305728912353516
1752062282733,-7.536348342895508,-0.028131870552897453,
1752062282799,,-0.03770867735147476,6.219537258148193
1752062282800,-7.598597526550293,,
1752062282866,,,6.578667640686035
1752062282867,-7.402273178100586,0.23523031175136566,6.463746070861816
1752062282932,,,6.209960460662842
1752062282933,-7.392696380615234,0.4315548539161682,6.348824501037598
1752062282999,,,6.626551628112793
1752062283000,-7.311293601989746,0.3884592354297638,6.616974830627441
1752062283066,,,6.564302444458008
1752062283067,-7.373542785644531,0.6518214344978333,
1752062283133,-7.909843921661377,1.513733983039856,6.104615688323975
1752062283199,,,6.20038366317749
1752062283200,-7.80449914932251,1.7004817724227905,6.104615688323975
1752062283267,,1.5759832859039307,5.836465358734131
1752062283268,-7.57944393157959,1.5568296909332275,
1752062283333,-6.9904704093933105,1.4658499956130981,6.114192485809326
1752062283399,,1.470638394355774,6.219537258148193
1752062283400,-6.952163219451904,,
1752062283467,-6.60739803314209,1.202487826347351,6.602609634399414
1752062283532,,,6.061520099639893
1752062283533,-7.70394229888916,1.1593921184539795,6.056731700897217
1752062283600,-7.976881504058838,1.1976994276046753,6.233902454376221
1752062283667,-8.125322341918945,1.2551602125167847,5.846042156219482
1752062283733,-8.177994728088379,1.4179660081863403,5.606621742248535
1752062283800,,1.6525976657867432,5.616198539733887
1752062283801,-8.24503231048584,,
1752062283866,-7.909843921661377,2.1505916118621826,5.482123374938965
1752062283934,-8.307281494140625,2.3708581924438477,5.319317817687988
1752062283999,,2.3948001861572266,5.01285982131958
1752062284000,-8.154052734375,,
1752062284067,-7.938574314117432,2.1122844219207764,4.864419460296631
1752062284133,,,4.974552631378174
1752062284134,-7.713519096374512,1.7387889623641968,
1752062284199,,,5.142146587371826
1752062284200,-7.952939510345459,1.2934675216674805,
1752062284266,,,5.290587425231934
1752062284267,-7.8763251304626465,1.4945803880691528,5.304952621459961
1752062284334,-8.422203063964844,0.900818407535553,5.175665378570557
1752062284399,,,5.242702960968018
1752062284400,-8.316858291625977,0.13946224749088287,
1752062284467,-8.527547836303711,-0.18614917993545532,5.352836608886719
1752062284535,-8.695141792297363,-0.09516951441764832,5.549160957336426
1752062284600,-8.498817443847656,-0.3298012912273407,5.678447723388672
1752062284666,,,5.400720596313477
1752062284667,-8.216301918029785,0.13946224749088287,5.439027786254883
1752062284734,-8.235455513000488,0.3214215636253357,5.348048210144043
1752062284800,,,5.721543312072754
1752062284801,-7.885901927947998,0.4411316514015198,5.563526153564453
1752062284866,-7.636904716491699,0.3357867896556854,5.486911773681641
1752062284934,-7.646481513977051,0.2017114907503128,5.549160957336426
1752062284999,,0.04369417950510979,5.309741020202637
1752062285000,-8.091803550720215,0.16819266974925995,
1752062285065,-8.087015151977539,0.6135141849517822,5.166088581085205
1752062285132,-7.732673168182373,0.2974795699119568,5.869984149932861
1752062285198,-7.794922351837158,0.26396074891090393,5.960963726043701
1752062285265,-7.909843921661377,0.10594342648983002,5.8891377449035645
1752062285332,,,5.764639377593994
1752062285333,-8.225878715515137,0.01975216343998909,
1752062285398,,,5.8891377449035645
1752062285399,-7.9864583015441895,0.1538274586200714,
1752062285465,-7.340023994445801,0.1825578808784485,6.1955952644348145
1752062285533,-8.249820709228516,5.985504249110818E-4,6.162076473236084
1752062285598,,,6.061520099639893
1752062285599,-8.470087051391602,-0.023343466222286224,
1752062285665,-7.799710750579834,0.03890577703714371,6.066308498382568
1752062285733,-7.4118499755859375,0.14903905987739563,5.683236122131348
1752062285798,,,5.300164222717285
1752062285799,-7.1676411628723145,0.2017114907503128,5.367201805114746
1752062285865,-7.6081743240356445,0.12030863761901855,5.482123374938965
1752062285933,-7.431003570556641,0.25917232036590576,5.587468147277832
1752062286000,,0.1346738487482071,6.851606845855713
1752062286001,-7.689577102661133,,
1752062286066,-8.02955436706543,0.09636662155389786,7.3017168045043945
1752062286134,-7.785345554351807,0.1586158573627472,7.282563209533691
1752062286199,-7.8332295417785645,-0.008978256024420261,6.569090843200684
1752062286265,,,6.061520099639893
1752062286266,-7.2586212158203125,0.21607670187950134,6.147711277008057
1752062286332,-7.095815181732178,-0.15263035893440247,6.2865753173828125
1752062286399,,-0.3010708689689636,5.841253757476807
1752062286400,-7.6081743240356445,,
1752062286466,-7.756615161895752,-0.22924481332302094,5.965752124786377
1752062286533,,-0.166995570063591,5.98490571975708
1752062286534,-8.043919563293457,,
1752062286600,-7.469310760498047,-0.08559270948171616,6.281786918640137
1752062286666,-7.67042350769043,-0.03292027488350868,6.492476463317871
1752062286734,-7.431003570556641,0.26396074891090393,6.540360450744629
1752062286800,-7.019200801849365,0.14425064623355865,6.880337238311768
1752062286866,,,6.899490833282471
1752062286867,-6.995258808135986,-0.26755204796791077,6.712742805480957
1752062286934,,,6.253056526184082
1752062286935,-7.225101947784424,-0.1430535465478897,6.1955952644348145
1752062286999,,,5.941810131072998
1752062287000,-7.263409614562988,-0.14784196019172668,6.0423665046691895
1752062287066,-7.421426773071289,-0.31543606519699097,6.296152114868164
1752062287134,-7.512406349182129,-0.18614917993545532,6.468534469604492
1752062287199,,,6.305728912353516
1752062287200,-7.900267124176025,-0.17178396880626678,
1752062287266,,,6.4398040771484375
1752062287267,-7.340023994445801,-0.10474632680416107,6.497264862060547
1752062287333,,,6.463746070861816
1752062287334,-7.201159954071045,-0.19572599232196808,6.679224014282227
1752062287399,,,6.545148849487305
1752062287400,-7.483675956726074,-0.3058592677116394,6.64091682434082
1752062287467,-7.3017168045043945,-0.05686229094862938,6.444592475891113
1752062287533,,,6.339247703552246
1752062287534,-7.622539520263672,-0.013766659423708916,
1752062287600,,-0.06643909960985184,6.564302444458008
1752062287601,-7.076661586761475,,
1752062287666,-6.578667640686035,-0.5069721937179565,6.679224014282227
1752062287733,,,6.679224014282227
1752062287734,-6.674435615539551,-1.0528502464294434,6.631340026855469
1752062287800,,,6.324882507324219
1752062287801,-7.996035099029541,-1.7423802614212036,6.190806865692139
1752062287866,-8.235455513000488,-1.833359956741333,6.1955952644348145
1752062287934,-8.216301918029785,-1.4550760984420776,6.813299655914307
1752062288000,-8.058284759521484,-0.3010708689689636,6.909067630767822
1752062288067,-7.866748332977295,0.9630676507949829,6.248267650604248
1752062288133,,,5.659294128417969
1752062288134,-8.091803550720215,2.3038206100463867,5.5778913497924805
1752062288200,-7.6081743240356445,3.357269287109375,4.964975833892822
1752062288266,-6.530783653259277,1.8584990501403809,5.218760967254639
1752062288333,-7.177217960357666,0.8912416100502014,4.821323871612549
1752062288399,,,5.290587425231934
1752062288400,-8.101380348205566,0.838569164276123,5.472546577453613
1752062288466,-7.991246700286865,1.3126211166381836,6.315305709838867
1752062288532,,1.7435773611068726,6.564302444458008
1752062288533,-8.221090316772461,,
1752062288598,-8.30249309539795,2.212841033935547,5.6209869384765625
1752062288666,-7.780557155609131,1.7196353673934937,5.702389717102051
1752062288733,-8.18757152557373,1.5855600833892822,4.907515048980713
1752062288799,,,4.624999046325684
1752062288800,-6.894702434539795,1.7483657598495483,4.811747074127197
1752062288866,-6.856395244598389,1.7435773611068726,5.146934986114502
1752062288933,-7.383119583129883,1.997362732887268,5.750273704528809
1752062289000,,,6.521206855773926
1752062289001,-7.814075946807861,1.997362732887268,6.530783653259277
1752062289065,,,6.602609634399414
1752062289066,-7.924209117889404,1.6861165761947632,6.5499372482299805
1752062289132,,,6.626551628112793
1752062289133,-7.8763251304626465,1.5759832859039307,
1752062289199,,1.1785458326339722,6.435015678405762
1752062289200,-8.00561237335205,1.2120646238327026,
1752062289266,,1.2360066175460815,6.602609634399414
1752062289267,-7.881113529205322,,
1752062289333,,1.5041571855545044,5.874772548675537
1752062289334,-7.569867134094238,,
1752062289400,-7.023989200592041,1.6095020771026611,6.0184245109558105
1752062289466,,1.9303251504898071,6.090250492095947
1752062289467,-7.119757175445557,,
1752062289533,-7.646481513977051,1.935113549232483,6.348824501037598
1752062289600,-8.288127899169922,1.877652645111084,6.760627269744873
1752062289666,-7.641693115234375,1.9207483530044556,6.463746070861816
1752062289733,,,6.1955952644348145
1752062289734,-7.296928405761719,1.0540473461151123,6.099827289581299
1752062289799,,,6.272210121154785
1752062289800,-6.435015678405762,0.30705636739730835,6.262633323669434
1752062289867,-7.105391979217529,-0.06165069341659546,6.205172061920166
1752062289933,-8.019977569580078,-0.004189853090792894,5.462969779968262
1752062290000,-7.550713539123535,0.09636662155389786,6.056731700897217
1752062290065,,,6.521206855773926
1752062290066,-7.632116317749023,0.5943605899810791,6.487688064575195
1752062290133,-7.5650787353515625,0.8960300087928772,6.224325656890869
1752062290199,-7.153275966644287,0.5512649416923523,6.07588529586792
1752062290265,-6.387131690979004,0.4076128304004669,5.745485305786133
1752062290332,,0.31184476613998413,6.626551628112793
1752062290333,-7.550713539123535,0.40282443165779114,
1752062290399,,,6.789357662200928
1752062290400,-7.30650520324707,0.010175357572734356,7.574655532836914
1752062290465,,,6.320094108581543
1752062290466,-9.097368240356445,-0.08559270948171616,5.793369770050049
1752062290533,,,6.186018466949463
1752062290534,-6.913856029510498,0.6230909824371338,7.201159954071045
1752062290599,,0.28790274262428284,6.023212909698486
1752062290600,-5.721543312072754,,
1752062290666,-7.790133953094482,0.14425064623355865,6.478111267089844
1752062290733,-6.262633323669434,0.6661866307258606,6.4828996658325195
1752062290800,-6.86597204208374,0.41718965768814087,5.630563735961914
1752062290865,,,6.818088054656982
1752062290866,-7.359177589416504,0.08200141042470932,6.281786918640137
1752062290933,-6.463746070861816,0.7236474752426147,5.850830554962158
1752062290934,-6.387131690979004,,
1752062290999,,-0.5835866928100586,6.83245325088501
1752062291000,-7.091026782989502,,
1752062291066,-6.382343292236328,-0.47824180126190186,6.60739803314209
1752062291133,-8.393472671508789,0.25917232036590576,6.7031660079956055
1752062291200,-7.952939510345459,1.269525408744812,7.407061576843262
1752062291266,-7.253832817077637,1.9446903467178345,6.415862083435059
1752062291333,-8.024765968322754,1.810615062713623,6.315305709838867
1752062291399,-7.6752119064331055,1.1929110288619995,6.214748859405518
1752062291466,,,6.540360450744629
1752062291467,-7.316082000732422,1.006163239479065,
1752062291533,-8.091803550720215,1.3605051040649414,5.946598529815674
1752062291600,-7.603385925292969,1.3174095153808594,5.755062103271484
1752062291666,,,6.219537258148193
1752062291667,-7.584232330322266,1.1881226301193237,
1752062291733,,,6.257844924926758
1752062291734,-7.569867134094238,1.346139907836914,
1752062291799,,,5.5108537673950195
1752062291800,-8.3120698928833,1.4658499956130981,
1752062291865,,,5.309741020202637
1752062291866,-7.502829551696777,1.777096152305603,5.10383939743042
1752062291934,-8.288127899169922,1.4131776094436646,6.0184245109558105
1752062291999,,0.7140706777572632,5.764639377593994
1752062292000,-7.770980358123779,,
1752062292066,-8.762179374694824,1.0684125423431396,6.013636112213135
1752062292132,,,6.372766494750977
1752062292133,-8.043919563293457,1.1593921184539795,6.0184245109558105
1752062292200,-8.18757152557373,1.4131776094436646,6.118980884552002
1752062292266,-7.9194207191467285,1.2407950162887573,6.1716532707214355
1752062292332,,,5.755062103271484
1752062292333,-7.033565998077393,1.427542805671692,6.4828996658325195
1752062292399,-7.416638374328613,1.4036006927490234,6.1955952644348145
1752062292465,,1.2551602125167847,5.127781391143799
1752062292466,-6.133346080780029,,
1752062292533,-7.7661919593811035,0.42676645517349243,5.405508995056152
1752062292600,-7.761403560638428,0.3214215636253357,5.745485305786133
1752062292667,-7.04793119430542,0.3645172119140625,6.123769283294678
1752062292732,,,6.33445930480957
1752062292733,-6.789357662200928,0.24480712413787842,7.2107367515563965
1752062292800,,0.22086510062217712,6.573879241943359
1752062292801,-8.168417930603027,,
1752062292866,-8.283339500427246,0.5752069354057312,7.541136741638184
1752062292867,-7.153275966644287,,
1752062292933,,,7.541136741638184
1752062292934,-6.808511257171631,0.7523778676986694,7.354389190673828
1752062292999,,,6.626551628112793
1752062293000,-6.86597204208374,0.16340427100658417,
1752062293066,,,5.415085792541504
1752062293067,-6.971316814422607,0.12030863761901855,5.745485305786133
1752062293133,-6.1955952644348145,0.7571662664413452,5.319317817687988
1752062293200,-5.941810131072998,0.3884592354297638,6.870760440826416
1752062293266,,-0.15741875767707825,6.60739803314209
1752062293267,-6.83245325088501,,
1752062293333,-6.310517311096191,0.383670836687088,6.4828996658325195
1752062293400,,-0.08559270948171616,6.51641845703125
1752062293401,-7.201159954071045,,
1752062293466,,,6.693589210510254
1752062293467,-7.785345554351807,-0.45429977774620056,5.788581371307373
1752062293532,,,7.004835605621338
1752062293533,-8.829216957092285,-0.4207809567451477,5.72633171081543
1752062293600,-7.598597526550293,-0.03292027488350868,
1752062293666,-7.603385925292969,-0.38726213574409485,5.927444934844971
1752062293733,,,6.712742805480957
1752062293734,-7.847594738006592,-0.3345896899700165,5.922656536102295
1752062293800,-8.992023468017578,-0.14784196019172668,6.540360450744629
1752062293866,-9.260173797607422,-0.19572599232196808,7.009624004364014
1752062293933,,,6.597821235656738
1752062293934,-9.193136215209961,-0.5261258482933044,
1752062293999,,,7.593809127807617
1752062294000,-8.723872184753418,-0.023343466222286224,6.554725646972656
1752062294066,-6.248267650604248,0.07721300423145294,5.869984149932861
1752062294133,-8.450933456420898,-0.4878185987472534,7.196371555328369
1752062294199,,0.2064998894929886,6.420650482177734
1752062294200,-6.33445930480957,,
1752062294266,-8.73344898223877,0.1346738487482071,5.338471412658691
1752062294333,,-0.07122749835252762,6.846818447113037
1752062294334,-7.110180377960205,,
1752062294399,,,5.448604583740234
1752062294400,-6.798934459686279,-0.578798234462738,5.89392614364624
1752062294466,-8.345588684082031,-0.8852560520172119,7.110180377960205
1752062294534,-7.153275966644287,-0.10474632680416107,5.678447723388672
1752062294599,,-0.2867056429386139,5.8891377449035645
1752062294600,-8.527547836303711,,
1752062294666,-6.95695161819458,-0.008978256024420261,5.276222229003906
1752062294733,-8.048707962036133,-0.5740098357200623,8.321646690368652
1752062294800,-8.087015151977539,-0.71766197681427,6.688800811767578
1752062294866,-8.920196533203125,-0.9762357473373413,5.6209869384765625
1752062294933,,-0.9091981053352356,4.897938251495361
1752062294934,-7.952939510345459,-1.0336965322494507,
1752062295000,,,4.878784656524658
1752062295001,-7.976881504058838,-1.349731206893921,
1752062295066,-8.331223487854004,-1.0001777410507202,5.999270915985107
1752062295067,-8.513182640075684,,
1752062295134,-8.18757152557373,-0.6841431260108948,4.735132217407227
1752062295135,-7.4118499755859375,,
1752062295199,-9.628880500793457,-1.1390414237976074,5.846042156219482
1752062295267,-7.775768756866455,-0.7320271730422974,5.711966514587402
1752062295333,,-2.0201077461242676,7.04793119430542
1752062295334,-10.112509727478027,-1.8956091403961182,
1752062295399,,-1.6418237686157227,6.157288074493408
1752062295400,-9.61451530456543,-1.8381483554840088,
1752062295467,-8.594585418701172,-0.9810241460800171,4.912303447723389
1752062295533,,,5.6209869384765625
1752062295534,-7.555501937866211,-0.7320271730422974,
1752062295600,-6.233902454376221,-0.2867056429386139,4.505289077758789
1752062295666,,-0.6649895310401917,6.348824501037598
1752062295667,-9.351153373718262,,
1752062295734,-7.392696380615234,0.2735375463962555,6.530783653259277
1752062295800,,,4.941033840179443
1752062295801,-7.028777599334717,-0.5740098357200623,4.8069586753845215
1752062295866,-7.7230963706970215,-1.0145429372787476,5.606621742248535
1752062295867,-8.015189170837402,,
1752062295934,-7.062296390533447,-0.7463923692703247,4.443039894104004
1752062295999,-9.188347816467285,-1.0959458351135254,6.224325656890869
1752062296066,,,6.64091682434082
1752062296067,-7.459733963012695,-0.3010708689689636,7.991246700286865
1752062296133,,,5.5778913497924805
1752062296134,-7.646481513977051,-0.3345896899700165,6.765415668487549
1752062296199,,,5.72633171081543
1752062296200,-7.756615161895752,-1.0097545385360718,
1752062296266,-7.335235595703125,-1.613093376159668,4.97934103012085
1752062296267,-7.80449914932251,,
1752062296334,-8.450933456420898,-1.8812439441680908,5.2666449546813965
1752062296400,-7.311293601989746,-1.0097545385360718,5.721543312072754
1752062296466,,,5.688024520874023
1752062296467,-7.761403560638428,-0.899621307849884,5.568314552307129
1752062296534,-7.909843921661377,-1.0672154426574707,6.133346080780029
1752062296599,,,5.7790045738220215
1752062296600,-6.928221225738525,-1.268328309059143,
1752062296667,-8.446145057678223,-1.7854759693145752,5.54437255859375
1752062296734,,,5.108627796173096
1752062296735,-8.6089506149292,-1.3784615993499756,
1752062296799,-8.398261070251465,-1.3066356182098389,5.917868137359619
1752062296867,-7.119757175445557,-1.0767922401428223,5.36241340637207
1752062296933,,,5.8651957511901855
1752062296934,-7.220313549041748,-1.4311341047286987,5.850830554962158
1752062296999,-8.570643424987793,-1.6226701736450195,7.885901927947998
1752062297067,-9.059061050415039,-1.4550760984420776,7.459733963012695
1752062297133,-8.628104209899902,-1.0767922401428223,6.645705223083496
1752062297200,-6.842030048370361,-0.4926069974899292,5.956175327301025
1752062297266,,-0.4926069974899292,5.994482517242432
1752062297267,-6.933009624481201,,
1752062297334,-6.114192485809326,0.0628477931022644,4.9601874351501465
1752062297399,-7.009624004364014,-0.13347674906253815,6.1955952644348145
1752062297400,-7.249044418334961,,
1752062297466,-7.651269912719727,0.1107318252325058,5.98490571975708
1752062297533,,,5.506065368652344
1752062297534,-8.21151351928711,0.292691171169281,7.105391979217529
1752062297599,-8.575431823730469,-0.11911153793334961,6.60739803314209
1752062297666,-7.292140007019043,-0.4159925580024719,7.584232330322266
1752062297734,-5.352836608886719,0.23523031175136566,7.052719593048096
1752062297799,-6.5930328369140625,0.6661866307258606,6.827664852142334
1752062297866,-6.372766494750977,-0.12389993667602539,7.83801794052124
1752062297932,,,6.928221225738525
1752062297933,-6.502053260803223,0.5656301379203796,
1752062298000,,,7.076661586761475
1752062298001,-7.191583156585693,-0.028131870552897453,6.894702434539795
1752062298066,-6.818088054656982,0.1586158573627472,6.597821235656738
1752062298132,,,5.908291339874268
1752062298133,-7.4549455642700195,-0.11911153793334961,6.3296709060668945
1752062298201,-6.573879241943359,-0.4255693554878235,5.956175327301025
1752062298266,-6.511630058288574,-0.22924481332302094,6.497264862060547
1752062298333,-7.569867134094238,0.01975216343998909,6.1285576820373535
1752062298400,,0.4411316514015198,6.712742805480957
1752062298401,-7.933785915374756,,
1752062298466,-7.7230963706970215,0.8529343605041504,6.870760440826416
1752062298534,-6.573879241943359,1.0971429347991943,6.827664852142334
1752062298600,-7.033565998077393,0.6901286244392395,6.937798023223877
1752062298667,-6.784569263458252,0.21607670187950134,6.080673694610596
1752062298733,-7.622539520263672,0.5321113467216492,5.146934986114502
1752062298801,-7.847594738006592,0.8816647529602051,7.866748332977295
1752062298866,-7.478887557983398,1.470638394355774,4.998494625091553
1752062298934,-7.742249965667725,1.2168530225753784,6.372766494750977
1752062299000,,1.006163239479065,7.478887557983398
1752062299001,-8.513182640075684,,
1752062299066,-6.679224014282227,1.0013748407363892,5.2714338302612305
1752062299133,-8.359953880310059,0.6853402256965637,4.897938251495361
1752062299200,-7.402273178100586,1.4802151918411255,5.1565117835998535
1752062299266,-5.625775337219238,1.3078327178955078,3.1022868156433105
1752062299333,,,3.8588545322418213
1752062299334,-7.526771545410156,0.7236474752426147,
1752062299401,-8.948927879333496,0.8289923667907715,4.328118324279785
1752062299467,-9.207501411437988,0.9487023949623108,5.4246625900268555
1752062299533,,,6.9904704093933105
1752062299534,-9.293692588806152,1.0971429347991943,
1752062299601,-8.082226753234863,0.800261914730072,7.493252754211426
1752062299666,-8.637681007385254,0.292691171169281,7.086238384246826
1752062299733,,,4.443039894104004
1752062299734,-7.359177589416504,1.4562731981277466,3.8061821460723877
1752062299800,,,6.118980884552002
1752062299801,-6.909067630767822,1.7675193548202515,5.477334976196289
1752062299866,,,5.740696907043457
1752062299867,-7.785345554351807,2.121861219406128,5.683236122131348
1752062299934,-7.311293601989746,2.1266496181488037,5.630563735961914
1752062300000,,,6.808511257171631
1752062300001,-7.105391979217529,1.6238672733306885,6.157288074493408
1752062300066,-6.061520099639893,0.9582792520523071,5.812523365020752
1752062300132,-7.545925140380859,0.37409400939941406,7.062296390533447
1752062300199,-7.354389190673828,0.9247604012489319,6.880337238311768
1752062300200,-7.27298641204834,,
1752062300266,-7.469310760498047,1.2791022062301636,5.8221001625061035
1752062300332,,,5.960963726043701
1752062300333,-8.680776596069336,1.2360066175460815,4.8500542640686035
1752062300400,-8.182783126831055,1.2168530225753784,6.4828996658325195
1752062300466,-8.532336235046387,0.6518214344978333,5.941810131072998
1752062300467,-7.311293601989746,,
1752062300533,-8.268974304199219,0.6326677799224854,6.214748859405518
1752062300601,-8.398261070251465,0.4076128304004669,6.39192008972168
1752062300666,-7.550713539123535,0.8242039084434509,5.798158168792725
1752062300732,,,5.86040735244751
1752062300733,-7.4549455642700195,1.0923545360565186,5.683236122131348
1752062300801,-7.866748332977295,1.1210849285125732,5.798158168792725
1752062300866,-7.814075946807861,1.0732009410858154,5.697601318359375
1752062300867,-7.684788703918457,,
1752062300934,-7.842806339263916,0.8768763542175293,6.004059314727783
1752062301000,-6.717531204223633,0.982221245765686,5.367201805114746
1752062301067,-6.276998519897461,1.1593921184539795,5.836465358734131
1752062301133,-6.7941460609436035,1.125873327255249,7.1436991691589355
1752062301201,-7.502829551696777,1.0013748407363892,7.1436991691589355
1752062301266,,0.8768763542175293,5.927444934844971
1752062301267,-7.08144998550415,,
1752062301333,-8.273762702941895,0.7332242727279663,7.316082000732422
1752062301400,,1.082777738571167,7.857171535491943
1752062301401,-7.976881504058838,,
1752062301466,-7.574655532836914,1.0444705486297607,7.818864345550537
1752062301534,-7.2107367515563965,1.2407950162887573,7.08144998550415
1752062301600,-6.588244438171387,1.3940238952636719,6.186018466949463
1752062301666,-6.95695161819458,1.22642982006073,6.770204067230225
1752062301733,,,6.104615688323975
1752062301734,-6.415862083435059,1.1881226301193237,6.688800811767578
1752062301800,-6.372766494750977,0.6901286244392395,5.8221001625061035
1752062301866,,0.46507367491722107,6.401496887207031
1752062301867,-7.890690326690674,,
1752062301933,,,6.3296709060668945
1752062301934,-7.689577102661133,0.8433575630187988,6.660070419311523
1752062302000,,,5.798158168792725
1752062302001,-7.4118499755859375,0.5752069354057312,6.846818447113037
1752062302067,-6.909067630767822,0.7380126714706421,5.874772548675537
1752062302133,-8.225878715515137,0.16340427100658417,5.898714542388916
1752062302201,,0.0293289702385664,7.407061576843262
1752062302202,-9.954492568969727,,
1752062302266,-8.024765968322754,0.32620999217033386,5.95138692855835
1752062302333,-7.80449914932251,-0.13826514780521393,5.458181381225586
1752062302401,-7.761403560638428,0.06763619929552078,5.7790045738220215
1752062302467,-7.39748477935791,0.25438392162323,5.0032830238342285
1752062302533,,,5.764639377593994
1752062302534,-8.316858291625977,-0.26755204796791077,
1752062302600,,-0.20530278980731964,3.50930118560791
1752062302601,-6.095038890838623,,
1752062302666,-5.956175327301025,-0.15263035893440247,2.867655038833618
1752062302733,-6.157288074493408,-0.5069721937179565,4.337695121765137
1752062302800,,,4.763862609863281
1752062302801,-8.192359924316406,-1.0001777410507202,
1752062302866,-10.356718063354492,-1.2348095178604126,5.410297393798828
1752062302932,,,6.142922878265381
1752062302933,-9.518747329711914,-1.3353660106658936,6.066308498382568
1752062303000,-10.126874923706055,-1.2539631128311157,6.4828996658325195
1752062303066,-8.723872184753418,-0.3824737071990967,5.999270915985107
1752062303133,-6.569090843200684,0.24001872539520264,4.591480255126953
1752062303200,-5.386355400085449,0.656609833240509,3.9402575492858887
1752062303266,-7.325658798217773,-0.71766197681427,4.902726650238037
1752062303332,,,7.124545574188232
1752062303333,-9.767744064331055,-1.4646528959274292,6.971316814422607
1752062303400,,,7.196371555328369
1752062303401,-8.249820709228516,-1.4311341047286987,
1752062303466,,-0.6937199234962463,7.474099159240723
1752062303467,-8.115745544433594,,
1752062303532,,,6.679224014282227
1752062303533,-6.7941460609436035,0.2687491476535797,7.541136741638184
1752062303601,-9.88745403289795,0.19213469326496124,8.048707962036133
1752062303666,-6.444592475891113,1.0205284357070923,5.841253757476807
1752062303733,,,4.3424835205078125
1752062303734,-6.679224014282227,-0.20051439106464386,
1752062303800,,-0.6314706802368164,4.869207859039307
1752062303801,-6.176441669464111,,
1752062303866,-6.961740016937256,-0.6506243348121643,5.261856555938721
1752062303933,,,6.061520099639893
1752062303934,-8.82442855834961,-0.6602011322975159,4.285022258758545
1752062304000,,,7.493252754211426
1752062304001,-8.40304946899414,-0.5165489912033081,
1752062304067,-9.609726905822754,-0.45429977774620056,8.091803550720215
1752062304133,-9.762955665588379,-0.24361002445220947,9.537900924682617
1752062304201,-8.805274963378906,0.11552023142576218,8.972869873046875
1752062304266,-8.795698165893555,-0.32022446393966675,7.737461566925049
1752062304333,-7.617751121520996,-0.19572599232196808,7.383119583129883
1752062304401,-8.192359924316406,-0.406415730714798,7.009624004364014
1752062304466,,,7.2107367515563965
1752062304467,-8.795698165893555,-0.2148796021938324,5.558737754821777
1752062304533,,,5.443816184997559
1752062304534,-6.765415668487549,0.32620999217033386,
1752062304600,-6.344036102294922,-0.27712884545326233,5.0703206062316895
1752062304668,-6.420650482177734,-0.7080851793289185,4.48134708404541
1752062304734,-8.33601188659668,-0.5309142470359802,5.180453777313232
1752062304800,-7.349600791931152,-0.4016273319721222,5.055955410003662
1752062304866,-10.165182113647461,-0.8948329091072083,5.917868137359619
1752062304933,-9.643245697021484,-0.3250128924846649,7.493252754211426
1752062305000,,-0.23403321206569672,7.584232330322266
1752062305001,-8.599373817443848,,
1752062305066,-6.985682010650635,-0.06165069341659546,9.408614158630371
1752062305133,-6.578667640686035,0.4411316514015198,6.851606845855713
1752062305200,,,5.711966514587402
1752062305201,-4.964975833892822,0.5225345492362976,
1752062305266,-5.036801815032959,0.7092822790145874,4.873996257781982
1752062305333,-5.812523365020752,0.24001872539520264,5.750273704528809
1752062305400,-6.066308498382568,-0.17178396880626678,6.099827289581299
1752062305466,,,6.818088054656982
1752062305467,-8.048707962036133,-0.7368155717849731,6.525995254516602
1752062305532,,,7.296928405761719
1752062305533,-9.446921348571777,-1.1629834175109863,7.5219831466674805
1752062305601,-8.982446670532227,-0.7655459642410278,7.469310760498047
1752062305666,,,8.398261070251465
1752062305667,-9.619303703308105,-0.06165069341659546,
1752062305733,-8.316858291625977,0.579995334148407,7.531559944152832
1752062305801,-8.230667114257812,0.33099839091300964,6.808511257171631
1752062305866,-6.233902454376221,0.2735375463962555,6.564302444458008
1752062305934,-5.496488571166992,0.03890577703714371,5.462969779968262
1752062306000,,-0.497395396232605,6.626551628112793
1752062306001,-6.530783653259277,,
1752062306066,,,5.965752124786377
1752062306067,-6.621763229370117,-0.7032967209815979,4.8500542640686035
1752062306133,,,6.688800811767578
1752062306134,-9.073426246643066,-0.43514615297317505,
1752062306200,-7.603385925292969,0.1346738487482071,6.8611836433410645
1752062306267,-9.494805335998535,-0.6937199234962463,7.316082000732422
1752062306333,-10.500370025634766,-0.9091981053352356,7.545925140380859
1752062306400,-7.871536731719971,-0.06643909960985184,7.354389190673828
1752062306467,-7.407061576843262,0.39803603291511536,5.980117321014404
1752062306533,-6.779780864715576,0.982221245765686,6.612186431884766
1752062306601,-8.163629531860352,0.37409400939941406,7.943362712860107
1752062306666,-7.866748332977295,-0.3585317134857178,7.861959934234619
1752062306667,-7.8332295417785645,,
1752062306733,,,7.038354396820068
1752062306734,-7.622539520263672,-1.1677719354629517,6.449380874633789
1752062306800,,,9.724648475646973
1752062306801,-9.102156639099121,-1.081580638885498,
1752062306866,,0.07242459803819656,8.034342765808105
1752062306867,-8.661623001098633,,
1752062306934,-9.317634582519531,-0.08080431073904037,8.110957145690918
1752062307000,-8.398261070251465,0.12030863761901855,7.091026782989502
1752062307067,,,5.041590213775635
1752062307068,-7.177217960357666,-0.15741875767707825,4.993706226348877
1752062307133,-6.727108001708984,0.0867898091673851,5.4246625900268555
1752062307201,-8.158841133117676,-0.166995570063591,6.7510504722595215
1752062307267,-8.00561237335205,-0.3776853084564209,7.225101947784424
1752062307333,-6.980893611907959,0.16340427100658417,5.960963726043701
1752062307401,-7.938574314117432,-0.6362590789794922,7.469310760498047
1752062307467,-6.645705223083496,0.1346738487482071,6.099827289581299
1752062307533,-5.721543312072754,0.536899745464325,6.114192485809326
1752062307600,,,7.732673168182373
1752062307601,-7.287351608276367,-0.14784196019172668,
1752062307666,,,7.282563209533691
1752062307667,-7.311293601989746,-0.0520738884806633,7.632116317749023
1752062307733,,-0.3058592677116394,8.580220222473145
1752062307734,-6.918644428253174,,
1752062307800,-6.64091682434082,-0.11911153793334961,7.4549455642700195
1752062307866,,0.4124012291431427,6.401496887207031
1752062307867,-5.295375823974609,,
1752062307932,,,8.288127899169922
1752062307933,-5.343259811401367,0.22086510062217712,8.383895874023438
1752062308000,,,7.972093105316162
1752062308001,-4.739920616149902,0.900818407535553,7.866748332977295
1752062308066,,0.4554968774318695,7.512406349182129
1752062308067,-5.443816184997559,,
1752062308133,-5.386355400085449,-0.08080431073904037,6.808511257171631
1752062308200,-6.4398040771484375,-0.48303020000457764,7.440580368041992
1752062308266,-5.678447723388672,0.18734627962112427,7.727884769439697
1752062308333,-6.2386908531188965,0.12988543510437012,8.288127899169922
1752062308400,,,8.881889343261719
1752062308401,-6.660070419311523,0.13946224749088287,
1752062308467,-5.999270915985107,0.39803603291511536,8.671199798583984
1752062308533,-6.502053260803223,-0.262763649225235,10.62007999420166
1752062308601,-5.041590213775635,0.7667431235313416,8.087015151977539
1752062308667,-4.371213912963867,1.1306617259979248,7.2298903465271
1752062308733,-4.093486309051514,0.5081692934036255,8.781332969665527
1752062308801,-3.930680751800537,0.6470330357551575,9.03511905670166
1752062308866,-4.2275614738464355,0.5416881442070007,9.715071678161621
1752062308933,-5.099050998687744,0.048482585698366165,7.9625163078308105
1752062309000,,,8.929773330688477
1752062309001,-5.7790045738220215,-0.24839842319488525,
1752062309066,-4.586691856384277,0.7667431235313416,7.976881504058838
1752062309134,-4.22277307510376,0.943913996219635,9.087791442871094
1752062309200,-3.9929299354553223,1.269525408744812,9.150040626525879
1752062309266,-4.672883033752441,0.37409400939941406,9.628880500793457
1752062309334,-4.471770286560059,-0.3058592677116394,9.15961742401123
1752062309400,-5.568314552307129,-0.6458359360694885,10.270526885986328
1752062309401,-5.54437255859375,,
1752062309467,-6.209960460662842,-0.3728969097137451,9.777320861816406
1752062309533,,,9.260173797607422
1752062309534,-6.367978096008301,0.536899745464325,8.55148983001709
1752062309601,-5.530007362365723,0.7954735159873962,9.39903736114502
1752062309667,-4.581903457641602,0.8672995567321777,8.230667114257812
1752062309733,,0.49380409717559814,8.101380348205566
1752062309734,-4.265868663787842,,
1752062309800,,,7.220313549041748
1752062309801,-3.9498343467712402,0.5608417391777039,7.493252754211426
1752062309867,-4.845265865325928,0.2064998894929886,8.048707962036133
1752062309932,,,8.661623001098633
1752062309933,-4.711190223693848,0.1586158573627472,8.814851760864258
1752062310001,-5.673659324645996,0.02454056777060032,9.121310234069824
1752062310066,,,8.843582153320312
1752062310067,-6.511630058288574,-0.12868833541870117,8.814851760864258
1752062310134,-6.382343292236328,-0.018555063754320145,8.398261070251465
1752062310200,-5.980117321014404,0.058059390634298325,8.292916297912598
1752062310267,-5.63535213470459,0.30226796865463257,8.259397506713867
1752062310333,,0.12988543510437012,8.575431823730469
1752062310334,-5.95138692855835,0.4315548539161682,
1752062310400,,,7.905055522918701
1752062310401,-5.95138692855835,-0.12868833541870117,7.57944393157959
1752062310467,-5.32889461517334,0.21607670187950134,6.530783653259277
1752062310533,-5.32889461517334,0.6278793811798096,7.17242956161499
1752062310602,-4.912303447723389,0.9343371987342834,7.8763251304626465
1752062310666,,0.42197805643081665,9.00160026550293
1752062310667,-5.319317817687988,0.4602852761745453,
1752062310733,-5.563526153564453,0.35494041442871094,8.431779861450195
1752062310801,-6.0184245109558105,-0.262763649225235,8.316858291625977
1752062310866,-7.30650520324707,-0.3010708689689636,9.643245697021484
1752062310933,,,10.136451721191406
1752062310934,-7.009624004364014,-0.06165069341659546,
1752062311000,-5.290587425231934,0.25438392162323,8.781332969665527
1752062315222,,,7.92899751663208
1752062315223,,0.13946224749088287,8.719083786010742
1752062315224,-5.8891377449035645,-1.3066356182098389,
1752062315225,-5.616198539733887,,
1752062315226,,-0.7655459642410278,7.464522361755371
1752062315292,-6.918644428253174,-1.1773487329483032,7.311293601989746
1752062315359,,,7.076661586761475
1752062315360,-7.8092875480651855,-1.8142063617706299,7.36396598815918
1752062332264,,,6.5499372482299805
1752062332265,-8.072649955749512,-1.6466121673583984,6.798934459686279
1752062332266,-7.349600791931152,-1.0959458351135254,5.415085792541504
1752062332267,-7.981669902801514,-0.6123170852661133,
1752062332268,-7.699153900146484,,5.190030574798584
1752062332269,,-0.4926069974899292,5.956175327301025
1752062332270,-7.967304706573486,-0.0520738884806633,5.8651957511901855
1752062332272,-7.842806339263916,0.04369417950510979,5.817311763763428
1752062332335,-7.890690326690674,0.03890577703714371,5.826888561248779
1752062332336,-7.857171535491943,,
1752062332402,,,5.831676959991455
1752062332403,-7.857171535491943,0.01975216343998909,
1752062332483,-7.991246700286865,0.01496376097202301,5.740696907043457
1752062332549,-7.857171535491943,0.01975216343998909,5.8651957511901855
1752062332614,-7.871536731719971,0.048482585698366165,5.86040735244751
1752062332681,-7.852383136749268,-0.023343466222286224,5.898714542388916
1752062332748,-7.861959934234619,0.07242459803819656,5.764639377593994
1752062332815,,,5.941810131072998
1752062332816,-7.761403560638428,-0.004189853090792894,
1752062332876,,-0.004189853090792894,5.874772548675537
1752062332877,-7.818864345550537,0.010175357572734356,
1752062332942,-7.881113529205322,0.0293289702385664,5.869984149932861
1752062333008,-7.823652744293213,-0.004189853090792894,5.913079738616943
1752062333075,-7.751826763153076,-0.023343466222286224,5.9753289222717285
1752062333076,-7.742249965667725,,
1752062333141,-7.756615161895752,0.06763619929552078,5.922656536102295
1752062333208,,,6.008847713470459
1752062333209,-7.742249965667725,0.010175357572734356,
1752062333275,,,5.874772548675537
1752062333276,-7.909843921661377,-0.06165069341659546,
1752062334199,,,5.807734966278076
1752062334200,-7.861959934234619,0.03411737456917763,5.788581371307373
1752062334203,,,5.965752124786377
1752062334204,-7.727884769439697,-0.028131870552897453,6.023212909698486
1752062334268,,,5.989694118499756
1752062334269,-7.660846710205078,-0.023343466222286224,6.023212909698486
1752062334335,,,5.960963726043701
1752062334336,-7.818864345550537,-0.1909375786781311,5.89392614364624
1752062334401,-7.866748332977295,-0.3058592677116394,5.956175327301025
1752062334468,-7.699153900146484,-0.34416648745536804,5.989694118499756
1752062337277,,,6.1285576820373535
1752062337278,-7.708730697631836,-0.4638765752315521,5.903502941131592
1752062337279,-7.541136741638184,,
1752062337342,-7.799710750579834,0.0867898091673851,5.937021732330322
1752062337409,-7.881113529205322,0.12030863761901855,5.807734966278076
1752062337477,-7.785345554351807,0.19692309200763702,5.946598529815674
1752062337543,-7.593809127807617,0.1825578808784485,5.989694118499756
1752062337609,,,5.922656536102295
1752062337610,-7.914632320404053,0.09636662155389786,
1752062337659,-7.770980358123779,0.1586158573627472,5.831676959991455
1752062337724,-7.7470383644104,0.058059390634298325,5.884349346160889
1752062337790,,,5.8651957511901855
1752062337791,-7.842806339263916,0.1777694821357727,5.879560947418213
1752062337857,-7.8332295417785645,0.19213469326496124,5.9753289222717285
1752062342071,,0.0293289702385664,5.965752124786377
1752062342072,-7.742249965667725,0.058059390634298325,5.941810131072998
1752062342076,-7.680000305175781,-0.023343466222286224,5.9753289222717285
1752062342144,-7.7470383644104,-0.04249707981944084,6.008847713470459
1752062342213,-7.694365501403809,-0.03770867735147476,6.07588529586792
1752062342278,,,6.104615688323975
1752062342279,-7.574655532836914,-0.008978256024420261,
1752062342280,-7.598597526550293,,
1752062342345,,,6.032789707183838
1752062342346,-7.7661919593811035,-0.04249707981944084,
1752062342411,-7.7661919593811035,-0.008978256024420261,5.980117321014404
1752062342508,-7.780557155609131,-0.03770867735147476,5.98490571975708
1752062342524,-7.684788703918457,-0.04728548228740692,6.056731700897217
1752062342588,-7.761403560638428,-0.018555063754320145,6.008847713470459
1752062342656,-7.6752119064331055,-0.03770867735147476,6.023212909698486
1752062342723,,,6.004059314727783
1752062342724,-7.80449914932251,-0.023343466222286224,
1752062342984,-7.684788703918457,-0.0520738884806633,6.032789707183838
1752062343053,-7.699153900146484,-0.004189853090792894,6.061520099639893
1752062343119,,,6.013636112213135
1752062343120,-7.790133953094482,-0.023343466222286224,
1752062344476,-7.699153900146484,-0.03770867735147476,5.970540523529053
1752062344481,-7.742249965667725,-0.028131870552897453,5.970540523529053
1752062344549,-7.699153900146484,-0.06643909960985184,6.0184245109558105
1752062344617,-7.622539520263672,-0.018555063754320145,6.0854620933532715
1752062344683,,,6.152499675750732
1752062344684,-7.6081743240356445,0.02454056777060032,
1752062344750,-7.699153900146484,-0.004189853090792894,6.1285576820373535
1752062347312,,,5.98490571975708
1752062347313,-7.756615161895752,0.01496376097202301,6.061520099639893
1752062347316,-7.7661919593811035,-0.018555063754320145,5.989694118499756
1752062347384,,,5.980117321014404
1752062347385,-7.8092875480651855,-0.018555063754320145,5.937021732330322
1752062347450,,,5.941810131072998
1752062347451,-7.7470383644104,-0.04728548228740692,
1752062347518,,,6.051943302154541
1752062347519,-7.656058311462402,-0.004189853090792894,
1752062347584,,,6.032789707183838
1752062347585,-7.584232330322266,-0.05686229094862938,
1752062347777,-7.991246700286865,-0.05686229094862938,5.908291339874268
1752062347783,-7.8763251304626465,0.03411737456917763,5.8651957511901855
1752062347852,-7.636904716491699,0.14425064623355865,6.023212909698486
1752062347918,,,5.9753289222717285
1752062347919,-7.751826763153076,0.09636662155389786,
1752062347985,-7.790133953094482,0.11552023142576218,5.8891377449035645
1752062386075,-7.92899751663208,0.07242459803819656,5.903502941131592
1752062386076,-7.732673168182373,-0.3585317134857178,5.9322333335876465
1752062386077,-7.7661919593811035,-0.0520738884806633,5.999270915985107
1752062386078,-7.761403560638428,-0.03292027488350868,5.999270915985107
1752062386079,-7.737461566925049,-0.09516951441764832,5.956175327301025
1752062386080,,,5.86040735244751
1752062386081,-7.80449914932251,0.16340427100658417,5.367201805114746
1752062386082,-7.914632320404053,0.5273229479789734,5.774216175079346
1752062386083,-8.355165481567383,1.7196353673934937,5.89392614364624
1752062386084,-8.048707962036133,-0.4734533727169037,6.032789707183838
1752062386085,-7.3687543869018555,-1.6561890840530396,6.344036102294922
1752062386086,-7.976881504058838,-0.21966800093650818,6.851606845855713
1752062386087,-7.474099159240723,-0.3489548861980438,4.16531229019165
1752062386088,-9.015965461730957,-0.27234044671058655,5.122992992401123
1752062386089,-7.215525150299072,0.40282443165779114,6.626551628112793
1752062386090,-8.46051025390625,-2.3313539028167725,3.8827965259552
1752062386091,-10.016741752624512,-1.4933832883834839,1.6561890840530396
1752062386122,,1.6525976657867432,6.0184245109558105
1752062386123,-5.534795761108398,,
1752062386190,-4.9601874351501465,1.7004817724227905,4.787805080413818
1752062386256,-8.115745544433594,1.6430208683013916,5.3576250076293945
1752062386322,-5.750273704528809,2.006939649581909,4.103063106536865
1752062386389,,,6.253056526184082
1752062386390,-7.464522361755371,1.1641805171966553,5.855618953704834
1752062386456,-7.249044418334961,0.8337807655334473,6.372766494750977
1752062386522,,0.8050503134727478,6.784569263458252
1752062386523,-7.114968776702881,,
1752062386589,,,6.305728912353516
1752062386590,-7.182006359100342,0.9247604012489319,
1752062386656,-5.367201805114746,1.446696400642395,5.75985050201416
1752062386722,-7.134122371673584,1.269525408744812,5.994482517242432
1752062386790,-6.511630058288574,1.8489222526550293,5.405508995056152
1752062386856,-5.994482517242432,1.7579425573349,5.630563735961914
1752062386922,-7.818864345550537,1.006163239479065,7.665635108947754
1752062386990,-7.402273178100586,1.1115081310272217,7.392696380615234
1752062387056,-7.9864583015441895,1.3317747116088867,6.219537258148193
1752062387122,-7.359177589416504,0.9917980432510376,5.8891377449035645
1752062387123,-8.154052734375,,
1752062387190,-7.866748332977295,0.9917980432510376,6.114192485809326
1752062387256,-7.948151111602783,2.4618380069732666,6.573879241943359
1752062387322,-5.908291339874268,2.586336374282837,5.515642166137695
1752062387390,,,5.8221001625061035
1752062387391,,1.513733983039856,5.649717330932617
1752062387396,-7.1436991691589355,1.5233107805252075,
1752062387455,-6.760627269744873,1.2647370100021362,5.568314552307129
1752062387522,-7.948151111602783,0.8481459617614746,5.908291339874268
1752062387590,,,6.162076473236084
1752062387591,-8.61852741241455,1.2743138074874878,6.310517311096191
1752062387657,,1.7435773611068726,6.717531204223633
1752062387658,-7.981669902801514,1.326986312866211,
1752062387722,,,6.281786918640137
1752062387723,-7.6752119064331055,1.6478092670440674,6.746262073516846
1752062387789,,,5.439027786254883
1752062387790,-6.870760440826416,1.6478092670440674,5.108627796173096
1752062387856,-7.27298641204834,1.8441338539123535,5.343259811401367
1752062387922,-7.732673168182373,1.5999252796173096,6.4398040771484375
1752062387990,,1.489791989326477,5.678447723388672
1752062387991,-7.287351608276367,,
1752062388056,-7.464522361755371,1.0684125423431396,5.587468147277832
1752062388121,,,7.857171535491943
1752062388122,-8.695141792297363,0.5656301379203796,6.86597204208374
1752062388190,-7.8332295417785645,1.0013748407363892,7.340023994445801
1752062388256,,1.2216414213180542,6.961740016937256
1752062388257,-8.723872184753418,,
1752062388324,-9.1260986328125,1.5855600833892822,7.1006035804748535
1752062388388,,1.0109516382217407,7.028777599334717
1752062388389,-8.810063362121582,,
1752062388455,-7.5650787353515625,1.7866730690002441,4.926668643951416
1752062388522,,,5.439027786254883
1752062388523,-7.770980358123779,1.3940238952636719,5.376778602600098
1752062388588,-8.273762702941895,0.7380126714706421,5.395932197570801
1752062388657,-7.6752119064331055,0.5847837924957275,5.601833343505859
1752062388802,-8.206725120544434,0.9056068062782288,5.611410140991211
1752062388871,-7.732673168182373,0.4315548539161682,4.9170918464660645
1752062388937,-5.601833343505859,0.7092822790145874,4.361637115478516
1752062389004,,,6.8611836433410645
1752062389005,-7.536348342895508,-0.4926069974899292,
1752062389070,-6.918644428253174,-0.27234044671058655,7.225101947784424
1752062389139,-8.321646690368652,-0.497395396232605,6.9473748207092285
1752062389204,,,6.320094108581543
1752062389205,-7.8092875480651855,-0.3058592677116394,4.864419460296631
1752062389270,-7.8092875480651855,-0.444722980260849,6.4828996658325195
1752062389354,,,6.813299655914307
1752062389355,-8.24503231048584,0.4842272996902466,
1752062389418,-7.905055522918701,1.2599486112594604,5.606621742248535
1752062389485,,,6.123769283294678
1752062389486,-8.752602577209473,1.0779893398284912,4.658517837524414
1752062389551,-6.229114055633545,0.3693056106567383,4.878784656524658
1752062389617,,,5.448604583740234
1752062389618,-8.177994728088379,-0.5404910445213318,5.204395771026611
1752062389685,,,5.1996073722839355
1752062389686,-8.02955436706543,0.345363587141037,5.247491359710693
1752062389752,-6.933009624481201,1.1689690351486206,4.926668643951416
1752062389817,-7.861959934234619,0.23044191300868988,5.673659324645996
1752062389885,,,6.367978096008301
1752062389886,-8.359953880310059,0.1825578808784485,
1752062389951,-7.751826763153076,0.2735375463962555,6.387131690979004
1752062390017,-7.7230963706970215,0.01975216343998909,5.965752124786377
1752062390086,-9.25059700012207,-0.2819172441959381,6.435015678405762
1752062390153,-7.431003570556641,0.5560533404350281,6.090250492095947
1752062390217,,,4.232349872589111
1752062390218,-5.826888561248779,1.22642982006073,5.597044944763184
1752062390286,-7.885901927947998,0.5704185366630554,6.60739803314209
1752062390351,,,6.69837760925293
1752062390352,-8.896254539489746,0.4842272996902466,
1752062390417,,,4.878784656524658
1752062390418,-7.076661586761475,0.6374561786651611,5.826888561248779
1752062390809,,,5.213972568511963
1752062390810,-8.489240646362305,-0.013766659423708916,5.089474201202393
1752062390877,-7.708730697631836,0.35494041442871094,4.902726650238037
1752062390945,-7.57944393157959,0.6949170231819153,6.071096897125244
1752062391010,-7.531559944152832,0.6709750294685364,5.956175327301025
1752062391665,-8.125322341918945,0.5225345492362976,6.205172061920166
1752062391670,-5.9753289222717285,0.5895721912384033,4.423886299133301
1752062391733,,,5.72633171081543
1752062391734,-7.191583156585693,0.12509703636169434,
1752062391802,-8.417414665222168,0.3357867896556854,6.889914035797119
1752062391867,-7.847594738006592,0.6039373874664307,6.42543888092041
1752062391982,-9.561842918395996,0.1586158573627472,6.961740016937256
1752062392050,-6.554725646972656,1.0971429347991943,4.974552631378174
1752062392116,,,5.2235493659973145
1752062392117,-7.780557155609131,0.4507084786891937,
1752062392184,,,3.552396774291992
1752062392185,-4.859631061553955,1.1162965297698975,5.558737754821777
1752062392250,-5.707178115844727,0.5321113467216492,3.5619735717773438
1752062392317,,,5.367201805114746
1752062392318,-6.9473748207092285,0.2017114907503128,
1752062392385,,,6.621763229370117
1752062392386,-8.230667114257812,-0.03770867735147476,6.032789707183838
1752062392805,-8.834005355834961,-0.34416648745536804,5.6640825271606445
1752062392874,,,7.684788703918457
1752062392875,-7.459733963012695,-1.0720038414001465,
1752062392941,-8.158841133117676,-0.9570821523666382,6.693589210510254
1752062393006,,,5.654505729675293
1752062393007,-8.393472671508789,0.16340427100658417,5.798158168792725
1752062393371,,,7.1436991691589355
1752062393372,-7.3687543869018555,0.3214215636253357,6.83245325088501
1752062393377,-6.0184245109558105,-0.24839842319488525,5.2714338302612305
1752062393440,,,5.553949356079102
1752062393441,-8.474875450134277,-0.7703344225883484,7.091026782989502
1752062393507,,,6.458957672119141
1752062393508,-8.652046203613281,5.985504249110818E-4,7.2586212158203125
1752062393573,,,5.735908508300781
1752062393574,-9.178771018981934,-0.03292027488350868,
1752062394015,-8.843582153320312,-0.33937808871269226,5.553949356079102
1752062394023,,-0.12389993667602539,4.500500679016113
1752062394024,-7.756615161895752,-0.3058592677116394,
1752062394093,-10.160393714904785,0.005386953707784414,6.822876453399658
1752062394160,-7.225101947784424,1.1785458326339722,6.324882507324219
1752062394226,-7.83801794052124,1.2407950162887573,5.683236122131348
1752062394589,-7.110180377960205,1.427542805671692,5.462969779968262
1752062394597,,-0.8517372608184814,5.7790045738220215
1752062394598,-7.924209117889404,-0.7463923692703247,
1752062394667,-9.150040626525879,-0.7703344225883484,8.077438354492188
1752062394733,,,8.134899139404297
1752062394734,-8.206725120544434,-0.5069721937179565,
1752062394800,-8.6089506149292,0.6518214344978333,5.846042156219482
1752062395387,-7.7183074951171875,0.24001872539520264,5.237914562225342
1752062395392,-5.735908508300781,0.18734627962112427,5.1134161949157715
1752062395456,,,4.22277307510376
1752062395457,-7.320870399475098,-0.2579752206802368,4.514865875244141
1752062395523,-9.77253246307373,-1.0432734489440918,5.980117321014404
1752062396076,,,6.693589210510254
1752062396077,-7.996035099029541,-0.7080851793289185,7.13891077041626
1752062396081,,,6.099827289581299
1752062396082,-8.49402904510498,-1.1390414237976074,
1752062396146,,-0.6889315247535706,6.755838871002197
1752062396147,-7.8092875480651855,,
1752062396213,-7.431003570556641,-0.8277952671051025,5.812523365020752
1752062396279,-7.80449914932251,-0.861314058303833,6.976105213165283
1752062396384,-7.646481513977051,0.2687491476535797,6.458957672119141
1752062396389,,-0.11432313174009323,5.429450988769531
1752062396390,-7.574655532836914,,
1752062396452,,,5.558737754821777
1752062396453,-7.9625163078308105,-0.5596446394920349,5.319317817687988
1752062396520,,,6.928221225738525
1752062396521,-9.542689323425293,-1.3784615993499756,5.659294128417969
1752062396586,,-1.1103110313415527,5.927444934844971
1752062396587,-8.819640159606934,,
1752062397394,-8.292916297912598,-0.760757565498352,5.094262599945068
1752062397400,,,4.955399036407471
1752062397401,-7.560290336608887,-0.5883750915527344,5.185242176055908
1752062397462,,,5.324106216430664
1752062397463,-8.953716278076172,,
1752062397529,,-0.8373720645904541,4.519654273986816
1752062397530,-8.436568260192871,,
1752062397597,-9.269750595092773,-1.12467622756958,3.8923733234405518
1752062398423,-8.9680814743042,-1.0863690376281738,4.1844658851623535
1752062398429,,,5.458181381225586
1752062398430,-7.8092875480651855,-0.5261258482933044,4.859631061553955
1752062398499,,-0.6985083222389221,4.57232666015625
1752062398500,-8.206725120544434,-0.6314706802368164,
1752062398565,,,4.596268653869629
1752062398566,-7.119757175445557,-0.4686649739742279,5.338471412658691
1752062398632,-8.106168746948242,-0.5883750915527344,4.69682502746582
1752062398776,-8.82442855834961,-1.2970588207244873,5.525218963623047
1752062398779,-9.083003044128418,-1.7471686601638794,5.0703206062316895
1752062398841,-9.015965461730957,-1.1390414237976074,5.807734966278076
1752062398908,-8.24503231048584,-0.6841431260108948,5.319317817687988
1752062398975,,,5.4677581787109375
1752062398976,-8.862735748291016,-0.961870551109314,5.127781391143799
1752062398977,-8.757390975952148,,
1752062399041,-7.756615161895752,-0.24361002445220947,5.218760967254639
1752062399108,,,4.562749862670898
1752062399109,-8.173206329345703,-0.7799112200737,
1752062399177,,,4.653729438781738
1752062399178,-9.135675430297852,-0.823006808757782,4.189254283905029
1752062399243,-8.201936721801758,-0.3345896899700165,4.897938251495361
1752062399309,,,5.913079738616943
1752062399310,-7.7661919593811035,-0.3345896899700165,5.549160957336426
1752062399377,-7.627327919006348,-0.679354727268219,5.2714338302612305
1752062399442,-9.145252227783203,-1.2012907266616821,4.69682502746582
1752062399509,,,5.218760967254639
1752062399510,-9.111733436584473,-1.3449428081512451,5.41987419128418
1752062399577,-7.948151111602783,-1.0336965322494507,5.6640825271606445
1752062399643,-7.828441143035889,-1.2587515115737915,5.745485305786133
1752062399709,,-0.9522937536239624,4.993706226348877
1752062399710,-8.058284759521484,,
1752062399778,-8.18757152557373,-1.105522632598877,4.869207859039307
1752062399842,,,5.683236122131348
1752062399843,-8.240243911743164,-1.3449428081512451,5.606621742248535
1752062399910,-7.320870399475098,-1.268328309059143,5.2714338302612305
1752062399975,,-0.9475052952766418,5.170876979827881
1752062399976,-8.719083786010742,,
1752062400043,-9.063849449157715,-0.8852560520172119,4.8069586753845215
1752062400108,-9.102156639099121,-0.7224503755569458,4.941033840179443
1752062400174,-8.379107475280762,-0.41120412945747375,5.439027786254883
1752062400242,-7.996035099029541,-0.6458359360694885,5.017648220062256
1752062400308,-8.599373817443848,-0.6745663285255432,4.093486309051514
1752062400374,-8.996811866760254,-0.7655459642410278,3.289034605026245
1752062400441,-7.967304706573486,-0.3968389332294464,4.036025524139404
1752062400508,,,4.428674697875977
1752062400509,-8.297704696655273,-0.7224503755569458,
1752062400574,-8.958504676818848,-0.9044097065925598,5.075109004974365
1752062400641,-9.044695854187012,-0.9139865040779114,4.869207859039307
1752062400712,-8.867524147033691,-0.9475052952766418,5.333683013916016
1752062400775,-9.054272651672363,-1.0911574363708496,4.624999046325684
1752062400841,-8.173206329345703,-0.823006808757782,4.998494625091553
1752062400908,-7.991246700286865,-1.1965023279190063,5.66887092590332
1752062400974,-7.5650787353515625,-1.2348095178604126,5.530007362365723
1752062401041,-8.479663848876953,-1.5652093887329102,5.927444934844971
1752062401108,-8.235455513000488,-1.5221136808395386,5.644928932189941
1752062401175,-8.101380348205566,-1.2204443216323853,5.084685802459717
1752062401242,-9.06863784790039,-1.0241197347640991,5.563526153564453
1752062401308,,-0.36810851097106934,5.324106216430664
1752062401309,-8.575431823730469,,
1752062401374,,1.025316834449768,4.8069586753845215
1752062401375,-10.122086524963379,,
1752062401441,-8.661623001098633,2.035670042037964,3.9450459480285645
1752062401508,,,3.648164749145508
1752062401509,-8.450933456420898,1.79146146774292,
1752062401574,,,3.494935989379883
1752062401575,-8.484452247619629,1.9015947580337524,3.490147590637207
1752062401641,-8.465298652648926,1.0971429347991943,3.533243179321289
1752062401708,-8.637681007385254,-0.09516951441764832,3.494935989379883
1752062401774,-8.781332969665527,-1.12467622756958,3.8301241397857666
1752062401841,-9.288904190063477,-1.105522632598877,3.8588545322418213
1752062401908,,,4.198831081390381
1752062401909,-10.251373291015625,-0.861314058303833,4.624999046325684
1752062403872,,-0.06165069341659546,4.366425514221191
1752062403873,-10.304045677185059,,
1752062403936,,,5.348048210144043
1752062403937,-8.910619735717773,0.30226796865463257,
1752062404001,,,4.715978622436523
1752062404002,-8.637681007385254,0.4794389009475708,4.639364242553711
1752062404069,-9.403825759887695,0.37409400939941406,4.304176330566406
1752062404135,,,5.32889461517334
1752062404136,-8.163629531860352,0.5656301379203796,
1752062404412,-7.694365501403809,0.32620999217033386,4.931457042694092
1752062404417,-8.331223487854004,0.23044191300868988,5.319317817687988
1752062404479,-8.82442855834961,0.28311434388160706,5.496488571166992
1752062404546,,,5.534795761108398
1752062404547,-9.097368240356445,0.1107318252325058,5.76942777633667
1752062429077,,,5.568314552307129
1752062429078,,0.2735375463962555,6.147711277008057
1752062429079,,0.21128830313682556,
1752062429081,-8.556278228759766,-0.4207809567451477,
1752062429082,-6.684012413024902,,
1752062429083,-7.842806339263916,,
1752062429084,,,5.3145294189453125
1752062429149,-8.393472671508789,-0.09038111567497253,5.175665378570557
1752062429215,-8.340800285339355,-0.04249707981944084,5.242702960968018
1752062429282,-8.177994728088379,0.06763619929552078,5.352836608886719
1752062429348,-8.268974304199219,-0.06165069341659546,5.300164222717285
1752062429415,-8.158841133117676,-0.04249707981944084,5.2666449546813965
1752062429482,-8.340800285339355,0.005386953707784414,5.290587425231934
1752062429548,-8.33601188659668,-0.013766659423708916,5.22833776473999
1752062436092,,,5.343259811401367
1752062436093,,0.02454056777060032,
1752062436095,-8.139687538146973,-0.013766659423708916,5.410297393798828
1752062436163,-8.254609107971191,0.2064998894929886,5.300164222717285
1752062436230,-8.321646690368652,0.18734627962112427,5.185242176055908
1752062436297,-8.154052734375,0.24480712413787842,5.477334976196289
1752062436363,,0.19692309200763702,5.66887092590332
1752062436364,-7.823652744293213,0.19692309200763702,
1752062436430,-8.522759437561035,0.1825578808784485,5.027225017547607
1752062436496,-8.307281494140625,0.19213469326496124,5.324106216430664
1752062436563,,,5.415085792541504
1752062436564,-8.101380348205566,0.23523031175136566,
1752062436629,,,5.352836608886719
1752062436630,-8.197148323059082,0.21607670187950134,
1752062436696,-8.206725120544434,0.1825578808784485,5.348048210144043
1752062436763,,0.2064998894929886,5.324106216430664
1752062436764,-8.240243911743164,,
1752062436830,-8.163629531860352,0.18734627962112427,5.348048210144043
1752062436896,,,5.410297393798828
1752062436897,-8.149264335632324,0.23044191300868988,5.367201805114746
1752062436963,,,5.338471412658691
1752062436964,-8.201936721801758,0.2017114907503128,
1752062437029,,,5.348048210144043
1752062437030,-8.292916297912598,0.19213469326496124,5.32889461517334
1752062437096,,,5.36241340637207
1752062437102,-8.177994728088379,0.19692309200763702,5.36241340637207
1752062437164,-8.230667114257812,0.19213469326496124,5.391143798828125
1752062437229,,,5.348048210144043
1752062437230,-8.264185905456543,0.1825578808784485,5.281010627746582
1752062447017,,,5.285799026489258
1752062447018,,,5.381567001342773
1752062447019,,,5.242702960968018
1752062447020,,,5.5108537673950195
1752062447021,,,5.573102951049805
1752062447022,,,5.54437255859375
1752062447023,,,5.601833343505859
1752062447025,,0.2495955228805542,5.204395771026611
1752062447026,-8.18757152557373,0.2495955228805542,
1752062447027,-8.02955436706543,,
1752062447031,-9.753378868103027,-7.684788703918457,2.604292869567871
1752062447036,-11.503540992736816,-6.322488307952881,1.8261773586273193
1752062447099,0.20889410376548767,0.9774328470230103,12.844293594360352
1752062447179,-5.333683013916016,-3.9929299354553223,7.88350772857666
1752062447238,9.203909873962402,0.28311434388160706,29.201478958129883
1752062447299,,,14.029423713684082
1752062447301,1.1402385234832764,0.2519897222518921,12.523470878601074
1752062447365,-0.05686229094862938,2.6773159503936768,4.002506732940674
1752062447431,2.3301568031311035,2.3253684043884277,10.8690767288208
1752062447499,1.8441338539123535,-0.5093663930892944,7.4549455642700195
1752062447564,,,8.702324867248535
1752062447565,-1.5747861862182617,-0.8804676532745361,10.011953353881836
1752062447633,,,11.386224746704102
1752062447634,-3.4781765937805176,-0.3513490855693817,
1752062447706,,,5.826888561248779
1752062447707,1.7842788696289062,3.974973440170288,7.773374557495117
1752062447766,-0.5692214369773865,3.3069911003112793,8.752602577209473
1752062447832,0.9175778031349182,3.575141668319702,9.061454772949219
1752062447889,,3.0148985385894775,9.178771018981934
1752062447890,-0.2172738015651703,,
1752062447899,,4.511274337768555,7.4118499755859375
1752062447900,-2.6641478538513184,,
1752062447966,-2.870049238204956,4.302978992462158,7.955333709716797
1752062448038,,,9.899425506591797
1752062448040,,,10.330381393432617
1752062448041,-0.13347674906253815,4.2550950050354,
1752062448054,-0.04967968538403511,3.4123358726501465,10.483611106872559
1752062448119,-0.679354727268219,3.354875087738037,10.213066101074219
1752062448186,-0.7152677774429321,3.201646327972412,8.283339500427246
1752062448251,-1.1222820281982422,2.7682957649230957,9.116521835327148
1752062448286,0.10354922711849213,2.8568811416625977,9.954492568969727
1752062448328,,3.1501708030700684,6.510433197021484
1752062448329,-1.591545581817627,,
1752062448351,0.37888240814208984,3.8792052268981934,10.46086597442627
1752062448417,,,10.244190216064453
1752062448418,0.5380968451499939,4.100668907165527,7.761403560638428
1752062448485,,,10.88942813873291
1752062448486,0.4638765752315521,3.5188779830932617,11.1072998046875
1752062448551,1.1701661348342896,3.311779499053955,9.839570045471191
1752062448617,1.1641805171966553,3.6385879516601562,9.01476764678955
1752062448685,0.1215057373046875,2.892794132232666,8.194753646850586
1752062448750,,3.360860586166382,10.217854499816895
1752062448751,0.5979518890380859,,
1752062448817,1.2814964056015015,3.80378794670105,8.10018253326416
1752062448885,1.2000936269760132,3.6505589485168457,8.252214431762695
1752062448950,,,9.57860279083252
1752062448951,1.6214730739593506,3.8073792457580566,
1752062449017,1.1019313335418701,3.445854902267456,9.791686058044434
1752062449085,1.3844470977783203,3.560776472091675,9.834781646728516
1752062449151,,,7.711124897003174
1752062449152,0.48901569843292236,3.782240152359009,
1752062449217,1.2886791229248047,3.6984431743621826,8.195950508117676
1752062449284,1.3078327178955078,3.953425645828247,9.403825759887695
1752062449351,1.7950527667999268,4.116231441497803,10.017938613891602
1752062449419,1.4574702978134155,3.777451753616333,9.494805335998535
1752062449484,0.7475894689559937,3.4554316997528076,7.639298915863037
1752062449552,,,9.504382133483887
1752062449553,0.5285200476646423,3.5919010639190674,8.871115684509277
1752062449573,,,7.788936614990234
1752062449574,1.301847219467163,4.197634220123291,
1752062449622,0.702099621295929,3.933074951171875,7.482479095458984
1752062449650,,,8.975263595581055
1752062449651,1.6765397787094116,3.5871126651763916,8.82442855834961
1752062449672,,,9.456498146057129
1752062449673,,5.215169906616211,
1752062449676,4.669291973114014,,
1752062449694,4.2527008056640625,5.859210014343262,9.698312759399414
1752062449743,,,8.039131164550781
1752062449744,,,8.27855110168457
1752062449745,3.180098295211792,4.647744178771973,
1752062449760,2.078765630722046,3.1920695304870605,9.185953140258789
1752062449804,,3.621828556060791,10.634445190429688
1752062449805,0.8744821548461914,,
1752062449826,,3.04602313041687,9.298480987548828
1752062449828,1.1785458326339722,,
1752062449894,,,9.445724487304688
1752062449897,,,9.412205696105957
1752062449904,1.0301052331924438,2.4654293060302734,
1752062449961,0.8457517623901367,3.0567970275878906,9.5809965133667
1752062450027,0.8242039084434509,3.354875087738037,8.090605735778809
1752062450094,,,8.707113265991211
1752062450095,0.702099621295929,3.4829649925231934,8.79809284210205
1752062450159,0.7667431235313416,3.030460834503174,9.315239906311035
1752062450227,-0.8517372608184814,2.4378957748413086,9.335591316223145
1752062450293,0.4495113790035248,3.312976598739624,8.737040519714355
1752062450361,0.5536591410636902,,
1752062450427,0.5440823435783386,3.311779499053955,9.369110107421875
1752062450494,0.6841431260108948,3.293823003768921,9.050681114196777
1752062450561,0.8050503134727478,3.4398694038391113,9.322422981262207
1752062450627,0.14425064623355865,3.868431329727173,8.002020835876465
1752062450693,0.7487865686416626,3.907935619354248,8.67598819732666
1752062450759,0.8122329115867615,2.516904592514038,10.392630577087402
1752062450827,,,9.279327392578125
1752062450828,0.44831427931785583,2.9490580558776855,9.042301177978516
1752062450894,0.679354727268219,2.676118850708008,9.510367393493652
1752062450960,0.13826514780521393,2.53725528717041,9.543886184692383
1752062451036,,,9.457695007324219
1752062451037,,,9.10574722290039
1752062451038,0.012569558806717396,2.53725528717041,9.320028305053711
1752062451056,0.24241292476654053,2.890399932861328,9.5223388671875
1752062451124,0.28072014451026917,2.965817451477051,9.443329811096191
1752062451190,0.25079262256622314,2.603095769882202,9.559449195861816
1752062451254,,,8.745420455932617
1752062451255,0.5716156363487244,2.8341362476348877,9.087791442871094
1752062451324,-0.1107318252325058,2.4917654991149902,9.331999778747559
1752062451390,,,10.016741752624512
1752062451391,0.4638765752315521,2.939481019973755,9.078214645385742
1752062451439,-0.2017114907503128,2.2870612144470215,9.624092102050781
1752062451554,0.44352585077285767,3.2770636081695557,8.819640159606934
1752062451639,1.025316834449768,0.9858125448226929,8.745420455932617
1752062451649,0.8122329115867615,4.4957122802734375,8.128912925720215
1752062451726,-0.04249707981944084,2.587533473968506,10.16757583618164
1752062451776,0.4387374520301819,2.606687068939209,9.601346969604492
1752062451809,0.3776853084564209,2.58274507522583,8.625710487365723
1752062451827,0.24600422382354736,2.7275943756103516,9.242217063903809
1752062451841,0.49140989780426025,2.3576900959014893,9.707889556884766
1752062451865,,,9.722254753112793
1752062451866,0.6769605278968811,2.2427685260772705,
1752062451888,0.4770447015762329,2.118269920349121,10.16757583618164
1752062451936,1.2539631128311157,2.3792378902435303,11.042656898498535
1752062452004,,,9.868300437927246
1752062452005,0.42437225580215454,2.58274507522583,
1752062452070,0.9487023949623108,2.781463861465454,9.21947193145752
1752062452137,-0.07242459803819656,2.5061306953430176,9.671976089477539
1752062452205,,,9.452906608581543
1752062452206,0.4183867573738098,2.719214677810669,
1752062452270,,,9.695918083190918
1752062452271,0.048482585698366165,2.806602954864502,
1752062452339,0.5105634927749634,3.0172927379608154,8.859145164489746
1752062452404,0.43514615297317505,2.9011738300323486,9.378686904907227
1752062452470,,,9.460089683532715
1752062452471,0.3968389332294464,2.916736125946045,
1752062452538,0.4710591733455658,2.9287071228027344,9.225458145141602
1752062452604,0.44352585077285767,2.9777884483337402,8.941744804382324
1752062452670,,,9.317634582519531
1752062452671,0.4818331003189087,2.986168146133423,
1752062452738,0.5536591410636902,2.8880057334899902,9.59177017211914
1752062452804,,,9.176376342773438
1752062452805,0.4710591733455658,2.9095535278320312,
1752062452871,0.6769605278968811,2.8868086338043213,9.238625526428223
1752062452938,0.5596446394920349,2.937086820602417,9.205106735229492
1752062453004,,,9.353547096252441
1752062453005,0.8637082576751709,3.109469413757324,
1752062453071,,2.9945478439331055,9.065046310424805
1752062453072,0.6554127335548401,,
1752062453138,0.8026561141014099,3.176506996154785,9.221866607666016
1752062453205,1.0684125423431396,3.0974984169006348,9.602544784545898
1752062453272,,,8.934561729431152
1752062453273,0.47465047240257263,2.9718029499053955,9.1045503616333
1752062453345,1.0995371341705322,3.0352492332458496,9.651625633239746
1752062453404,,,9.080608367919922
1752062453405,0.9283517003059387,2.9550435543060303,
1752062453472,0.06643909960985184,2.785055160522461,8.76457405090332
1752062453537,,,9.152434349060059
1752062453538,0.7727286219596863,3.2148144245147705,9.328408241271973
1752062453604,0.5201402902603149,3.2603042125701904,9.67077922821045
1752062453671,0.2795230448246002,2.847304344177246,9.147645950317383
1752062453738,,2.779069662094116,8.98124885559082
1752062453740,0.35015198588371277,,
1752062453804,0.076015904545784,2.587533473968506,9.894637107849121
1752062453871,0.10594342648983002,2.5935189723968506,9.61571216583252
1752062453937,0.17178396880626678,2.521692991256714,10.071807861328125
1752062454004,,,9.12729549407959
1752062454005,-0.030526071786880493,2.720411777496338,
1752062454073,-0.19452889263629913,2.8221652507781982,9.048286437988281
1752062454138,0.08798690885305405,2.646191358566284,9.694721221923828
1752062454205,,2.7048494815826416,9.663596153259277
1752062454206,-0.22086510062217712,2.825756549835205,
1752062454271,,,8.965686798095703
1752062454272,-0.23762452602386475,3.052008628845215,9.296086311340332
1752062454338,-0.5380968451499939,2.978985548019409,9.640851974487305
1752062454406,-0.5105634927749634,3.3237504959106445,8.319252014160156
