timestamp,AccX,AccY,AccZ
1753052323749,1.3114240169525146,3.80378794670105,9.88506031036377
1753052323800,0.07841010391712189,4.019266128540039,
1753052323801,-0.5225345492362976,,8.805274963378906
1753052323846,,3.9246952533721924,
1753052323847,0.5153518915176392,,9.18355941772461
1753052323901,0.3489548861980438,3.7427358627319336,8.039131164550781
1753052323947,0.24600422382354736,3.910329818725586,9.122507095336914
1753052323995,,4.010886192321777,
1753052323996,0.8349778652191162,,8.588600158691406
1753052324045,,3.5679590702056885,
1753052324046,1.688510775566101,3.5224692821502686,8.502408981323242
1753052324096,,3.5883097648620605,
1753052324097,0.3106476664543152,,9.043498039245605
1753052324145,,4.2550950050354,
1753052324146,,4.105457305908203,
1753052324147,0.9187749028205872,,9.48762321472168
1753052324197,-0.04489128291606903,4.08510684967041,8.94773006439209
1753052324246,,4.173692226409912,
1753052324247,-0.23044191300868988,,9.136872291564941
1753052324296,,4.13059663772583,
1753052324297,0.06643909960985184,,7.9194207191467285
1753052324338,0.4854243993759155,4.277839660644531,
1753052324339,0.4315548539161682,,8.843582153320312
1753052324396,,4.204816818237305,
1753052324397,0.10354922711849213,,9.12968921661377
1753052324448,-0.28072014451026917,3.8827965259552,8.880692481994629
1753052324497,,3.4362781047821045,
1753052324498,-1.3317747116088867,,8.838793754577637
1753052324546,,4.1629180908203125,
1753052324547,-0.13108254969120026,,8.036736488342285
1753052324596,-0.7296329736709595,3.911526918411255,9.55466079711914
1753052324645,,3.778648853302002,
1753052324646,0.6973112225532532,,8.478466987609863
1753052324695,,3.403956174850464,
1753052324696,0.23163901269435883,4.001309394836426,8.946533203125
1753052324746,,4.581903457641602,
1753052324747,0.20051439106464386,,
1753052324748,,,7.583035469055176
1753052324795,,4.204816818237305,
1753052324796,0.7248445749282837,3.906738519668579,9.895833969116211
1753052324846,-0.12749123573303223,4.081515312194824,9.21707820892334
1753052324896,0.19452889263629913,4.226364612579346,9.03870964050293
1753052324945,-0.2495955228805542,3.9606082439422607,8.946533203125
1753052324995,-0.010175357572734356,4.08510684967041,
1753052324996,0.01496376097202301,,9.458892822265625
1753052325046,1.1426327228546143,3.9486372470855713,
1753052325047,,,8.101380348205566
1753052325096,1.081580638885498,3.7211880683898926,
1753052325097,,,9.443329811096191
1753052325145,,4.726752758026123,
1753052325146,-0.12749123573303223,,9.303269386291504
1753052325195,,4.128202438354492,
1753052325196,-1.1103110313415527,4.282628059387207,8.653243064880371
1753052325225,,4.293402194976807,
1753052325226,-0.11791443079710007,,8.087015151977539
1753052325247,,4.557961463928223,
1753052325248,-0.7966706156730652,,7.130531311035156
1753052325297,-0.6326677799224854,4.331709384918213,7.572261333465576
1753052325346,,4.6070427894592285,
1753052325347,0.14903905987739563,,8.746617317199707
1753052325397,-1.14742112159729,4.355651378631592,8.266579627990723
1753052325447,,3.997718334197998,
1753052325448,0.028131870552897453,4.399944305419922,8.983643531799316
1753052325497,-0.9738415479660034,4.397550106048584,8.203133583068848
1753052325547,0.03411737456917763,4.08510684967041,8.867524147033691
1753052325597,-0.5692214369773865,4.216787815093994,8.877100944519043
1753052325648,0.07481880486011505,3.904344320297241,8.49522590637207
1753052325696,,3.9653966426849365,
1753052325697,-0.42437225580215454,,8.7885160446167
1753052325747,-0.5512649416923523,3.4985272884368896,8.40424633026123
1753052325797,,4.057573318481445,
1753052325798,-0.9798270463943481,,9.803657531738281
1753052325846,-0.7882909178733826,4.565144062042236,10.129268646240234
1753052325896,,3.626616954803467,
1753052325898,-0.45908817648887634,,7.946953773498535
1753052325936,,3.4111387729644775,
1753052325937,-0.3585317134857178,,10.536283493041992
1753052325991,,3.2543187141418457,
1753052325992,1.026513934135437,,9.057863235473633
1753052325994,,3.2339680194854736,
1753052325995,1.935113549232483,,8.70950698852539
1753052326049,1.7962498664855957,3.1417911052703857,8.934561729431152
1753052326097,,3.5176808834075928,
1753052326098,0.31543606519699097,,9.06983470916748
1753052326147,,3.316567897796631,
1753052326148,-1.3389573097229004,,10.259753227233887
1753052326197,0.4183867573738098,3.357269287109375,10.993576049804688
1753052326247,0.3992331326007843,3.5883097648620605,7.948151111602783
1753052326297,-0.5859808921813965,3.0196869373321533,8.201936721801758
1753052326346,,3.7068228721618652,
1753052326347,-0.8708908557891846,,7.329249858856201
1753052326397,,3.737947463989258,
1753052326398,-0.35494041442871094,,10.153210639953613
1753052326447,-0.9295487999916077,3.5871126651763916,10.25735855102539
1753052326498,,3.9881415367126465,
1753052326499,-0.679354727268219,3.7858314514160156,9.777320861816406
1753052326548,-1.3617022037506104,2.3756465911865234,8.741828918457031
1753052326599,,2.764704465866089,
1753052326600,,3.4135329723358154,
1753052326601,-0.9882067441940308,2.9502551555633545,9.575011253356934
1753052326652,,3.244741916656494,
1753052326653,,3.362057685852051,
1753052326655,0.6865373253822327,,
1753052326656,0.41958385705947876,,11.027094841003418
1753052326703,0.2867056429386139,2.848501443862915,8.441356658935547
1753052326746,,2.494159698486328,
1753052326747,-0.3884592354297638,2.081159830093384,8.106168746948242
1753052326797,1.0516531467437744,2.0201077461242676,9.873088836669922
1753052326847,3.115454912185669,1.7028759717941284,8.768165588378906
1753052326897,0.8026561141014099,1.8704700469970703,7.239467620849609
1753052326913,,2.892794132232666,
1753052326914,-0.010175357572734356,,12.261305809020996
1753052326949,,2.9945478439331055,
1753052326950,3.686472177505493,,9.440936088562012
1753052326997,3.8528690338134766,3.3405098915100098,6.830059051513672
1753052327047,2.137423515319824,2.1314380168914795,5.8221001625061035
1753052327097,,2.689286947250366,
1753052327098,5.740696907043457,1.149815320968628,10.004770278930664
1753052327160,,1.9183541536331177,
1753052327161,4.350862979888916,2.4869771003723145,8.899846076965332
1753052327197,7.144896507263184,3.6158430576324463,2.5049335956573486
1753052327220,12.607267379760742,5.7526679039001465,5.708375453948975
1753052327249,11.55860710144043,7.6117658615112305,5.603030681610107
1753052327297,8.581417083740234,5.960963726043701,3.9701850414276123
1753052327347,-1.4610615968704224,5.835268020629883,3.6290111541748047
1753052327396,3.9031472206115723,5.80414342880249,1.5747861862182617
1753052327397,6.174047470092773,6.225522994995117,
1753052327398,,,-9.378686904907227
1753052327449,,6.181230068206787,
1753052327450,5.648520469665527,4.420294761657715,-7.650073051452637
1753052327498,1.0372878313064575,0.8421604633331299,0.11432313174009323
1753052327545,-0.8984242081642151,-7.379528045654297,-1.1641805171966553
1753052327597,-0.32381579279899597,-17.920001983642578,2.4378957748413086
1753052327646,35.4647102355957,-18.21329116821289,5.615001678466797
1753052327695,29.12007713317871,-8.9249849319458,1.9051860570907593
1753052327746,19.087175369262695,-2.8640637397766113,12.311583518981934
1753052327796,14.892533302307129,-8.271368026733398,
1753052327797,7.76020622253418,,16.88450813293457
1753052327845,3.132214307785034,-12.121244430541992,-12.193070411682129
1753052327897,,-8.444948196411133,
1753052327902,11.725004196166992,-3.508104085922241,-1.467047095298767
1753052327947,1.1617863178253174,-4.894346714019775,-7.513603687286377
1753052327996,,1.7591396570205688,
1753052327998,-0.3130418658256531,-0.7439981698989868,-1.027711033821106
1753052328048,,-2.2810757160186768,
1753052328049,4.712387561798096,,-1.775899052619934
1753052328099,-1.3880383968353271,-2.1146786212921143,1.326986312866211
1753052328159,13.098078727722168,-11.993154525756836,-3.7606923580169678
1753052328161,,-15.288773536682129,
1753052328162,11.37904167175293,,-1.7794904708862305
1753052328172,-0.1346738487482071,-12.434885025024414,1.7938556671142578
1753052328214,-7.465719223022461,-8.701127052307129,3.1980550289154053
1753052328247,,-9.302072525024414,
1753052328248,6.809708118438721,,-4.022857189178467
1753052328262,,-6.666056156158447,
1753052328263,5.016450881958008,,0.1322796493768692
1753052328301,5.304952621459961,-5.981314182281494,
1753052328303,6.903081893920898,,
1753052328304,,,0.44352585077285767
1753052328362,,-5.476137638092041,
1753052328363,13.32073974609375,-2.825756549835205,3.491344690322876
1753052328410,,-21.361665725708008,
1753052328411,-15.112799644470215,,-2.427121877670288
1753052328450,,-12.285247802734375,
1753052328451,3.866037130355835,-7.008427143096924,1.6238672733306885
1753052328510,,-3.625419855117798,
1753052328511,3.71280837059021,,2.1338322162628174
1753052328560,,-6.180033206939697,
1753052328561,1.2635399103164673,,-0.8852560520172119
1753052328610,2.4869771003723145,-8.241440773010254,3.6134488582611084
1753052328611,,,4.6740803718566895
1753052328660,,-11.511919975280762,
1753052328661,-1.6454150676727295,-13.477560043334961,-0.33937808871269226
1753052328710,,-28.012758255004883,
1753052328711,-1.975814938545227,,3.287837505340576
1753052328760,,6.011241912841797,
1753052328761,5.427056789398193,-8.411429405212402,-0.8852560520172119
1753052328810,,-19.156606674194336,
1753052328811,0.2890998423099518,,1.789067268371582
1753052328863,,-9.967659950256348,
1753052328864,1.2731167078018188,,3.4745852947235107
1753052328910,-0.1538274586200714,-5.677250862121582,
1753052328911,-0.5225345492362976,,1.0324994325637817
1753052328960,,-8.684368133544922,
1753052328961,0.21966800093650818,-8.51916790008545,2.672527551651001
1753052329011,0.38965633511543274,-8.179191589355469,1.7818846702575684
1753052329012,,,1.1713632345199585
1753052329060,,-14.068927764892578,
1753052329061,-0.21128830313682556,,2.3038206100463867
1753052329111,-0.5943605899810791,-9.029132843017578,-1.4814122915267944
1753052329160,,-9.95329475402832,
1753052329161,1.1534066200256348,-10.582969665527344,-0.5811924338340759
1753052329210,4.404732704162598,-10.678738594055176,
1753052329211,3.731961965560913,,-0.6386532783508301
1753052329260,,-9.814431190490723,
1753052329261,1.3377602100372314,,0.8744821548461914
1753052329310,1.670554280281067,-9.752182006835938,0.35494041442871094
1753052329363,,-9.261370658874512,
1753052329364,-0.3477577865123749,,-0.3489548861980438
1753052329414,0.9020155072212219,-10.293272018432617,
1753052329415,0.679354727268219,,-0.18136078119277954
1753052329460,-0.14185644686222076,-9.838373184204102,0.8577227592468262
1753052329510,,-9.409811019897461,
1753052329511,-0.9510966539382935,,-0.70090252161026
1753052329560,-1.3365631103515625,-10.250176429748535,
1753052329561,-0.1322796493768692,,0.046088382601737976
1753052329611,1.73519766330719,-9.345168113708496,-0.09038111567497253
1753052329660,,-9.5007905960083,
1753052329661,2.7551276683807373,-9.61571216583252,1.2862848043441772
1753052329710,,-9.788095474243164,
1753052329711,2.8197710514068604,,0.07960720360279083
1753052329760,,-10.001178741455078,
1753052329761,0.6434416770935059,,0.5704185366630554
1753052329810,,-9.548674583435059,
1753052329811,0.578798234462738,,0.5440823435783386
1753052329863,1.6466121673583984,-9.706692695617676,
1753052329864,1.8213889598846436,,0.41718965768814087
1753052329910,,-9.625288963317871,
1753052329911,2.1302409172058105,,-0.03292027488350868
1753052329960,,-10.017938613891602,
1753052329961,1.632246971130371,-9.6803560256958,0.5704185366630554
1753052330012,,-9.625288963317871,
1753052330013,1.6609774827957153,-9.55825138092041,-0.076015904545784
1753052330060,,-9.864709854125977,
1753052330061,0.8277952671051025,-10.161590576171875,0.6206967830657959
1753052330110,,-10.161590576171875,
1753052330111,1.4047977924346924,-9.965266227722168,0.8074445128440857
1753052330162,,-9.807249069213867,
1753052330163,1.668160080909729,,0.23044191300868988
1753052330210,,-9.050681114196777,
1753052330211,1.5053542852401733,-9.084199905395508,0.6039373874664307
1753052330260,,-9.867103576660156,
1753052330261,1.0911574363708496,,-0.0017956512747332454
1753052330310,,-10.123283386230469,
1753052330311,1.2443863153457642,,-0.8277952671051025
1753052330362,,-10.092158317565918,
1753052330363,0.06404489278793335,,-1.5245078802108765
1753052330410,-1.4754267930984497,-9.955689430236816,-0.6697779297828674
1753052330456,-4.125808238983154,-9.694721221923828,-0.15981295704841614
1753052330512,-4.709993362426758,-11.485584259033203,0.35494041442871094
1753052330563,,-11.80640697479248,
1753052330564,-8.631695747375488,-10.34594440460205,2.7922377586364746
1753052330615,-3.7044286727905273,-9.948506355285645,2.035670042037964
1753052330664,-0.5776011347770691,-8.636484146118164,-0.6123170852661133
1753052330714,,-7.6548614501953125,
1753052330715,-2.1912930011749268,,-0.5500678420066833
1753052330763,,-7.549516677856445,
1753052330764,-3.7427358627319336,-7.5782470703125,1.6286556720733643
1753052330814,,-7.855974197387695,
1753052330815,-3.153762102127075,-8.248623847961426,2.2607250213623047
1753052330864,-3.268683910369873,-8.109759330749512,3.5488054752349854
1753052330915,-3.3405098915100098,-8.00920295715332,3.6972460746765137
1753052330963,,-9.009979248046875,
1753052330964,-2.4881742000579834,,4.0084919929504395
1753052331014,,-9.876680374145508,
1753052331015,-2.234388828277588,-10.61888313293457,4.573523998260498
1753052331063,,-9.804854393005371,
1753052331064,-3.383605480194092,-8.909422874450684,3.4147300720214844
1753052331115,-4.614225387573242,-8.612542152404785,2.011728048324585
1753052331163,,-10.125677108764648,
1753052331164,-4.298190593719482,-9.790489196777344,3.5248634815216064
1753052338919,,-8.990825653076172,
1753052338920,-2.0236990451812744,-6.649296760559082,
1753052338921,-5.677250862121582,,0.8242039084434509
1753052338922,-3.153762102127075,-10.254964828491211,0.383670836687088
1753052338923,4.234744071960449,,
1753052338971,,-9.124900817871094,
1753052338972,-4.4705729484558105,,0.7571662664413452
1753052339020,,-9.115324020385742,
1753052339021,-3.9869444370269775,-8.995614051818848,-0.008978256024420261
1753052341477,-4.662109375,-8.871115684509277,
1753052341478,0.7679402232170105,,0.08200141042470932
1753052341479,-1.3533225059509277,-9.891045570373535,-0.6266822814941406
1753052341530,,-8.152854919433594,
1753052341531,-5.366004467010498,,1.3365631103515625
1753052341581,-0.74040687084198,-11.768099784851074,-0.36810851097106934
1753052341582,,,-2.5468320846557617
1753052346899,,-9.847949981689453,
1753052346900,-2.847304344177246,-9.622895240783691,-1.9387048482894897
1753052346901,,,-1.1773487329483032
1753052346902,,,3.5248634815216064
1753052346903,,,1.5999252796173096
1753052346905,-1.7747019529342651,-9.48882007598877,
1753052346906,3.0376434326171875,,
1753052346956,-4.647744178771973,-3.8145618438720703,6.067505836486816
1753052346957,,,5.550358295440674
1753052347005,-5.19362211227417,-2.9526493549346924,
1753052347006,,,3.951031446456909
1753052348549,-2.828150749206543,-2.8999767303466797,
1753052348550,-3.024475336074829,,5.205593109130859
1753052348597,,-6.476913928985596,
1753052348598,,-6.510433197021484,
1753052348599,-2.7706899642944336,,6.52719259262085
1753052348647,-2.6797101497650146,-6.874351501464844,6.68520975112915
1753052348697,-2.646191358566284,-6.826467514038086,
1753052348698,-2.6557681560516357,,6.474519729614258
1753052348746,,-6.9461774826049805,
1753052348747,-2.65097975730896,,6.455366134643555
1753052348798,-2.2918496131896973,-6.960542678833008,6.737882137298584
1753052348855,,-6.883928298950195,
1753052348856,-2.8329391479492188,,6.177639007568359
1753052348860,-2.8568811416625977,-6.701969146728516,6.033987045288086
1753052348907,-2.9047651290893555,-6.955754280090332,6.129755020141602
1753052348908,,,6.12017822265625
1753052348958,,-7.1712327003479,
1753052348959,-3.1489737033843994,-7.108983516693115,6.134543418884277
1753052349007,,-7.108983516693115,
1753052349008,-3.4985272884368896,,5.904699802398682
1753052349058,-3.4123358726501465,-6.491279125213623,5.871181011199951
1753052350995,-2.7515363693237305,-6.692392349243164,7.954136371612549
1753052350996,,,6.555922985076904
1753052351002,-4.010886192321777,-7.176021099090576,
1753052351003,,,5.531204700469971
1753052351055,,-7.128137111663818,
1753052351056,-3.2543187141418457,-7.085041522979736,5.919064998626709
1753052351105,-3.072359323501587,-6.979696273803711,5.7993550300598145
1753052351281,,-6.898293495178223,
1753052351282,-3.158550500869751,,5.828085422515869
1753052351288,,-6.950965881347656,
1753052351289,-2.981379747390747,,6.254253387451172
1753052351340,,-6.797737121582031,
1753052351341,-3.6278140544891357,-6.826467514038086,6.12017822265625
1753052351391,-3.2974143028259277,-6.9940619468688965,
1753052351392,,,5.871181011199951
1753052351439,,-6.907870292663574,
1753052351440,-3.2591071128845215,-6.8791399002075195,5.89512300491333
1753052351490,,-6.869563102722168,
1753052351491,-3.1441853046417236,-7.056311130523682,5.832873821258545
1753052351540,-2.895188331604004,-7.3436150550842285,6.450577735900879
1753052351591,-2.876034736633301,-7.094618320465088,5.741894245147705
1753052351639,,-7.04673433303833,
1753052351640,-3.1010897159576416,,5.8855462074279785
1753052351691,-3.287837505340576,-7.267000675201416,6.005256175994873
1753052351739,,-7.1472907066345215,
1753052351740,-3.2351651191711426,-7.0132155418396,5.962160587310791
1753052351791,,-6.91265869140625,
1753052351792,-3.1250317096710205,,5.890334606170654
1753052351841,-3.1968579292297363,-7.041945934295654,6.02919864654541
1753052351890,,-6.955754280090332,
1753052351891,-3.1489737033843994,-7.032369136810303,5.957372188568115
1753052351940,,-7.041945934295654,
1753052351941,-3.0388405323028564,,6.201581001281738
1753052351991,-3.3022027015686035,-7.13771390914917,
1753052351992,,,5.823297023773193
1753052352039,,-7.1041951179504395,
1753052352040,-3.2351651191711426,-7.0371575355529785,5.828085422515869
1753052352091,-3.110666513442993,-6.950965881347656,6.02919864654541
1753052352140,-3.053205728530884,-7.113771915435791,6.330867767333984
1753052352191,-3.0819361209869385,-7.1041951179504395,5.8616042137146
1753052352239,,-7.003638744354248,
1753052352240,-3.3022027015686035,-6.9940619468688965,5.80414342880249
1753052352290,,-7.008427143096924,
1753052352291,-3.426701068878174,-6.917447090148926,5.923853397369385
1753052352340,,-6.773795127868652,
1753052352341,-3.488950490951538,-6.73069953918457,5.899911403656006
1753052352391,,-6.644508361816406,
1753052352392,-3.268683910369873,-6.630143165588379,6.230311393737793
1753052352439,-3.4602200984954834,-6.615777969360352,
1753052352440,-3.469796895980835,,5.899911403656006
1753052352491,-3.7427358627319336,-6.783371925354004,
1753052352492,,,5.684433460235596
1753052352539,,-6.82167911529541,
1753052352540,-3.6709096431732178,-6.826467514038086,5.962160587310791
1753052352591,-4.22157621383667,-6.869563102722168,5.9956793785095215
1753052352639,,-7.377133846282959,
1753052352640,-2.9095535278320312,-7.281365871429443,5.909488201141357
1753052352691,-2.895188331604004,-7.003638744354248,
1753052352692,,,7.149684906005859
1753052352740,-3.09151291847229,-7.5447282791137695,5.856815814971924
1753052352791,-3.053205728530884,-7.209539890289307,5.856815814971924
1753052352792,,,4.7602715492248535
1753052352840,,-7.1041951179504395,
1753052352841,-3.666121244430542,-7.13771390914917,5.425859451293945
1753052352891,-3.6278140544891357,-7.324461460113525,5.957372188568115
1753052352939,-4.226364612579346,-7.472901821136475,
1753052352940,-4.173692226409912,,5.741894245147705
1753052352991,-3.757101058959961,-6.749853134155273,
1753052352992,-3.579930067062378,,5.119401931762695
1753052353039,,-7.027580738067627,
1753052353040,-4.269460201263428,-7.089829921722412,5.737105846405029
1753052353091,-3.8768110275268555,-7.123348712921143,
1753052353092,-3.7427358627319336,,5.813720226287842
1753052353140,-3.3500866889953613,-7.132925510406494,6.134543418884277
1753052353141,,,5.401917457580566
1753052353191,-2.9526493549346924,-7.415441036224365,5.339668273925781
1753052353239,,-7.089829921722412,
1753052353240,-2.5504233837127686,-7.04673433303833,5.382763862609863
1753052353964,-3.4745852947235107,-7.44417142868042,
1753052353965,-3.7714662551879883,,5.512050628662109
1753052353971,-3.493738889694214,-7.223905086517334,5.569511890411377
1753052354021,,-7.276577472686768,
1753052354022,-3.139396905899048,-7.817667007446289,4.477755546569824
1753052354073,-4.178480625152588,-8.665214538574219,5.128978729248047
1753052354074,,,5.037999153137207
1753052354792,,-6.409876346588135,
1753052354793,-4.834491729736328,,5.263053894042969
1753052354798,-2.540846586227417,-6.4386067390441895,6.699574947357178
1753052354849,-2.603095769882202,-6.606201171875,
1753052354850,,,6.656479358673096
1753052354899,,-6.7259111404418945,
1753052354900,-2.852092742919922,,6.709151744842529
1753052355179,-2.7898435592651367,-6.563105583190918,6.522404193878174
1753052355183,-2.9526493549346924,-6.395511150360107,6.646902561187744
1753052355230,,-6.476913928985596,
1753052355231,-2.7036523818969727,,6.86716890335083
1753052355281,-2.65097975730896,-6.510433197021484,6.852803707122803
1753052356017,-2.603095769882202,-6.577470779418945,6.886322498321533
1753052356022,,-6.213551998138428,
1753052356023,-2.722805976867676,-6.232705593109131,6.656479358673096
1753052356071,-2.7898435592651367,-6.2614359855651855,
1753052356072,-2.7706899642944336,,6.680421352386475
1753052356121,-2.7898435592651367,-6.07468843460083,6.531980991363525
1753052356261,,-6.223128795623779,
1753052356262,-2.765901565551758,-6.314108371734619,6.8144965171813965
1753052356268,-2.603095769882202,-6.462548732757568,7.020398139953613
1753052356320,-2.449866771697998,-6.706757545471191,7.173626899719238
1753052356369,,-6.553528785705566,
1753052356370,-2.2679076194763184,-6.539163589477539,7.097012519836426
1753052356418,,-6.318896770477295,
1753052356419,-2.3684639930725098,-6.318896770477295,6.484096527099609
1753052356469,,-6.405087947845459,
1753052356470,-2.583942174911499,-6.4817023277282715,6.689998149871826
1753052358775,,-6.749853134155273,
1753052358776,,-6.251859188079834,
1753052358777,-2.5695769786834717,-6.558317184448242,6.991667747497559
1753052358778,,,6.484096527099609
1753052358779,-2.871246337890625,-6.601412773132324,6.536769390106201
1753052358827,-2.7036523818969727,-6.6828155517578125,6.876745700836182
1753052358877,-2.8377275466918945,-6.400299549102783,6.589441776275635
1753052359612,,-6.701969146728516,
1753052359613,-2.8185739517211914,-6.596624374389648,
1753052359614,,,6.637325763702393
1753052359618,-2.8377275466918945,-6.610989570617676,6.7714009284973145
1753052359669,,-6.366780757904053,
1753052359670,-2.7706899642944336,-6.505644798278809,6.891110897064209
1753052359720,-2.9909565448760986,-6.558317184448242,6.713940143585205
1753052380367,,-6.582259178161621,
1753052380372,-2.765901565551758,-6.678027153015137,
1753052380373,-1.1186907291412354,,6.699574947357178
1753052380374,-1.1617863178253174,-5.701192855834961,8.160037994384766
1753052380380,0.13587094843387604,-5.169680118560791,9.907805442810059
1753052380431,,-4.374804973602295,
1753052380432,-0.4866214990615845,,8.801684379577637
1753052380480,0.5333084464073181,-4.025251388549805,
1753052380481,0.24600422382354736,,8.18876838684082
1753052380531,-0.5632359385490417,-3.7714662551879883,9.419387817382812
1753052380581,0.6338648796081543,-3.733159065246582,8.241440773010254
1753052380629,0.20769700407981873,-4.015674591064453,8.351573944091797
1753052380682,0.6338648796081543,-4.609436988830566,8.399457931518555
1753052380730,,-5.40910005569458,
1753052380731,-0.12749123573303223,-5.662885665893555,8.207921981811523
1753052380781,-0.8026561141014099,-5.562329292297363,8.06427001953125
1753052380830,-1.8369512557983398,-5.911882400512695,8.624512672424316
1753052380881,-1.449090600013733,-4.925471305847168,7.9876556396484375
1753052380930,-1.3389573097229004,-4.456207752227783,9.098565101623535
1753052380980,,-4.173692226409912,
1753052380981,0.2555810213088989,-4.283825397491455,9.117718696594238
1753052381042,0.5907692909240723,-4.6285905838012695,8.686761856079102
1753052381081,-0.5153518915176392,-4.729146957397461,7.944559574127197
1753052381129,,-4.360439777374268,
1753052381130,-0.4818331003189087,-4.240729808807373,8.251017570495605
1753052381181,-0.35733461380004883,-3.996521234512329,8.940547943115234
1753052381231,0.11192893236875534,-3.4793736934661865,9.270947456359863
1753052381281,0.1646013706922531,-3.4075474739074707,9.347561836242676
1753052381330,-0.3190273642539978,-4.183269023895264,8.97885513305664
1753052381381,-0.1562216579914093,-4.0970778465271,8.725069999694824
1753052381430,-0.4578910768032074,-4.015674591064453,9.041104316711426
1753052381483,,-3.757101058959961,
1753052381484,0.10714052617549896,-3.287837505340576,8.672396659851074
1753052381530,0.08319851011037827,-3.3213562965393066,9.189544677734375
1753052381581,0.34177228808403015,-4.001309394836426,8.959701538085938
1753052381630,,-3.7044286727905273,
1753052381632,0.739209771156311,,
1753052381633,0.11671733111143112,,8.844779968261719
1753052381681,-0.3669114112854004,-4.633378982543945,8.356362342834473
1753052381730,-0.9032126069068909,-4.580706596374512,7.551910877227783
1753052381781,-1.813009262084961,-5.2031989097595215,7.106589317321777
1753052381830,-1.1953052282333374,-5.117007732391357,8.590993881225586
1753052381880,,-4.058770656585693,
1753052381881,0.3130418658256531,-3.824138641357422,8.8878755569458
1753052381930,1.9506758451461792,-4.140173435211182,9.596558570861816
1753052381981,,-3.6134488582611084,
1753052381982,1.754351258277893,-3.5033156871795654,9.73542308807373
1753052382030,0.34177228808403015,-4.140173435211182,8.557475090026855
1753052382081,0.5476736426353455,-4.709993362426758,9.007585525512695
1753052382133,,-4.039616584777832,
1753052382134,-0.09876082092523575,-3.9869444370269775,8.466495513916016
1753052382180,,-4.053982257843018,
1753052382181,-0.74040687084198,-4.154538631439209,7.954136371612549
1753052382230,0.4231751561164856,-4.140173435211182,8.806472778320312
1753052382280,,-4.590283393859863,
1753052382281,0.1933317929506302,-4.729146957397461,8.67718505859375
1753052382330,-0.228047713637352,-4.556764602661133,8.720281600952148
1753052382381,-0.18495208024978638,-4.657320976257324,8.796895980834961
1753052382382,,,8.825626373291016
1753052382430,0.5380968451499939,-4.623802185058594,8.988431930541992
1753052382481,0.12629413604736328,-3.800196647644043,8.227075576782227
1753052382530,0.04967968538403511,-4.192845821380615,9.242217063903809
1753052382581,0.9355342984199524,-4.3173441886901855,9.256582260131836
1753052382630,-0.21368250250816345,-3.5895068645477295,8.576628684997559
1753052382680,,-3.5703532695770264,
1753052382681,0.8301894664764404,-3.599083662033081,8.91181755065918
1753052382730,0.41359832882881165,-3.134608507156372,8.825626373291016
1753052382781,0.6242880821228027,-3.469796895980835,9.28531265258789
1753052382830,0.1646013706922531,-3.158550500869751,9.117718696594238
1753052382880,,-3.5847184658050537,
1753052382881,0.8445546627044678,-3.488950490951538,10.16637897491455
1753052382930,,-3.244741916656494,
1753052382931,0.1933317929506302,,9.764153480529785
1753052382981,,-3.206434726715088,
1753052382982,0.7487865686416626,,10.420164108276367
1753052383030,,-3.1010897159576416,
1753052383031,0.1933317929506302,-2.627037763595581,9.639654159545898
1753052383080,,-2.3493103981018066,
1753052383081,-0.7930793166160583,-2.588730573654175,9.170391082763672
1753052383130,,-2.6557681560516357,
1753052383131,-0.5680243372917175,,9.721057891845703
1753052383181,-0.4339490532875061,-1.7172411680221558,
1753052383182,,,8.983643531799316
1753052383230,-0.3477577865123749,-2.339733600616455,
1753052383231,,,9.697115898132324
1753052383281,0.284311443567276,-2.057217836380005,8.054693222045898
1753052383282,,,8.581417083740234
1753052383330,-1.71245276927948,-2.8137855529785156,
1753052383331,-1.1522095203399658,,7.934982776641846
1753052383381,,-2.0620062351226807,
1753052383382,-1.6502034664154053,,8.31326675415039
1753052383430,,-1.4826093912124634,
1753052383431,-2.210446834564209,,8.140884399414062
1753052383481,,-0.2041056901216507,
1753052383482,-4.044404983520508,,7.4752960205078125
1753052383530,,-0.5392939448356628,
1753052383531,1.3808557987213135,,10.8319673538208
1753052383581,,0.05925649031996727,
1753052383582,0.7535749673843384,-0.01735796220600605,9.989208221435547
1753052383630,0.4183867573738098,-1.1522095203399658,
1753052383631,,,9.979631423950195
1753052383681,,-1.3964180946350098,
1753052383682,-1.0085574388504028,-1.0708067417144775,8.183979988098145
1753052383730,,-1.5783774852752686,
1753052383731,0.4040215313434601,,10.415375709533691
1753052383782,0.45669397711753845,-2.670133352279663,
1753052383783,,,13.096881866455078
1753052383830,,-0.49140989780426025,
1753052383831,0.5045779943466187,,
1753052383832,0.6961141228675842,,7.844003200531006
1753052383881,0.9546879529953003,-0.7164648771286011,8.27974796295166
1753052383882,,,8.514379501342773
1753052383931,1.9219454526901245,0.4231751561164856,7.925405979156494
1753052383981,,-0.28550854325294495,
1753052383982,1.3856441974639893,,8.274959564208984
1753052384030,0.020949264988303185,-1.9279309511184692,
1753052384031,0.011372458189725876,,8.399457931518555
1753052384081,,-2.5456349849700928,
1753052384082,0.06883329898118973,-2.65097975730896,8.42818832397461
1753052384130,,-3.560776472091675,
1753052384131,-0.060453593730926514,,10.659584045410156
1753052384181,,-3.316567897796631,
1753052384182,-0.8744821548461914,-3.115454912185669,8.274959564208984
1753052384230,0.5668272376060486,-3.4123358726501465,
1753052384231,,,9.381080627441406
1753052384281,,-6.3715691566467285,
1753052384282,-3.1920695304870605,-7.204751491546631,11.59332275390625
1753052384330,,-8.727463722229004,
1753052384331,-3.958214044570923,,9.610923767089844
1753052384382,-3.2591071128845215,-5.840056419372559,9.563039779663086
1753052384430,,-2.2679076194763184,
1753052384431,-1.2862848043441772,,6.383540153503418
1753052384481,,-2.2679076194763184,
1753052384482,-0.19931729137897491,,6.603806972503662
1753052384530,,-1.1857284307479858,
1753052384531,0.025737667456269264,-0.639850378036499,4.966172695159912
1753052384582,0.7296329736709595,-0.15143325924873352,6.584653377532959
1753052384630,2.9753942489624023,0.4183867573738098,
1753052384631,0.29388827085494995,,6.934206485748291
1753052384682,,-0.12749123573303223,
1753052384683,-0.7643488645553589,-1.7268179655075073,9.85034465789795
1753052384730,2.1948843002319336,-5.059546947479248,17.00421905517578
1753052384731,,,19.451093673706055
1753052384782,0.3034650683403015,-5.878363609313965,20.83972930908203
1753052384830,-0.40521863102912903,-4.408323764801025,
1753052384831,,,12.943653106689453
1753052384881,,-3.0771477222442627,
1753052384882,-0.23283611238002777,,10.420164108276367
1753052384930,,-0.6590040326118469,
1753052384931,1.4957774877548218,,6.431424140930176
1753052384982,1.5963339805603027,-0.041299980133771896,6.728305339813232
1753052385070,,1.0791864395141602,
1753052385071,2.889202833175659,,7.068282127380371
1753052385075,1.246780514717102,-0.14185644686222076,6.986878871917725
1753052385122,,-1.7076643705368042,
1753052385123,-0.37648820877075195,,7.978078842163086
1753052385172,,-1.2814964056015015,
1753052385173,1.0887632369995117,,10.080187797546387
1753052385223,2.0225019454956055,-0.884058952331543,11.631629943847656
1753052385272,0.8158242106437683,-1.789067268371582,10.85590934753418
1753052393214,0.8445546627044678,-3.5895068645477295,
1753052393215,0.5620388388633728,,12.929287910461426
1753052393216,,-1.3581109046936035,9.476848602294922
1753052393217,-0.5392939448356628,-1.7651251554489136,8.758588790893555
1753052393220,0.2172738015651703,-1.7986440658569336,8.863933563232422
1753052393272,,-1.7651251554489136,
1753052393273,0.882861852645874,-2.229600429534912,10.640430450439453
1753052393322,0.22206220030784607,-1.9183541536331177,9.448118209838867
1753052393374,0.945111095905304,-2.8999767303466797,10.8319673538208
1753052393421,-0.35733461380004883,-2.9718029499053955,10.506355285644531
1753052393472,,-2.358887195587158,
1753052393473,0.5620388388633728,,9.361927032470703
1753052393522,,-2.425924777984619,
1753052393523,0.4471171796321869,,9.64923095703125
1753052393582,,-2.914341926574707,
1753052393583,-0.6925228238105774,-3.1968579292297363,8.456918716430664
1753052393629,,-3.3261446952819824,
1753052393630,0.23163901269435883,-3.244741916656494,9.146449089050293
1753052393679,,-3.848080635070801,
1753052393680,-1.3389573097229004,,9.443329811096191
1753052393730,-1.1953052282333374,-3.5942952632904053,7.83921480178833
1753052393731,,,8.744223594665527
1753052393779,,-3.843292236328125,
1753052393780,-0.08439560979604721,,9.893440246582031
1753052398884,,-3.6900634765625,
1753052398885,-1.3006501197814941,-3.9199066162109375,7.949347972869873
1753052398898,,-4.595071792602539,
1753052398899,-1.932719349861145,-3.8576574325561523,
1753052398900,-1.1761516332626343,,9.170391082763672
1753052398901,,-3.90554141998291,8.916605949401855
1753052398952,,-2.876034736633301,
1753052398953,,-2.406771183013916,
1753052398955,-1.0708067417144775,-2.3349452018737793,9.797672271728516
1753052398999,0.5907692909240723,-2.4881742000579834,9.232640266418457
1753052399049,,-2.478597402572632,
1753052399050,0.08319851011037827,-2.0907366275787354,9.385869026184082
1753052399099,,-1.7172411680221558,
1753052399100,0.25079262256622314,,8.892663955688477
1753052399150,,-1.7938556671142578,
1753052399151,1.3569138050079346,-1.6645687818527222,9.40023422241211
1753052399199,0.5716156363487244,-1.3772644996643066,8.46170711517334
1753052399250,0.8637082576751709,-1.9806033372879028,9.692327499389648
1753052399299,0.22685061395168304,-3.0771477222442627,9.247005462646484
1753052399300,,,9.8599214553833
1753052399352,-0.21368250250816345,-3.3500866889953613,
1753052399353,0.3130418658256531,,10.482413291931152
1753052399401,0.3130418658256531,-3.0101101398468018,8.959701538085938
1753052399450,,-2.521692991256714,
1753052399451,0.7344213724136353,,10.568604469299316
1753052399499,-0.16101007163524628,-2.962226152420044,9.543886184692383
1753052399550,,-3.3692402839660645,
1753052399551,-0.4531026780605316,,10.061034202575684
1753052399721,,-3.268683910369873,
1753052399722,-0.6590040326118469,,9.620500564575195
1753052399729,,-3.115454912185669,
1753052399730,-0.38127660751342773,-3.067570924758911,8.634089469909668
1753052399779,-0.35733461380004883,-2.785055160522461,
1753052399780,-0.10833762586116791,,8.782530784606934
1753052399830,,-2.6844985485076904,
1753052399831,0.06883329898118973,,8.681973457336426
1753052399879,,-2.890399932861328,
1753052399880,-0.3621230125427246,-3.2591071128845215,9.213486671447754
1753052399929,,-3.110666513442993,
1753052399930,-0.4291606545448303,-2.93349552154541,9.452906608581543
1753052399979,,-2.9239187240600586,
1753052399980,-0.3190273642539978,,10.3148193359375
1753052400030,-0.10354922711849213,-2.962226152420044,9.907805442810059
1753052400079,,-2.646191358566284,
1753052400080,0.29388827085494995,-2.5121161937713623,9.831191062927246
1753052400130,0.5764040350914001,-2.4211363792419434,9.807249069213867
1753052400179,-0.3381809890270233,-3.7187938690185547,11.176732063293457
1753052400230,-0.03651157766580582,-2.871246337890625,9.563039779663086
1753052400279,-0.050876785069704056,-2.4211363792419434,9.203909873962402
1753052400329,,-2.3780407905578613,
1753052400330,0.3705027103424072,,8.432976722717285
1753052400379,-0.8553285598754883,-3.5511996746063232,9.989208221435547
1753052400429,0.025737667456269264,-2.6605565547943115,8.466495513916016
1753052400479,0.19812019169330597,-2.8185739517211914,10.152013778686523
1753052400529,,-2.698863983154297,
1753052400530,0.24121582508087158,-2.8808231353759766,9.37629222869873
1753052400579,-0.37169981002807617,-3.048417329788208,9.261370658874512
1753052400629,,-3.18249249458313,
1753052400630,-0.4531026780605316,-3.378817081451416,10.626065254211426
1753052400678,,-2.8329391479492188,
1753052400679,-0.07003039866685867,-2.804208755493164,9.438541412353516
1753052400730,-0.050876785069704056,-2.7706899642944336,9.385869026184082
1753052400780,-0.37648820877075195,-2.6222493648529053,9.146449089050293
1753052400828,,-2.871246337890625,
1753052400829,-0.7164648771286011,-2.210446834564209,8.993220329284668
1753052400879,,-2.100313425064087,
1753052400880,-0.4770447015762329,,8.169614791870117
1753052400929,-0.02214636653661728,-3.24953031539917,10.927735328674316
1753052400930,,,11.291653633117676
1753052400980,-0.08918401598930359,-3.134608507156372,9.998785018920898
1753052401028,,-2.449866771697998,
1753052401029,-1.1522095203399658,-2.4163479804992676,7.915829181671143
1753052401081,0.0736217051744461,-2.698863983154297,9.055469512939453
1753052401129,-0.3429693877696991,-3.005321741104126,10.070611000061035
1753052401179,,-2.5456349849700928,
1753052401180,-0.5871779918670654,-2.492962598800659,8.667608261108398
1753052401229,-0.38127660751342773,-3.0579941272735596,10.266935348510742
1753052401280,-0.5488707423210144,-3.206434726715088,9.337985038757324
1753052401328,,-3.1633388996124268,
1753052401329,-0.8265981078147888,-3.488950490951538,9.314043045043945
1753052401379,,-3.4841620922088623,
1753052401380,-0.8457517623901367,,9.337985038757324
1753052401428,,-3.7666778564453125,
1753052401429,-1.0995371341705322,-3.5847184658050537,9.586981773376465
1753052401479,,-3.3883938789367676,
1753052401480,-0.67815762758255,-3.3261446952819824,9.242217063903809
1753052401528,,-3.225588321685791,
1753052401529,-0.7978677153587341,-3.268683910369873,9.079411506652832
1753052401579,,-3.4841620922088623,
1753052401580,-0.3669114112854004,,9.79288387298584
1753052401629,-0.30945056676864624,-2.957437753677368,9.03631591796875
1753052401680,-0.6590040326118469,-3.1968579292297363,9.088988304138184
1753052401729,-0.8170213103294373,-3.493738889694214,9.634865760803223
1753052401776,-0.6063315868377686,-3.1920695304870605,
1753052401777,-0.8888474106788635,,8.749011993408203
1753052401822,,-3.5655648708343506,
1753052401823,-0.9654618501663208,,9.955689430236816
1753052401872,-0.558447539806366,-2.8808231353759766,
1753052401873,-0.9846154451370239,,8.274959564208984
1753052401923,-0.9319429993629456,-3.397970676422119,9.639654159545898
1753052401972,,-2.876034736633301,
1753052401973,-0.23283611238002777,-3.1250317096710205,8.658031463623047
1753052402023,,-3.3022027015686035,
1753052402024,-1.0468647480010986,,9.060257911682129
1753052402072,,-3.383605480194092,
1753052402073,-0.0077811554074287415,,9.831191062927246
1753052402123,,-3.0340521335601807,
1753052402124,-0.49140989780426025,,8.8878755569458
1753052402172,,-3.4171242713928223,
1753052402173,-0.3669114112854004,,9.730634689331055
1753052402223,-0.4100070297718048,-3.383605480194092,8.624512672424316
1753052402272,,-3.359663486480713,
1753052402273,-0.4387374520301819,,9.405022621154785
1753052402323,-0.9989806413650513,-3.862445831298828,
1753052402324,,,9.586981773376465
1753052402372,,-2.722805976867676,
1753052402373,0.020949264988303185,,8.595782279968262
1753052402422,-0.7499836683273315,-3.3500866889953613,
1753052402423,-0.18495208024978638,,9.840767860412598
1753052402472,,-2.5791537761688232,
1753052402473,0.19812019169330597,-2.8137855529785156,8.255805969238281
1753052402523,-0.5823895931243896,-3.110666513442993,
1753052402524,,,9.783307075500488
1753052402572,,-2.919130325317383,
1753052402573,0.22206220030784607,,8.356362342834473
1753052410903,,-3.3452982902526855,
1753052410904,,-3.848080635070801,
1753052410905,-0.6637924313545227,-3.646967649459839,
1753052410906,-0.19931729137897491,,
1753052410907,0.5093663930892944,,
1753052410908,-0.012569558806717396,,10.056245803833008
1753052410909,,,10.501566886901855
1753052410953,0.45669397711753845,-2.4690206050872803,9.25179386138916
1753052411002,-0.3621230125427246,-2.890399932861328,9.864709854125977
1753052411181,-0.08439560979604721,-2.780266761779785,8.830414772033691
1753052411185,,-2.943072557449341,
1753052411186,0.10714052617549896,-2.737171173095703,9.634865760803223
1753052411236,-0.5776011347770691,-3.0867245197296143,9.572616577148438
1753052411286,,-2.7994203567504883,
1753052411287,0.284311443567276,-2.6126725673675537,9.49121379852295
1753052411337,-0.2663549482822418,-2.65097975730896,8.868721961975098
1753052411386,,-2.588730573654175,
1753052411387,0.2124854028224945,,9.424176216125488
1753052411437,-0.37648820877075195,-2.9526493549346924,9.098565101623535
1753052411438,,,10.032303810119629
1753052411486,,-2.957437753677368,
1753052411487,0.3944447338581085,-3.0148985385894775,9.46727180480957
1753052411537,,-3.287837505340576,
1753052411538,-0.639850378036499,-2.828150749206543,9.55825138092041
1753052411586,,-2.536058187484741,
1753052411587,0.6338648796081543,,8.399457931518555
1753052411638,-0.5632359385490417,-3.2112231254577637,9.95090103149414
1753052411687,-0.03172317147254944,-2.765901565551758,8.217498779296875
1753052411737,,-3.4554316997528076,
1753052411738,-0.8074445128440857,-3.642179250717163,10.58775806427002
1753052411786,,-2.7036523818969727,
1753052411787,-0.38127660751342773,-2.5552117824554443,8.025962829589844
1753052411837,,-2.9909565448760986,
1753052411838,-0.6637924313545227,,9.00279712677002
1753052411886,,-3.9630024433135986,
1753052411887,-0.3860650360584259,,9.869498252868652
1753052411937,,-3.268683910369873,
1753052411938,-1.3389573097229004,,8.40424633026123
1753052411986,,-3.6709096431732178,
1753052411987,-0.3429693877696991,,8.777742385864258
1753052412037,-1.5017629861831665,-3.90554141998291,8.974066734313965
1753052412086,,-3.3452982902526855,
1753052412087,0.04010287672281265,-3.8049850463867188,9.165602684020996
1753052412137,-1.4826093912124634,-3.7858314514160156,9.050681114196777
1753052412186,,-3.6517560482025146,
1753052412187,-0.6637924313545227,,8.974066734313965
1753052412237,,-3.6709096431732178,
1753052412238,-1.128267526626587,,9.175179481506348
1753052412286,,-3.714005470275879,
1753052412287,-1.0085574388504028,,8.916605949401855
1753052412337,-0.4578910768032074,-3.024475336074829,8.413823127746582
1753052412386,,-3.838503837585449,
1753052412387,-1.2862848043441772,,9.088988304138184
1753052412437,,-2.986168146133423,
1753052412438,-0.38127660751342773,-3.7475242614746094,8.5287446975708
1753052412487,-1.4155718088150024,-4.034828186035156,9.247005462646484
1753052412537,-1.2431892156600952,-3.9199066162109375,9.414599418640137
1753052412586,-0.6063315868377686,-3.7906198501586914,
1753052412587,-0.9510966539382935,,9.452906608581543
1753052412638,,-3.78104305267334,
1753052412639,-0.7739257216453552,-3.3883938789367676,9.88386344909668
1753052412688,-0.8984242081642151,-3.287837505340576,9.031527519226074
1753052412737,-0.25677812099456787,-3.508104085922241,9.146449089050293
1753052412787,,-3.646967649459839,
1753052412788,-1.1617863178253174,,9.237428665161133
1753052412836,-0.5536591410636902,-3.7475242614746094,
1753052412837,,,10.362703323364258
1753052412888,-0.5249287486076355,-3.005321741104126,8.078635215759277
1753052412937,-1.0181342363357544,-3.6804866790771484,9.16081428527832
1753052412987,-0.5776011347770691,-3.1968579292297363,8.806472778320312
1753052413036,-1.104325532913208,-3.6373908519744873,
1753052413037,-1.1378443241119385,,8.653243064880371
1753052413087,-1.3150153160095215,-4.1210198402404785,9.19433307647705
1753052413137,-1.8225860595703125,-3.8768110275268555,8.27974796295166
1753052413138,,,9.68274974822998
1753052413187,-1.3102269172668457,-4.259883403778076,9.797672271728516
1753052413236,,-4.063559055328369,
1753052413237,-2.210446834564209,-4.307767391204834,7.9876556396484375
1753052413288,,-4.619013786315918,
1753052413289,-1.8225860595703125,-4.293402194976807,10.204686164855957
1753052413337,,-3.5895068645477295,
1753052413341,,-3.7235822677612305,
1753052413342,-0.4578910768032074,,9.59177017211914
1753052413387,-1.3293805122375488,-3.7283706665039062,8.744223594665527
1753052413437,-0.9463081955909729,-3.795408248901367,9.634865760803223
1753052413487,,-2.2152352333068848,
1753052413488,-0.2902969419956207,,6.9677252769470215
1753052413536,,-4.216787815093994,
1753052413537,-0.7835025191307068,-4.058770656585693,11.353902816772461
1753052413587,,-4.432265758514404,
1753052413588,-1.9183541536331177,,8.40424633026123
1753052413637,-0.7308300733566284,-4.40353536605835,10.559027671813965
1753052422317,,-3.9390604496002197,
1753052422318,,-3.8337154388427734,
1753052422319,-1.027711033821106,-6.357203960418701,
1753052422321,-0.26156654953956604,,9.486425399780273
1753052422322,,,7.202357292175293
1753052422323,,-6.673238754272461,
1753052422324,,-6.783371925354004,
1753052422371,-2.449866771697998,-6.740276336669922,5.98610258102417
1753052422422,-4.810549736022949,-7.875127792358398,4.975749492645264
1753052424267,,-6.931812286376953,
1753052424269,-2.057217836380005,-6.668450355529785,
1753052424270,-2.804208755493164,,6.192004203796387
1753052424317,-2.3349452018737793,-6.610989570617676,6.934206485748291
1753052424366,-2.1960813999176025,-6.563105583190918,6.8336501121521
1753052424417,-2.1960813999176025,-6.3715691566467285,6.891110897064209
1753052424927,-2.4402899742126465,-6.601412773132324,7.025186538696289
1753052424932,-2.722805976867676,-6.716334342956543,6.469731330871582
1753052424983,-2.627037763595581,-6.5295867919921875,6.699574947357178
1753052425033,,-6.567893981933594,
1753052425034,-2.5264813899993896,-6.587047576904297,6.795342922210693
1753052432085,,-6.534375190734863,
1753052432086,-2.497750997543335,-6.419453144073486,6.809708118438721
1753052432087,-0.8457517623901367,-6.357203960418701,8.614935874938965
1753052432088,0.08798690885305405,-2.986168146133423,9.266159057617188
1753052432089,-0.4100070297718048,,9.553462982177734
1753052432136,-0.041299980133771896,-2.6222493648529053,8.85435676574707
1753052432186,,-2.871246337890625,
1753052432187,0.11192893236875534,,9.82640266418457
1753052432367,0.3800795078277588,-2.65097975730896,9.017162322998047
1753052432383,-0.5440823435783386,-3.3931822776794434,10.453682899475098
1753052432434,0.08319851011037827,-2.981379747390747,9.855133056640625
1753052432484,-0.10833762586116791,-2.694075345993042,9.203909873962402
1753052432535,-0.35254621505737305,-2.80899715423584,9.314043045043945
1753052432584,,-2.962226152420044,
1753052432585,-0.08918401598930359,-2.6605565547943115,9.476848602294922
1753052443674,-0.09397241473197937,-2.344521999359131,8.76337718963623
1753052443675,,,7.920617580413818
1753052443678,,-2.7515363693237305,
1753052443679,0.1693897694349289,-5.404311656951904,
1753052443680,0.2795230448246002,,7.413046836853027
1753052443681,,,8.916605949401855
1753052443730,-0.9127894043922424,-2.0859482288360596,9.687539100646973
1753052443781,,-2.0380642414093018,
1753052443782,-0.9271546006202698,-1.9470845460891724,9.701904296875
1753052443830,,-1.9183541536331177,
1753052443831,-0.7978677153587341,-1.813009262084961,9.701904296875
1753052443897,-0.7978677153587341,-1.7076643705368042,9.275735855102539
1753052443901,-0.922366201877594,-1.731606364250183,9.654019355773926
1753052443948,,-1.4826093912124634,
1753052443949,-0.74040687084198,,9.472060203552246
1753052444000,-0.1562216579914093,-1.5735890865325928,
1753052444001,,,9.5007905960083
1753052444048,,-1.468244194984436,
1753052444049,-0.28550854325294495,,9.409811019897461
1753052444100,-0.5057750940322876,-1.8082208633422852,9.553462982177734
1753052444186,,-2.1481974124908447,
1753052444187,-0.5297171473503113,-2.1098902225494385,10.199897766113281
1753052444190,-1.1665748357772827,-2.0620062351226807,9.807249069213867
1753052444239,-0.8313865661621094,-1.9901801347732544,9.970054626464844
1753052444288,-0.10354922711849213,-1.4059948921203613,9.658807754516602
1753052444339,-0.18974047899246216,-1.4012064933776855,10.04188060760498
1753052444387,,-1.6406266689300537,
1753052444388,-0.08918401598930359,,9.740211486816406
1753052444439,-0.5105634927749634,-1.6071078777313232,9.701904296875
1753052444488,-0.3908534348011017,-1.71245276927948,9.381080627441406
1753052444539,0.08798690885305405,-1.8465280532836914,
1753052444540,0.13108254969120026,,9.486425399780273
1753052444588,,-1.7938556671142578,
1753052444589,-0.15143325924873352,,9.050681114196777
1753052444639,-0.3429693877696991,-2.454655408859253,
1753052444640,,,10.16637897491455
1753052453912,,-2.5983073711395264,
1753052453913,-0.5823895931243896,-2.713229179382324,9.797672271728516
1753052453914,-0.8696937561035156,-2.9526493549346924,
1753052453915,-1.3724761009216309,-4.192845821380615,8.341997146606445
1753052453917,-2.253542423248291,-4.379593372344971,8.169614791870117
1753052453969,,-4.006097793579102,
1753052453970,-1.5352818965911865,-4.1880574226379395,8.64366626739502
1753052454019,-1.5400702953338623,-3.848080635070801,8.198345184326172
1753052454070,-1.8177976608276367,-3.9677908420562744,8.87829875946045
1753052454118,,-4.216787815093994,
1753052454119,-1.8944120407104492,,8.801684379577637
1753052454162,-1.6071078777313232,-3.891176223754883,8.380304336547852
1753052454210,,-4.183269023895264,
1753052454211,-2.1577742099761963,,8.447341918945312
1753052454259,,-3.6517560482025146,
1753052454260,-1.367687702178955,-3.8576574325561523,8.27974796295166
1753052454311,-2.167351007461548,-4.4705729484558105,8.91181755065918
1753052454312,,,8.82083797454834
1753052454359,,-4.058770656585693,
1753052454360,-1.875258445739746,-4.034828186035156,8.61972427368164
1753052454410,,-4.173692226409912,
1753052454411,-1.832162857055664,-4.432265758514404,8.51916790008545
1753052454762,-1.3533225059509277,-3.8720226287841797,8.940547943115234
1753052454768,-0.639850378036499,-3.4171242713928223,8.385092735290527
1753052454819,,-4.2550950050354,
1753052454820,-1.8896236419677734,,8.753800392150879
1753052454870,,-4.5854949951171875,
1753052454871,-2.718017578125,-3.9199066162109375,8.576628684997559
1753052454919,,-4.082712650299072,
1753052454920,-1.3389573097229004,,10.00836181640625
1753052455015,-1.899200439453125,-4.1210198402404785,7.844003200531006
1753052455022,-1.3006501197814941,-4.006097793579102,9.079411506652832
1753052455069,,-4.657320976257324,
1753052455070,-2.454655408859253,-4.40353536605835,9.16081428527832
1753052455119,,-3.5847184658050537,
1753052455120,-1.0708067417144775,,7.815272808074951
1753052455170,,-4.834491729736328,
1753052455171,-1.913565754890442,,10.544662475585938
1753052455219,,-4.513668537139893,
1753052455220,-1.7076643705368042,,9.290101051330566
1753052459277,,-4.518456935882568,
1753052459278,,-4.192845821380615,
1753052459279,-2.497750997543335,-3.8145618438720703,
1753052459280,-2.0715830326080322,,
1753052459282,,,8.839991569519043
1753052459283,,,8.169614791870117
1753052459326,-1.4203602075576782,-4.159327030181885,8.97885513305664
1753052459376,-1.0324994325637817,-3.5511996746063232,
1753052459377,-1.0899603366851807,,8.093000411987305
1753052459427,,-4.058770656585693,
1753052459428,-1.3006501197814941,,8.739435195922852
1753052459476,-1.6502034664154053,-4.619013786315918,
1753052459477,,,9.452906608581543
1753052459528,-0.7739257216453552,-3.7618894577026367,9.553462982177734
1753052459577,-1.4873977899551392,-4.063559055328369,8.97885513305664
1753052459628,-1.0229226350784302,-3.6373908519744873,9.270947456359863
1753052459677,-1.348534107208252,-3.867234230041504,9.227851867675781
1753052459678,,,9.630077362060547
1753052459727,,-4.293402194976807,
1753052459728,-1.592742681503296,-3.9007530212402344,8.806472778320312
1753052459777,-1.3198037147521973,-3.8720226287841797,9.117718696594238
1753052459828,-1.3868412971496582,-4.2742486000061035,9.223063468933105
1753052459877,-0.6733692288398743,-3.4841620922088623,8.67718505859375
1753052459929,-1.3820528984069824,-4.049193859100342,8.576628684997559
1753052459978,,-4.144961833953857,
1753052459979,-1.0516531467437744,,9.663596153259277
1753052460028,,-3.776254653930664,
1753052460029,-1.1857284307479858,,8.576628684997559
1753052460076,-1.003769040107727,-3.9438488483428955,9.381080627441406
1753052460077,,,8.361150741577148
1753052460127,-0.8696937561035156,-3.661332845687866,8.87829875946045
1753052460176,,-3.9390604496002197,
1753052460177,-1.2767080068588257,-4.0779242515563965,8.217498779296875
1753052460227,-1.2623428106307983,-4.259883403778076,
1753052460228,,,9.673172950744629
1753052460276,,-4.1641154289245605,
1753052460277,-1.1378443241119385,-4.068347454071045,9.481637001037598
1753052460327,,-3.8815994262695312,
1753052460328,,-3.9246952533721924,
1753052460329,-1.0851719379425049,-4.044404983520508,8.916605949401855
1753052460377,-1.391629695892334,-3.8528690338134766,8.801684379577637
1753052460427,,-3.5464112758636475,
1753052460428,-1.2671312093734741,,8.356362342834473
1753052460476,,-4.22157621383667,
1753052460477,-1.6932991743087769,-4.092289447784424,8.844779968261719
1753052460527,-1.2814964056015015,-4.087501049041748,9.505578994750977
1753052460576,,-4.322132587432861,
1753052460577,-1.4107834100723267,-4.575918197631836,9.03631591796875
1753052460627,,-4.499303340911865,
1753052460628,-1.8225860595703125,-4.111443042755127,8.772953987121582
1753052460676,-1.4107834100723267,-4.173692226409912,8.993220329284668
1753052460727,-1.0947487354278564,-3.958214044570923,
1753052460728,-0.8313865661621094,,9.247005462646484
1753052460776,,-4.370016574859619,
1753052460777,-1.4826093912124634,,9.40023422241211
1753052460827,,-4.336497783660889,
1753052460828,-1.4730325937271118,-3.8049850463867188,9.472060203552246
1753052460877,-1.0468647480010986,-3.7714662551879883,9.256582260131836
1753052460927,,-4.279036998748779,
1753052460928,-1.4826093912124634,,8.959701538085938
1753052460976,,-4.240729808807373,
1753052460977,-1.6980875730514526,,9.419387817382812
1753052461027,,-3.6804866790771484,
1753052461028,-0.6494272351264954,-3.776254653930664,9.337985038757324
1753052461077,-0.8888474106788635,-3.819350242614746,8.792107582092285
1753052461127,,-3.8576574325561523,
1753052461128,-1.3724761009216309,-3.78104305267334,8.710704803466797
1753052461177,-1.1186907291412354,-4.2742486000061035,9.606135368347168
1753052461227,-1.3102269172668457,-3.996521234512329,8.993220329284668
1753052461277,-0.9941922426223755,-3.4410665035247803,8.892663955688477
1753052461278,,,8.09778881072998
1753052461326,,-3.867234230041504,
1753052461327,-1.4107834100723267,,8.916605949401855
1753052461378,-1.3293805122375488,-3.8576574325561523,8.82083797454834
1753052461427,-1.1091139316558838,-4.140173435211182,9.59177017211914
1753052461477,,-4.010886192321777,
1753052461478,-1.6166846752166748,-3.891176223754883,8.792107582092285
1753052461526,,-3.555988073348999,
1753052461527,-1.0947487354278564,,8.892663955688477
1753052461577,-1.1378443241119385,-3.752312660217285,
1753052461578,,,8.500014305114746
1753052461626,,-4.183269023895264,
1753052461627,-1.4873977899551392,-4.355651378631592,8.902240753173828
1753052461677,-1.6214730739593506,-4.3843817710876465,9.634865760803223
1753052461726,,-4.144961833953857,
1753052461727,-1.669357180595398,,8.868721961975098
1753052461778,-1.0324994325637817,-3.8049850463867188,8.902240753173828
1753052461826,,-3.9007530212402344,
1753052461827,-1.0708067417144775,-4.293402194976807,8.67718505859375
1753052461877,,-4.31255578994751,
1753052461878,-1.7651251554489136,,9.28531265258789
1753052461926,,-4.1210198402404785,
1753052461927,-1.1330559253692627,-4.389170169830322,9.266159057617188
1753052461977,,-4.504091739654541,
1753052461978,-1.6454150676727295,,9.084199905395508
1753052462028,,-3.862445831298828,
1753052462029,-0.8649053573608398,,9.031527519226074
1753052462078,-0.8888474106788635,-3.5895068645477295,9.151237487792969
1753052462126,,-3.330933094024658,
1753052462127,-0.7308300733566284,-3.7666778564453125,8.868721961975098
1753052462178,-0.9032126069068909,-4.092289447784424,9.620500564575195
1753052462227,,-4.283825397491455,
1753052462228,-1.875258445739746,-4.279036998748779,8.907029151916504
1753052462277,,-4.13059663772583,
1753052462278,-1.324592113494873,,9.352350234985352
1753052462327,-1.14742112159729,-3.757101058959961,8.701127052307129
1753052462379,-1.0468647480010986,-3.795408248901367,8.691550254821777
1753052462428,-1.324592113494873,-4.068347454071045,
1753052462429,,,9.361927032470703
1753052462478,-1.0995371341705322,-3.7666778564453125,8.265382766723633
1753052462526,,-4.211999416351318,
1753052462527,-1.0708067417144775,-3.8576574325561523,9.481637001037598
1753052462578,-1.14742112159729,-3.78104305267334,8.509591102600098
1753052462627,-1.6837223768234253,-4.034828186035156,
1753052462628,-1.568800687789917,,8.576628684997559
1753052462677,,-4.302978992462158,
1753052462678,-1.7363947629928589,-3.9438488483428955,9.208698272705078
1753052462727,-0.8313865661621094,-3.493738889694214,8.437765121459961
1753052462778,-1.0085574388504028,-3.867234230041504,9.017162322998047
1753052462827,-0.8601169586181641,-3.402759075164795,8.85435676574707
1753052462877,,-3.8289270401000977,
1753052462878,-1.3102269172668457,-4.13059663772583,8.863933563232422
1753052462927,-1.4443022012710571,-4.087501049041748,8.91181755065918
1753052462978,-1.0181342363357544,-3.378817081451416,8.399457931518555
1753052463027,-1.1234791278839111,-3.4985272884368896,8.18876838684082
1753052463077,,-3.757101058959961,
1753052463078,-0.7260416746139526,-3.862445831298828,9.213486671447754
1753052463126,,-3.886387825012207,
1753052463127,-1.2814964056015015,-4.015674591064453,9.041104316711426
1753052463178,-1.6980875730514526,-4.250306606292725,8.76337718963623
1753052463227,-0.558447539806366,-3.7283706665039062,8.691550254821777
1753052463278,-1.6071078777313232,-3.848080635070801,9.247005462646484
1753052463327,-0.778714120388031,-3.4171242713928223,8.126519203186035
1753052463378,,-4.595071792602539,
1753052463379,-1.8417396545410156,-4.834491729736328,9.16081428527832
1753052463428,-3.0627825260162354,-4.743512153625488,7.259818077087402
1753052463478,-2.138620615005493,-4.207211017608643,
1753052463479,,,9.117718696594238
1753052463526,-0.5009866952896118,-3.2112231254577637,8.638877868652344
1753052463578,-0.7356184720993042,-3.508104085922241,8.557475090026855
1753052463627,-1.9853917360305786,-4.13059663772583,7.815272808074951
1753052463678,-2.5456349849700928,-4.623802185058594,
1753052463679,,,8.51916790008545
1753052463726,,-4.13059663772583,
1753052463727,-1.4012064933776855,-4.307767391204834,8.993220329284668
1753052463777,,-4.168903827667236,
1753052463778,-1.2958617210388184,-3.8815994262695312,9.213486671447754
1753052463826,,-3.8337154388427734,
1753052463827,-1.0899603366851807,-3.9246952533721924,8.423399925231934
1753052463877,-1.9662381410598755,-4.202422618865967,
1753052463878,-2.2008697986602783,,8.241440773010254
1753052463927,-1.9614497423171997,-4.4274773597717285,8.31326675415039
1753052463977,,-4.279036998748779,
1753052463978,-1.7747019529342651,-4.2311530113220215,8.883087158203125
1753052464027,,-4.451419353485107,
1753052464028,-2.0428526401519775,,9.156025886535645
1753052464078,-1.1522095203399658,-3.8959646224975586,8.322843551635742
1753052464126,,-4.408323764801025,
1753052464127,-1.7028759717941284,-4.484938144683838,8.614935874938965
1753052464178,-2.095525026321411,-4.360439777374268,9.136872291564941
1753052464226,,-4.432265758514404,
1753052464227,-1.8848352432250977,-4.460996150970459,8.634089469909668
1753052464277,,-4.398746967315674,
1753052464278,-1.7411831617355347,-4.279036998748779,9.428964614868164
1753052464326,,-3.9151182174682617,
1753052464327,,-4.197634220123291,
1753052464328,-1.568800687789917,,
1753052464329,,,8.509591102600098
1753052464378,-1.544858694076538,-4.331709384918213,8.930971145629883
1753052464427,,-4.034828186035156,
1753052464428,-1.8465280532836914,,8.672396659851074
1753052464477,,-4.3412861824035645,
1753052464478,-1.6597803831100464,-4.044404983520508,8.576628684997559
1753052464527,-1.6741455793380737,-4.5423994064331055,8.796895980834961
1753052464578,-2.181716203689575,-4.733935356140137,9.357138633728027
1753052464627,-0.7547720670700073,-3.575141668319702,8.27974796295166
1753052464628,,,8.251017570495605
1753052464678,-1.7459715604782104,-4.489726543426514,8.907029151916504
1753052464727,-1.7842788696289062,-4.168903827667236,8.49522590637207
1753052464777,,-3.9869444370269775,
1753052464778,-1.468244194984436,-4.092289447784424,8.902240753173828
1753052464826,,-4.154538631439209,
1753052464827,-1.9518729448318481,-3.8959646224975586,8.150461196899414
1753052464878,-1.4586673974990845,-3.6900634765625,8.447341918945312
1753052464927,-1.2192472219467163,-3.7427358627319336,8.40424633026123
1753052464978,-2.033275842666626,-4.432265758514404,8.31326675415039
1753052465027,-1.4059948921203613,-3.666121244430542,
1753052465028,-1.4826093912124634,,7.810484409332275
1753052465077,,-4.595071792602539,
1753052465078,-2.210446834564209,-4.839280128479004,9.045892715454102
1753052465126,,-3.733159065246582,
1753052465127,-1.2958617210388184,-3.273472309112549,8.107365608215332
1753052465177,,-3.311779499053955,
1753052465178,-0.9367313981056213,,8.126519203186035
1753052465227,-1.8608932495117188,-4.173692226409912,8.03075122833252
1753052465277,,-4.226364612579346,
1753052465278,-1.6932991743087769,-4.226364612579346,8.974066734313965
1753052465326,,-4.647744178771973,
1753052465327,-2.0667946338653564,-4.57112979888916,9.46727180480957
1753052465377,,-4.053982257843018,
1753052465378,-1.3772644996643066,-3.555988073348999,8.183979988098145
1753052465427,,-3.5511996746063232,
1753052465428,-1.0133458375930786,,8.002020835876465
1753052465477,,-4.2742486000061035,
1753052465478,-1.9422961473464966,-3.9821560382843018,8.768165588378906
1753052465527,-1.5496470928192139,-4.1641154289245605,8.394669532775879
1753052465578,-2.363675594329834,-4.724358558654785,9.050681114196777
1753052465627,-1.3102269172668457,-3.6086604595184326,7.504026889801025
1753052465678,-1.9183541536331177,-4.657320976257324,9.687539100646973
1753052465727,-1.2527660131454468,-3.62302565574646,8.12173080444336
1753052465778,-1.8848352432250977,-4.355651378631592,8.839991569519043
1753052465827,-2.1577742099761963,-4.068347454071045,
1753052465828,,,7.796119213104248
1753052465878,-1.3868412971496582,-4.082712650299072,9.304466247558594
1753052465927,,-3.757101058959961,
1753052465928,-1.391629695892334,,8.567051887512207
1753052465977,,-4.039616584777832,
1753052465978,-1.425148606300354,-3.9438488483428955,8.61972427368164
1753052466027,-1.6789339780807495,-4.2311530113220215,8.346785545349121
1753052466078,-2.033275842666626,-4.374804973602295,9.031527519226074
1753052466127,-2.095525026321411,-4.140173435211182,8.825626373291016
1753052466128,,,8.950124740600586
1753052466178,-1.7411831617355347,-3.819350242614746,8.696338653564453
1753052466227,-1.6310498714447021,-3.273472309112549,7.738658428192139
1753052466277,,-3.733159065246582,
1753052466278,-1.9662381410598755,,8.969278335571289
1753052466327,-2.11946702003479,-3.848080635070801,7.968502044677734
1753052466377,,-4.2311530113220215,
1753052466378,-2.540846586227417,-4.168903827667236,9.079411506652832
1753052466427,-1.104325532913208,-3.838503837585449,8.533533096313477
1753052466477,,-3.6709096431732178,
1753052466478,,-3.7906198501586914,
1753052466479,-1.813009262084961,-3.958214044570923,8.183979988098145
1753052466527,-1.9949685335159302,-3.867234230041504,
1753052466528,-1.8848352432250977,,8.107365608215332
1753052466578,-2.382829189300537,-4.250306606292725,8.045116424560547
1753052466627,,-4.020462989807129,
1753052466628,-1.7938556671142578,,8.749011993408203
1753052466677,,-3.8145618438720703,
1753052466678,-1.3533225059509277,-3.8097734451293945,8.58620548248291
1753052466727,-1.6597803831100464,-4.0300397872924805,
1753052466728,-2.0045454502105713,,8.78731918334961
1753052466777,,-4.0300397872924805,
1753052466778,-1.932719349861145,-4.073135852813721,8.686761856079102
1753052466827,-1.789067268371582,-3.8337154388427734,8.15524959564209
1753052466878,-2.497750997543335,-4.432265758514404,8.610147476196289
1753052466927,-1.5400702953338623,-3.8815994262695312,8.605359077453613
1753052466977,,-3.7858314514160156,
1753052466978,-1.5161281824111938,-3.8049850463867188,8.46170711517334
1753052467027,-1.9614497423171997,-4.140173435211182,7.8056960105896
1753052467077,,-4.34607458114624,
1753052467078,-2.3253684043884277,-4.422688961029053,8.667608261108398
1753052467127,-2.1577742099761963,-4.456207752227783,8.964489936828613
1753052467178,-1.899200439453125,-4.269460201263428,8.385092735290527
1753052467228,-1.635838270187378,-4.068347454071045,8.959701538085938
1753052467279,,-4.245518207550049,
1753052467281,-2.344521999359131,-4.355651378631592,7.618948459625244
1753052467328,-2.315791606903076,-4.590283393859863,8.322843551635742
1753052467379,-2.358887195587158,-4.413112163543701,8.883087158203125
1753052467428,-2.9047651290893555,-4.6956281661987305,8.016386032104492
1753052467478,,-4.3843817710876465,
1753052467479,-2.0380642414093018,,8.61972427368164
1753052467527,,-5.011662483215332,
1753052467528,-2.627037763595581,-4.906317710876465,9.266159057617188
1753052467579,-2.301426410675049,-4.508880138397217,7.116166114807129
1753052467628,-2.11946702003479,-4.705204963684082,9.050681114196777
1753052467679,-2.7036523818969727,-4.796184539794922,7.891887187957764
1753052467727,,-4.0300397872924805,
1753052467728,-1.104325532913208,-4.3173441886901855,8.447341918945312
1753052467777,,-4.87758731842041,
1753052467778,-2.9718029499053955,-5.112219333648682,8.002020835876465
1753052467827,-2.3780407905578613,-4.484938144683838,8.758588790893555
1753052467877,,-3.9630024433135986,
1753052467878,-1.1665748357772827,,8.998008728027344
1753052467926,,-3.599083662033081,
1753052467927,-2.186504602432251,-3.7906198501586914,7.4800848960876465
1753052467977,,-4.178480625152588,
1753052467978,-1.5975310802459717,-4.638167381286621,9.634865760803223
1753052468027,-2.27748441696167,-3.8337154388427734,7.666832447052002
1753052468078,,-4.441842555999756,
1753052468080,,-4.805761337280273,
1753052468081,-2.234388828277588,,
1753052468082,-2.406771183013916,,8.174403190612793
1753052468127,,-3.9821560382843018,
1753052468128,-1.3198037147521973,,8.42818832397461
1753052468178,,-3.7475242614746094,
1753052468179,-1.913565754890442,,8.049904823303223
1753052468227,,-4.575918197631836,
1753052468228,-2.1960813999176025,-4.566341400146484,7.858368396759033
1753052468278,,-4.724358558654785,
1753052468279,-2.8425159454345703,-4.140173435211182,9.639654159545898
1753052468328,-1.1905168294906616,-2.9957449436187744,6.555922985076904
1753052468378,,-4.705204963684082,
1753052468379,-2.2248120307922363,,9.778518676757812
1753052468428,,-4.2742486000061035,
1753052468429,-1.9853917360305786,,8.8878755569458
1753052468478,,-4.834491729736328,
1753052468479,-2.162562608718872,-4.489726543426514,9.017162322998047
1753052468528,-2.258330821990967,-4.1880574226379395,8.816049575805664
1753052468579,-1.7363947629928589,-4.293402194976807,8.590993881225586
1753052468580,,,9.141660690307617
1753052468628,,-4.40353536605835,
1753052468629,-2.2918496131896973,,9.132083892822266
1753052468801,,-3.8528690338134766,
1753052468802,-1.1713632345199585,-4.5854949951171875,8.902240753173828
1753052468854,,-4.480149745941162,
1753052468855,-2.3924059867858887,,8.667608261108398
1753052468904,-1.4012064933776855,-3.953425645828247,9.419387817382812
1753052468955,-1.6789339780807495,-4.2550950050354,7.944559574127197
1753052469004,-1.8704700469970703,-4.211999416351318,9.031527519226074
1753052473700,,-4.40353536605835,
1753052473701,,-4.518456935882568,
1753052473703,,-5.021239280700684,
1753052473705,-1.6166846752166748,,
1753052473706,-1.4059948921203613,,
1753052473707,-3.1441853046417236,,8.859145164489746
1753052473750,,-2.4163479804992676,
1753052473751,-1.1330559253692627,-2.009333848953247,8.193556785583496
1753052473801,0.14065934717655182,-1.5783774852752686,8.341997146606445
1753052473851,0.9403226971626282,-3.024475336074829,12.321160316467285
1753052473900,-1.5544354915618896,-3.201646327972412,8.667608261108398
1753052473966,-0.5249287486076355,-3.2638955116271973,8.251017570495605
1753052473970,-1.8656816482543945,-3.230376720428467,5.516839504241943
1753052474017,-2.3732523918151855,-3.1633388996124268,
1753052474018,-1.9710265398025513,,5.559935092926025
1753052474068,-1.7651251554489136,-2.9670145511627197,4.5160627365112305
1753052474117,-1.8082208633422852,-4.523245334625244,6.608595371246338
1753052474168,-2.943072557449341,-3.7714662551879883,3.7211880683898926
1753052474255,,-6.376357555389404,
1753052474256,-3.97257924079895,-7.008427143096924,8.361150741577148
1753052474297,,-4.863222122192383,
1753052474298,-3.996521234512329,-3.4554316997528076,7.470507621765137
1753052474349,-0.5297171473503113,-3.421912670135498,9.1847562789917
1753052474398,,-3.1250317096710205,
1753052474399,-0.5871779918670654,,11.052233695983887
1753052474449,0.9738415479660034,-4.508880138397217,14.519037246704102
1753052474499,-1.4059948921203613,-5.222352504730225,12.551003456115723
1753052474548,,-5.615001678466797,
1753052474549,-1.4107834100723267,-5.533598899841309,12.139201164245605
1753052474597,,-4.13059663772583,
1753052474598,-2.2870612144470215,-3.737947463989258,8.09778881072998
1753052474648,,-3.5033156871795654,
1753052474649,-1.755548357963562,-3.618237257003784,7.154473304748535
1753052474698,-1.6980875730514526,-3.0340521335601807,6.287772178649902
1753052474961,,-3.5176808834075928,
1753052474962,-1.4586673974990845,-3.8097734451293945,7.269394874572754
1753052474970,-1.789067268371582,-3.800196647644043,7.197568893432617
1753052475017,-1.449090600013733,-4.551976203918457,9.97484302520752
1753052475067,-1.7507599592208862,-4.216787815093994,
1753052475068,-2.205658197402954,,8.514379501342773
1753052475116,-1.6310498714447021,-4.336497783660889,
1753052475117,-1.0516531467437744,,9.414599418640137
1753052475167,,-4.288613796234131,
1753052475168,-2.1098902225494385,,8.241440773010254
1753052475441,-1.6932991743087769,-3.9486372470855713,8.045116424560547
1753052475444,-2.722805976867676,-4.2742486000061035,8.49522590637207
1753052475493,-1.3868412971496582,-4.652532577514648,9.91738224029541
1753052475543,,-4.202422618865967,
1753052475544,-1.6071078777313232,-4.202422618865967,9.223063468933105
1753052475593,-2.0236990451812744,-4.001309394836426,7.877521991729736
1753052475643,,-4.551976203918457,
1753052475644,-2.3301568031311035,,9.21827507019043
1753052475694,,-4.2550950050354,
1753052475695,-1.9231425523757935,,8.207921981811523
1753052475744,-1.5400702953338623,-3.8768110275268555,8.772953987121582
1753052475792,-2.02848744392395,-3.9199066162109375,
1753052475793,-2.186504602432251,,8.011597633361816
1753052475843,-1.2958617210388184,-4.250306606292725,
1753052475844,-1.3006501197814941,,9.323619842529297
1753052475892,-1.899200439453125,-4.211999416351318,9.12729549407959
1753052475943,,-4.480149745941162,
1753052475944,-2.5312697887420654,,8.131307601928711
1753052484881,-1.18094003200531,-4.039616584777832,8.691550254821777
1753052484898,-2.2200236320495605,-4.245518207550049,
1753052484899,-1.813009262084961,,8.85435676574707
1753052484900,,-4.125808238983154,8.830414772033691
1753052484901,,-4.6956281661987305,
1753052484903,-2.698863983154297,-3.929483652114868,8.749011993408203
1753052484955,-2.2152352333068848,-4.034828186035156,
1753052484956,-2.4450783729553223,,8.91181755065918
1753052485004,-1.5592238903045654,-3.97257924079895,9.476848602294922
1753052485055,-2.588730573654175,-4.13059663772583,8.926182746887207
1753052485104,-2.3493103981018066,-3.9677908420562744,8.150461196899414
1753052485151,-2.3924059867858887,-4.547187805175781,10.271723747253418
1753052485198,-2.1051018238067627,-3.8576574325561523,8.09778881072998
1753052485248,,-3.996521234512329,
1753052485249,-2.631826162338257,-3.7906198501586914,8.203133583068848
1753052485300,-1.9662381410598755,-3.838503837585449,9.203909873962402
1753052485349,,-4.1210198402404785,
1753052485350,-2.497750997543335,,8.145672798156738
1753052485400,,-4.465784549713135,
1753052485401,-2.0667946338653564,,9.788095474243164
1753052485449,-2.301426410675049,-3.9199066162109375,
1753052485450,-2.0667946338653564,,9.170391082763672
1753052485730,,-3.8337154388427734,
1753052485732,,-3.4362781047821045,
1753052485733,-1.6741455793380737,,8.413823127746582
1753052485735,-1.8704700469970703,-3.8720226287841797,8.959701538085938
1753052485783,-2.5312697887420654,-4.326920986175537,8.557475090026855
1753052485833,,-4.034828186035156,
1753052485834,-2.339733600616455,,7.762600421905518
1753052485882,,-3.824138641357422,
1753052485883,-1.7747019529342651,,9.165602684020996
1753052486033,-1.8225860595703125,-3.488950490951538,7.83921480178833
1753052486082,,-4.154538631439209,
1753052486083,-2.7563247680664062,-4.116231441497803,8.33720874786377
1753052486134,-1.4538789987564087,-3.886387825012207,9.510367393493652
1753052486183,-2.3684639930725098,-3.8576574325561523,8.883087158203125
1753052486233,,-3.97257924079895,
1753052486234,-1.7220295667648315,-4.140173435211182,8.806472778320312
1753052486282,,-4.058770656585693,
1753052486283,-2.2631192207336426,-3.910329818725586,8.590993881225586
1753052486333,,-4.0970778465271,
1753052486334,-2.1098902225494385,-3.996521234512329,8.87829875946045
1753052486383,-1.8704700469970703,-3.8768110275268555,8.476072311401367
1753052486434,-2.27748441696167,-3.867234230041504,7.791330814361572
1753052486483,-2.1529858112335205,-4.116231441497803,8.940547943115234
1753052486530,-1.7220295667648315,-3.910329818725586,9.074623107910156
1753052486581,,-3.7283706665039062,
1753052486582,-2.1098902225494385,-3.9246952533721924,8.456918716430664
1753052486630,,-3.9007530212402344,
1753052486631,-2.5264813899993896,-3.9438488483428955,8.744223594665527
1753052486681,,-4.092289447784424,
1753052486682,-2.8568811416625977,-3.78104305267334,8.365939140319824
1753052486730,-1.204882025718689,-3.359663486480713,9.117718696594238
1753052486781,,-3.005321741104126,
1753052486782,-1.7986440658569336,,7.0587053298950195
1753052486830,-2.358887195587158,-3.5272576808929443,7.551910877227783
1753052486881,-2.1721394062042236,-4.389170169830322,
1753052486882,-1.9853917360305786,,8.796895980834961
1753052493988,,-5.629366874694824,
1753052493989,-2.6366145610809326,-4.049193859100342,10.582969665527344
1753052493990,,,9.673172950744629
1753052494037,-1.6645687818527222,-3.9677908420562744,8.351573944091797
1753052494088,,-4.729146957397461,
1753052494089,-1.7651251554489136,-4.8919525146484375,9.021950721740723
1753052494176,-1.468244194984436,-4.9350481033325195,9.270947456359863
1753052494180,-2.713229179382324,-4.456207752227783,7.74823522567749
1753052494229,-1.4873977899551392,-4.824914932250977,
1753052494230,-1.128267526626587,,10.458471298217773
1753052494278,-2.0859482288360596,-4.595071792602539,8.916605949401855
1753052494329,,-5.145738124847412,
1753052494330,-1.6741455793380737,,10.266935348510742
1753052494378,,-4.7387237548828125,
1753052494379,-2.234388828277588,,9.744999885559082
1753052494429,-0.6685808300971985,-4.475361347198486,9.768941879272461
1753052494430,,,10.233416557312012
1753052494478,,-4.906317710876465,
1753052494479,-2.320580005645752,,8.849568367004395
1753052494529,,-4.389170169830322,
1753052494530,-1.7986440658569336,,9.448118209838867
1753052494603,,-4.748300552368164,
1753052494604,-2.3780407905578613,-4.441842555999756,8.662819862365723
1753052494650,,-4.499303340911865,
1753052494651,-1.6262614727020264,,8.298901557922363
1753052494701,,-4.025251388549805,
1753052494702,-0.7547720670700073,-4.106654644012451,9.630077362060547
1753052494752,-1.1617863178253174,-4.087501049041748,8.792107582092285
1753052494800,,-4.489726543426514,
1753052494801,-1.3628993034362793,-4.408323764801025,9.783307075500488
1753052494852,-1.4395138025283813,-4.183269023895264,9.730634689331055
1753052494901,-0.9989806413650513,-4.599860191345215,10.22383975982666
1753052494952,,-4.6956281661987305,
1753052494953,-2.0859482288360596,,9.031527519226074
1753052495001,-0.8361749649047852,-4.106654644012451,
1753052495002,-1.0660183429718018,,9.419387817382812
1753052495052,,-3.733159065246582,
1753052495053,-1.1234791278839111,-4.073135852813721,8.480860710144043
1753052495100,,-4.092289447784424,
1753052495101,-1.3198037147521973,-4.068347454071045,8.796895980834961
1753052495183,,-3.8337154388427734,
1753052495184,-1.468244194984436,-3.7906198501586914,9.203909873962402
1753052495189,-0.7547720670700073,-3.6900634765625,8.796895980834961
1753052495235,,-3.9630024433135986,
1753052495236,-1.6166846752166748,,9.519944190979004
1753052495287,-1.1905168294906616,-3.838503837585449,8.447341918945312
1753052495336,-0.7835025191307068,-3.6134488582611084,8.811261177062988
1753052495337,,,8.672396659851074
1753052495387,-1.5735890865325928,-3.848080635070801,8.638877868652344
1753052495436,-0.8313865661621094,-3.757101058959961,
1753052495437,,,9.419387817382812
1753052495487,-0.7930793166160583,-3.311779499053955,8.753800392150879
1753052495536,-1.4395138025283813,-4.006097793579102,9.816825866699219
1753052495537,,,9.706692695617676
1753052495587,-1.3820528984069824,-4.006097793579102,9.16081428527832
1753052495636,-0.9702502489089966,-3.536834478378296,9.136872291564941
1753052495637,,,8.839991569519043
1753052495687,-1.4203602075576782,-3.4793736934661865,8.926182746887207
1753052495736,,-3.5464112758636475,
1753052495737,-1.0947487354278564,,9.156025886535645
1753052495786,,-3.3452982902526855,
1753052495787,-0.9750386476516724,-3.1010897159576416,9.419387817382812
1753052495835,,-3.1633388996124268,
1753052495836,-0.9415197968482971,-3.3500866889953613,9.12729549407959
1753052495887,-0.8505401611328125,-3.450643301010132,9.419387817382812
1753052495936,-1.0133458375930786,-3.0436289310455322,
1753052495937,-0.9989806413650513,,8.638877868652344
1753052495987,-1.247977614402771,-3.0340521335601807,8.653243064880371
1753052495988,,,9.40023422241211
1753052496036,,-3.3931822776794434,
1753052496037,-0.6206967830657959,,9.807249069213867
1753052496087,-0.922366201877594,-3.1250317096710205,8.332420349121094
1753052496136,,-3.1202433109283447,
1753052496137,-0.6925228238105774,,9.318831443786621
1753052496187,-1.1186907291412354,-3.5272576808929443,9.601346969604492
1753052496236,,-2.9718029499053955,
1753052496237,-0.5919663906097412,,8.500014305114746
1753052496287,,-2.962226152420044,
1753052496288,-1.3533225059509277,,8.67718505859375
1753052496336,-0.9463081955909729,-3.508104085922241,
1753052496337,-1.003769040107727,,9.333196640014648
1753052496387,-1.0372878313064575,-3.1010897159576416,
1753052496388,-1.061229944229126,,8.480860710144043
1753052496436,,-3.1681272983551025,
1753052496437,-0.8696937561035156,,9.146449089050293
1753052496487,-1.027711033821106,-3.4985272884368896,9.390657424926758
1753052496536,-1.2384008169174194,-3.3883938789367676,
1753052496537,,,9.16081428527832
1753052496587,-0.8696937561035156,-2.981379747390747,8.720281600952148
1753052496636,,-3.599083662033081,
1753052496637,-1.2527660131454468,,9.639654159545898
1753052496687,-0.7499836683273315,-3.4171242713928223,9.041104316711426
1753052496736,-1.5400702953338623,-3.4841620922088623,
1753052496737,-1.492186188697815,,8.988431930541992
1753052496787,,-3.6326024532318115,
1753052496788,-1.2096704244613647,,8.7298583984375
1753052496836,,-3.6804866790771484,
1753052496837,-1.2767080068588257,-3.6756980419158936,9.026739120483398
1753052496887,-1.7747019529342651,-3.9486372470855713,
1753052496888,,,8.629301071166992
1753052496936,-1.8896236419677734,-4.614225387573242,
1753052496937,,,8.830414772033691
1753052496987,,-4.9350481033325195,
1753052496988,-4.1210198402404785,,7.863156795501709
1753052497036,,-4.22157621383667,
1753052497037,-0.35733461380004883,,11.258134841918945
1753052497087,-1.6406266689300537,-3.714005470275879,9.634865760803223
1753052497136,,-4.3843817710876465,
1753052497137,-1.1234791278839111,,9.294889450073242
1753052497187,,-3.560776472091675,
1753052497188,-2.11946702003479,-3.714005470275879,7.604583263397217
1753052497236,,-4.034828186035156,
1753052497237,-1.8034324645996094,,9.40023422241211
1753052497287,-1.2096704244613647,-3.9007530212402344,9.290101051330566
1753052497336,-1.8800468444824219,-3.8720226287841797,8.533533096313477
1753052497387,,-4.2742486000061035,
1753052497388,-2.234388828277588,-4.2742486000061035,8.078635215759277
1753052497436,-1.6837223768234253,-4.144961833953857,9.237428665161133
1753052497487,-1.0372878313064575,-3.5416228771209717,8.624512672424316
1753052497535,,-4.154538631439209,
1753052497536,-2.344521999359131,-4.350862979888916,8.658031463623047
1753052497587,-1.7699135541915894,-4.5423994064331055,9.333196640014648
1753052497635,,-3.867234230041504,
1753052497636,-1.3628993034362793,-3.757101058959961,9.03631591796875
1753052497686,-1.71245276927948,-3.891176223754883,8.15524959564209
1753052497735,-1.7842788696289062,-4.3173441886901855,9.371503829956055
1753052497787,-1.247977614402771,-3.795408248901367,8.710704803466797
1753052497835,-1.9710265398025513,-3.6996402740478516,8.437765121459961
1753052497886,-1.7028759717941284,-3.8768110275268555,9.031527519226074
1753052497935,-1.080383539199829,-3.512892484664917,
1753052497936,,,8.954913139343262
1753052497986,,-3.1968579292297363,
1753052497987,-0.9798270463943481,-3.5655648708343506,8.318055152893066
1753052498035,,-4.073135852813721,
1753052498036,-2.076371431350708,-4.111443042755127,9.09377670288086
1753052498086,-1.0755951404571533,-3.737947463989258,9.232640266418457
1753052498135,-1.3006501197814941,-3.2399535179138184,8.394669532775879
1753052498186,-1.5304933786392212,-3.7858314514160156,9.1847562789917
1753052498235,-1.6789339780807495,-3.9390604496002197,9.103353500366211
1753052498286,-0.9750386476516724,-3.5176808834075928,8.672396659851074
1753052498335,,-3.795408248901367,
1753052498336,-1.7986440658569336,,8.658031463623047
1753052498386,-0.6637924313545227,-3.62302565574646,9.261370658874512
1753052498436,-0.702099621295929,-3.445854902267456,8.715493202209473
1753052498486,,-3.7858314514160156,
1753052498487,-1.1665748357772827,,8.567051887512207
1753052498535,-2.138620615005493,-3.8959646224975586,
1753052498536,-1.5496470928192139,,8.543109893798828
1753052498586,,-3.8337154388427734,
1753052498587,-1.1953052282333374,,9.43375301361084
1753052498635,,-3.1441853046417236,
1753052498636,-0.7595604658126831,-3.3022027015686035,8.571840286254883
1753052498686,,-3.603872060775757,
1753052498687,-0.821809709072113,,9.371503829956055
1753052498735,,-4.135385036468506,
1753052498736,-1.5783774852752686,,9.165602684020996
1753052498786,,-4.073135852813721,
1753052498787,-0.7595604658126831,,9.783307075500488
1753052498835,,-3.9821560382843018,
1753052498836,-1.1091139316558838,,9.8599214553833
1753052498886,,-3.7475242614746094,
1753052498887,-0.7260416746139526,,9.586981773376465
1753052498969,,-3.4745852947235107,
1753052498970,-0.5153518915176392,-3.3883938789367676,9.539097785949707
1753052498973,-0.1801636815071106,-3.4554316997528076,9.644442558288574
1753052498974,,,9.539097785949707
1753052499022,,-3.7714662551879883,
1753052499023,-0.6542156338691711,-3.848080635070801,10.070611000061035
1753052499071,,-3.268683910369873,
1753052499072,-0.8313865661621094,-3.3452982902526855,8.571840286254883
1753052499122,-0.7116764783859253,-3.6804866790771484,9.543886184692383
1753052499171,-0.5392939448356628,-3.115454912185669,9.06983470916748
1753052499222,-0.5823895931243896,-3.3740286827087402,9.247005462646484
1753052499271,-0.32381579279899597,-3.6326024532318115,
1753052499272,,,9.419387817382812
1753052499322,-0.8457517623901367,-3.5655648708343506,9.462483406066895
1753052499323,,,9.644442558288574
1753052499371,-0.32860419154167175,-3.287837505340576,
1753052499372,,,8.830414772033691
1753052499422,-0.24241292476654053,-3.134608507156372,9.30925464630127
1753052499471,-1.0516531467437744,-3.7858314514160156,9.247005462646484
1753052499522,,-3.5464112758636475,
1753052499523,-0.24241292476654053,,10.051457405090332
1753052499571,-0.6206967830657959,-3.292625904083252,8.734646797180176
1753052499622,-0.5249287486076355,-3.795408248901367,10.075399398803711
1753052499671,-0.67815762758255,-3.378817081451416,
1753052499672,,,8.705916404724121
1753052499722,-0.5153518915176392,-3.5895068645477295,9.654019355773926
1753052499771,,-3.488950490951538,
1753052499772,-1.0755951404571533,,8.839991569519043
1753052499822,,-3.90554141998291,
1753052499823,-0.8122329115867615,,9.82640266418457
1753052499871,-0.37169981002807617,-3.426701068878174,8.85435676574707
1753052499872,,,8.816049575805664
1753052499922,-0.9941922426223755,-3.359663486480713,8.902240753173828
1753052499923,,,8.76337718963623
1753052499971,-1.2192472219467163,-3.6804866790771484,8.839991569519043
1753052500022,,-4.259883403778076,
1753052500023,-1.669357180595398,,9.357138633728027
1753052500071,-1.611896276473999,-3.8815994262695312,
1753052500072,,,8.303689956665039
1753052500122,-1.4826093912124634,-3.795408248901367,
1753052500123,-0.8888474106788635,,9.486425399780273
1753052500171,-1.9662381410598755,-4.551976203918457,9.060257911682129
1753052500222,-3.2638955116271973,-4.8488569259643555,8.490437507629395
1753052500271,,-4.413112163543701,
1753052500272,-0.7499836683273315,,10.760141372680664
1753052500322,-0.6733692288398743,-3.8768110275268555,10.118494987487793
1753052500371,-1.913565754890442,-3.8959646224975586,8.332420349121094
1753052500422,-1.367687702178955,-4.058770656585693,8.85435676574707
1753052500471,-3.0867245197296143,-4.868010520935059,9.09377670288086
1753052500522,-1.0564415454864502,-4.197634220123291,9.572616577148438
1753052500571,-1.3868412971496582,-3.4602200984954834,9.021950721740723
1753052500622,0.3274070918560028,-3.6278140544891357,8.7298583984375
1753052500623,,,8.112154006958008
1753052500671,-1.8608932495117188,-4.269460201263428,8.839991569519043
1753052500722,-1.9375077486038208,-4.820126533508301,7.992444038391113
1753052500771,-1.6789339780807495,-4.025251388549805,
1753052500772,,,7.556699275970459
1753052500822,,-4.518456935882568,
1753052500823,-2.3540987968444824,,9.59177017211914
1753052500871,-1.4826093912124634,-4.049193859100342,9.59177017211914
1753052500922,-0.8265981078147888,-3.5847184658050537,9.112930297851562
1753052500971,,-4.580706596374512,
1753052500972,-1.5975310802459717,,9.601346969604492
1753052501022,-1.3772644996643066,-3.733159065246582,9.223063468933105
1753052501023,,,8.681973457336426
1753052501071,-1.7747019529342651,-3.5033156871795654,8.088212013244629
1753052501122,-1.8034324645996094,-3.977367639541626,7.901463985443115
1753052501171,-1.6837223768234253,-3.7906198501586914,7.83921480178833
1753052501222,-1.2288240194320679,-3.4314894676208496,7.911040782928467
1753052501271,-2.5935189723968506,-4.307767391204834,
1753052501272,-1.4969745874404907,,9.012373924255371
1753052501322,-0.15143325924873352,-3.402759075164795,
1753052501323,,,7.934982776641846
1753052501371,-1.9183541536331177,-4.293402194976807,10.204686164855957
1753052501422,-1.5735890865325928,-5.222352504730225,9.5007905960083
1753052501471,,-3.402759075164795,
1753052501472,-1.1857284307479858,,10.329184532165527
1753052501522,-0.0077811554074287415,-3.8337154388427734,
1753052501523,,,10.247781753540039
1753052501571,-3.4602200984954834,-4.140173435211182,
1753052501572,,,10.697892189025879
1753052501623,0.2890998423099518,-3.9677908420562744,9.668384552001953
1753052501672,-1.0324994325637817,-2.981379747390747,9.912593841552734
1753052501722,,-2.9909565448760986,
1753052501723,1.0696096420288086,,7.5662760734558105
1753052501771,-4.216787815093994,-4.57112979888916,
1753052501772,-1.4538789987564087,,9.79288387298584
1753052501822,-0.702099621295929,-4.868010520935059,7.259818077087402
1753052501823,,,5.976525783538818
1753052501871,-1.511339783668518,-1.731606364250183,8.610147476196289
1753052501872,,,12.129624366760254
1753052501922,,-5.279813289642334,
1753052501923,0.9020155072212219,,12.163143157958984
1753052501971,,-3.7283706665039062,
1753052501972,-3.0101101398468018,,9.457695007324219
1753052502022,-0.050876785069704056,-3.1633388996124268,7.642890453338623
1753052502071,-2.014122247695923,-4.5423994064331055,11.373056411743164
1753052502122,,-4.001309394836426,
1753052502123,-1.8034324645996094,,6.74267053604126
1753052502171,-2.9095535278320312,-3.958214044570923,8.907029151916504
1753052502233,0.11192893236875534,-4.465784549713135,10.367491722106934
1753052502237,-3.421912670135498,-3.776254653930664,7.116166114807129
1753052502285,-1.2527660131454468,-3.201646327972412,9.12729549407959
1753052502335,,-3.996521234512329,
1753052502336,-0.9798270463943481,,9.989208221435547
1753052502385,-1.247977614402771,-3.5224692821502686,9.448118209838867
1753052502435,-1.9518729448318481,-3.603872060775757,9.132083892822266
1753052502484,,-3.493738889694214,
1753052502485,-2.2248120307922363,-3.8768110275268555,6.627748966217041
1753052502535,,-3.7235822677612305,
1753052502536,-3.3740286827087402,,7.772177219390869
1753052502584,,-4.149750232696533,
1753052502585,-1.9470845460891724,,8.811261177062988
1753052502635,,-2.828150749206543,
1753052502636,-1.5257049798965454,-3.709217071533203,7.187992095947266
1753052502684,,-3.6086604595184326,
1753052502685,-0.9463081955909729,,9.055469512939453
1753052502735,,-3.958214044570923,
1753052502736,-2.1481974124908447,,7.705139636993408
1753052502784,,-3.2351651191711426,
1753052502785,-1.367687702178955,-4.389170169830322,6.929418087005615
1753052502835,,-4.202422618865967,
1753052502836,-1.8034324645996094,,10.4728364944458
1753052502884,,-4.451419353485107,
1753052502885,-2.516904592514038,,8.964489936828613
1753052502935,-1.5879542827606201,-3.508104085922241,
1753052502936,,,8.203133583068848
1753052502984,,-3.843292236328125,
1753052502985,-2.3780407905578613,-2.9239187240600586,7.8296380043029785
1753052503035,,-2.80899715423584,
1753052503036,-1.6310498714447021,,7.255029678344727
1753052503084,,-4.666897773742676,
1753052503085,-3.1489737033843994,,8.667608261108398
1753052503135,-1.3724761009216309,-3.757101058959961,8.341997146606445
1753052503136,,,8.413823127746582
1753052503184,-1.2431892156600952,-3.0579941272735596,8.715493202209473
1753052503235,,-3.862445831298828,
1753052503236,-1.18094003200531,,9.108141899108887
1753052503284,,-3.177704095840454,
1753052503285,-2.3780407905578613,-3.4362781047821045,6.876745700836182
1753052503335,,-3.7618894577026367,
1753052503336,-0.4578910768032074,,8.825626373291016
1753052503384,,-3.3069911003112793,
1753052503385,-2.3780407905578613,,8.389881134033203
1753052503435,-1.14742112159729,-4.1210198402404785,6.876745700836182
1753052503436,,,6.402693748474121
1753052503484,,-3.958214044570923,
1753052503485,-4.010886192321777,-3.09151291847229,7.149684906005859
1753052503535,-0.5919663906097412,-3.9486372470855713,
1753052503536,-1.71245276927948,,8.24622917175293
1753052503584,,-2.2679076194763184,
1753052503585,-1.7699135541915894,-2.9095535278320312,6.56071138381958
1753052503635,,-4.580706596374512,
1753052503636,-0.49140989780426025,,10.678738594055176
1753052503684,,-3.642179250717163,
1753052503685,-2.7275943756103516,-3.488950490951538,8.58620548248291
1753052503735,,-4.293402194976807,
1753052503736,-0.4818331003189087,,8.835203170776367
1753052503784,,-3.7714662551879883,
1753052503785,-2.962226152420044,-3.5942952632904053,7.9637131690979
1753052503835,,-4.374804973602295,
1753052503836,-1.4203602075576782,,7.934982776641846
1753052503884,,-4.197634220123291,
1753052503885,-2.4642322063446045,,7.733870029449463
1753052503935,,-3.354875087738037,
1753052503936,-0.414795458316803,,8.715493202209473
1753052503985,-4.413112163543701,-4.906317710876465,7.618948459625244
1753052504035,-3.426701068878174,-5.883152008056641,11.13842487335205
1753052504036,,,9.816825866699219
1753052504084,,-4.307767391204834,
1753052504085,-3.9630024433135986,,7.427412033081055
1753052504135,0.025737667456269264,-0.9798270463943481,8.509591102600098
1753052504184,,-4.556764602661133,
1753052504185,-1.913565754890442,-4.226364612579346,8.107365608215332
1753052504235,,-4.911106109619141,
1753052504236,-4.235941410064697,,10.25735855102539
1753052504284,,-3.9007530212402344,
1753052504285,-0.42437225580215454,,6.689998149871826
1753052504335,-3.5272576808929443,-3.4075474739074707,6.168062210083008
1753052504336,,,6.953360080718994
1753052504384,,-5.835268020629883,
1753052504385,-2.866457939147949,,8.725069999694824
1753052504435,-4.820126533508301,-4.973355293273926,
1753052504436,-4.417900562286377,,6.225522994995117
1753052504484,,-3.7283706665039062,
1753052504485,-1.1617863178253174,-4.144961833953857,9.09377670288086
1753052504535,-1.7747019529342651,-4.322132587432861,
1753052504536,-2.0859482288360596,,10.659584045410156
1753052504584,,-3.115454912185669,
1753052504585,-0.44831427931785583,-4.116231441497803,10.817602157592773
1753052504635,,-4.31255578994751,
1753052504636,-1.6310498714447021,,10.712257385253906
1753052504684,,-4.906317710876465,
1753052504685,-3.3740286827087402,-5.413888454437256,8.22228717803955
1753052504735,-2.8425159454345703,-4.245518207550049,7.580641269683838
1753052504786,-2.5983073711395264,-4.532822132110596,8.662819862365723
1753052504835,,-3.9246952533721924,
1753052504836,-3.421912670135498,,7.9876556396484375
1753052504884,-1.3341689109802246,-3.838503837585449,7.082647323608398
1753052504935,,-1.9470845460891724,
1753052504936,-2.564788579940796,,6.627748966217041
1753052504984,,-5.37558126449585,
1753052504985,-1.204882025718689,,9.730634689331055
1753052505035,,-2.564788579940796,
1753052505036,-3.5895068645477295,,5.612607479095459
1753052505084,,-4.810549736022949,
1753052505085,-1.932719349861145,,8.164826393127441
1753052505135,,-4.374804973602295,
1753052505136,-3.292625904083252,,9.299677848815918
1753052505184,,-2.962226152420044,
1753052505185,-1.425148606300354,,7.00124454498291
1753052505235,,-2.981379747390747,
1753052505236,-1.3724761009216309,,8.744223594665527
1753052505284,-1.8944120407104492,-3.3692402839660645,
1753052505285,,,7.71471643447876
1753052505335,,-4.350862979888916,
1753052505336,-2.2200236320495605,,8.964489936828613
1753052505384,,-3.575141668319702,
1753052505385,-2.3062148094177246,-3.977367639541626,7.652467250823975
1753052505435,,-3.800196647644043,
1753052505436,-2.1769278049468994,,7.949347972869873
1753052505484,,-3.5416228771209717,
1753052505485,-2.11946702003479,-3.9007530212402344,7.906252384185791
1753052508990,,-4.207211017608643,
1753052508991,-1.9853917360305786,-4.365228176116943,8.830414772033691
1753052508992,-2.8808231353759766,-3.3500866889953613,8.993220329284668
1753052508995,-3.1441853046417236,-3.5847184658050537,8.67718505859375
1753052509047,-1.856104850769043,-3.642179250717163,8.97885513305664
1753052509098,-1.3389573097229004,-3.397970676422119,6.919841289520264
1753052509147,,-3.9630024433135986,
1753052509148,-1.999756932258606,,9.572616577148438
1753052509406,,-4.441842555999756,
1753052509407,-2.1960813999176025,-4.350862979888916,7.4752960205078125
1753052509412,-1.1665748357772827,-5.495291233062744,10.34833812713623
1753052509462,,-5.490502834320068,
1753052509463,-1.7220295667648315,-5.490502834320068,12.646772384643555
1753052509513,,-4.269460201263428,
1753052509514,-1.4107834100723267,-4.4274773597717285,9.864709854125977
1753052510766,-3.7235822677612305,-3.800196647644043,8.217498779296875
1753052510769,-0.07003039866685867,-4.518456935882568,10.286088943481445
1753052510817,,-4.365228176116943,
1753052510818,-2.1577742099761963,-3.359663486480713,7.135319709777832
1753052510868,,-3.5942952632904053,
1753052510869,,-5.188833713531494,
1753052510870,-3.053205728530884,,8.701127052307129
1753052510918,-1.8417396545410156,-4.192845821380615,7.891887187957764
1753052520500,,-3.488950490951538,
1753052520501,-2.344521999359131,,7.537545680999756
1753052520502,,,7.7434468269348145
1753052520503,-3.072359323501587,,7.97329044342041
1753052520504,-2.962226152420044,,9.586981773376465
1753052520505,,-4.475361347198486,9.409811019897461
1753052520506,,-5.212775707244873,
1753052520555,-2.0380642414093018,-5.083488941192627,8.193556785583496
1753052520606,-1.8417396545410156,-5.260659694671631,9.275735855102539
1753052520655,-2.9765913486480713,-5.495291233062744,8.351573944091797
1753052520705,,-5.629366874694824,
1753052520706,-1.8656816482543945,-4.4274773597717285,10.094552993774414
1753052520746,,-5.394734859466553,
1753052520747,-2.7994203567504883,,9.716269493103027
1753052520794,-1.4107834100723267,-5.610213279724121,
1753052520795,-2.4355015754699707,,9.462483406066895
1753052520846,,-4.791396141052246,
1753052520847,-1.6502034664154053,-5.456984043121338,8.844779968261719
1753052520894,,-4.599860191345215,
1753052520896,-1.4586673974990845,,7.599794864654541
1753052520945,-2.741959571838379,-6.084265232086182,10.942100524902344
1753052524720,,-5.476137638092041,
1753052524721,-2.785055160522461,-5.150526523590088,8.452130317687988
1753052524725,-1.1665748357772827,-3.5703532695770264,8.969278335571289
1753052524777,-1.0708067417144775,-4.604648590087891,
1753052524778,-1.2623428106307983,,9.419387817382812
1753052524826,-2.1960813999176025,-4.930259704589844,9.347561836242676
1753052528318,,-5.1361613273620605,
1753052528320,,-4.887164115905762,
1753052528321,-1.9231425523757935,-4.518456935882568,
1753052528322,-2.1290438175201416,,
1753052528323,-1.592742681503296,,
1753052528324,-3.024475336074829,,9.170391082763672
1753052528361,,-4.748300552368164,
1753052528362,-3.153762102127075,,8.921394348144531
1753052528412,-1.6980875730514526,-3.1441853046417236,7.264606475830078
1753052528461,,-5.054758548736572,
1753052528462,-3.0388405323028564,-4.049193859100342,10.108918190002441
1753052528489,-1.0995371341705322,-3.426701068878174,8.432976722717285
1753052528537,-3.048417329788208,-4.52803373336792,6.919841289520264
1753052528587,,-4.192845821380615,
1753052528588,-3.5224692821502686,-4.619013786315918,7.9397711753845215
1753052528637,-3.1681272983551025,-5.825691223144531,7.101800918579102
1753052528688,-3.3644518852233887,-2.957437753677368,
1753052528689,,,5.7993550300598145
1753052528737,,-4.896740913391113,
1753052528738,-1.9853917360305786,,8.902240753173828
1753052528788,,-4.245518207550049,
1753052528789,-3.9677908420562744,,6.780977725982666
1753052528861,-1.449090600013733,-4.2550950050354,9.242217063903809
1753052528864,,-4.700416564941406,
1753052528865,-3.0340521335601807,,8.825626373291016
1753052528913,-3.7235822677612305,-5.107430934906006,8.562263488769531
1753052528962,-2.339733600616455,-5.198410511016846,9.304466247558594
1753052528963,,,7.906252384185791
1753052529014,-3.9199066162109375,-4.566341400146484,7.666832447052002
1753052529062,-2.4211363792419434,-4.662109375,8.801684379577637
1753052529114,-4.1880574226379395,-4.915894508361816,7.824849605560303
1753052529162,,-4.504091739654541,
1753052529163,-2.057217836380005,-4.432265758514404,8.270171165466309
1753052529214,-4.020462989807129,-4.547187805175781,8.183979988098145
1753052529262,,-4.829703330993652,
1753052529263,-1.8704700469970703,-4.791396141052246,10.199897766113281
1753052529427,,-4.374804973602295,
1753052529428,-2.6126725673675537,-4.049193859100342,9.237428665161133
1753052529434,-2.8377275466918945,-4.178480625152588,8.835203170776367
1753052529435,,,9.64923095703125
1753052529485,,-4.259883403778076,
1753052529486,-2.804208755493164,-4.78660774230957,8.744223594665527
1753052529536,,-5.145738124847412,
1753052529537,-3.3500866889953613,,10.252570152282715
1753052529586,-2.981379747390747,-3.996521234512329,8.768165588378906
1753052529637,-2.4211363792419434,-3.8815994262695312,8.863933563232422
1753052529686,,-5.217564105987549,
1753052529687,-4.082712650299072,-3.5224692821502686,10.13286018371582
1753052529735,,-4.245518207550049,
1753052529736,-3.666121244430542,-4.551976203918457,8.107365608215332
1753052529786,,-3.158550500869751,
1753052529787,-1.7363947629928589,-2.5935189723968506,11.291653633117676
1753052529835,,-4.87758731842041,
1753052529836,-5.7107696533203125,-5.088277339935303,10.444106101989746
1753052529886,,-4.288613796234131,
1753052529887,-1.8225860595703125,-5.117007732391357,8.183979988098145
1753052529935,,-2.895188331604004,
1753052529936,-3.512892484664917,,6.656479358673096
1753052529986,,-3.2112231254577637,
1753052529987,-0.5919663906097412,,11.430517196655273
1753052530035,-2.9047651290893555,-3.3692402839660645,
1753052530036,-3.90554141998291,,6.450577735900879
1753052530086,,-3.1010897159576416,
1753052530087,-1.8082208633422852,,9.634865760803223
1753052530135,,-4.614225387573242,
1753052530136,-1.0468647480010986,,10.65479564666748
1753052530186,-3.3261446952819824,-3.7187938690185547,8.24622917175293
1753052530235,,-4.298190593719482,
1753052530236,-1.5640122890472412,,9.831191062927246
1753052530286,,-4.0300397872924805,
1753052530287,-3.0340521335601807,,8.437765121459961
1753052530335,,-3.78104305267334,
1753052530336,-0.8984242081642151,-3.7858314514160156,9.405022621154785
1753052530386,,-3.555988073348999,
1753052530387,-2.081159830093384,-3.383605480194092,8.09778881072998
1753052530435,,-4.001309394836426,
1753052530436,-2.1098902225494385,-3.934272050857544,8.8878755569458
1753052530486,,-3.421912670135498,
1753052530487,-1.3772644996643066,,9.03631591796875
1753052530535,,-2.8808231353759766,
1753052530536,-1.1713632345199585,-2.7323827743530273,10.40579891204834
1753052530586,0.9307458996772766,-2.8137855529785156,
1753052530587,-0.7739257216453552,,10.37228012084961
1753052530635,,-3.2591071128845215,
1753052530636,-1.8513164520263672,-3.4362781047821045,9.371503829956055
1753052530687,-1.5831658840179443,-3.488950490951538,9.3427734375
1753052530735,,-3.4602200984954834,
1753052530736,-0.7643488645553589,-3.694851875305176,10.448894500732422
1753052530786,,-3.230376720428467,
1753052530787,-1.6502034664154053,,9.122507095336914
1753052530835,,-3.18249249458313,
1753052530836,-1.3198037147521973,,9.088988304138184
1753052530886,-0.5919663906097412,-3.0196869373321533,
1753052530887,,,10.468048095703125
1753052530935,,-2.981379747390747,
1753052530936,-1.1091139316558838,,8.394669532775879
1753052530967,-2.0907366275787354,-3.316567897796631,9.59177017211914
1753052531016,,-3.1872811317443848,
1753052531017,-0.49619829654693604,,9.730634689331055
1753052531067,-1.0947487354278564,-3.1920695304870605,9.3427734375
1753052531116,,-3.1681272983551025,
1753052531117,-1.2096704244613647,-3.3069911003112793,9.539097785949707
1753052531167,,-3.2351651191711426,
1753052531168,-1.4969745874404907,,9.677961349487305
1753052531216,-0.778714120388031,-3.5416228771209717,
1753052531217,,,10.3148193359375
1753052531268,-1.3437457084655762,-3.4314894676208496,9.879075050354004
1753052531318,-2.188898801803589,-3.266289710998535,10.108918190002441
1753052531368,,-3.6709096431732178,
1753052531369,-1.4634557962417603,,9.634865760803223
1753052531418,-1.30543851852417,-3.8959646224975586,11.183915138244629
1753052531466,,-2.964620351791382,
1753052531467,-1.1210849285125732,,9.347561836242676
1753052531518,-0.9774328470230103,-3.6996402740478516,10.142436981201172
1753052531568,-1.1929110288619995,-3.3261446952819824,
1753052531569,,,8.634089469909668
1753052531618,-1.8704700469970703,-3.273472309112549,9.620500564575195
1753052531668,-1.0013748407363892,-3.558382272720337,9.64683723449707
1753052531717,-1.7052701711654663,-3.752312660217285,10.173561096191406
1753052531767,,-3.716399669647217,
1753052531768,-0.943913996219635,,10.379463195800781
1753052531818,-0.14664486050605774,-3.4554316997528076,10.877456665039062
1753052531867,,-3.6349966526031494,
1753052531868,-1.326986312866211,,10.781688690185547
1753052531917,-0.7739257216453552,-3.7475242614746094,
1753052531918,-2.033275842666626,,9.278130531311035
1753052531966,,-4.458601951599121,
1753052531967,0.22206220030784607,,11.241375923156738
1753052532017,-2.7706899642944336,-3.692457675933838,7.757812023162842
1753052532067,-0.7451952695846558,-3.666121244430542,9.239823341369629
1753052532117,,-4.168903827667236,
1753052532118,-1.8584990501403809,,10.513538360595703
1753052532167,-1.7627309560775757,-4.544793605804443,9.503185272216797
1753052532216,,-4.619013786315918,
1753052532217,-1.9303251504898071,,10.061034202575684
1753052532267,-4.343680381774902,-4.990114688873291,
1753052532268,-4.853645324707031,,6.903081893920898
1753052532317,,-4.283825397491455,
1753052532318,-1.1953052282333374,-4.1880574226379395,11.205462455749512
1753052532367,-1.6525976657867432,-3.244741916656494,8.58620548248291
1753052532417,-0.9870096445083618,-4.006097793579102,9.304466247558594
1753052532466,,-4.283825397491455,
1753052532467,-2.5791537761688232,,7.434594631195068
1753052532517,-2.7036523818969727,-3.6493618488311768,
1753052532518,-1.1426327228546143,,7.901463985443115
1753052532567,-1.4826093912124634,-4.621407985687256,
1753052532617,-1.810615062713623,-4.578312397003174,9.905410766601562
1753052532667,-1.6478092670440674,-4.288613796234131,9.529520988464355
1753052532716,,-4.053982257843018,
1753052532717,-2.0476410388946533,,9.40023422241211
1753052532767,-1.8632874488830566,-4.774636745452881,10.480019569396973
1753052532817,,-4.281431198120117,
1753052532818,-1.1115081310272217,,9.141660690307617
1753052532867,-2.121861219406128,-3.9270894527435303,8.387487411499023
1753052532917,-2.258330821990967,-4.154538631439209,
1753052532918,,,8.670002937316895
1753052532966,-1.245583415031433,-3.9677908420562744,
1753052532967,-1.8417396545410156,,9.388263702392578
1753052533017,-2.471414804458618,-4.714781761169434,8.488043785095215
1753052533067,-2.380434989929199,-3.773860454559326,7.844003200531006
1753052533116,,-3.7403416633605957,
1753052533117,-1.3078327178955078,,8.322843551635742
1753052533166,,-3.6062662601470947,
1753052533167,-2.294243812561035,-3.757101058959961,7.978078842163086
1753052533218,-1.8010382652282715,-4.465784549713135,9.723451614379883
1753052533267,-1.688510775566101,-4.044404983520508,7.999626636505127
1753052533317,,-4.4945149421691895,
1753052533318,-2.258330821990967,,9.053074836730957
1753052533367,-2.536058187484741,-4.410717964172363,8.813654899597168
1753052533416,,-4.511274337768555,
1753052533417,-1.877652645111084,,9.03631591796875
1753052533466,,-4.87758731842041,
1753052533467,-1.8010382652282715,,9.151237487792969
1753052533517,-2.097919225692749,-4.554370403289795,8.658031463623047
1753052533567,-2.117072820663452,-4.441842555999756,8.689156532287598
1753052533616,,-4.824914932250977,
1753052533617,-1.5592238903045654,,9.77133560180664
1753052533666,,-5.155314922332764,
1753052533667,-2.6150667667388916,-5.126584529876709,9.984419822692871
1753052533716,,-4.642955780029297,
1753052533717,-1.2767080068588257,,9.021950721740723
1753052533766,,-4.57112979888916,
1753052533767,-2.1745336055755615,-4.5160627365112305,8.897452354431152
1753052533816,,-5.021239280700684,
1753052533817,-2.100313425064087,-5.277419090270996,9.630077362060547
1753052533866,,-5.128978729248047,
1753052533867,-1.3748703002929688,-5.344456672668457,9.77133560180664
1753052533917,-2.5504233837127686,-5.401917457580566,9.371503829956055
1753052533965,,-4.619013786315918,
1753052533966,-1.2312182188034058,-5.196016311645508,10.152013778686523
1753052534016,,-5.2247467041015625,
1753052534017,-2.390011787414551,,8.7083101272583
1753052534066,,-4.245518207550049,
1753052534067,-0.639850378036499,-4.970961093902588,8.234258651733398
1753052534116,,-4.846462726593018,
1753052534117,-3.4410665035247803,-4.796184539794922,8.612542152404785
1753052534167,-2.3325510025024414,-4.654926776885986,7.599794864654541
1753052534216,-2.0644004344940186,-4.444236755371094,8.112154006958008
1753052534267,-2.095525026321411,-4.750694751739502,8.13370132446289
1753052534316,,-4.166509628295898,
1753052534317,-2.0907366275787354,-4.326920986175537,8.67479133605957
1753052534366,,-4.8704047203063965,
1753052534367,-0.982221245765686,-4.896740913391113,9.28531265258789
1753052534416,,-5.143343925476074,
1753052534417,-2.4402899742126465,,9.3427734375
1753052534466,-1.5352818965911865,-4.882375717163086,9.630077362060547
1753052534517,-1.956661343574524,-5.2893900871276855,9.507973670959473
1753052534567,-1.4538789987564087,-5.179256916046143,9.835979461669922
1753052534616,,-4.1425676345825195,
1753052534617,-1.2288240194320679,,9.067440032958984
1753052534667,-0.6805518269538879,-4.726752758026123,9.407417297363281
1753052534716,,-4.118625640869141,
1753052534717,-1.4778209924697876,,8.435371398925781
1753052534766,,-4.765059947967529,
1753052534767,-2.380434989929199,-4.13059663772583,8.511985778808594
1753052534816,,-4.0300397872924805,
1753052534817,-0.5991489887237549,,9.06983470916748
1753052534866,,-3.9677908420562744,
1753052534867,-1.7603367567062378,-3.7403416633605957,8.13370132446289
1753052534916,,-4.334103584289551,
1753052534917,0.14784196019172668,-4.958990097045898,9.847949981689453
1753052534966,-2.409165382385254,-4.8488569259643555,
1753052534967,,,9.3427734375
1753052535016,-0.6326677799224854,-4.882375717163086,
1753052535017,-1.3221979141235352,,9.814431190490723
1753052535066,,-4.724358558654785,
1753052535067,-2.0260932445526123,-5.124190330505371,9.462483406066895
1753052535117,-1.3628993034362793,-5.217564105987549,10.185532569885254
1753052535166,-0.8792705535888672,-4.144961833953857,9.407417297363281
1753052535216,-1.4586673974990845,-5.066729545593262,9.764153480529785
1753052535266,,-4.796184539794922,
1753052535267,-1.269525408744812,-4.729146957397461,9.685144424438477
1753052535317,-1.2862848043441772,-4.434659957885742,9.606135368347168
1753052535366,,-4.492120742797852,
1753052535367,-0.7858967185020447,-4.393958568572998,9.088988304138184
1753052535416,,-4.4825439453125,
1753052535417,-1.4538789987564087,,9.06983470916748
1753052535466,,-4.58310079574585,
1753052535467,-1.5161281824111938,,8.526350975036621
1753052535517,-0.884058952331543,-4.506485939025879,9.560646057128906
1753052535567,-1.0851719379425049,-4.006097793579102,9.37629222869873
1753052535616,,-4.748300552368164,
1753052535617,-1.1665748357772827,-4.513668537139893,9.366715431213379
1753052535666,,-3.958214044570923,
1753052535667,0.2890998423099518,-4.092289447784424,10.37228012084961
1753052535716,-0.03890577703714371,-4.032433986663818,
1753052535717,-1.4371196031570435,,8.942941665649414
1753052535767,-0.9127894043922424,-4.0994720458984375,9.314043045043945
1753052535816,,-4.587889194488525,
1753052535817,-1.5328876972198486,-4.535216331481934,9.481637001037598
1753052535867,-1.3317747116088867,-4.334103584289551,9.496002197265625
1753052535917,-0.6733692288398743,-3.843292236328125,9.268553733825684
1753052535966,,-3.714005470275879,
1753052535967,-0.3669114112854004,,8.875904083251953
1753052536016,,-3.9486372470855713,
1753052536017,-1.2982559204101562,,8.892663955688477
1753052536067,-0.5752069354057312,-4.125808238983154,8.629301071166992
1753052536094,-0.6446388363838196,-3.2806549072265625,8.571840286254883
1753052536111,,-4.245518207550049,
1753052536112,-0.32620999217033386,,9.469666481018066
1753052536130,-1.1402385234832764,-4.40353536605835,10.453682899475098
1753052536151,,-4.092289447784424,
1753052536152,-1.5065513849258423,-3.6804866790771484,9.534309387207031
1753052536172,,-3.733159065246582,
1753052536173,-0.11791443079710007,-4.159327030181885,8.839991569519043
1753052536188,-0.8744821548461914,-4.049193859100342,9.419387817382812
1753052536190,-0.3477577865123749,-3.9917328357696533,9.764153480529785
1753052536200,,-4.489726543426514,
1753052536201,-1.1186907291412354,,9.673172950744629
1753052536211,-1.425148606300354,-4.504091739654541,9.567828178405762
1753052536273,,-4.235941410064697,
1753052536274,-1.0181342363357544,-3.931877851486206,9.677961349487305
1753052536323,,-4.561553001403809,
1753052536324,-0.618302583694458,,10.310030937194824
1753052536374,-0.9798270463943481,-4.152144432067871,9.122507095336914
1753052536423,-0.7835025191307068,-4.329315185546875,9.48882007598877
1753052536474,0.05925649031996727,-3.378817081451416,9.088988304138184
1753052536523,,-4.1425676345825195,
1753052536524,-1.2767080068588257,,10.003573417663574
1753052536573,,-4.003703594207764,
1753052536574,0.19812019169330597,-4.092289447784424,9.594164848327637
1753052536622,,-3.737947463989258,
1753052536623,-1.1210849285125732,-4.305373191833496,8.150461196899414
1753052536673,-0.25677812099456787,-4.257489204406738,10.175955772399902
1753052536723,,-3.5703532695770264,
1753052536724,-1.425148606300354,,7.642890453338623
1753052536772,,-4.018068790435791,
1753052536773,-0.8265981078147888,-4.132990837097168,9.225458145141602
1753052536822,,-4.075530052185059,
1753052536823,-0.8577227592468262,-4.094683647155762,9.311649322509766
1753052536873,-0.39564183354377747,-4.34607458114624,9.907805442810059
1753052536923,-0.21128830313682556,-4.020462989807129,9.912593841552734
1753052536974,-0.7691373229026794,-4.7818193435668945,9.567828178405762
1753052537022,,-4.22157621383667,
1753052537023,-0.08918401598930359,-4.3628339767456055,10.28130054473877
1753052537073,-1.5304933786392212,-4.417900562286377,
1753052537074,,,9.328408241271973
1753052537123,0.2364274114370346,-3.869628429412842,10.776900291442871
1753052537173,-0.49140989780426025,-3.998915433883667,
1753052537174,-0.6901286244392395,,9.61331844329834
1753052537223,,-4.468178749084473,
1753052537224,-0.24001872539520264,-3.773860454559326,10.9492826461792
1753052537273,-0.2687491476535797,-3.6349966526031494,9.294889450073242
1753052537323,-0.24480712413787842,-3.883993625640869,9.345168113708496
1753052537373,-0.8720879554748535,-4.334103584289551,10.410587310791016
1753052537422,,-3.9701850414276123,
1753052537423,-0.9175778031349182,-3.9462430477142334,8.701127052307129
1753052537474,-0.5464765429496765,-3.867234230041504,10.661978721618652
1753052537523,0.4040215313434601,-3.819350242614746,9.91738224029541
1753052537573,,-3.8552632331848145,
1753052537574,-0.11312603205442429,,10.053851127624512
1753052537622,,-3.4961330890655518,
1753052537623,-0.5273229479789734,,8.983643531799316
1753052537673,-0.3429693877696991,-3.515286684036255,9.67077922821045
1753052537674,,,9.19433307647705
1753052537723,,-3.840898036956787,
1753052537724,-1.1306617259979248,-3.555988073348999,10.161590576171875
1753052537773,-0.42676645517349243,-3.7235822677612305,9.472060203552246
1753052537823,-1.204882025718689,-3.5679590702056885,9.493608474731445
1753052537874,0.5213374495506287,-4.307767391204834,10.254964828491211
1753052537924,0.7080851793289185,-4.17608642578125,10.52790355682373
1753052537974,,-3.663727045059204,
1753052537975,-0.9319429993629456,,8.236652374267578
1753052538022,,-3.5488054752349854,
1753052538023,0.1215057373046875,-3.737947463989258,8.51677417755127
1753052538074,-1.2527660131454468,-3.5176808834075928,9.39784049987793
1753052538123,-0.5704185366630554,-3.558382272720337,8.76337718963623
1753052538173,,-2.825756549835205,
1753052538174,-0.7164648771286011,,8.40424633026123
1753052538224,-0.8122329115867615,-3.512892484664917,8.150461196899414
1753052538273,-1.1354501247406006,-3.6086604595184326,
1753052538274,,,8.298901557922363
1753052538323,,-3.5296518802642822,
1753052538324,-1.1713632345199585,,8.200738906860352
1753052538374,-1.789067268371582,-3.8097734451293945,8.346785545349121
1753052538423,-2.0715830326080322,-4.3173441886901855,7.745841026306152
1753052538474,,-4.257489204406738,
1753052538475,-2.935889720916748,-4.238335609436035,7.8727335929870605
1753052538523,-0.012569558806717396,-4.010886192321777,
1753052538524,,,9.857526779174805
1753052538573,,-3.1968579292297363,
1753052538574,-1.391629695892334,-3.2375593185424805,8.40424633026123
1753052538622,,-4.2742486000061035,
1753052538623,-1.1378443241119385,-4.602254390716553,9.225458145141602
1753052538673,-2.143409013748169,-4.460996150970459,
1753052538674,-2.251148223876953,,8.646060943603516
1753052538724,-1.2407950162887573,-3.7906198501586914,
1753052538725,,,9.335591316223145
1753052538773,,-3.642179250717163,
1753052538774,-1.856104850769043,-3.7427358627319336,8.109759330749512
1753052538822,,-4.456207752227783,
1753052538823,-1.9015947580337524,,8.579023361206055
1753052538873,,-4.499303340911865,
1753052538874,-2.0260932445526123,,9.304466247558594
1753052538923,-1.9470845460891724,-4.211999416351318,8.03075122833252
1753052538974,-2.627037763595581,-4.314949989318848,8.265382766723633
1753052538975,,,8.921394348144531
1753052539022,,-4.690839767456055,
1753052539023,-1.932719349861145,-4.444236755371094,9.170391082763672
1753052539073,-2.121861219406128,-4.171298027038574,8.0331449508667
1753052539123,-3.0125043392181396,-4.808155536651611,8.610147476196289
1753052539173,-1.568800687789917,-4.197634220123291,8.67479133605957
1753052539223,,-4.2742486000061035,
1753052539224,-2.1577742099761963,,9.266159057617188
1753052539273,-1.8608932495117188,-4.204816818237305,
1753052539274,,,8.40185260772705
1753052539323,-2.006939649581909,-4.015674591064453,8.167220115661621
1753052539373,,-4.817732334136963,
1753052539374,-2.366069793701172,-4.343680381774902,8.861538887023926
1753052539422,,-4.525639533996582,
1753052539423,-2.294243812561035,-4.5639472007751465,9.079411506652832
1753052539476,-2.1769278049468994,-4.379593372344971,
1753052539477,-2.227206230163574,,8.636484146118164
1753052539523,,-4.52803373336792,
1753052539524,-2.586336374282837,,8.476072311401367
1753052539576,,-4.853645324707031,
1753052539578,-2.80899715423584,,9.800065994262695
1753052539623,-0.4076128304004669,-2.5312697887420654,7.48726749420166
1753052539673,-3.7906198501586914,-4.9350481033325195,9.01476764678955
1753052539724,,-4.302978992462158,
1753052539725,0.6769605278968811,-4.350862979888916,8.880692481994629
1753052539775,-5.064335346221924,-4.137779235839844,5.938218593597412
1753052539823,-1.3844470977783203,-4.721964359283447,8.909422874450684
1753052539873,-2.5288755893707275,-5.117007732391357,8.770559310913086
1753052539923,-1.1617863178253174,-3.244741916656494,9.378686904907227
1753052539974,-2.0476410388946533,-4.595071792602539,8.892663955688477
1753052540023,-2.1529858112335205,-4.168903827667236,9.879075050354004
1753052540073,-1.247977614402771,-4.063559055328369,9.867103576660156
1753052540123,,-3.958214044570923,
1753052540124,-1.875258445739746,,8.760982513427734
1753052540174,-2.188898801803589,-4.839280128479004,9.946112632751465
1753052540224,-1.8920178413391113,-3.4626142978668213,
1753052540225,-2.212841033935547,,7.899069786071777
1753052540273,,-4.2527008056640625,
1753052540274,-2.7730841636657715,-4.190451622009277,8.672396659851074
1753052540323,-1.5161281824111938,-3.953425645828247,9.388263702392578
1753052540373,,-3.7427358627319336,
1753052540374,-1.1162965297698975,,8.231863975524902
1753052540422,,-3.6278140544891357,
1753052540423,-1.5975310802459717,-3.910329818725586,9.041104316711426
1753052540474,-2.5743653774261475,-4.310161590576172,7.745841026306152
1753052540523,-2.0428526401519775,-4.709993362426758,
1753052540524,,,10.27890682220459
1753052540573,-2.5935189723968506,-4.061164855957031,
1753052540574,,,9.148842811584473
1753052540622,,-3.9390604496002197,
1753052540623,-1.5017629861831665,,8.851962089538574
1753052540672,-2.3110032081604004,-3.7499184608459473,
1753052540673,-2.7084407806396484,,8.78731918334961
1753052540723,-2.476203203201294,-4.3628339767456055,9.225458145141602
1753052540773,-2.3756465911865234,-4.386775970458984,9.462483406066895
1753052540823,-2.3780407905578613,-4.2742486000061035,9.627683639526367
1753052540873,-1.7363947629928589,-4.238335609436035,9.934141159057617
1753052540923,-2.825756549835205,-4.22157621383667,8.751405715942383
1753052540974,-2.299032211303711,-4.863222122192383,10.087369918823242
1753052541023,-2.1745336055755615,-3.7906198501586914,8.954913139343262
1753052541073,-2.3540987968444824,-4.259883403778076,9.268553733825684
1753052541123,-1.446696400642395,-3.472191095352173,9.347561836242676
1753052541173,-2.320580005645752,-3.7259764671325684,9.03631591796875
1753052541223,,-3.6565444469451904,
1753052541224,-1.0348936319351196,,9.553462982177734
1753052541273,-2.4642322063446045,-3.3644518852233887,9.421782493591309
1753052541323,-0.6709750294685364,-2.940678119659424,10.290877342224121
1753052541373,-0.041299980133771896,-2.2200236320495605,10.755352973937988
1753052541423,-2.698863983154297,-3.5296518802642822,8.859145164489746
1753052541474,-2.299032211303711,-4.0300397872924805,9.297284126281738
1753052541523,-2.540846586227417,-3.9246952533721924,10.178350448608398
1753052541573,-1.9710265398025513,-3.2399535179138184,8.655637741088867
1753052541622,,-3.639785051345825,
1753052541623,-1.1953052282333374,-3.1944637298583984,10.171167373657227
1753052541674,-1.7411831617355347,-2.890399932861328,8.871115684509277
1753052541724,,-3.778648853302002,
1753052541726,-1.7699135541915894,,9.182361602783203
1753052541775,,-3.2375593185424805,
1753052541776,-1.4778209924697876,-3.5942952632904053,9.203909873962402
1753052541826,-1.789067268371582,-3.934272050857544,
1753052541827,-1.5304933786392212,,10.087369918823242
1753052541876,-1.5209165811538696,-3.3500866889953613,8.650849342346191
1753052541926,-1.8704700469970703,-3.8121676445007324,10.700285911560059
1753052541974,-1.5352818965911865,-2.897582530975342,8.375515937805176
1753052541975,,,10.661978721618652
1753052542026,-2.3469161987304688,-4.180874824523926,10.22383975982666
1753052542076,,-3.555988073348999,
1753052542077,-1.6956933736801147,-3.20404052734375,10.884639739990234
1753052542126,,-3.445854902267456,
1753052542127,-1.4036006927490234,,8.720281600952148
1753052542176,-1.7794904708862305,-4.049193859100342,
1753052542177,,,9.354744911193848
1753052542223,,-3.493738889694214,
1753052542224,-1.8082208633422852,-3.6709096431732178,9.67077922821045
1753052542276,-1.755548357963562,-3.3476924896240234,
1753052542277,-1.247977614402771,,9.206304550170898
1753052542326,,-3.3452982902526855,
1753052542327,-1.346139907836914,,9.61571216583252
1753052542376,-1.66696298122406,-3.931877851486206,10.34594440460205
1753052542426,,-3.730764865875244,
1753052542427,-1.755548357963562,,9.3427734375
1753052542428,,,9.689932823181152
1753052542474,-1.2551602125167847,-3.7020344734191895,10.06582260131836
1753052542526,-1.690904974937439,-3.2830491065979004,8.679579734802246
1753052542576,-1.7148469686508179,-3.553593873977661,
1753052542577,-1.7435773611068726,,8.832808494567871
1753052542625,-2.0476410388946533,-3.642179250717163,
1753052542626,,,9.780912399291992
1753052542676,-1.832162857055664,-3.57753586769104,9.268553733825684
1753052542726,,-3.3213562965393066,
1753052542727,-1.5640122890472412,,8.976460456848145
1753052542776,-1.5424644947052002,-3.7020344734191895,9.388263702392578
1753052542826,,-3.7427358627319336,
1753052542827,-1.875258445739746,,9.876680374145508
1753052542874,,-3.1489737033843994,
1753052542875,-1.3317747116088867,-3.2423477172851562,9.000402450561523
1753052542926,-1.224035620689392,-3.4769794940948486,9.847949981689453
1753052542975,-1.956661343574524,-3.800196647644043,10.046669006347656
1753052543025,,-3.7858314514160156,
1753052543026,-1.6813281774520874,,9.867103576660156
1753052543083,,-3.0125043392181396,
1753052543084,-1.875258445739746,-3.711611270904541,8.794501304626465
1753052543125,,-4.027645587921143,
1753052543126,-2.2415714263916016,-4.104260444641113,9.304466247558594
1753052543177,-0.9127894043922424,-3.3452982902526855,9.165602684020996
1753052543226,-2.02848744392395,-3.271078109741211,9.244611740112305
1753052543275,-1.6166846752166748,-3.582324266433716,8.60775375366211
1753052543326,-1.6932991743087769,-3.8313212394714355,
1753052543327,,,10.683526992797852
1753052543376,,-3.069965124130249,
1753052543377,-1.8920178413391113,,8.710704803466797
1753052543427,-1.1785458326339722,-3.445854902267456,10.017938613891602
1753052543476,-1.9399019479751587,-3.8792052268981934,10.04427433013916
1753052543525,-0.6661866307258606,-2.9550435543060303,9.531915664672852
1753052543576,-2.210446834564209,-3.4793736934661865,9.55585765838623
1753052543626,-1.1234791278839111,-3.6349966526031494,
1753052543627,,,9.414599418640137
1753052543675,,-3.469796895980835,
1753052543676,-1.997362732887268,,9.484031677246094
1753052543725,,-3.7499184608459473,
1753052543726,-1.7507599592208862,,9.98681354522705
1753052543775,-1.0396820306777954,-3.426701068878174,9.37629222869873
1753052543825,,-3.2615013122558594,
1753052543826,-1.911171555519104,-3.4793736934661865,9.065046310424805
1753052543875,,-3.1034839153289795,
1753052543876,-1.8010382652282715,,9.395445823669434
1753052543925,,-3.29502010345459,
1753052543926,-1.0851719379425049,-3.448249101638794,9.30686092376709
1753052543975,,-3.3429040908813477,
1753052543976,-1.303044319152832,,9.625288963317871
1753052544025,,-3.1226375102996826,
1753052544026,-1.125873327255249,,8.868721961975098
1753052544075,-2.167351007461548,-3.998915433883667,9.357138633728027
1753052544124,,-3.9630024433135986,
1753052544125,-1.8393454551696777,-3.555988073348999,10.005967140197754
1753052544174,,-3.845686435699463,
1753052544175,-2.538452386856079,-3.5464112758636475,8.078635215759277
1753052544224,,-3.9151182174682617,
1753052544225,-2.0835540294647217,-4.0084919929504395,9.665990829467773
1753052544275,-2.160168409347534,-3.929483652114868,8.30129623413086
1753052544324,,-4.580706596374512,
1753052544325,-4.705204963684082,,7.135319709777832
1753052544374,-1.8920178413391113,-4.05158805847168,9.68274974822998
1753052544375,,,10.604517936706543
1753052544424,-1.4131776094436646,-3.644573450088501,
1753052544425,-1.7076643705368042,,10.025120735168457
1753052544474,-1.8608932495117188,-3.488950490951538,8.796895980834961
1753052544525,-1.9877859354019165,-3.958214044570923,
1753052544526,,,8.880692481994629
1753052544574,-2.5121161937713623,-4.053982257843018,8.394669532775879
1753052544624,-1.875258445739746,-4.123414039611816,8.686761856079102
1753052544674,-1.2288240194320679,-4.068347454071045,9.187150001525879
1753052544724,-1.9829975366592407,-3.6278140544891357,8.284536361694336
1753052544775,-1.9829975366592407,-3.6158430576324463,8.093000411987305
1753052544824,-2.255936622619629,-4.365228176116943,9.43135929107666
1753052544874,-2.033275842666626,-3.862445831298828,
1753052544875,-2.1721394062042236,,8.636484146118164
1753052544923,,-3.663727045059204,
1753052544924,-1.8177976608276367,-3.711611270904541,8.703521728515625
1753052544974,-1.5975310802459717,-3.7403416633605957,8.464101791381836
1753052545025,-1.8273744583129883,-3.9007530212402344,8.91181755065918
1753052545026,,,9.041104316711426
1753052545074,-1.9063831567764282,-4.049193859100342,8.69873332977295
1753052545126,,-4.259883403778076,
1753052545127,-2.188898801803589,-4.135385036468506,8.760982513427734
1753052545173,-1.6597803831100464,-3.9677908420562744,
1753052545174,,,7.994838237762451
1753052545224,-2.0260932445526123,-3.9462430477142334,8.344391822814941
1753052545273,,-3.8361096382141113,
1753052545274,-1.856104850769043,-3.709217071533203,8.380304336547852
1753052545323,,-3.773860454559326,
1753052545324,-1.9638439416885376,,8.291719436645508
1753052545373,-2.5480291843414307,-4.370016574859619,
1753052545374,-2.0715830326080322,,8.152854919433594
1753052545423,,-4.173692226409912,
1753052545424,-2.275090217590332,,8.784924507141113
1753052545474,-1.9470845460891724,-4.1210198402404785,8.617330551147461
1753052545523,,-4.118625640869141,
1753052545524,-1.9901801347732544,-4.240729808807373,8.380304336547852
1753052545573,,-4.171298027038574,
1753052545574,-1.8225860595703125,,9.07222843170166
1753052545623,-2.160168409347534,-4.381987571716309,
1753052545624,-2.387617588043213,,8.303689956665039
1753052545673,,-4.401141166687012,
1753052545674,-1.9494787454605103,-4.152144432067871,9.03631591796875
1753052545724,-1.8441338539123535,-3.9893386363983154,8.363545417785645
1753052545774,-1.7483657598495483,-4.343680381774902,9.077016830444336
1753052545823,,-4.264671802520752,
1753052545824,-2.212841033935547,,8.49283218383789
1753052545873,,-4.140173435211182,
1753052545874,-1.5065513849258423,-4.422688961029053,8.926182746887207
1753052545923,,-4.386775970458984,
1753052545924,-2.3469161987304688,,8.418611526489258
1753052545973,,-4.128202438354492,
1753052545974,-1.6597803831100464,-4.314949989318848,8.660426139831543
1753052546023,-2.033275842666626,-4.2527008056640625,
1753052546024,,,8.772953987121582
1753052546074,-1.8369512557983398,-3.795408248901367,8.076240539550781
1753052546123,-1.7292121648788452,-3.7259764671325684,8.533533096313477
1753052546173,-1.7028759717941284,-3.912724018096924,8.538321495056152
1753052546224,-2.0260932445526123,-4.0994720458984375,8.662819862365723
1753052546273,-1.4323312044143677,-3.6733038425445557,8.361150741577148
1753052546323,-1.7818846702575684,-3.754706859588623,8.51916790008545
1753052546373,-1.2910733222961426,-3.8935704231262207,8.844779968261719
1753052546423,-1.6190788745880127,-3.53204607963562,8.318055152893066
1753052546474,-1.568800687789917,-4.053982257843018,8.976460456848145
1753052546523,-1.7483657598495483,-3.6756980419158936,8.13370132446289
1753052546573,-1.303044319152832,-3.816956043243408,8.933364868164062
1753052546623,-1.3557167053222656,-3.5057098865509033,8.265382766723633
1753052546673,-1.7627309560775757,-4.125808238983154,9.510367393493652
1753052546723,,-3.5009214878082275,
1753052546724,-1.1761516332626343,-3.3859996795654297,8.437765121459961
1753052546773,-1.4945803880691528,-3.8792052268981934,8.500014305114746
1753052546823,-1.269525408744812,-3.953425645828247,9.440936088562012
1753052546873,,-3.824138641357422,
1753052546874,-1.9231425523757935,,9.711481094360352
1753052546923,-0.19213469326496124,-3.225588321685791,8.899846076965332
1753052546973,,-3.694851875305176,
1753052546974,-1.6741455793380737,-3.8289270401000977,9.029132843017578
1753052547022,,-4.027645587921143,
1753052547023,-1.3748703002929688,-3.838503837585449,9.06983470916748
1753052547073,-0.4411316514015198,-2.981379747390747,8.964489936828613
1753052547123,-1.0564415454864502,-3.575141668319702,9.46487808227539
1753052547173,-1.4610615968704224,-3.716399669647217,8.480860710144043
1753052547224,-1.367687702178955,-3.6517560482025146,9.637260437011719
1753052547273,-0.6039373874664307,-3.180098295211792,9.009979248046875
1753052547274,,,8.423399925231934
1753052547323,-1.7363947629928589,-3.4793736934661865,8.234258651733398
1753052547373,-0.40521863102912903,-3.0555999279022217,8.717886924743652
1753052547423,-1.5999252796173096,-3.053205728530884,8.629301071166992
1753052547474,-0.11552023142576218,-2.5025393962860107,8.351573944091797
1753052547523,-0.9103952050209045,-2.1122844219207764,6.505644798278809
1753052547573,,-3.3644518852233887,
1753052547574,-0.23044191300868988,,10.556633949279785
1753052547622,,-2.3038206100463867,
1753052547623,-0.6446388363838196,-2.5791537761688232,6.77618932723999
1753052547673,-1.4730325937271118,-3.5871126651763916,8.693944931030273
1753052547724,-1.511339783668518,-3.491344690322876,8.40185260772705
1753052547772,,-4.111443042755127,
1753052547773,-1.5568296909332275,,9.929352760314941
1753052547823,-1.6382324695587158,-4.302978992462158,8.998008728027344
1753052547873,-0.6637924313545227,-3.354875087738037,10.4728364944458
1753052547923,-1.7148469686508179,-3.824138641357422,7.923011779785156
1753052547974,0.497395396232605,-2.715623378753662,8.818443298339844
1753052548022,,-2.4211363792419434,
1753052548023,-2.1793220043182373,-3.1896753311157227,5.911882400512695
1753052548073,,-4.197634220123291,
1753052548074,-0.436343252658844,,10.384251594543457
1753052548123,-3.09151291847229,-3.0148985385894775,5.945401191711426
1753052548173,-1.1306617259979248,-6.010045051574707,10.300454139709473
1753052548223,,-2.631826162338257,
1753052548224,-4.568735599517822,-2.299032211303711,3.1465795040130615
1753052548273,-0.32620999217033386,-4.985326290130615,9.879075050354004
1753052548323,-2.5097219944000244,-3.795408248901367,7.9613189697265625
1753052548373,-1.834557056427002,-4.865616321563721,10.159195899963379
1753052548422,,-4.259883403778076,
1753052548423,-2.852092742919922,-3.8265328407287598,6.098630428314209
1753052548474,-2.744353771209717,-4.611831188201904,7.381922245025635
1753052548523,-3.0196869373321533,-5.045181751251221,9.12968921661377
1753052548573,-2.035670042037964,-5.342062473297119,9.49121379852295
1753052548574,,,7.48726749420166
1753052548622,,-4.377199172973633,
1753052548623,-3.402759075164795,-4.664503574371338,6.613383769989014
1753052548673,-2.9502551555633545,-5.066729545593262,8.51916790008545
1753052548723,,-5.2271409034729,
1753052548724,-3.206434726715088,-5.164891719818115,8.64366626739502
1753052548772,,-4.853645324707031,
1753052548773,-2.720411777496338,-4.944624900817871,9.268553733825684
1753052548823,-2.2894554138183594,-4.8704047203063965,8.631695747375488
1753052548873,-2.4809916019439697,-4.3628339767456055,
1753052548874,,,8.590993881225586
1753052548923,-2.4594438076019287,-4.429871559143066,8.449736595153809
1753052548974,-2.0213048458099365,-4.0970778465271,8.868721961975098
1753052549022,,-4.386775970458984,
1753052549023,-2.0260932445526123,-4.360439777374268,8.650849342346191
1753052549073,-1.71245276927948,-4.22157621383667,
1753052549074,,,8.653243064880371
1753052549123,-2.315791606903076,-4.518456935882568,9.086593627929688
1753052549173,-2.540846586227417,-4.525639533996582,8.686761856079102
1753052549223,-3.9031472206115723,-6.136937618255615,9.855133056640625
1753052549273,-1.4562731981277466,-3.8145618438720703,6.687603950500488
1753052549274,,,6.960542678833008
1753052549323,-2.5719711780548096,-3.5631706714630127,8.897452354431152
1753052549373,-2.167351007461548,-3.5871126651763916,7.451354026794434
1753052549423,-2.9933507442474365,-3.002927541732788,8.523956298828125
1753052549474,-3.555988073348999,-4.022857189178467,5.354033470153809
1753052549523,-2.852092742919922,-4.429871559143066,9.582193374633789
1753052549573,-2.2415714263916016,-3.9414546489715576,
1753052549574,-2.5719711780548096,,7.659649848937988
1753052549622,,-3.977367639541626,
1753052549623,-2.0859482288360596,-4.132990837097168,8.413823127746582
1753052549673,-2.7036523818969727,-4.592677593231201,8.325238227844238
1753052549724,-2.801814556121826,-4.226364612579346,7.269394874572754
1753052549773,,-3.223194122314453,
1753052549774,-1.8489222526550293,-2.3948001861572266,6.713940143585205
1753052549823,-1.3389573097229004,-2.935889720916748,6.790554523468018
1753052549873,-2.0021512508392334,-4.573523998260498,9.390657424926758
1753052549923,-3.0412347316741943,-4.523245334625244,8.289324760437012
1753052549973,-2.409165382385254,-5.133767127990723,9.326014518737793
1753052550022,,-2.8568811416625977,
1753052550023,-3.4602200984954834,-2.7754783630371094,6.91265869140625
1753052550073,,-4.226364612579346,
1753052550074,-1.2551602125167847,,10.226234436035156
1753052550123,-2.0835540294647217,-3.536834478378296,8.164826393127441
1753052550173,-1.568800687789917,-5.1601033210754395,9.800065994262695
1753052550223,-2.8640637397766113,-4.118625640869141,7.7865424156188965
1753052550273,,-5.2678422927856445,
1753052550274,-2.627037763595581,,9.644442558288574
1753052550323,,-3.9917328357696533,
1753052550324,-2.425924777984619,-3.9199066162109375,7.504026889801025
1753052550373,,-4.863222122192383,
1753052550374,-2.607884168624878,,8.796895980834961
1753052550423,-2.212841033935547,-4.0300397872924805,8.318055152893066
1753052550473,-2.5097219944000244,-4.693233966827393,9.347561836242676
1753052550523,-1.9686323404312134,-4.53761100769043,8.832808494567871
1753052550573,,-4.698022365570068,
1753052550574,-2.3277626037597656,,9.316437721252441
1753052550622,,-5.361216068267822,
1753052550623,-3.3405098915100098,-4.556764602661133,8.902240753173828
1753052550673,-1.449090600013733,-4.259883403778076,8.98124885559082
1753052550722,,-4.178480625152588,
1753052550723,-2.3086090087890625,-4.061164855957031,8.715493202209473
1753052550774,-1.8800468444824219,-3.936666250228882,8.24622917175293
1753052550823,-1.6382324695587158,-3.7882256507873535,
1753052550824,,,8.523956298828125
1753052550873,,-4.561553001403809,
1753052550874,-3.1681272983551025,,7.063493728637695
1753052550923,-2.272696018218994,-4.925471305847168,9.642048835754395
1753052550924,,,8.085817337036133
1753052550973,-2.9741971492767334,-4.374804973602295,8.318055152893066
1753052551023,-1.427542805671692,-3.9390604496002197,7.6764092445373535
1753052551073,,-3.687669277191162,
1753052551074,-1.875258445739746,,7.863156795501709
1753052551124,-2.366069793701172,-4.575918197631836,8.734646797180176
1753052551176,-1.4778209924697876,-4.049193859100342,
1753052551177,,,8.866327285766602
1753052551226,,-4.721964359283447,
1753052551227,-2.5719711780548096,,8.595782279968262
1753052551276,-2.5719711780548096,-4.693233966827393,
1753052551277,,,9.062651634216309
1753052551324,-1.5807716846466064,-4.331709384918213,9.170391082763672
1753052551376,-2.1697452068328857,-3.994127035140991,7.571064472198486
1753052551426,-1.9949685335159302,-4.57112979888916,9.017162322998047
1753052551476,-2.272696018218994,-4.13059663772583,8.193556785583496
1753052551526,-2.2918496131896973,-5.112219333648682,8.962095260620117
1753052551574,-2.3469161987304688,-4.013280391693115,
1753052551575,,,7.384316444396973
1753052551626,,-4.556764602661133,
1753052551627,-2.4690206050872803,-4.535216331481934,8.128912925720215
1753052551677,-2.0859482288360596,-4.214393615722656,
1753052551678,,,8.258200645446777
1753052551726,,-4.659715175628662,
1753052551727,-2.3995885848999023,-4.492120742797852,8.701127052307129
1753052551776,-1.8872294425964355,-4.135385036468506,8.634089469909668
1753052551824,,-4.460996150970459,
1753052551825,-2.385223388671875,,
1753052551826,-2.1721394062042236,,
1753052551827,,,8.227075576782227
1753052551878,-2.1960813999176025,-4.446630954742432,8.696338653564453
1753052551927,-2.7946319580078125,-5.009268283843994,8.926182746887207
1753052551976,,-4.496909141540527,
1753052551977,-2.229600429534912,,8.581417083740234
1753052552026,,-4.015674591064453,
1753052552027,-1.9829975366592407,-4.039616584777832,8.322843551635742
1753052552074,-1.9207483530044556,-4.022857189178467,
1753052552075,-2.801814556121826,,8.090605735778809
1753052552126,,-4.789001941680908,
1753052552127,-2.471414804458618,,9.721057891845703
1753052552176,,-4.003703594207764,
1753052552177,-1.954267144203186,,7.642890453338623
1753052552226,,-3.759495258331299,
1753052552227,-1.3820528984069824,,7.652467250823975
1753052552276,,-3.6828808784484863,
1753052552277,-2.162562608718872,-3.8935704231262207,7.796119213104248
1753052552324,-1.4873977899551392,-3.9151182174682617,8.67479133605957
1753052552376,,-4.386775970458984,
1753052552377,-2.780266761779785,-4.719570159912109,7.1041951179504395
1753052552426,,-4.111443042755127,
1753052552427,-1.7411831617355347,,7.420229434967041
1753052552476,,-3.934272050857544,
1753052552477,-3.199252128601074,,7.2574238777160645
1753052552526,,-4.733935356140137,
1753052552527,-2.229600429534912,,7.882310390472412
1753052552574,-3.5248634815216064,-4.197634220123291,
1753052552575,-2.983773946762085,,7.8966755867004395
1753052552626,,-3.309385299682617,
1753052552627,-1.2647370100021362,-2.6868927478790283,7.3220672607421875
1753052552676,-1.590348482131958,-2.739565372467041,8.138489723205566
1753052552726,-2.1362264156341553,-4.398746967315674,8.612542152404785
1753052552727,,,9.539097785949707
1753052552776,-2.536058187484741,-4.702810764312744,10.022727012634277
1753052552824,-2.6414029598236084,-3.7930140495300293,5.72513484954834
1753052552876,,-3.9869444370269775,
1753052552877,-4.805761337280273,-4.027645587921143,5.516839504241943
1753052552926,0.03292027488350868,-4.1641154289245605,
1753052552927,,,9.52473258972168
1753052552976,-3.936666250228882,-3.1657330989837646,6.294954776763916
1753052552977,,,7.853579998016357
1753052553026,-3.838503837585449,-5.196016311645508,5.459378242492676
1753052553074,-1.8632874488830566,-3.4865562915802,9.86231517791748
1753052553126,-4.144961833953857,-3.20404052734375,4.0084919929504395
1753052553176,-2.8401217460632324,-4.219182014465332,8.974066734313965
1753052553226,-1.0779893398284912,-5.107430934906006,11.289259910583496
1753052553275,-2.5552117824554443,-3.7403416633605957,7.089829921722412
1753052553324,-1.3820528984069824,-4.8704047203063965,8.504802703857422
1753052553375,,-4.235941410064697,
1753052553376,-3.251924514770508,-5.306149482727051,8.557475090026855
1753052553426,-2.715623378753662,-4.451419353485107,5.6341552734375
1753052553475,,-4.032433986663818,
1753052553476,-3.7211880683898926,,7.781754016876221
1753052553526,-2.672527551651001,-4.434659957885742,6.644508361816406
1753052553574,,-3.840898036956787,
1753052553575,-2.80899715423584,,8.088212013244629
1753052553625,-3.1298201084136963,-4.590283393859863,
1753052553626,,,7.446565628051758
1753052553674,,-4.4825439453125,
1753052553675,-2.0644004344940186,-4.75308895111084,8.959701538085938
1753052553724,,-4.858433723449707,
1753052553725,-3.7642836570739746,,8.365939140319824
1753052553774,,-4.774636745452881,
1753052553775,-1.669357180595398,-4.903923511505127,9.062651634216309
1753052553824,-2.943072557449341,-5.5790886878967285,
1753052553825,,,10.1568021774292
1753052553874,,-5.090671539306641,
1753052553875,-3.251924514770508,-4.57112979888916,7.520786285400391
1753052553924,-1.4754267930984497,-4.190451622009277,
1753052553925,-2.7515363693237305,,8.248623847961426
1753052553974,,-4.027645587921143,
1753052553975,-3.1968579292297363,,7.8080902099609375
1753052554024,,-4.489726543426514,
1753052554025,-1.8680758476257324,,9.79288387298584
1753052554074,,-4.777030944824219,
1753052554075,-2.56000018119812,,7.796119213104248
1753052554124,-1.9183541536331177,-4.331709384918213,
1753052554125,,,8.389881134033203
1753052554174,-4.0563764572143555,-4.671686172485352,6.649296760559082
1753052554224,-2.500145196914673,-4.5423994064331055,7.934982776641846
1753052554274,-2.339733600616455,-4.159327030181885,
1753052554275,-3.096301317214966,,7.937376976013184
1753052554324,-3.247136116027832,-4.525639533996582,7.5902180671691895
1753052554374,-1.5161281824111938,-4.228758811950684,8.174403190612793
1753052554424,-3.29502010345459,-4.856039524078369,7.561487674713135
1753052554474,-2.363675594329834,-4.101866245269775,8.502408981323242
1753052554524,-3.3644518852233887,-5.0499701499938965,8.648454666137695
1753052554574,-2.2152352333068848,-4.401141166687012,
1753052554575,,,8.442553520202637
1753052554623,,-5.28460168838501,
1753052554624,-2.847304344177246,-5.143343925476074,9.586981773376465
1753052554673,,-4.611831188201904,
1753052554674,-2.9670145511627197,-4.355651378631592,6.91265869140625
1753052554723,,-5.476137638092041,
1753052554724,-2.5264813899993896,-4.884769916534424,9.261370658874512
1753052554774,-3.0196869373321533,-3.977367639541626,6.603806972503662
1753052554824,-3.153762102127075,-5.131372928619385,8.476072311401367
1753052554874,-2.5504233837127686,-3.9007530212402344,7.305307865142822
1753052554924,-3.6541502475738525,-5.162497520446777,7.729081630706787
1753052554973,,-4.3173441886901855,
1753052554974,-2.7491421699523926,,7.791330814361572
1753052555023,-3.596689462661743,-5.349245071411133,
1753052555024,-3.773860454559326,,7.693168640136719
1753052555074,,-4.958990097045898,
1753052555075,-3.596689462661743,,7.731475830078125
1753052555123,,-5.248688697814941,
1753052555124,-3.555988073348999,-4.856039524078369,8.028356552124023
1753052555173,,-4.666897773742676,
1753052555174,-2.670133352279663,,8.018779754638672
1753052555223,,-5.260659694671631,
1753052555224,-3.1920695304870605,,9.019556045532227
1753052555274,-2.4594438076019287,-5.131372928619385,8.686761856079102
1753052555324,-3.024475336074829,-5.406705856323242,8.966883659362793
1753052555373,-2.5145103931427,-4.729146957397461,7.511209487915039
1753052555423,,-4.8895583152771,
1753052555424,-1.6478092670440674,,9.809642791748047
1753052555473,,-3.934272050857544,
1753052555474,-2.390011787414551,,6.9940619468688965
1753052555523,,-4.698022365570068,
1753052555524,-2.0620062351226807,,8.353968620300293
1753052555575,-2.6581623554229736,-4.451419353485107,7.618948459625244
1753052555624,-3.582324266433716,-5.128978729248047,6.716334342956543
1753052555673,-2.006939649581909,-4.104260444641113,
1753052555674,,,9.062651634216309
1753052555723,-3.7020344734191895,-5.009268283843994,7.259818077087402
1753052555773,-2.2463598251342773,-5.040393352508545,9.484031677246094
1753052555824,-2.2200236320495605,-4.544793605804443,8.579023361206055
1753052555873,-2.847304344177246,-4.547187805175781,
1753052555874,-2.629431962966919,,7.255029678344727
1753052555923,-1.7723077535629272,-4.614225387573242,8.782530784606934
1753052555972,,-4.441842555999756,
1753052555973,-2.543240785598755,-4.808155536651611,8.270171165466309
1753052556023,-3.378817081451416,-5.167285919189453,8.004414558410645
1753052556074,-2.184110403060913,-4.511274337768555,
1753052556075,-2.737171173095703,,8.737040519714355
1753052556123,-2.823362350463867,-4.422688961029053,8.430583000183105
1753052556173,-1.6645687818527222,-4.171298027038574,7.74823522567749
1753052556223,-1.2431892156600952,-4.8273091316223145,9.64683723449707
1753052556273,-3.4530375003814697,-4.79857873916626,
1753052556274,,,7.966107368469238
1753052556324,,-4.073135852813721,
1753052556325,-2.203263998031616,,6.654085159301758
1753052556373,-3.134608507156372,-5.119401931762695,
1753052556374,,,9.840767860412598
1753052556422,,-4.451419353485107,
1753052556423,-2.5145103931427,-4.104260444641113,7.8080902099609375
1753052556473,-2.253542423248291,-5.248688697814941,9.936535835266113
1753052556523,-3.29502010345459,-4.010886192321777,6.898293495178223
1753052556574,-1.7196353673934937,-4.379593372344971,10.211869239807129
1753052556622,,-2.715623378753662,
1753052556623,-1.4347254037857056,-3.5919010639190674,5.36361026763916
1753052556673,-3.515286684036255,-5.234323501586914,9.43135929107666
1753052556722,,-5.75865364074707,
1753052556723,-3.7714662551879883,-5.921459197998047,7.83921480178833
1753052556774,-4.506485939025879,-6.462548732757568,8.102577209472656
1753052556824,-2.4618380069732666,-3.3405098915100098,7.83921480178833
1753052556873,-0.26396074891090393,-4.197634220123291,
1753052556874,,,10.736199378967285
1753052556923,-3.575141668319702,-3.9677908420562744,7.0156097412109375
1753052556972,,-4.642955780029297,
1753052556973,-0.7260416746139526,-4.678868770599365,11.89738655090332
1753052557022,,-4.401141166687012,
1753052557023,-4.386775970458984,-5.157709121704102,6.373963356018066
1753052557074,-3.848080635070801,-5.581482887268066,7.79372501373291
1753052557075,,,7.755417823791504
1753052557123,-2.3110032081604004,-4.468178749084473,9.665990829467773
1753052557173,-3.2998085021972656,-5.042787551879883,7.022792339324951
1753052557222,,-3.864840030670166,
1753052557223,-1.8800468444824219,-4.039616584777832,8.138489723205566
1753052557273,-2.892794132232666,-4.279036998748779,
1753052557274,-3.579930067062378,,7.932588577270508
1753052557324,,-4.118625640869141,
1753052557325,-2.7515363693237305,,7.841609001159668
1753052557373,,-4.149750232696533,
1753052557374,-1.6238672733306885,,9.21588134765625
1753052557423,-3.575141668319702,-5.14813232421875,8.358757019042969
1753052557424,,,9.567828178405762
1753052557473,-2.1266496181488037,-5.155314922332764,9.335591316223145
1753052557523,-3.8145618438720703,-5.263053894042969,8.162431716918945
1753052557574,-2.6557681560516357,-5.174468517303467,8.67479133605957
1753052557575,,,7.776965618133545
1753052557622,,-3.445854902267456,
1753052557623,-2.07397723197937,-3.515286684036255,7.630919456481934
1753052557673,-2.409165382385254,-4.154538631439209,7.3005194664001465
1753052557722,,-4.109048843383789,
1753052557723,-1.4347254037857056,-4.626196384429932,8.36833381652832
1753052557773,-3.402759075164795,-4.765059947967529,7.968502044677734
1753052557823,,-5.021239280700684,
1753052557824,-3.709217071533203,,7.4106526374816895
1753052557873,,-5.078700542449951,
1753052557874,-3.0412347316741943,,10.070611000061035
1753052557923,-2.361281394958496,-3.5679590702056885,6.948571681976318
1753052557973,-2.9718029499053955,-4.511274337768555,7.769783020019531
1753052558023,-1.1929110288619995,-3.8504748344421387,9.424176216125488
1753052558073,,-3.4314894676208496,
1753052558074,-1.7076643705368042,,6.778583526611328
1753052558123,-2.648585557937622,-3.9031472206115723,6.773795127868652
1753052558173,-2.4450783729553223,-4.961384296417236,
1753052558174,,,9.39784049987793
1753052558222,,-5.36361026763916,
1753052558223,-4.896740913391113,-3.3692402839660645,3.843292236328125
1753052558273,,-3.3452982902526855,
1753052558274,-3.026869535446167,,7.396287441253662
1753052558323,-3.996521234512329,-4.3173441886901855,
1753052558324,,,6.804919719696045
1753052558373,-2.160168409347534,-4.089895248413086,9.165602684020996
1753052558374,,,9.345168113708496
1753052558422,-2.6437971591949463,-4.930259704589844,
1753052558423,-4.322132587432861,,8.15524959564209
1753052558473,-3.694851875305176,-5.009268283843994,7.539939880371094
1753052558523,-3.4745852947235107,-5.595848083496094,8.571840286254883
1753052558573,,-4.918288707733154,
1753052558574,-3.1226375102996826,,7.877521991729736
1753052558622,,-5.054758548736572,
1753052558623,-3.5703532695770264,-4.937442302703857,8.164826393127441
1753052558673,-2.4881742000579834,-4.712387561798096,
1753052558674,-3.0603883266448975,,8.00680923461914
1753052558722,,-4.619013786315918,
1753052558723,-2.6126725673675537,-5.0715179443359375,8.12173080444336
1753052558773,-3.3189620971679688,-4.999691486358643,7.264606475830078
1753052558823,-2.124255418777466,-4.6501383781433105,8.923788070678711
1753052558873,-3.974973440170288,-5.138555526733398,7.439383029937744
1753052558874,,,7.456142425537109
1753052558923,-1.7699135541915894,-3.9630024433135986,7.9637131690979
1753052558973,-3.378817081451416,-4.927865505218506,7.798513412475586
1753052559022,,-4.386775970458984,
1753052559023,-2.1122844219207764,-4.305373191833496,7.051522731781006
1753052559074,-2.718017578125,-4.53761100769043,8.816049575805664
1753052559123,-4.092289447784424,-4.930259704589844,6.675632953643799
1753052559173,-2.121861219406128,-4.994903087615967,9.237428665161133
1753052559222,,-4.293402194976807,
1753052559223,-3.405153274536133,-4.370016574859619,6.630143165588379
1753052559273,-2.366069793701172,-4.240729808807373,7.3436150550842285
1753052559274,,,6.874351501464844
1753052559323,,-5.047575950622559,
1753052559324,-2.6198551654815674,,9.49121379852295
1753052559373,,-4.686051368713379,
1753052559374,-3.0125043392181396,,8.076240539550781
1753052559423,-3.754706859588623,-5.3564276695251465,7.164050102233887
1753052559472,,-4.719570159912109,
1753052559473,-2.823362350463867,-5.018845081329346,8.741828918457031
1753052559523,-2.787449359893799,-4.30058479309082,7.520786285400391
1753052559573,,-5.286995887756348,
1753052559574,-3.208828926086426,,9.146449089050293
1753052559622,,-3.800196647644043,
1753052559623,-0.9247604012489319,,7.815272808074951
1753052559673,-3.8576574325561523,-5.258265495300293,
1753052559674,-2.876034736633301,,7.688380241394043
1753052559723,-3.266289710998535,-4.245518207550049,7.1041951179504395
1753052559773,-1.8608932495117188,-5.497685432434082,
1753052559774,-4.166509628295898,,9.206304550170898
1753052559823,-2.4163479804992676,-3.467402696609497,
1753052559824,,,7.492055892944336
1753052559873,,-4.772242546081543,
1753052559874,-1.1737574338912964,,10.216657638549805
1753052559923,,-4.489726543426514,
1753052559924,-4.532822132110596,,6.496067523956299
1753052559973,-2.9765913486480713,-5.921459197998047,10.343549728393555
1753052560023,-3.00053334236145,-4.463390350341797,7.451354026794434
1753052560073,,-5.186439514160156,
1753052560074,-3.0986955165863037,,7.846397399902344
1753052560123,-1.6597803831100464,-4.152144432067871,8.789712905883789
1753052560173,-3.907935619354248,-6.843226909637451,
1753052560174,-3.9486372470855713,,10.559027671813965
1753052560222,,-3.66851544380188,
1753052560223,-1.9662381410598755,-3.400364875793457,6.797737121582031
1753052560273,,-3.974973440170288,
1753052560274,-1.9590555429458618,,8.037933349609375
1753052560323,,-3.7858314514160156,
1753052560324,-3.5296518802642822,,6.1082072257995605
1753052560373,,-5.9741315841674805,
1753052560374,-1.5185223817825317,,11.722610473632812
1753052560423,-5.184045314788818,-5.064335346221924,7.999626636505127
1753052560473,-2.1745336055755615,-5.773018836975098,8.921394348144531
1753052560523,-3.180098295211792,-3.8552632331848145,6.436212539672852
1753052560573,,-3.5057098865509033,
1753052560574,-1.6262614727020264,,7.659649848937988
1753052560622,,-4.152144432067871,
1753052560623,-2.2463598251342773,,8.289324760437012
1753052560673,-3.4769794940948486,-4.997297286987305,7.97329044342041
1753052560727,-2.583942174911499,-5.033210754394531,7.513603687286377
1753052560775,,-4.30058479309082,
1753052560776,-3.089118719100952,-4.396352767944336,7.305307865142822
1753052560824,-3.357269287109375,-5.05715274810791,7.685986042022705
1753052560876,-1.7627309560775757,-4.899135112762451,9.27334213256836
1753052560877,,,7.844003200531006
1753052560926,,-5.011662483215332,
1753052560927,-3.8265328407287598,,7.750629425048828
1753052560976,-0.5129576921463013,-2.9239187240600586,6.553528785705566
1753052561026,,-5.217564105987549,
1753052561027,-4.736329555511475,,8.389881134033203
1753052561074,-3.0101101398468018,-5.749076843261719,7.774571418762207
1753052561126,-2.9550435543060303,-4.822520732879639,
1753052561127,-1.755548357963562,,9.292495727539062
1753052561176,,-3.5919010639190674,
1753052561177,-5.89512300491333,,3.7020344734191895
1753052561227,-0.44831427931785583,-5.140949726104736,14.138360023498535
1753052561276,,-4.073135852813721,
1753052561277,-4.159327030181885,,6.1752448081970215
1753052561325,,-4.659715175628662,
1753052561326,-1.7076643705368042,,9.756970405578613
1753052561376,,-6.026804447174072,
1753052561377,-4.587889194488525,-5.196016311645508,9.393052101135254
1753052561427,-1.4778209924697876,-4.31255578994751,7.800907611846924
1753052561476,-4.0084919929504395,-5.196016311645508,
1753052561477,,,7.707533836364746
1753052561526,,-4.154538631439209,
1753052561527,-2.761113166809082,,6.780977725982666
1753052561574,-2.2846670150756836,-5.591059684753418,
1753052561575,-3.053205728530884,,9.065046310424805
1753052561627,-4.841674327850342,-3.8313212394714355,3.8720226287841797
1753052561677,-1.3748703002929688,-5.1816511154174805,10.729016304016113
1753052561726,,-4.511274337768555,
1753052561727,-4.235941410064697,-4.4825439453125,6.2853779792785645
1753052561776,,-5.28460168838501,
1753052561777,-1.7962498664855957,-5.167285919189453,9.879075050354004
1753052561824,-3.4314894676208496,-5.009268283843994,8.231863975524902
1753052561876,,-5.088277339935303,
1753052561877,-3.0651767253875732,-4.963778495788574,8.203133583068848
1753052561926,,-4.78660774230957,
1753052561927,-3.0172927379608154,,8.667608261108398
1753052561976,-2.962226152420044,-4.554370403289795,7.662044048309326
1753052562026,,-5.0930657386779785,
1753052562027,-3.7451300621032715,-5.059546947479248,7.781754016876221
1753052562074,-2.1505916118621826,-4.420294761657715,8.193556785583496
1753052562127,-3.642179250717163,-5.1601033210754395,7.520786285400391
1753052562177,-2.3349452018737793,-4.535216331481934,8.535927772521973
1753052562227,-2.9981391429901123,-4.535216331481934,8.152854919433594
1753052562276,-3.113060712814331,-4.57112979888916,7.152079105377197
1753052562324,,-5.112219333648682,
1753052562325,-3.316567897796631,-5.322908878326416,8.588600158691406
1753052562376,,-4.547187805175781,
1753052562377,-3.1681272983551025,,7.7649946212768555
1753052562426,,-4.841674327850342,
1753052562427,-2.5959131717681885,-4.841674327850342,8.605359077453613
1753052562476,-3.1657330989837646,-4.420294761657715,7.662044048309326
1753052562526,-3.1681272983551025,-5.275024890899658,8.535927772521973
1753052562574,-2.5959131717681885,-4.726752758026123,
1753052562575,,,8.349180221557617
1753052562626,-2.562394380569458,-4.559158802032471,8.03075122833252
1753052562676,-2.830544948577881,-4.74111795425415,8.782530784606934
1753052562726,-2.452261209487915,-4.520851135253906,8.260594367980957
1753052562776,-2.93349552154541,-4.8704047203063965,8.03075122833252
1753052562824,-3.0196869373321533,-5.164891719818115,
1753052562825,-2.919130325317383,,
1753052562876,-2.476203203201294,-4.875193119049072,8.547898292541504
1753052562926,-3.5703532695770264,-5.1816511154174805,8.148066520690918
1753052562975,,-4.417900562286377,
1753052562976,-2.3086090087890625,,7.9876556396484375
1753052563026,-3.0148985385894775,-4.693233966827393,7.489661693572998
1753052563074,-2.9694087505340576,-4.5639472007751465,7.640496253967285
1753052563125,,-5.215169906616211,
1753052563126,-3.230376720428467,,8.636484146118164
1753052563175,-3.2207999229431152,-4.856039524078369,8.325238227844238
1753052563225,-2.050035238265991,-4.338891983032227,8.466495513916016
1753052563274,,-4.8488569259643555,
1753052563275,-3.244741916656494,-4.84406852722168,7.788936614990234
1753052563324,-2.7682957649230957,-4.868010520935059,8.514379501342773
1753052563374,,-4.932653903961182,
1753052563375,-2.7970261573791504,-5.05715274810791,8.476072311401367
1753052563424,,-4.994903087615967,
1753052563425,-3.266289710998535,-5.138555526733398,7.853579998016357
1753052563474,-2.801814556121826,-4.987720489501953,
1753052563475,-2.1769278049468994,,9.156025886535645
1753052563524,,-4.439448356628418,
1753052563525,-2.3469161987304688,,8.430583000183105
1753052563574,-3.110666513442993,-4.927865505218506,
1753052563575,-3.24953031539917,,7.724293231964111
1753052563624,,-4.690839767456055,
1753052563625,-2.7539305686950684,,8.365939140319824
1753052563674,-3.3237504959106445,-5.119401931762695,8.124124526977539
1753052563724,-3.2184057235717773,-5.433042049407959,
1753052563725,,,8.660426139831543
1753052563774,-3.177704095840454,-4.693233966827393,7.5662760734558105
1753052563824,-2.670133352279663,-4.942230701446533,8.306084632873535
1753052563874,-3.7642836570739746,-5.090671539306641,8.160037994384766
1753052563924,-2.8880057334899902,-5.325303077697754,8.332420349121094
1753052563974,-3.2591071128845215,-5.066729545593262,8.054693222045898
1753052564024,-3.4626142978668213,-5.344456672668457,8.344391822814941
1753052564075,-2.5767595767974854,-4.777030944824219,8.497620582580566
1753052564124,-3.268683910369873,-4.944624900817871,7.556699275970459
1753052564173,,-5.145738124847412,
1753052564174,-2.962226152420044,-4.999691486358643,8.164826393127441
1753052564224,-2.806602954864502,-4.985326290130615,8.310873031616211
1753052564273,,-5.7538652420043945,
1753052564274,-3.979761838912964,-5.787384033203125,8.181585311889648
1753052564324,-3.0196869373321533,-4.947019100189209,
1753052564325,,,8.555081367492676
1753052564373,,-4.669291973114014,
1753052564374,-3.1705214977264404,-4.793790340423584,7.314884662628174
1753052564423,,-4.875193119049072,
1753052564424,-3.1920695304870605,,7.551910877227783
1753052564473,,-4.987720489501953,
1753052564474,-3.5631706714630127,,7.724293231964111
1753052564523,,-5.119401931762695,
1753052564524,-2.7898435592651367,-5.172074317932129,8.646060943603516
1753052564574,-3.9701850414276123,-5.243900299072266,
1753052564575,-3.6302082538604736,,7.310096263885498
1753052564623,,-4.765059947967529,
1753052564624,-2.5959131717681885,,8.808866500854492
1753052564673,,-4.815338134765625,
1753052564674,-3.4099416732788086,-4.7602715492248535,7.48726749420166
1753052564723,-3.1848866939544678,-5.124190330505371,
1753052564724,-3.424306869506836,,7.958924770355225
1753052564774,-3.3069911003112793,-5.205593109130859,8.27735424041748
1753052564823,,-4.666897773742676,
1753052564824,-2.7108349800109863,-4.860827922821045,8.021174430847168
1753052564874,-3.7930140495300293,-5.265448093414307,7.683591842651367
1753052564924,-3.022081136703491,-5.073912143707275,8.830414772033691
1753052564973,,-4.580706596374512,
1753052564974,-2.588730573654175,,7.8727335929870605
1753052565023,-3.3716344833374023,-5.174468517303467,
1753052565024,-3.3668460845947266,,7.867945194244385
1753052565074,-3.450643301010132,-5.061941146850586,8.2127103805542
1753052565075,,,8.330026626586914
1753052565124,-2.4450783729553223,-4.475361347198486,7.9852614402771
1753052565173,-3.1465795040130615,-5.061941146850586,7.97329044342041
1753052565223,-3.1274259090423584,-4.79857873916626,7.7434468269348145
1753052565273,,-4.896740913391113,
1753052565274,-2.9478609561920166,,8.421006202697754
1753052565324,-2.7563247680664062,-4.789001941680908,8.440159797668457
1753052565373,-2.765901565551758,-4.702810764312744,7.736264228820801
1753052565422,,-4.530427932739258,
1753052565423,-3.0196869373321533,-4.947019100189209,7.592612266540527
1753052565473,-3.1896753311157227,-5.076306343078613,8.253412246704102
1753052565523,-2.876034736633301,-4.83209753036499,8.253412246704102
1753052565573,-2.8880057334899902,-4.755483150482178,8.394669532775879
1753052565623,-2.631826162338257,-4.434659957885742,8.22228717803955
1753052565673,,-4.731541156768799,
1753052565674,-2.5240871906280518,,8.296507835388184
1753052565723,-3.618237257003784,-5.052364349365234,7.695562839508057
1753052565773,-2.4881742000579834,-4.796184539794922,8.983643531799316
1753052565823,-2.2679076194763184,-4.393958568572998,8.234258651733398
1753052565874,-2.5743653774261475,-4.544793605804443,7.853579998016357
1753052565923,-2.521692991256714,-4.235941410064697,8.004414558410645
1753052565972,,-4.681262969970703,
1753052565973,-2.9718029499053955,-4.444236755371094,8.061875343322754
1753052566022,,-4.489726543426514,
1753052566023,-2.2176294326782227,-4.602254390716553,8.617330551147461
1753052566073,-2.8377275466918945,-4.676474571228027,8.430583000183105
1753052566123,-2.1577742099761963,-4.35804557800293,8.409034729003906
1753052566124,,,8.653243064880371
1753052566173,,-4.906317710876465,
1753052566174,-3.18249249458313,,7.978078842163086
1753052566222,,-5.583877086639404,
1753052566223,-3.445854902267456,-4.645349979400635,9.287707328796387
1753052566273,,-4.279036998748779,
1753052566274,-2.787449359893799,,8.195950508117676
1753052566323,-2.3995885848999023,-4.595071792602539,8.576628684997559
1753052566373,,-4.262277603149414,
1753052566374,-2.5145103931427,,8.270171165466309
1753052566423,-2.160168409347534,-4.070741653442383,8.059481620788574
1753052566472,,-3.3883938789367676,
1753052566473,-1.4443022012710571,-3.840898036956787,8.830414772033691
1753052566523,-1.3006501197814941,-4.204816818237305,9.61331844329834
1753052566573,-3.290231704711914,-5.576694488525391,10.080187797546387
1753052566623,-3.5631706714630127,-6.476913928985596,11.080964088439941
1753052566673,-1.7004817724227905,-3.7403416633605957,10.192715644836426
1753052566674,,,9.357138633728027
1753052566726,0.6123170852661133,-2.425924777984619,7.83921480178833
1753052566727,,,6.699574947357178
1753052566773,,-2.6150667667388916,
1753052566774,,-2.497750997543335,
1753052566776,-1.3317747116088867,,7.259818077087402
1753052566823,,-2.60548996925354,
1753052566824,-0.6590040326118469,,7.8296380043029785
1753052566873,,-3.7906198501586914,
1753052566874,-1.8417396545410156,,9.946112632751465
1753052566923,-2.4690206050872803,-5.021239280700684,9.59177017211914
1753052566924,,,8.830414772033691
1753052566972,,-6.407482147216797,
1753052566973,-4.642955780029297,-5.143343925476074,9.383475303649902
1753052567023,-2.866457939147949,-4.6070427894592285,7.0371575355529785
1753052567073,-0.7930793166160583,-2.3540987968444824,6.500856399536133
1753052567123,-1.1354501247406006,-2.097919225692749,7.573458671569824
1753052567173,-0.20889410376548767,-2.495356798171997,6.802525520324707
1753052567222,,-1.3317747116088867,
1753052567223,-0.30466216802597046,-0.8098387122154236,5.591059684753418
1753052567273,,-6.850409507751465,
1753052567274,-3.838503837585449,,12.929287910461426
1753052567323,-3.002927541732788,-8.629301071166992,10.836755752563477
1753052567373,,-4.022857189178467,
1753052567374,-3.7666778564453125,-4.271854400634766,10.034697532653809
1753052567423,-1.27191960811615,-4.324526786804199,8.169614791870117
1753052567472,,-3.8097734451293945,
1753052567473,-2.3995885848999023,-3.0340521335601807,5.059546947479248
1753052567523,-4.31255578994751,-0.8577227592468262,1.511339783668518
1753052567573,5.264250755310059,-5.962160587310791,
1753052567574,1.8956091403961182,,22.989723205566406
1753052567623,-1.470638394355774,-5.6341552734375,3.1250317096710205
1753052567673,,-3.508104085922241,
1753052567674,-3.2351651191711426,,10.00836181640625
1753052567723,1.5652093887329102,-6.124966621398926,13.685855865478516
1753052567773,-5.119401931762695,-4.279036998748779,6.503250598907471
1753052567823,-1.9949685335159302,-4.96856689453125,9.804854393005371
1753052567873,-1.7579425573349,-3.555988073348999,8.306084632873535
1753052567874,,,8.03075122833252
1753052567923,-1.6095020771026611,-3.4338839054107666,7.9852614402771
1753052567972,,-4.171298027038574,
1753052567973,-2.229600429534912,-3.9653966426849365,7.927800178527832
1753052568022,,-4.149750232696533,
1753052568023,-2.5719711780548096,-4.156932830810547,7.865550994873047
1753052568073,-1.8848352432250977,-4.31255578994751,9.268553733825684
1753052568123,-1.935113549232483,-4.305373191833496,
1753052568124,,,9.239823341369629
1753052568173,-1.66696298122406,-3.8145618438720703,
1753052568174,-1.7268179655075073,,9.033921241760254
1753052568223,-1.9494787454605103,-3.9821560382843018,8.990825653076172
1753052568273,,-3.869628429412842,
1753052568274,-1.468244194984436,,9.266159057617188
1753052568323,-1.734000563621521,-4.118625640869141,9.28531265258789
1753052568373,-1.5879542827606201,-4.094683647155762,
1753052568374,-2.141014814376831,,8.500014305114746
1753052568423,-1.9710265398025513,-4.101866245269775,8.33481502532959
1753052568472,,-4.111443042755127,
1753052568473,-2.02848744392395,-4.219182014465332,8.049904823303223
1753052568523,-2.433107376098633,-3.886387825012207,8.057086944580078
1753052568524,,,8.270171165466309
1753052568574,-1.7387889623641968,-3.912724018096924,8.320449829101562
1753052568623,-2.0644004344940186,-4.073135852813721,8.55029296875
1753052568673,,-3.9438488483428955,
1753052568674,-1.7962498664855957,,8.655637741088867
1753052568723,-2.121861219406128,-4.104260444641113,8.090605735778809
1753052568774,-2.0213048458099365,-4.551976203918457,8.725069999694824
1753052568775,,,8.55268669128418
1753052568823,-2.538452386856079,-4.283825397491455,8.215105056762695
1753052568873,,-4.453813552856445,
1753052568874,-1.954267144203186,,9.383475303649902
1753052568923,-1.8704700469970703,-3.8289270401000977,8.229470252990723
1753052568972,,-4.022857189178467,
1753052568973,-2.0236990451812744,-4.111443042755127,8.265382766723633
1753052569022,,-4.053982257843018,
1753052569023,-1.8010382652282715,-4.281431198120117,8.868721961975098
1753052569073,-2.4642322063446045,-4.743512153625488,9.326014518737793
1753052569074,,,9.242217063903809
1753052569123,-1.669357180595398,-4.223970413208008,9.134477615356445
1753052569173,-1.8608932495117188,-3.685275077819824,6.7043633460998535
1753052569223,-2.2200236320495605,-4.698022365570068,9.840767860412598
1753052569274,-2.9023709297180176,-4.736329555511475,9.012373924255371
1753052569323,-1.6310498714447021,-4.293402194976807,9.263765335083008
1753052569373,,-4.370016574859619,
1753052569374,-2.8401217460632324,,7.563881874084473
1753052569422,,-2.9478609561920166,
1753052569423,-2.184110403060913,-4.015674591064453,6.903081893920898
1753052569472,,-4.087501049041748,
1753052569473,-1.2360066175460815,-3.883993625640869,8.746617317199707
1753052569523,-2.3756465911865234,-4.243124008178711,9.256582260131836
1753052569573,-0.6901286244392395,-3.666121244430542,8.849568367004395
1753052569626,,-3.8265328407287598,
1753052569628,,-3.7451300621032715,
1753052569629,-2.3133974075317383,-4.0084919929504395,8.76337718963623
1753052569673,-2.1362264156341553,-4.331709384918213,9.361927032470703
1753052569723,-2.1146786212921143,-4.010886192321777,8.289324760437012
1753052569774,-2.1577742099761963,-4.458601951599121,8.768165588378906
1753052569823,-2.361281394958496,-4.441842555999756,7.903858184814453
1753052569873,,-3.8815994262695312,
1753052569874,-1.9399019479751587,,8.13370132446289
1753052569923,-2.009333848953247,-4.08510684967041,
1753052569924,-2.2248120307922363,,8.540716171264648
1753052569973,-1.7363947629928589,-3.931877851486206,8.375515937805176
1753052570023,-2.1960813999176025,-4.113837242126465,8.672396659851074
1753052570073,-2.65097975730896,-4.939836502075195,9.958083152770996
1753052570124,,-4.1210198402404785,
1753052570125,-1.7483657598495483,,9.39784049987793
1753052570176,,-3.910329818725586,
1753052570177,-1.566406488418579,-3.9486372470855713,9.302072525024414
1753052570227,-1.935113549232483,-3.8121676445007324,8.789712905883789
1753052570276,-1.4443022012710571,-3.9031472206115723,8.957306861877441
1753052570277,,,9.517550468444824
1753052570325,-1.7938556671142578,-4.592677593231201,8.801684379577637
1753052570376,,-3.840898036956787,
1753052570377,-2.56000018119812,,
1753052570426,,-4.094683647155762,
1753052570427,-1.8800468444824219,,8.229470252990723
1753052570476,-2.1697452068328857,-4.204816818237305,7.978078842163086
1753052570526,-1.6478092670440674,-3.951031446456909,8.693944931030273
1753052570574,,-3.7642836570739746,
1753052570575,-1.8944120407104492,,7.755417823791504
1753052570627,-2.4450783729553223,-4.480149745941162,8.373122215270996
1753052570676,,-4.6501383781433105,
1753052570677,-2.519298791885376,,9.349956512451172
1753052570726,,-4.314949989318848,
1753052570727,-1.5185223817825317,-4.365228176116943,9.395445823669434
1753052570776,,-4.001309394836426,
1753052570777,-1.6047136783599854,-4.05158805847168,8.811261177062988
1753052570824,,-4.22157621383667,
1753052570825,-2.4690206050872803,,8.382699012756348
1753052570877,-2.050035238265991,-4.645349979400635,9.213486671447754
1753052570926,-1.997362732887268,-4.180874824523926,
1753052570927,-1.5065513849258423,,8.514379501342773
1753052570976,,-3.7690720558166504,
1753052570977,-1.755548357963562,-3.7858314514160156,8.24383544921875
1753052571026,,-3.9031472206115723,
1753052571027,-1.734000563621521,,7.779359817504883
1753052571074,-2.5312697887420654,-4.2742486000061035,
1753052571075,-1.9279309511184692,,8.969278335571289
1753052571127,-0.960673451423645,-3.4123358726501465,8.605359077453613
1753052571176,,-3.338115692138672,
1753052571177,-1.0947487354278564,,7.791330814361572
1753052571226,,-3.953425645828247,
1753052571227,-2.4666264057159424,-3.642179250717163,7.846397399902344
1753052571276,,-3.642179250717163,
1753052571277,-1.3844470977783203,-3.953425645828247,8.308478355407715
1753052571324,-1.875258445739746,-4.307767391204834,8.55029296875
1753052571376,,-4.132990837097168,
1753052571377,-2.0859482288360596,-4.441842555999756,7.185597896575928
1753052571426,,-5.859210014343262,
1753052571427,-3.8097734451293945,,9.567828178405762
1753052571476,-1.669357180595398,-4.149750232696533,
1753052571477,-2.16495680809021,,7.891887187957764
1753052571526,,-3.9414546489715576,
1753052571527,-1.8441338539123535,,8.64366626739502
1753052571574,,-4.578312397003174,
1753052571575,-2.457049608230591,,7.774571418762207
1753052571626,,-3.9701850414276123,
1753052571627,-1.1426327228546143,,9.64683723449707
1753052571676,-1.3820528984069824,-5.569511890411377,
1753052571677,,,11.370662689208984
1753052571726,,-4.214393615722656,
1753052571727,-1.7387889623641968,-4.647744178771973,9.658807754516602
1753052571777,-2.3277626037597656,-4.777030944824219,
1753052571778,-2.5025393962860107,,8.468890190124512
1753052571824,-1.4873977899551392,-3.816956043243408,8.30129623413086
1753052571876,,-4.2096052169799805,
1753052571877,-2.56000018119812,-4.4825439453125,8.27974796295166
1753052571926,,-4.046799659729004,
1753052571927,-1.9829975366592407,,7.537545680999756
1753052571976,,-3.955819845199585,
1753052571978,-2.1936872005462646,,7.736264228820801
1753052572027,-2.3540987968444824,-4.4490251541137695,8.253412246704102
1753052572074,-1.7220295667648315,-3.8528690338134766,8.00680923461914
1753052572126,-2.009333848953247,-4.504091739654541,8.148066520690918
1753052572176,-2.5073277950286865,-4.595071792602539,
1753052572177,-1.7531541585922241,,8.564658164978027
1753052572226,-1.7459715604782104,-4.015674591064453,8.502408981323242
1753052572276,-1.9255367517471313,-4.884769916534424,8.969278335571289
1753052572324,-1.8417396545410156,-4.010886192321777,
1753052572325,,,8.186373710632324
1753052572376,-2.188898801803589,-4.446630954742432,8.545504570007324
1753052572425,,-4.525639533996582,
1753052572426,-2.5552117824554443,,7.891887187957764
1753052572476,-2.0021512508392334,-4.044404983520508,8.64366626739502
1753052572525,,-4.743512153625488,
1753052572526,-2.610278367996216,-4.492120742797852,8.658031463623047
1753052572574,,-4.111443042755127,
1753052572575,-1.3365631103515625,-3.7403416633605957,8.859145164489746
1753052572625,-2.9478609561920166,-4.712387561798096,8.839991569519043
1753052572675,-1.0324994325637817,-4.360439777374268,8.952518463134766
1753052572724,,-3.8815994262695312,
1753052572725,-1.9518729448318481,-4.530427932739258,8.167220115661621
1753052572775,-1.9614497423171997,-4.966172695159912,9.024344444274902
1753052572824,-1.1162965297698975,-3.730764865875244,8.624512672424316
1753052572874,-1.731606364250183,-4.40353536605835,8.60775375366211
1753052572924,,-4.8704047203063965,
1753052572925,-2.409165382385254,-4.690839767456055,9.048286437988281
1753052572974,,-4.755483150482178,
1753052572975,-1.9806033372879028,-4.853645324707031,8.804078102111816
1753052573024,-1.389235496520996,-4.003703594207764,8.416217803955078
1753052573074,-1.7196353673934937,-3.931877851486206,
1753052573075,-1.9015947580337524,,8.093000411987305
1753052573124,-0.761954665184021,-3.864840030670166,
1753052573125,,,8.91181755065918
1753052573174,-1.8010382652282715,-4.262277603149414,8.629301071166992
1753052573224,-2.1074960231781006,-4.954201698303223,9.30925464630127
1753052573274,-2.454655408859253,-4.879981517791748,
1753052573275,-2.7275943756103516,,8.40424633026123
1753052573324,-2.0165164470672607,-4.666897773742676,
1753052573325,-2.057217836380005,,8.58381175994873
1753052573374,-2.0835540294647217,-3.9917328357696533,7.678803443908691
1753052573424,-1.8944120407104492,-4.499303340911865,8.909422874450684
1753052573474,-2.208052635192871,-4.288613796234131,7.563881874084473
1753052573524,-1.5352818965911865,-4.530427932739258,9.048286437988281
1753052573575,-2.299032211303711,-4.4705729484558105,8.880692481994629
1753052573626,-1.6478092670440674,-4.652532577514648,9.287707328796387
1753052573673,-1.6980875730514526,-4.17608642578125,
1753052573674,,,9.084199905395508
1753052573726,,-4.053982257843018,
1753052573727,-1.8010382652282715,,8.136096000671387
1753052573773,,-4.439448356628418,
1753052573774,-1.853710651397705,-4.772242546081543,9.053074836730957
1753052573824,,-4.678868770599365,
1753052573825,-2.5743653774261475,-4.7171759605407715,8.844779968261719
1753052573874,-2.095525026321411,-4.8704047203063965,8.760982513427734
1753052573923,-1.896806240081787,-4.049193859100342,7.729081630706787
1753052573973,,-4.475361347198486,
1753052573974,-2.2631192207336426,,8.679579734802246
1753052574023,,-3.912724018096924,
1753052574024,-1.4107834100723267,-3.907935619354248,8.346785545349121
1753052574075,-2.741959571838379,-4.465784549713135,8.258200645446777
1753052574123,,-4.293402194976807,
1753052574124,-1.7483657598495483,-3.955819845199585,8.986037254333496
1753052574173,-1.71245276927948,-4.020462989807129,8.91421127319336
1753052574223,,-4.57112979888916,
1753052574224,-1.975814938545227,-4.604648590087891,8.715493202209473
1753052574274,-2.2415714263916016,-4.568735599517822,8.423399925231934
1753052574325,-1.8393454551696777,-4.480149745941162,10.125677108764648
1753052574373,,-3.843292236328125,
1753052574374,-1.470638394355774,-3.8337154388427734,7.460930824279785
1753052574423,,-4.504091739654541,
1753052574424,-2.11946702003479,,8.480860710144043
1753052574474,-1.8393454551696777,-4.243124008178711,8.567051887512207
1753052574523,,-4.652532577514648,
1753052574524,-1.6765397787094116,-4.822520732879639,8.897452354431152
1753052574575,-2.1314380168914795,-4.8895583152771,8.830414772033691
1753052574623,,-4.559158802032471,
1753052574624,-2.07397723197937,-4.666897773742676,8.502408981323242
1753052574673,,-4.367622375488281,
1753052574674,-1.9877859354019165,,8.962095260620117
1753052574723,-1.789067268371582,-3.838503837585449,7.681197643280029
1753052574774,-1.7268179655075073,-4.508880138397217,9.675567626953125
1753052574825,-2.69646954536438,-4.396352767944336,8.294113159179688
1753052574873,,-4.975749492645264,
1753052574874,-1.997362732887268,,9.627683639526367
1753052574923,-2.251148223876953,-4.022857189178467,8.464101791381836
1753052574973,-1.6597803831100464,-4.350862979888916,8.540716171264648
1753052575023,-2.145803213119507,-4.506485939025879,8.60775375366211
1753052575074,,-4.111443042755127,
1753052575075,-1.7411831617355347,-3.974973440170288,8.440159797668457
1753052575123,-2.380434989929199,-4.693233966827393,9.199121475219727
1753052575173,-1.0779893398284912,-3.9606082439422607,8.286931037902832
1753052575223,-2.603095769882202,-4.963778495788574,9.37629222869873
1753052575273,-1.025316834449768,-4.168903827667236,8.636484146118164
1753052575324,,-4.83209753036499,
1753052575325,-2.516904592514038,,9.730634689331055
1753052575372,,-4.0970778465271,
1753052575373,-1.813009262084961,-3.8121676445007324,7.515997886657715
1753052575422,,-4.812943935394287,
1753052575423,-2.02848744392395,-5.097854137420654,8.964489936828613
1753052575473,-2.7754783630371094,-4.829703330993652,
1753052575474,,,8.468890190124512
1753052575524,-1.7387889623641968,-3.7642836570739746,8.298901557922363
1753052575575,-2.0021512508392334,-4.5160627365112305,8.907029151916504
1753052575623,-2.1481974124908447,-4.386775970458984,9.088988304138184
1753052575672,,-4.525639533996582,
1753052575673,-1.2072762250900269,-4.216787815093994,9.67077922821045
1753052575726,-2.5959131717681885,-4.329315185546875,8.806472778320312
1753052575775,,-4.118625640869141,
1753052575776,-1.4802151918411255,-3.8552632331848145,8.51916790008545
1753052575825,-2.471414804458618,-4.731541156768799,9.452906608581543
1753052575873,-1.3293805122375488,-4.006097793579102,8.13370132446289
1753052575922,,-4.4705729484558105,
1753052575923,-2.3540987968444824,-4.013280391693115,9.208698272705078
1753052575972,,-3.929483652114868,
1753052575973,-1.8704700469970703,-4.173692226409912,7.4800848960876465
1753052576023,-1.346139907836914,-4.123414039611816,9.144054412841797
1753052576074,,-3.886387825012207,
1753052576075,-1.9375077486038208,-4.144961833953857,7.671620845794678
1753052576123,-1.8393454551696777,-4.556764602661133,8.272565841674805
1753052576172,,-4.276642799377441,
1753052576173,-2.3756465911865234,-4.281431198120117,9.282918930053711
1753052576223,-1.9901801347732544,-4.068347454071045,7.6764092445373535
1753052576273,-2.741959571838379,-5.016450881958008,
1753052576274,-1.9183541536331177,,9.665990829467773
1753052576324,,-3.6541502475738525,
1753052576325,-1.3988122940063477,-4.432265758514404,7.53275728225708
1753052576373,,-5.1601033210754395,
1753052576374,-3.2830491065979004,,9.12729549407959
1753052576422,,-3.2854433059692383,
1753052576423,-1.0779893398284912,-3.421912670135498,7.4537482261657715
1753052576473,-2.713229179382324,-4.180874824523926,9.639654159545898
1753052576523,-2.1721394062042236,-4.152144432067871,8.373122215270996
1753052576574,-1.2958617210388184,-4.046799659729004,
1753052576575,,,10.235811233520508
1753052576623,-2.603095769882202,-3.929483652114868,7.029974937438965
1753052576672,,-4.4059295654296875,
1753052576673,-1.8273744583129883,-3.7211880683898926,10.254964828491211
1753052576723,-2.1266496181488037,-4.063559055328369,9.263765335083008
1753052576773,-2.1074960231781006,-3.9606082439422607,7.310096263885498
1753052576824,-1.8369512557983398,-4.322132587432861,9.1632080078125
1753052576873,-2.5336639881134033,-4.420294761657715,8.373122215270996
1753052576874,,,8.916605949401855
1753052576922,,-4.058770656585693,
1753052576923,-1.7866730690002441,-3.6733038425445557,8.193556785583496
1753052576972,,-4.159327030181885,
1753052576973,-1.9686323404312134,-4.104260444641113,8.808866500854492
1753052577023,-2.1697452068328857,-4.149750232696533,8.260594367980957
1753052577074,-1.9399019479751587,-4.159327030181885,8.784924507141113
1753052577123,-2.342127799987793,-4.298190593719482,8.930971145629883
1753052577172,,-3.9223008155822754,
1753052577173,-2.23199462890625,-3.5511996746063232,8.502408981323242
1753052577223,-2.3301568031311035,-4.0563764572143555,8.13370132446289
1753052577273,-2.7323827743530273,-4.310161590576172,8.15524959564209
1753052577324,-2.1122844219207764,-4.302978992462158,8.555081367492676
1753052577325,,,8.476072311401367
1753052577372,,-4.808155536651611,
1753052577373,-2.6366145610809326,-4.949413299560547,9.053074836730957
1753052577422,,-3.362057685852051,
1753052577423,-1.183334231376648,-3.41951847076416,7.975684642791748
1753052577473,-3.2854433059692383,-4.259883403778076,8.227075576782227
1753052577523,-1.4873977899551392,-3.974973440170288,7.690774440765381
1753052577574,-2.6821043491363525,-4.195240020751953,
1753052577575,,,9.428964614868164
1753052577623,-2.0476410388946533,-3.2351651191711426,7.144896507263184
1753052577672,,-4.511274337768555,
1753052577673,-2.0428526401519775,-3.9462430477142334,9.768941879272461
1753052577723,-2.588730573654175,-4.465784549713135,9.091382026672363
1753052577724,,,8.581417083740234
1753052577774,,-4.247912406921387,
1753052577775,-1.9901801347732544,-4.128202438354492,8.447341918945312
1753052577824,-2.5552117824554443,-4.0563764572143555,
1753052577825,-2.876034736633301,,7.815272808074951
1753052577873,-1.9949685335159302,-4.573523998260498,9.407417297363281
1753052577922,,-3.711611270904541,
1753052577923,-1.6980875730514526,-4.243124008178711,8.040328025817871
1753052577972,,-4.559158802032471,
1753052577973,-2.610278367996216,-4.540005207061768,8.531139373779297
1753052578023,-1.8249802589416504,-4.049193859100342,9.007585525512695
1753052578074,-2.160168409347534,-4.271854400634766,
1753052578075,-2.583942174911499,,8.600570678710938
1753052578123,-1.247977614402771,-3.9821560382843018,8.98124885559082
1753052578172,,-4.001309394836426,
1753052578173,-1.932719349861145,-4.484938144683838,8.12173080444336
1753052578223,-1.9877859354019165,-4.389170169830322,8.684368133544922
1753052578273,-1.8489222526550293,-3.759495258331299,8.437765121459961
1753052578324,-2.476203203201294,-4.556764602661133,8.751405715942383
1753052578372,,-3.9630024433135986,
1753052578373,-1.5975310802459717,-4.089895248413086,8.749011993408203
1753052578422,,-4.508880138397217,
1753052578423,-2.6437971591949463,-4.3628339767456055,8.567051887512207
1753052578473,-1.8441338539123535,-3.6756980419158936,7.745841026306152
1753052578523,-3.0148985385894775,-4.74111795425415,8.490437507629395
1753052578574,-2.380434989929199,-4.5160627365112305,9.263765335083008
1753052578623,-2.981379747390747,-4.597465991973877,8.576628684997559
1753052578672,,-4.04201078414917,
1753052578673,-2.0620062351226807,-3.6756980419158936,8.363545417785645
1753052578723,,-4.554370403289795,
1753052578724,-2.8616695404052734,,8.64366626739502
1753052578774,-2.117072820663452,-4.796184539794922,8.58381175994873
1753052578824,-1.7531541585922241,-4.109048843383789,8.847173690795898
1753052578873,-3.3022027015686035,-4.714781761169434,6.931812286376953
1753052578923,-1.9734207391738892,-4.597465991973877,9.282918930053711
1753052578973,-2.380434989929199,-4.432265758514404,8.011597633361816
1753052579023,-2.2894554138183594,-4.638167381286621,8.33720874786377
1753052579073,,-4.853645324707031,
1753052579074,-2.521692991256714,-4.724358558654785,9.416994094848633
1753052579123,-1.7411831617355347,-4.073135852813721,8.772953987121582
1753052579173,-2.0404584407806396,-4.092289447784424,7.731475830078125
1753052579223,-1.975814938545227,-4.623802185058594,9.12729549407959
1753052579224,,,8.562263488769531
1753052579273,,-4.777030944824219,
1753052579274,-2.6390087604522705,-5.179256916046143,8.97885513305664
1753052579323,,-3.974973440170288,
1753052579324,-2.1936872005462646,,7.106589317321777
1753052579373,-2.895188331604004,-4.58310079574585,8.090605735778809
1753052579423,-2.6174609661102295,-4.379593372344971,7.70274543762207
1753052579473,,-4.343680381774902,
1753052579474,-2.0189106464385986,,8.229470252990723
1753052579523,,-4.647744178771973,
1753052579524,-2.5552117824554443,,8.432976722717285
1753052579573,-2.0476410388946533,-4.286219596862793,8.452130317687988
1753052579623,-2.8401217460632324,-4.990114688873291,8.353968620300293
1753052579672,,-4.657320976257324,
1753052579673,-2.6174609661102295,-4.9350481033325195,8.64366626739502
1753052579726,-2.7563247680664062,-4.793790340423584,8.104970932006836
1753052579776,-2.4139537811279297,-4.441842555999756,8.136096000671387
1753052579827,-2.6342203617095947,-4.860827922821045,8.490437507629395
1753052579873,-2.7012581825256348,-4.611831188201904,7.853579998016357
1753052579924,-2.938283920288086,-4.999691486358643,8.00680923461914
1753052579976,,-4.939836502075195,
1753052579977,-3.1441853046417236,,7.887098789215088
1753052580026,,-4.57112979888916,
1753052580027,-2.4402899742126465,,8.868721961975098
1753052580077,-2.935889720916748,-4.676474571228027,7.779359817504883
1753052580123,,-4.633378982543945,
1753052580124,-2.562394380569458,-4.621407985687256,8.021174430847168
1753052580177,-2.2679076194763184,-4.453813552856445,8.219893455505371
1753052580227,-2.895188331604004,-5.10264253616333,8.10018253326416
1753052580277,-1.9039889574050903,-4.590283393859863,8.780136108398438
1753052580327,-2.7563247680664062,-4.611831188201904,8.217498779296875
1753052580373,,-4.336497783660889,
1753052580374,-2.65097975730896,,7.3005194664001465
1753052580426,,-5.01405668258667,
1753052580427,-2.8161797523498535,-5.081094741821289,8.91421127319336
1753052580478,-3.2615013122558594,-4.5423994064331055,7.688380241394043
1753052580527,-2.294243812561035,-4.982932090759277,8.988431930541992
1753052580528,,,7.506421089172363
1753052580576,,-4.197634220123291,
1753052580577,-2.562394380569458,-4.726752758026123,7.906252384185791
1753052580623,,-5.162497520446777,
1753052580624,-2.8401217460632324,-4.918288707733154,8.500014305114746
1753052580676,,-4.468178749084473,
1753052580677,-2.1122844219207764,,8.286931037902832
1753052580726,-2.7898435592651367,-4.446630954742432,7.515997886657715
1753052580777,-3.1202433109283447,-5.164891719818115,8.476072311401367
1753052580827,-3.824138641357422,-5.923853397369385,9.840767860412598
1753052580874,-1.9638439416885376,-3.737947463989258,6.970119476318359
1753052580926,-3.560776472091675,-5.05715274810791,8.610147476196289
1753052580976,,-4.192845821380615,
1753052580977,-2.6126725673675537,-4.35804557800293,7.875127792358398
1753052581026,,-4.997297286987305,
1753052581027,-2.5528175830841064,-5.966948986053467,9.098565101623535
1753052581076,,-5.100248336791992,
1753052581077,-4.575918197631836,-5.061941146850586,5.581482887268066
1753052581124,-3.448249101638794,-5.610213279724121,9.414599418640137
1753052581176,,-5.684433460235596,
1753052581177,-4.834491729736328,,6.955754280090332
1753052581226,,-5.0499701499938965,
1753052581227,-3.469796895980835,-4.846462726593018,7.3651628494262695
1753052581276,,-4.961384296417236,
1753052581277,-3.223194122314453,,7.357980251312256
1753052581326,,-5.413888454437256,
1753052581327,-4.477755546569824,-5.480926036834717,7.5447282791137695
1753052581373,,-4.453813552856445,
1753052581374,-2.6366145610809326,-4.638167381286621,7.879916191101074
1753052581426,-3.4793736934661865,-5.112219333648682,7.666832447052002
1753052581476,,-5.0284223556518555,
1753052581477,-3.4171242713928223,,7.626131057739258
1753052581526,-2.9550435543060303,-4.8895583152771,8.06666374206543
1753052581576,-3.5727474689483643,-5.591059684753418,8.308478355407715
1753052581623,,-5.155314922332764,
1753052581624,-3.912724018096924,-5.128978729248047,7.336432456970215
1753052581676,-2.9957449436187744,-5.033210754394531,
1753052581677,-3.953425645828247,,7.9637131690979
1753052581726,-3.714005470275879,-5.380369663238525,8.181585311889648
1753052581778,-3.5895068645477295,-4.872798919677734,7.49923849105835
1753052581826,-3.6972460746765137,-4.9805378913879395,7.824849605560303
1753052581874,-2.670133352279663,-4.678868770599365,8.361150741577148
1753052581925,,-4.654926776885986,
1753052581926,-4.0970778465271,-4.686051368713379,7.070676326751709
1753052581976,-2.631826162338257,-4.621407985687256,9.479243278503418
1753052582026,-2.5959131717681885,-4.0994720458984375,8.40185260772705
1753052582076,-1.9662381410598755,-4.348468780517578,8.916605949401855
1753052582123,-2.868852138519287,-4.286219596862793,7.882310390472412
1753052582175,-3.292625904083252,-4.8704047203063965,8.306084632873535
1753052582225,-3.4745852947235107,-4.963778495788574,8.701127052307129
1753052582274,,-5.650914669036865,
1753052582275,-4.3843817710876465,-5.741894245147705,8.435371398925781
1753052582325,-3.53204607963562,-5.464166641235352,8.696338653564453
1753052582372,,-4.743512153625488,
1753052582373,-3.2375593185424805,-4.5160627365112305,8.004414558410645
1753052582424,,-4.549582004547119,
1753052582425,-3.1729156970977783,,7.381922245025635
1753052582474,,-4.942230701446533,
1753052582475,-3.6804866790771484,-4.769848346710205,8.294113159179688
1753052582524,,-4.994903087615967,
1753052582525,-3.512892484664917,,8.215105056762695
1753052582574,,-5.167285919189453,
1753052582575,-3.3261446952819824,-5.0715179443359375,8.588600158691406
1753052582623,-3.66851544380188,-4.937442302703857,7.6764092445373535
1753052582674,-3.3045969009399414,-5.006874084472656,
1753052582675,-3.759495258331299,,8.083423614501953
1753052582724,-4.068347454071045,-5.198410511016846,7.827243804931641
1753052582774,-3.397970676422119,-5.248688697814941,8.088212013244629
1753052582824,,-5.3564276695251465,
1753052582825,-4.216787815093994,,8.109759330749512
1753052582873,-3.3285388946533203,-4.836885929107666,8.464101791381836
1753052582924,-3.0819361209869385,-4.820126533508301,8.574234962463379
1753052582974,-2.940678119659424,-3.9653966426849365,8.294113159179688
1753052583024,-1.9255367517471313,-3.536834478378296,8.85435676574707
1753052583074,-2.009333848953247,-3.1872811317443848,8.646060943603516
1753052583123,-1.9207483530044556,-3.5679590702056885,8.614935874938965
1753052583174,-1.4299370050430298,-4.116231441497803,9.25179386138916
1753052583223,,-3.1848866939544678,
1753052583224,-2.1577742099761963,-3.7211880683898926,7.832032203674316
1753052583274,-2.16495680809021,-4.109048843383789,7.853579998016357
1753052583323,,-3.6756980419158936,
1753052583324,-2.8113913536071777,,9.074623107910156
1753052583372,,-3.1705214977264404,
1753052583373,-0.6518214344978333,-2.8137855529785156,8.851962089538574
1753052583423,,-3.9223008155822754,
1753052583424,-2.3756465911865234,,9.179967880249023
1753052583474,-2.342127799987793,-4.829703330993652,9.711481094360352
1753052583524,-1.8489222526550293,-3.139396905899048,8.87829875946045
1753052583574,-1.1617863178253174,-3.599083662033081,
1753052583575,,,8.389881134033203
1753052583623,,-4.003703594207764,
1753052583624,-3.5009214878082275,-3.9390604496002197,8.054693222045898
1753052583673,-1.0971429347991943,-3.800196647644043,
1753052583674,,,11.188703536987305
1753052583723,,-3.5679590702056885,
1753052583724,-1.6621745824813843,-5.430647850036621,9.998785018920898
1753052583773,-2.866457939147949,-5.124190330505371,11.34432601928711
1753052583774,,,11.823166847229004
1753052583824,-1.1426327228546143,-4.31255578994751,10.80084228515625
1753052583873,-2.8209681510925293,-4.298190593719482,8.660426139831543
1753052583923,,-4.350862979888916,
1753052583924,-1.3174095153808594,,10.685920715332031
1753052583973,,-2.344521999359131,
1753052583974,-2.2463598251342773,,6.333261966705322
1753052584023,,-2.722805976867676,
1753052584024,-0.002992752008140087,-4.020462989807129,11.423335075378418
1753052584074,-4.2957963943481445,-3.156156301498413,5.385158061981201
1753052584123,-1.8417396545410156,-4.168903827667236,10.942100524902344
1753052584173,-2.80899715423584,-3.5847184658050537,8.500014305114746
1753052584223,,-4.018068790435791,
1753052584224,-2.449866771697998,,9.175179481506348
1753052584274,-1.4634557962417603,-3.330933094024658,10.424952507019043
1753052584323,-0.06524199992418289,-2.425924777984619,
1753052584324,,,10.214262962341309
1753052584372,,-2.167351007461548,
1753052584373,-0.800261914730072,-2.6629507541656494,8.813654899597168
1753052584423,-1.875258445739746,-3.158550500869751,7.975684642791748
1753052584474,-2.454655408859253,-4.104260444641113,10.27890682220459
1753052584523,-2.2008697986602783,-3.445854902267456,10.396222114562988
1753052584573,-1.4634557962417603,-3.5200750827789307,10.788871765136719
1753052584623,-1.3389573097229004,-3.3907880783081055,8.667608261108398
1753052584673,-1.3557167053222656,-3.4362781047821045,10.590152740478516
1753052584723,-1.2072762250900269,-2.3086090087890625,8.399457931518555
1753052584773,,-3.934272050857544,
1753052584774,-1.2336124181747437,-3.1896753311157227,
1753052584775,,,11.100117683410645
1753052584823,,-3.7187938690185547,
1753052584824,-1.4514847993850708,,9.998785018920898
1753052584873,-0.47465047240257263,-2.844910144805908,9.931747436523438
1753052584923,-0.8720879554748535,-2.6222493648529053,8.55268669128418
1753052584972,,-2.9454667568206787,
1753052584973,-1.0348936319351196,-2.9454667568206787,8.808866500854492
1753052585023,-1.3652935028076172,-2.9694087505340576,9.371503829956055
1753052585073,-0.7523778676986694,-2.9741971492767334,10.120888710021973
1753052585123,-1.0923545360565186,-2.406771183013916,9.165602684020996
1753052585172,,-3.335721492767334,
1753052585173,-1.4323312044143677,-2.8832173347473145,9.821614265441895
1753052585223,-0.8433575630187988,-2.9215245246887207,
1753052585224,,,9.752182006835938
1753052585273,-0.3381809890270233,-2.6797101497650146,9.965266227722168
1753052585323,,-3.5919010639190674,
1753052585324,-1.2072762250900269,,10.276512145996094
1753052585372,,-3.0819361209869385,
1753052585373,-0.9582792520523071,,9.59177017211914
1753052585422,,-3.424306869506836,
1753052585423,-0.8888474106788635,-2.564788579940796,11.097723007202148
1753052585473,-0.5871779918670654,-2.7994203567504883,10.22383975982666
1753052585474,,,10.62127685546875
1753052585523,0.08798690885305405,-2.272696018218994,
1753052585524,-0.7954735159873962,,9.67077922821045
1753052585573,-0.6302735805511475,-3.0148985385894775,10.520720481872559
1753052585622,,-2.737171173095703,
1753052585623,-1.3198037147521973,-2.536058187484741,8.136096000671387
1753052585672,,-2.715623378753662,
1753052585673,-0.4076128304004669,-3.316567897796631,9.316437721252441
1753052585723,,-3.1872811317443848,
1753052585724,-1.2862848043441772,,8.904634475708008
1753052585774,-0.09157821536064148,-3.00053334236145,11.205462455749512
1753052585823,,-3.1226375102996826,
1753052585824,-1.7387889623641968,,7.508815288543701
1753052585872,,-2.8808231353759766,
1753052585873,-1.6430208683013916,-3.469796895980835,9.165602684020996
1753052585923,-1.5879542827606201,-3.802590847015381,10.22383975982666
1753052585972,,-3.1058781147003174,
1753052585973,-1.2623428106307983,-3.132214307785034,8.15764331817627
1753052586023,,-3.2543187141418457,
1753052586024,-0.32381579279899597,,10.942100524902344
1753052586073,,-2.8999767303466797,
1753052586074,-0.7332242727279663,,8.830414772033691
1753052586122,-1.1546037197113037,-2.8568811416625977,
1753052586123,,,8.523956298828125
1753052586173,-0.7356184720993042,-3.512892484664917,9.445724487304688
1753052586223,,-2.1745336055755615,
1753052586224,-1.1186907291412354,,8.897452354431152
1753052586225,,,10.73141098022461
1753052586273,,-3.2591071128845215,
1753052586274,0.04728548228740692,,8.22228717803955
1753052586323,-1.7196353673934937,-2.6581623554229736,9.699509620666504
1753052586372,-1.590348482131958,-3.400364875793457,9.445724487304688
1753052586422,,-3.3716344833374023,
1753052586423,-0.9989806413650513,-3.448249101638794,10.061034202575684
1753052586473,-1.367687702178955,-3.4817678928375244,9.661202430725098
1753052586523,-0.46986207365989685,-3.005321741104126,
1753052586524,-0.7140706777572632,,9.03870964050293
1753052586573,-0.8505401611328125,-2.720411777496338,9.606135368347168
1753052586623,-0.3884592354297638,-3.1489737033843994,9.443329811096191
1753052586672,,-3.5727474689483643,
1753052586673,-0.7308300733566284,-3.110666513442993,10.209474563598633
1753052586726,-0.9726444482803345,-3.0771477222442627,8.234258651733398
1753052586773,-0.19452889263629913,-2.9765913486480713,8.540716171264648
1753052586823,,-3.6134488582611084,
1753052586824,-1.7818846702575684,,8.909422874450684
1753052586873,-1.1115081310272217,-3.2830491065979004,7.3867106437683105
1753052586923,-1.3293805122375488,-3.838503837585449,10.288483619689941
1753052586972,,-2.500145196914673,
1753052586973,-1.3293805122375488,-2.7778725624084473,7.49923849105835
1753052587023,,-3.333327293395996,
1753052587024,-0.5608417391777039,,9.766547203063965
1753052587073,-0.9175778031349182,-3.821744441986084,9.34037971496582
1753052587074,,,11.057022094726562
1753052587123,,-3.201646327972412,
1753052587124,-0.9391255974769592,,9.718663215637207
1753052587173,-1.470638394355774,-3.737947463989258,9.857526779174805
1753052587223,-1.061229944229126,-3.685275077819824,10.24538803100586
1753052587273,-1.183334231376648,-4.207211017608643,10.412981986999512
1753052587323,,-3.2998085021972656,
1753052587324,-0.12270283699035645,,9.630077362060547
1753052587372,,-3.929483652114868,
1753052587373,-3.4290952682495117,-4.020462989807129,11.07378101348877
1753052587423,-2.3086090087890625,-4.709993362426758,7.635707855224609
1753052587473,-0.48901569843292236,-5.36361026763916,
1753052587474,,,13.671490669250488
1753052587523,-0.14425064623355865,-3.0819361209869385,
1753052587524,-1.5568296909332275,,7.061099529266357
1753052587573,-0.8146271109580994,-3.4626142978668213,9.5007905960083
1753052587623,-0.5680243372917175,-3.6086604595184326,8.310873031616211
1753052587672,,-3.8073792457580566,
1753052587673,-1.590348482131958,-3.0555999279022217,9.1632080078125
1753052587723,,-3.330933094024658,
1753052587724,-0.9846154451370239,,8.33481502532959
1753052587773,,-3.73555326461792,
1753052587774,-0.06763619929552078,-3.7834372520446777,9.009979248046875
1753052587823,,-3.6804866790771484,
1753052587824,-1.4323312044143677,,8.686761856079102
1753052587873,-1.0013748407363892,-3.156156301498413,8.45931339263916
1753052587923,-1.4826093912124634,-3.601477861404419,9.359533309936523
1753052587973,-2.433107376098633,-4.006097793579102,8.13370132446289
1753052588023,-1.6454150676727295,-4.161721229553223,
1753052588024,-1.449090600013733,,10.470442771911621
1753052588073,-1.7986440658569336,-4.350862979888916,
1753052588074,-1.346139907836914,,9.352350234985352
1753052588123,-0.9247604012489319,-3.53204607963562,8.397064208984375
1753052588172,,-4.413112163543701,
1753052588173,-1.8441338539123535,-3.9893386363983154,10.027515411376953
1753052588223,-1.3365631103515625,-3.4626142978668213,
1753052588224,-1.0923545360565186,,8.353968620300293
1753052588273,,-4.319738388061523,
1753052588274,-2.014122247695923,,8.830414772033691
1753052588323,-2.9550435543060303,-4.951807498931885,
1753052588324,-3.29502010345459,,7.389104843139648
1753052588372,,-4.654926776885986,
1753052588373,-2.698863983154297,-4.731541156768799,9.857526779174805
1753052588423,-1.3748703002929688,-4.372410774230957,9.49121379852295
1753052588473,,-3.5224692821502686,
1753052588474,-1.5400702953338623,,8.31326675415039
1753052588523,-1.6262614727020264,-4.288613796234131,
1753052588524,-1.5855600833892822,,8.569446563720703
1753052588573,-1.8680758476257324,-3.575141668319702,7.688380241394043
1753052588623,-2.102707624435425,-4.439448356628418,9.321226119995117
1753052588672,,-4.065953254699707,
1753052588673,-1.5975310802459717,-3.6086604595184326,9.017162322998047
1753052588723,-2.1146786212921143,-3.800196647644043,
1753052588724,-2.0476410388946533,,8.145672798156738
1753052588773,,-3.733159065246582,
1753052588774,-2.030881643295288,,8.049904823303223
1753052588825,-1.7196353673934937,-3.5871126651763916,8.746617317199707
1753052588873,,-4.592677593231201,
1753052588874,-2.124255418777466,-3.9199066162109375,9.457695007324219
1753052588923,-1.7244237661361694,-3.6349966526031494,8.167220115661621
1753052588972,,-4.269460201263428,
1753052588973,-1.7076643705368042,-4.063559055328369,9.744999885559082
1753052589023,-1.3964180946350098,-3.843292236328125,
1753052589024,,,8.624512672424316
1753052589073,,-4.109048843383789,
1753052589074,-2.095525026321411,,8.909422874450684
1753052589123,-1.8704700469970703,-4.257489204406738,9.314043045043945
1753052589173,-1.9877859354019165,-4.04201078414917,9.01476764678955
1753052589224,-1.611896276473999,-3.78104305267334,7.750629425048828
1753052589276,,-4.214393615722656,
1753052589277,-2.02848744392395,-3.560776472091675,9.189544677734375
1753052589326,,-3.9677908420562744,
1753052589327,-2.3277626037597656,,7.642890453338623
1753052589372,,-4.590283393859863,
1753052589373,-2.5288755893707275,-4.053982257843018,9.19433307647705
1753052589424,-1.7483657598495483,-4.080318450927734,8.016386032104492
1753052589476,-2.0428526401519775,-4.592677593231201,
1753052589477,-2.1912930011749268,,9.132083892822266
1753052589526,,-3.891176223754883,
1753052589527,-2.162562608718872,,7.8296380043029785
1753052589577,-2.540846586227417,-3.883993625640869,8.298901557922363
1753052589623,-1.4658499956130981,-3.958214044570923,8.361150741577148
1753052589676,,-3.9151182174682617,
1753052589677,-2.337339401245117,,8.670002937316895
1753052589726,,-4.233547210693359,
1753052589727,-1.9710265398025513,-4.171298027038574,9.3643217086792
1753052589777,-2.251148223876953,-4.393958568572998,
1753052589778,,,8.595782279968262
1753052589826,-1.1210849285125732,-3.4961330890655518,8.183979988098145
1753052589874,-2.3253684043884277,-4.257489204406738,9.000402450561523
1753052589926,-1.9207483530044556,-4.226364612579346,8.049904823303223
1753052589977,-2.449866771697998,-4.348468780517578,9.141660690307617
1753052590026,,-4.6740803718566895,
1753052590027,-2.60548996925354,-3.9270894527435303,9.270947456359863
1753052590077,-1.5975310802459717,-3.838503837585449,7.832032203674316
1753052590124,-0.5823895931243896,-3.5895068645477295,10.233416557312012
1753052590176,,-3.405153274536133,
1753052590177,-1.2360066175460815,,7.460930824279785
1753052590226,,-4.037222385406494,
1753052590227,-1.4419080018997192,-4.283825397491455,9.3427734375
1753052590276,,-4.408323764801025,
1753052590277,-2.0236990451812744,-4.619013786315918,9.881468772888184
1753052590326,,-4.458601951599121,
1753052590327,-2.255936622619629,-4.463390350341797,8.605359077453613
1753052590373,,-4.714781761169434,
1753052590374,-2.160168409347534,-4.489726543426514,9.864709854125977
1753052590426,,-3.661332845687866,
1753052590427,-1.856104850769043,,7.865550994873047
1753052590476,-1.734000563621521,-3.661332845687866,
1753052590477,,,7.621342658996582
1753052590526,,-4.082712650299072,
1753052590527,-2.1721394062042236,,8.262989044189453
1753052590576,,-3.603872060775757,
1753052590577,-1.30543851852417,-3.797802448272705,8.564658164978027
1753052590623,,-3.994127035140991,
1753052590624,-1.9183541536331177,-4.137779235839844,8.662819862365723
1753052590676,-1.7244237661361694,-4.271854400634766,9.778518676757812
1753052590726,-1.5017629861831665,-3.694851875305176,9.337985038757324
1753052590777,-1.7651251554489136,-4.202422618865967,
1753052590778,,,9.065046310424805
1753052590827,-1.8393454551696777,-3.848080635070801,8.569446563720703
1753052590874,-2.3110032081604004,-3.9917328357696533,8.94533634185791
1753052590926,,-3.2615013122558594,
1753052590927,-0.7835025191307068,,7.769783020019531
1753052590976,,-3.553593873977661,
1753052590977,-1.5975310802459717,-3.838503837585449,8.969278335571289
1753052591026,-1.4514847993850708,-3.936666250228882,9.120112419128418
1753052591027,,,8.861538887023926
1753052591076,-1.1881226301193237,-3.7427358627319336,8.215105056762695
1753052591077,,,8.818443298339844
1753052591122,-2.315791606903076,-4.662109375,8.952518463134766
1753052591805,-2.078765630722046,-4.207211017608643,8.387487411499023
1753052591817,,-3.0125043392181396,
1753052591818,-0.2472013235092163,-3.04602313041687,9.519944190979004
1753052591872,-1.0779893398284912,-3.376422882080078,9.27334213256836
1753052591922,0.028131870552897453,-3.3045969009399414,8.684368133544922
1753052592803,-1.4802151918411255,-3.816956043243408,9.864709854125977
1753052592816,-1.5328876972198486,-4.530427932739258,9.541492462158203
1753052592872,-1.954267144203186,-3.9438488483428955,8.480860710144043
1753052592923,,-4.197634220123291,
1753052592924,-1.8441338539123535,-4.053982257843018,8.397064208984375
1753052593807,-1.7794904708862305,-4.247912406921387,8.567051887512207
1753052593820,,-3.642179250717163,
1753052593821,-0.7811083197593689,-3.625419855117798,8.624512672424316
1753052593873,-1.245583415031433,-3.816956043243408,8.531139373779297
1753052593923,-1.3581109046936035,-4.135385036468506,8.057086944580078
1753052594802,-2.1051018238067627,-4.063559055328369,9.103353500366211
1753052594815,-0.9702502489089966,-3.4362781047821045,8.60775375366211
1753052594871,-1.7531541585922241,-3.977367639541626,
1753052594872,,,8.531139373779297
1753052594920,-0.5225345492362976,-3.6086604595184326,10.441712379455566
1753052595811,-0.8984242081642151,-2.4426841735839844,8.176796913146973
1753052595821,-0.9056068062782288,-3.0579941272735596,9.30686092376709
1753052595871,,-4.219182014465332,
1753052595872,-1.1115081310272217,-3.555988073348999,10.827178955078125
1753052595922,-3.3261446952819824,-3.6373908519744873,
1753052595923,-2.1769278049468994,,8.286931037902832
1753052596757,-1.125873327255249,-3.661332845687866,8.270171165466309
1753052596767,,-3.4386723041534424,
1753052596768,-1.3126211166381836,-3.0436289310455322,9.1847562789917
1753052596819,,-3.7451300621032715,
1753052596820,-1.568800687789917,,10.053851127624512
1753052596870,-0.8720879554748535,-3.4386723041534424,10.204686164855957
1753052597810,-1.5783774852752686,-3.596689462661743,9.30686092376709
1753052597823,-1.303044319152832,-3.424306869506836,8.715493202209473
1753052597875,-1.18094003200531,-4.032433986663818,8.933364868164062
1753052597925,-0.6901286244392395,-3.5655648708343506,9.43135929107666
1753052598814,-1.1354501247406006,-3.6086604595184326,9.16081428527832
1753052598824,,-2.758718967437744,
1753052598825,-0.3645172119140625,-3.2207999229431152,8.262989044189453
1753052598827,,-3.3716344833374023,
1753052598828,-0.536899745464325,,8.646060943603516
1753052598877,-1.0995371341705322,-3.5033156871795654,8.490437507629395
1753052598927,-2.7084407806396484,-4.547187805175781,
1753052598928,,,9.543886184692383
1753052599812,,-3.931877851486206,
1753052599813,-1.7076643705368042,-3.618237257003784,9.256582260131836
1753052599823,-1.7483657598495483,-3.7235822677612305,8.418611526489258
1753052599826,-1.8297686576843262,-4.0779242515563965,9.369110107421875
1753052599874,-1.8920178413391113,-3.8265328407287598,
1753052599875,,,8.796895980834961
1753052599926,,-3.816956043243408,
1753052599927,-1.449090600013733,,8.267777442932129
1753052600813,-0.9965864419937134,-3.977367639541626,9.52473258972168
1753052600826,-1.5999252796173096,-3.974973440170288,9.278130531311035
1753052600877,-0.9846154451370239,-3.3045969009399414,9.299677848815918
1753052600927,-2.006939649581909,-4.398746967315674,9.864709854125977
1753052601252,-1.4873977899551392,-3.7403416633605957,8.806472778320312
1753052601262,-2.6557681560516357,-4.75308895111084,9.838373184204102
1753052601315,-0.44592007994651794,-3.0651767253875732,
1753052601316,,,7.733870029449463
1753052601366,-0.900818407535553,-3.5871126651763916,9.148842811584473
1753052601415,-1.8273744583129883,-3.3189620971679688,8.76577091217041
1753052601813,-1.0564415454864502,-3.0364463329315186,
1753052601814,,,7.159261703491211
1753052601826,-1.4754267930984497,-3.5009214878082275,7.559093475341797
1753052601827,,,9.838373184204102
1753052601877,,-4.101866245269775,
1753052601878,-2.258330821990967,,9.64683723449707
1753052601927,,-3.6349966526031494,
1753052601928,-1.346139907836914,,9.610923767089844
1753052602815,-1.9446903467178345,-3.8935704231262207,
1753052602816,-1.4155718088150024,,8.808866500854492
1753052602829,-1.1306617259979248,-2.7108349800109863,8.052298545837402
1753052602882,,-3.6517560482025146,
1753052602883,-0.5225345492362976,-3.4314894676208496,9.936535835266113
1753052602933,,-3.1298201084136963,
1753052602934,-1.5376760959625244,,8.794501304626465
1753052603812,,-3.3907880783081055,
1753052603813,-1.3964180946350098,-4.79857873916626,8.172008514404297
1753052603826,,-4.025251388549805,
1753052603827,-2.3756465911865234,,8.093000411987305
1753052603878,-2.299032211303711,-4.180874824523926,8.385092735290527
1753052603928,,-4.688445568084717,
1753052603929,-2.390011787414551,-4.475361347198486,9.610923767089844
1753052604805,,-4.549582004547119,
1753052604806,-1.7579425573349,-3.955819845199585,9.922170639038086
1753052604818,,-4.0084919929504395,
1753052604819,-2.255936622619629,,8.351573944091797
1753052604872,-1.5161281824111938,-3.603872060775757,8.782530784606934
1753052604921,-3.6780924797058105,-4.429871559143066,8.756194114685059
1753052605729,,-4.659715175628662,
1753052605730,-1.5017629861831665,-4.688445568084717,9.065046310424805
1753052605739,-1.5759832859039307,-3.7235822677612305,8.624512672424316
1753052605791,-2.121861219406128,-4.0084919929504395,8.58620548248291
1753052605840,-2.358887195587158,-3.910329818725586,
1753052605841,-1.6166846752166748,,8.262989044189453
1753052605890,,-3.4410665035247803,
1753052605891,-1.5879542827606201,-3.642179250717163,8.140884399414062
1753052605939,,-4.511274337768555,
1753052605940,-2.6605565547943115,-4.511274337768555,8.974066734313965
1753052605990,-1.4802151918411255,-3.951031446456909,9.323619842529297
1753052606052,,-4.058770656585693,
1753052606053,-2.7778725624084473,-3.8983588218688965,7.875127792358398
1753052606100,,-4.0084919929504395,
1753052606101,-0.9343371987342834,-3.560776472091675,9.852738380432129
1753052606150,-2.5073277950286865,-3.8792052268981934,9.00279712677002
1753052606200,-1.9901801347732544,-4.540005207061768,8.308478355407715
1753052606249,,-4.286219596862793,
1753052606250,-1.834557056427002,-4.860827922821045,8.60775375366211
1753052606299,-2.253542423248291,-4.410717964172363,10.494384765625
1753052606349,,-4.31255578994751,
1753052606350,-1.6286556720733643,,10.266935348510742
1753052606400,-1.5616180896759033,-3.0603883266448975,7.784148216247559
1753052606449,-3.5296518802642822,-3.3692402839660645,7.405864238739014
1753052606450,,,6.067505836486816
1753052606499,-1.058835744857788,-3.7403416633605957,8.658031463623047
1753052606549,-1.9159599542617798,-3.5200750827789307,
1753052606550,,,6.668450355529785
1753052606626,-2.212841033935547,-4.094683647155762,8.686761856079102
1753052606680,-3.4841620922088623,-4.2742486000061035,8.634089469909668
1753052606729,-2.672527551651001,-4.839280128479004,9.311649322509766
1753052606779,-1.66696298122406,-3.2207999229431152,7.913434982299805
1753052606829,-1.1905168294906616,-3.6900634765625,10.18792724609375
1753052606878,,-4.073135852813721,
1753052606879,-2.27748441696167,-4.073135852813721,10.171167373657227
1753052606928,,-3.8744168281555176,
1753052606929,-1.4969745874404907,,8.782530784606934
1753052606978,,-4.192845821380615,
1753052606979,-2.4666264057159424,-4.0994720458984375,9.045892715454102
1753052607028,,-4.063559055328369,
1753052607029,-1.9518729448318481,,8.172008514404297
1753052607078,,-3.7499184608459473,
1753052607079,-3.0172927379608154,-4.154538631439209,7.389104843139648
1753052607799,-1.8034324645996094,-3.8145618438720703,7.197568893432617
1753052607811,-1.6549919843673706,-3.2974143028259277,5.650914669036865
1753052607865,-2.964620351791382,-4.518456935882568,9.448118209838867
1753052607915,,-3.907935619354248,
1753052607916,-1.8584990501403809,,8.58620548248291
1753052608804,,-4.204816818237305,
1753052608805,-1.7818846702575684,-3.9031472206115723,10.171167373657227
1753052608817,-2.2463598251342773,-4.705204963684082,10.24538803100586
1753052608818,,,10.879851341247559
1753052608869,-2.9287071228027344,-4.135385036468506,8.22228717803955
1753052608918,,-4.173692226409912,
1753052608919,-1.3509283065795898,,9.565434455871582
1753052609031,-3.096301317214966,-4.518456935882568,8.837596893310547
1753052609038,-0.8481459617614746,-3.472191095352173,9.048286437988281
1753052609092,-2.208052635192871,-3.9486372470855713,8.131307601928711
1753052609141,,-4.609436988830566,
1753052609142,-1.956661343574524,-4.451419353485107,9.045892715454102
1753052609189,,-3.778648853302002,
1753052609190,-2.208052635192871,-3.6110546588897705,8.081028938293457
1753052609239,,-4.116231441497803,
1753052609240,-1.4131776094436646,-4.6501383781433105,8.638877868652344
1753052609804,,-3.6709096431732178,
1753052609805,-1.566406488418579,,9.132083892822266
1753052609817,,-4.269460201263428,
1753052609818,-2.7778725624084473,,8.057086944580078
1753052609869,-2.054823637008667,-4.044404983520508,
1753052609870,,,8.46170711517334
1753052609918,-1.4323312044143677,-3.953425645828247,
1753052609919,-1.6478092670440674,,9.156025886535645
1753052610800,-2.3684639930725098,-4.659715175628662,9.721057891845703
1753052610813,,-3.8073792457580566,
1753052610814,-1.326986312866211,,8.04272174835205
1753052610866,-1.5640122890472412,-3.759495258331299,8.251017570495605
1753052610915,-1.5233107805252075,-3.625419855117798,8.974066734313965
1753052611805,-2.2487540245056152,-4.439448356628418,10.113706588745117
1753052611817,,-4.901529312133789,
1753052611818,-2.3971943855285645,-3.5655648708343506,11.73697566986084
1753052611868,,-4.046799659729004,
1753052611869,-1.513733983039856,-4.240729808807373,8.595782279968262
1753052611921,-2.4235305786132812,-4.856039524078369,
1753052611922,,,9.474454879760742
1753052612817,,-4.5854949951171875,
1753052612818,-1.7723077535629272,,8.31326675415039
1753052612826,-2.0883424282073975,-4.511274337768555,8.387487411499023
1753052612880,-2.4139537811279297,-4.183269023895264,8.179191589355469
1753052612927,-2.0691888332366943,-4.544793605804443,
1753052612928,-1.9303251504898071,,9.330802917480469
1753052613153,-1.5496470928192139,-4.080318450927734,8.514379501342773
1753052613160,-2.1290438175201416,-5.01405668258667,8.306084632873535
1753052613212,-1.8225860595703125,-4.647744178771973,9.213486671447754
1753052613213,,,7.063493728637695
1753052613262,,-4.551976203918457,
1753052613263,-1.1713632345199585,,9.95090103149414
1753052613808,,-4.156932830810547,
1753052613809,-1.8369512557983398,,7.338826656341553
1753052613817,,-4.063559055328369,
1753052613818,-1.7148469686508179,-3.5655648708343506,9.196727752685547
1753052613873,-1.3221979141235352,-4.226364612579346,8.744223594665527
1753052613922,-1.544858694076538,-4.702810764312744,9.292495727539062
1753052614805,-1.7507599592208862,-3.9606082439422607,8.804078102111816
1753052614814,,-2.983773946762085,
1753052614815,-0.7523778676986694,-3.2998085021972656,7.1712327003479
1753052614868,-2.294243812561035,-4.365228176116943,
1753052614869,,,10.511143684387207
1753052614918,,-4.027645587921143,
1753052614919,0.26994624733924866,-3.5416228771209717,11.097723007202148
1753052615805,-1.9925743341445923,-4.7387237548828125,10.645218849182129
1753052615814,,-3.7499184608459473,
1753052615815,-1.4347254037857056,-4.326920986175537,7.865550994873047
1753052615869,-1.2551602125167847,-4.264671802520752,9.541492462158203
1753052615918,,-4.43705415725708,
1753052615919,-1.999756932258606,-4.204816818237305,8.835203170776367
1753052615968,-1.0684125423431396,-3.9438488483428955,
1753052615969,-0.8170213103294373,,9.108141899108887
1753052616019,-2.1984755992889404,-4.796184539794922,8.849568367004395
1753052616069,-1.7483657598495483,-5.011662483215332,10.458471298217773
1753052616119,-1.4658499956130981,-3.97257924079895,9.09377670288086
1753052616169,0.26755204796791077,-3.553593873977661,9.639654159545898
1753052616218,-1.0372878313064575,-4.458601951599121,10.374674797058105
1753052616268,,-4.049193859100342,
1753052616269,-2.1505916118621826,-4.228758811950684,7.159261703491211
1753052616319,-1.348534107208252,-3.6780924797058105,8.174403190612793
1753052616369,-2.0213048458099365,-5.088277339935303,10.417770385742188
1753052616404,,-4.0084919929504395,
1753052616405,-1.1402385234832764,,9.112930297851562
1753052616453,,-4.106654644012451,
1753052616454,-1.2862848043441772,,8.581417083740234
1753052616502,-0.4507084786891937,-3.378817081451416,7.537545680999756
1753052616551,-1.5041571855545044,-4.918288707733154,
1753052616552,,,11.179126739501953
1753052616602,0.004189853090792894,-3.838503837585449,9.632472038269043
1753052616799,-0.8146271109580994,-3.7427358627319336,9.146449089050293
1753052616808,-0.8744821548461914,-3.6996402740478516,9.349956512451172
1753052616865,,-3.2423477172851562,
1753052616871,,-4.195240020751953,
1753052616873,-0.0628477931022644,-3.5942952632904053,8.24383544921875
1753052616909,,-2.787449359893799,
1753052616910,0.10235211998224258,,8.294113159179688
1753052617800,-0.74040687084198,-3.3716344833374023,
1753052617801,-0.922366201877594,,8.983643531799316
1753052617810,-0.5297171473503113,-3.620631456375122,9.783307075500488
1753052617864,,-4.111443042755127,
1753052617865,-1.2288240194320679,-3.8552632331848145,9.728240013122559
1753052617911,,-2.873640537261963,
1753052617912,-0.40521863102912903,,8.851962089538574
1753052617989,,-3.3931822776794434,
1753052617990,-1.8369512557983398,,9.34037971496582
1753052617995,,-3.316567897796631,
1753052617996,-0.536899745464325,-3.3716344833374023,8.358757019042969
1753052618044,-0.9175778031349182,-2.7299885749816895,7.025186538696289
1753052618091,,-4.40353536605835,
1753052618092,-1.5233107805252075,-3.4171242713928223,11.495161056518555
1753052618141,-0.5009866952896118,-3.7642836570739746,9.553462982177734
1753052618192,-0.8242039084434509,-2.5073277950286865,7.489661693572998
1753052618241,,-3.8145618438720703,
1753052618242,-1.0133458375930786,,10.070611000061035
1753052618343,-0.8936358094215393,-3.9031472206115723,9.43135929107666
1753052618397,-0.9463081955909729,-3.582324266433716,8.935759544372559
1753052618446,-1.7220295667648315,-4.061164855957031,9.802460670471191
1753052618496,-1.2192472219467163,-3.618237257003784,8.315661430358887
1753052618546,-0.8481459617614746,-3.97257924079895,10.049062728881836
1753052618596,-1.1139023303985596,-3.175309896469116,8.488043785095215
1753052618646,,-3.9845502376556396,
1753052618647,-1.635838270187378,,9.017162322998047
1753052618696,-0.7356184720993042,-3.6493618488311768,8.270171165466309
1753052618697,,,9.117718696594238
1753052618747,-2.2607250213623047,-3.7475242614746094,8.7298583984375
1753052618795,,-4.216787815093994,
1753052618796,-2.014122247695923,-4.075530052185059,9.314043045043945
1753052619800,,-3.1968579292297363,
1753052619801,-1.2000936269760132,,8.219893455505371
1753052619810,-1.3006501197814941,-3.558382272720337,8.016386032104492
1753052619865,-3.9653966426849365,-4.748300552368164,8.55268669128418
1753052619915,-1.1306617259979248,-3.2806549072265625,7.362768650054932
1753052620804,-2.583942174911499,-3.8073792457580566,9.354744911193848
1753052620813,-2.033275842666626,-4.748300552368164,9.361927032470703
1753052620864,,-4.477755546569824,
1753052620865,-2.382829189300537,-4.657320976257324,8.885480880737305
1753052620914,-2.3349452018737793,-4.288613796234131,
1753052620915,,,8.885480880737305
1753052621806,-2.3780407905578613,-4.192845821380615,7.745841026306152
1753052621815,-2.9454667568206787,-4.657320976257324,
1753052621816,,,6.6181721687316895
1753052621870,-3.1896753311157227,-4.860827922821045,7.906252384185791
1753052621917,-1.14742112159729,-4.104260444641113,8.629301071166992
1753052622437,,-5.035604953765869,
1753052622438,-3.2758665084838867,-5.476137638092041,7.899069786071777
1753052622490,,-4.104260444641113,
1753052622536,-2.3732523918151855,-4.702810764312744,
1753052622537,,,8.772953987121582
1753052622587,-1.8273744583129883,-4.202422618865967,8.828020095825195
1753052622636,-3.376422882080078,-4.841674327850342,8.7298583984375
1753052622686,,-4.508880138397217,
1753052622687,-2.7706899642944336,,6.431424140930176
1753052622762,,-4.858433723449707,
1753052622763,-2.844910144805908,,8.107365608215332
1753052622817,,-5.265448093414307,
1753052622818,-2.8113913536071777,,9.019556045532227
1753052622864,-2.2008697986602783,-4.070741653442383,7.082647323608398
1753052622914,-3.467402696609497,-5.128978729248047,8.739435195922852
1753052622966,-3.316567897796631,-5.248688697814941,7.934982776641846
1753052623014,,-5.037999153137207,
1753052623015,-2.519298791885376,,8.971672058105469
1753052623799,-2.315791606903076,-4.540005207061768,7.003638744354248
1753052623808,-3.292625904083252,-5.241506099700928,8.64366626739502
1753052623861,-2.2679076194763184,-4.441842555999756,8.672396659851074
1753052623910,,-4.745906352996826,
1753052623911,-3.53204607963562,,7.585429668426514
1753052624808,-1.9303251504898071,-4.314949989318848,
1753052624809,-2.672527551651001,,8.356362342834473
1753052624817,,-4.53761100769043,
1753052624818,-2.425924777984619,,7.882310390472412
1753052624869,-3.0436289310455322,-5.279813289642334,9.21588134765625
1753052624920,-2.698863983154297,-4.681262969970703,8.509591102600098
1753052624972,,-5.145738124847412,
1753052624973,-2.892794132232666,,7.899069786071777
1753052625050,-3.24953031539917,-4.805761337280273,8.00680923461914
1753052625104,,-4.978143692016602,
1753052625105,-3.0579941272735596,,8.588600158691406
1753052625152,-1.9518729448318481,-4.413112163543701,8.64127254486084
1753052625204,-3.1657330989837646,-4.659715175628662,7.999626636505127
1753052625252,,-4.800972938537598,
1753052625253,-2.9263129234313965,,8.488043785095215
1753052625302,,-4.554370403289795,
1753052625303,-2.5767595767974854,-4.429871559143066,8.964489936828613
1753052625367,-2.0260932445526123,-4.106654644012451,8.253412246704102
1753052625415,-2.0620062351226807,-4.0779242515563965,8.399457931518555
1753052625464,,-4.693233966827393,
1753052625465,-2.631826162338257,,8.725069999694824
1753052625513,-1.5328876972198486,-3.6326024532318115,8.315661430358887
1753052625562,,-4.001309394836426,
1753052625563,-1.6932991743087769,-4.111443042755127,8.3922758102417
1753052625613,-1.7268179655075073,-3.9606082439422607,8.930971145629883
1753052625662,,-3.9246952533721924,
1753052625663,-1.9925743341445923,,9.079411506652832
1753052625714,,-3.6828808784484863,
1753052625715,-1.0971429347991943,-3.448249101638794,8.5287446975708
1753052625762,,-3.0436289310455322,
1753052625763,-1.9255367517471313,,7.9182233810424805
1753052625813,,-4.3843817710876465,
1753052625814,-1.2862848043441772,,9.95090103149414
1753052625934,,-5.366004467010498,
1753052625935,-3.4602200984954834,,9.800065994262695
1753052625989,,-4.30058479309082,
1753052625990,-1.999756932258606,-3.795408248901367,9.230246543884277
1753052626039,-1.3796586990356445,-3.3237504959106445,9.242217063903809
1753052626089,-2.030881643295288,-2.1290438175201416,6.326079368591309
1753052626139,-0.2495955228805542,-3.1202433109283447,9.505578994750977
1753052626187,-2.564788579940796,-3.5919010639190674,7.942165374755859
1753052626239,-2.428318977355957,-5.7754130363464355,12.014702796936035
1753052626289,-2.7467479705810547,-5.270236492156982,11.021108627319336
1753052626338,-2.380434989929199,-4.453813552856445,
1753052626339,-2.2463598251342773,,9.996390342712402
1753052626388,-2.054823637008667,-3.1681272983551025,9.366715431213379
1753052626437,-0.5608417391777039,-2.8856115341186523,9.084199905395508
1753052626488,-0.345363587141037,-1.9375077486038208,7.298125267028809
1753052626538,-1.1210849285125732,-2.825756549835205,8.895057678222656
1753052626587,,-2.890399932861328,
1753052626588,-0.8457517623901367,-2.3349452018737793,8.152854919433594
1753052626637,,-2.253542423248291,
1753052626638,-1.348534107208252,,8.76337718963623
1753052626687,,-3.18249249458313,
1753052626688,-0.9295487999916077,,10.379463195800781
1753052626737,,-3.2998085021972656,
1753052626738,-0.6039373874664307,-2.957437753677368,10.34594440460205
1753052626787,-0.8457517623901367,-3.208828926086426,10.62127685546875
1753052626838,-0.6805518269538879,-3.73555326461792,11.34432601928711
1753052626887,-1.0444705486297607,-3.2806549072265625,9.618106842041016
1753052626937,,-3.1513679027557373,
1753052626938,-1.104325532913208,,9.144054412841797
1753052626987,,-2.8616695404052734,
1753052626988,-0.9798270463943481,,9.445724487304688
1753052627037,-1.3102269172668457,-2.5312697887420654,
1753052627038,-0.7715315222740173,,7.3220672607421875
1753052627087,0.4279635548591614,-2.849698543548584,9.359533309936523
1753052627137,,-2.698863983154297,
1753052627138,-0.6015431880950928,,8.397064208984375
1753052627187,,-1.8680758476257324,
1753052627188,-0.9702502489089966,-1.9925743341445923,7.288548469543457
1753052627237,-0.4554968774318695,-2.5743653774261475,10.561422348022461
1753052627287,0.08798690885305405,-3.2207999229431152,10.017938613891602
1753052627337,-0.49140989780426025,-3.848080635070801,11.219827651977539
1753052627386,,-3.1298201084136963,
1753052627387,-0.7068880796432495,-2.629431962966919,10.226234436035156
1753052627437,,-1.8944120407104492,
1753052627438,-1.6861165761947632,,7.377133846282959
1753052627487,-0.5464765429496765,-1.9207483530044556,7.853579998016357
1753052627537,-0.314238965511322,-2.9670145511627197,10.04427433013916
1753052627586,,-2.6581623554229736,
1753052627587,0.09516951441764832,-2.80899715423584,9.213486671447754
1753052627637,-0.4770447015762329,-2.6581623554229736,9.244611740112305
1753052627687,-1.3150153160095215,-2.7706899642944336,8.049904823303223
1753052627737,-0.8553285598754883,-2.6150667667388916,9.196727752685547
1753052627787,-1.0229226350784302,-3.2207999229431152,8.918999671936035
1753052627837,-0.6805518269538879,-2.7275943756103516,
1753052627838,-0.4315548539161682,,9.045892715454102
1753052627886,,-3.4314894676208496,
1753052627887,-0.33339259028434753,-3.2136173248291016,10.175955772399902
1753052628801,-0.3884592354297638,-3.113060712814331,9.998785018920898
1753052628810,-1.4323312044143677,-3.5296518802642822,9.721057891845703
1753052628865,-0.8481459617614746,-2.847304344177246,8.557475090026855
1753052628915,,-3.912724018096924,
1753052628916,-1.2312182188034058,-3.3500866889953613,10.630853652954102
1753052629799,-1.590348482131958,-3.958214044570923,8.69873332977295
1753052629808,-1.3748703002929688,-3.2615013122558594,
1753052629809,-0.9103952050209045,,7.932588577270508
1753052629863,,-4.013280391693115,
1753052629864,-2.4187421798706055,,8.076240539550781
1753052629914,-1.3652935028076172,-4.286219596862793,7.286154270172119
1753052630801,-1.2862848043441772,-4.178480625152588,8.97885513305664
1753052630810,-2.4666264057159424,-4.334103584289551,8.040328025817871
1753052630864,,-4.329315185546875,
1753052630865,-2.4235305786132812,-4.8895583152771,6.917447090148926
1753052630913,,-6.486490726470947,
1753052630914,-3.958214044570923,-5.959766387939453,9.630077362060547
1753052630995,-3.1010897159576416,-4.772242546081543,7.506421089172363
1753052630999,-2.3493103981018066,-4.733935356140137,7.259818077087402
1753052631053,-2.804208755493164,-4.477755546569824,7.530363082885742
1753052631097,,-4.367622375488281,
1753052631099,-2.478597402572632,-4.762665748596191,8.998008728027344
1753052631146,-4.17608642578125,-5.574300289154053,7.427412033081055
1753052631197,,-4.451419353485107,
1753052631198,-2.9502551555633545,,9.421782493591309
1753052631248,,-5.37558126449585,
1753052631249,-3.5847184658050537,,7.774571418762207
1753052631297,,-5.0930657386779785,
1753052631298,-3.800196647644043,-4.7171759605407715,8.248623847961426
1753052631801,-2.780266761779785,-4.611831188201904,
1753052631802,-3.4554316997528076,,7.27418327331543
1753052631808,-2.7036523818969727,-5.251082897186279,9.443329811096191
1753052631863,-2.588730573654175,-4.671686172485352,8.126519203186035
1753052631913,-3.1465795040130615,-4.714781761169434,7.848791599273682
1753052632804,-2.583942174911499,-5.061941146850586,8.511985778808594
1753052632810,-2.5911247730255127,-4.805761337280273,
1753052632811,,,7.79372501373291
1753052632858,,-5.009268283843994,
1753052632859,-2.629431962966919,-4.322132587432861,8.851962089538574
1753052632905,,-5.303755283355713,
1753052632907,-3.1226375102996826,,8.480860710144043
1753052632956,-2.8113913536071777,-4.614225387573242,
1753052632957,,,7.824849605560303
1753052633360,,-4.721964359283447,
1753052633361,-2.452261209487915,-5.061941146850586,7.774571418762207
1753052633372,-2.780266761779785,-4.532822132110596,8.035539627075195
1753052633421,-2.121861219406128,-4.262277603149414,8.650849342346191
1753052633471,,-3.840898036956787,
1753052633472,-1.511339783668518,,7.875127792358398
1753052633521,,-6.649296760559082,
1753052633522,-4.30058479309082,-6.25664758682251,10.420164108276367
1753052633595,,-5.926247596740723,
1753052633596,-3.802590847015381,,9.395445823669434
1753052633650,,-4.506485939025879,
1753052633651,-1.3221979141235352,,9.352350234985352
1753052633701,-0.46986207365989685,-2.4355015754699707,7.199963092803955
1753052633749,-0.314238965511322,-1.9279309511184692,6.596624374389648
1753052633801,-0.16579847037792206,-2.100313425064087,
1753052633802,-0.7523778676986694,,7.381922245025635
1753052634800,-1.6430208683013916,-2.844910144805908,7.674015045166016
1753052634807,-2.93349552154541,-3.8049850463867188,6.417058944702148
1753052634855,-1.8584990501403809,-3.515286684036255,8.282142639160156
1753052634856,,,6.790554523468018
1753052634902,-1.5783774852752686,-3.4985272884368896,7.348403453826904
1753052635187,-1.0324994325637817,-3.472191095352173,7.49923849105835
1753052635190,-2.454655408859253,-4.755483150482178,8.174403190612793
1753052635194,-0.9415197968482971,-4.087501049041748,9.496002197265625
1753052635243,-1.2000936269760132,-4.104260444641113,9.196727752685547
1753052635292,-1.348534107208252,-3.867234230041504,
1753052635293,,,8.341997146606445
1753052635802,-1.1234791278839111,-3.5727474689483643,7.592612266540527
1753052635809,0.07122749835252762,-2.454655408859253,9.713874816894531
1753052635810,,,9.084199905395508
1753052635864,0.5811924338340759,-3.3285388946533203,9.857526779174805
1753052635911,-0.49380409717559814,-3.4793736934661865,
1753052635912,-0.9941922426223755,,8.713098526000977
1753052636808,0.2795230448246002,-3.4290952682495117,9.819219589233398
1753052636816,-0.314238965511322,-3.6541502475738525,10.34594440460205
1753052636868,0.6147112846374512,-2.5911247730255127,9.570222854614258
1753052636917,,-3.5416228771209717,
1753052636918,-1.2144588232040405,-2.050035238265991,11.629236221313477
1753052636969,1.1629834175109863,-2.6007015705108643,8.64366626739502
1753052637018,2.094327926635742,-2.7946319580078125,11.34432601928711
1753052637068,0.10235211998224258,-2.097919225692749,7.551910877227783
1753052637069,,,8.069058418273926
1753052637117,,-2.476203203201294,
1753052637118,1.3569138050079346,-4.379593372344971,9.802460670471191
1753052637168,-0.7858967185020447,-6.400299549102783,13.886968612670898
1753052637169,,,12.184691429138184
1753052637219,-0.40282443165779114,-3.802590847015381,7.678803443908691
1753052637220,,,12.996325492858887
1753052637294,-0.3477577865123749,-2.7754783630371094,10.173561096191406
1753052637347,-0.3693056106567383,-0.5871779918670654,8.409034729003906
1753052637396,1.1581950187683105,-2.758718967437744,
1753052637397,3.356072187423706,,11.169549942016602
1753052637446,,-3.050811529159546,
1753052637447,-2.4881742000579834,,5.5575408935546875
1753052637499,1.5532383918762207,-2.23199462890625,9.201516151428223
1753052637800,-0.8194155097007751,-3.510498285293579,7.8511857986450195
1753052637808,1.0193313360214233,-3.733159065246582,10.573392868041992
1753052637862,,-2.4019827842712402,
1753052637863,,-2.3732523918151855,
1753052637866,-1.4778209924697876,,6.8791399002075195
1753052637909,,-2.610278367996216,
1753052637910,1.4838064908981323,-3.225588321685791,11.16236686706543
1753052638811,0.8493430614471436,-2.691681146621704,9.27334213256836
1753052638819,1.5221136808395386,-3.8744168281555176,14.74648666381836
1753052638874,-5.23911190032959,-1.9686323404312134,5.117007732391357
1753052638923,0.6147112846374512,-3.402759075164795,
1753052638924,,,12.491148948669434
1753052638972,0.025737667456269264,-4.415506362915039,10.937312126159668
1753052639024,,-3.007715940475464,
1753052639025,-0.21847090125083923,-3.354875087738037,9.75936508178711
1753052639074,,-3.869628429412842,
1753052639075,-1.2838906049728394,,10.18792724609375
1753052639125,0.29867666959762573,-3.4123358726501465,11.717822074890137
1753052639799,,-2.5935189723968506,
1753052639807,-1.1426327228546143,-3.8289270401000977,9.888651847839355
1753052639861,-1.6765397787094116,-3.8576574325561523,9.30686092376709
1753052639908,,-3.5057098865509033,
1753052639909,-0.8433575630187988,,7.810484409332275
1753052640026,-1.0205284357070923,-3.5176808834075928,9.539097785949707
1753052640032,-2.1769278049468994,-5.315726280212402,9.49121379852295
1753052640080,-2.1936872005462646,-4.865616321563721,9.86231517791748
1753052640127,,-4.240729808807373,
1753052640128,-1.4227544069290161,,9.395445823669434
1753052640178,-0.9965864419937134,-3.821744441986084,9.982025146484375
1753052640229,,-3.9414546489715576,
1753052640230,-1.0708067417144775,,8.160037994384766
1753052640278,-0.6949170231819153,-2.586336374282837,7.527968883514404
1753052640800,,-4.250306606292725,
1753052640801,-2.454655408859253,-4.705204963684082,8.353968620300293
1753052640808,-2.3540987968444824,-4.815338134765625,9.438541412353516
1753052640863,-1.0899603366851807,-3.579930067062378,8.902240753173828
1753052640913,,-3.955819845199585,
1753052640914,-1.149815320968628,-3.0436289310455322,9.598953247070312
1753052641797,-1.5544354915618896,-3.4075474739074707,6.862380504608154
1753052641855,-2.0045454502105713,-3.661332845687866,11.14081859588623
1753052641902,-4.499303340911865,-6.500856399536133,11.480795860290527
1753052641951,,-2.7108349800109863,
1753052641952,-2.7060465812683105,,4.302978992462158
1753052642002,-1.1953052282333374,-5.545569896697998,
1753052642003,,,14.313136100769043
1753052642049,,-4.2957963943481445,
1753052642050,-3.0364463329315186,,8.478466987609863
1753052642102,-1.4443022012710571,-3.579930067062378,
1753052642103,,,9.907805442810059
1753052642245,-3.0148985385894775,-4.800972938537598,11.353902816772461
1753052642296,-2.476203203201294,-4.57112979888916,8.002020835876465
1753052642347,-1.4586673974990845,-4.365228176116943,9.517550468444824
1753052642396,,-4.075530052185059,
1753052642397,-2.5528175830841064,-5.109825134277344,7.214328289031982
1753052642448,-1.202487826347351,-3.9630024433135986,11.361085891723633
1753052642804,-4.1880574226379395,-4.8704047203063965,8.229470252990723
1753052642858,,-5.107430934906006,
1753052642859,-3.04602313041687,-4.070741653442383,9.187150001525879
1753052642909,-0.4626794755458832,-2.916736125946045,8.69873332977295
1753052643795,,-3.575141668319702,
1753052643796,-2.320580005645752,-2.689286947250366,9.012373924255371
1753052643805,0.6745663285255432,-4.635773181915283,11.028291702270508
1753052643861,-3.29502010345459,-4.250306606292725,9.27334213256836
1753052643909,-1.4730325937271118,-4.348468780517578,9.768941879272461
1753052643960,-0.2998737692832947,-2.9023709297180176,8.138489723205566
1753052644009,,-3.29502010345459,
1753052644010,-1.1857284307479858,-3.1489737033843994,8.97885513305664
1753052644057,-1.0444705486297607,-3.7690720558166504,7.788936614990234
1753052644058,,,8.104970932006836
1753052644110,-1.6980875730514526,-4.156932830810547,9.084199905395508
1753052644160,-2.0428526401519775,-4.645349979400635,10.108918190002441
1753052644210,-0.7140706777572632,-3.4626142978668213,10.080187797546387
1753052644259,,-2.2439656257629395,
1753052644260,0.284311443567276,,7.781754016876221
1753052644307,-0.6805518269538879,-3.1968579292297363,11.782464981079102
1753052644359,-0.8361749649047852,-4.350862979888916,10.40340518951416
1753052644409,,-4.128202438354492,
1753052644410,-1.3652935028076172,-2.7491421699523926,9.903017044067383
1753052644460,-0.12509703636169434,-2.097919225692749,7.934982776641846
1753052644510,-0.7667431235313416,-2.9454667568206787,7.161655902862549
1753052644557,-1.6286556720733643,-3.2782607078552246,8.341997146606445
1753052644558,,,8.523956298828125
1753052644609,-1.1186907291412354,-3.687669277191162,9.033921241760254
1753052644659,,-2.782660961151123,
1753052644660,-1.4850035905838013,,6.922235488891602
1753052644708,-1.303044319152832,-3.1034839153289795,
1753052644709,-0.3908534348011017,,9.139266014099121
1753052644759,-0.3357867896556854,-3.1082723140716553,
1753052644760,-1.4514847993850708,,7.9852614402771
1753052644807,-1.1354501247406006,-3.9270894527435303,
1753052644808,-0.9941922426223755,,10.539874076843262
1753052644859,,-3.175309896469116,
1753052644860,-0.639850378036499,,8.416217803955078
1753052644909,-1.4730325937271118,-3.886387825012207,9.675567626953125
1753052644959,-1.1186907291412354,-3.797802448272705,10.204686164855957
1753052645009,-1.106719732284546,-4.092289447784424,10.106523513793945
1753052645057,-1.4993687868118286,-3.994127035140991,9.675567626953125
1753052645109,-0.6997054219245911,-3.0819361209869385,9.235034942626953
1753052645158,,-4.0563764572143555,
1753052645159,-1.734000563621521,-3.359663486480713,9.352350234985352
1753052645208,,-3.314173698425293,
1753052645209,-0.7428010702133179,-3.110666513442993,9.73542308807373
1753052645258,,-3.20404052734375,
1753052645259,-0.7356184720993042,-3.711611270904541,8.670002937316895
1753052645503,-0.778714120388031,-3.1298201084136963,9.596558570861816
1753052645505,-0.656609833240509,-3.3859996795654297,9.527127265930176
1753052645558,,-3.599083662033081,
1753052645559,-1.5496470928192139,-3.716399669647217,8.464101791381836
1753052645608,-0.6949170231819153,-2.9981391429901123,8.27974796295166
1753052645657,,-3.113060712814331,
1753052645658,-1.106719732284546,,8.701127052307129
1753052645707,,-3.7475242614746094,
1753052645708,-1.5185223817825317,,8.593388557434082
1753052645780,,-3.5272576808929443,
1753052645781,-1.6645687818527222,,8.60775375366211
1753052645834,-1.6861165761947632,-3.6134488582611084,8.624512672424316
1753052645882,-1.6549919843673706,-3.864840030670166,
1753052645883,-1.5879542827606201,,9.5223388671875
1753052645932,-2.1266496181488037,-4.132990837097168,8.873510360717773
1753052645982,,-4.094683647155762,
1753052645983,-1.3150153160095215,-4.087501049041748,9.151237487792969
1753052646381,-3.733159065246582,-4.853645324707031,8.239047050476074
1753052646389,-1.4730325937271118,-3.891176223754883,8.952518463134766
1753052646443,,-4.286219596862793,
1753052646444,-2.1314380168914795,-4.144961833953857,8.693944931030273
1753052646491,,-3.8792052268981934,
1753052646492,-1.5280991792678833,-4.061164855957031,8.811261177062988
1753052646541,-2.3277626037597656,-4.370016574859619,8.974066734313965
1753052646594,-1.4993687868118286,-3.7882256507873535,8.629301071166992
1753052646641,-1.5879542827606201,-3.5847184658050537,8.102577209472656
1753052646642,,,8.775347709655762
1753052646691,,-4.015674591064453,
1753052646692,-1.9494787454605103,-4.279036998748779,8.10018253326416
1753052646741,-2.3493103981018066,-4.386775970458984,9.021950721740723
1753052646791,-2.0691888332366943,-4.343680381774902,8.69873332977295
1753052646845,-1.999756932258606,-4.034828186035156,8.923788070678711
1753052646987,-2.2631192207336426,-4.183269023895264,8.598176956176758
1753052647041,,-4.355651378631592,
1753052647042,-1.106719732284546,,9.405022621154785
1753052647091,,-3.618237257003784,
1753052647092,-1.3102269172668457,,8.930971145629883
1753052647138,,-3.6709096431732178,
1753052647139,-1.2168530225753784,-3.9007530212402344,8.447341918945312
1753052647189,-1.4586673974990845,-3.730764865875244,
1753052647190,-1.71245276927948,,8.564658164978027
1753052647803,-1.9590555429458618,-4.250306606292725,8.782530784606934
1753052647857,,-4.147356033325195,
1753052647858,-1.3533225059509277,-4.245518207550049,9.029132843017578
1753052647905,,-3.6278140544891357,
1753052647906,-0.922366201877594,,9.117718696594238
1753052647955,,-3.0436289310455322,
1753052647956,-0.8601169586181641,-3.472191095352173,8.071452140808105
1753052648437,,-3.840898036956787,
1753052648438,-1.4538789987564087,,9.677961349487305
1753052648449,-1.635838270187378,-3.6709096431732178,8.851962089538574
1753052648504,-0.9965864419937134,-3.6804866790771484,8.753800392150879
1753052648552,-1.0851719379425049,-3.5847184658050537,9.16081428527832
1753052648604,-2.3971943855285645,-4.262277603149414,
1753052648605,-2.457049608230591,,8.011597633361816
1753052648654,,-4.5639472007751465,
1753052648655,-2.203263998031616,,10.175955772399902
1753052648774,,-4.250306606292725,
1753052648775,-2.02848744392395,-4.202422618865967,9.48882007598877
1753052648781,,-3.843292236328125,
1753052648782,-1.2072762250900269,-3.4985272884368896,8.895057678222656
1753052648835,,-3.6900634765625,
1753052648836,-1.2647370100021362,-3.7906198501586914,9.852738380432129
1753052648837,,,10.211869239807129
1753052648884,-2.011728048324585,-4.073135852813721,
1753052648885,,,8.296507835388184
1753052648934,-1.7483657598495483,-4.39156436920166,10.037092208862305
1753052648935,,,9.601346969604492
1753052648984,-1.7938556671142578,-3.357269287109375,8.466495513916016
1753052649034,-0.4578910768032074,-3.6972460746765137,9.656414031982422
1753052649086,-1.544858694076538,-3.66851544380188,8.42818832397461
1753052649134,-1.0684125423431396,-3.5416228771209717,9.627683639526367
1753052649461,-2.205658197402954,-4.326920986175537,9.594164848327637
1753052649472,-1.4514847993850708,-3.66851544380188,8.33481502532959
1753052649523,,-4.305373191833496,
1753052649524,-1.5185223817825317,,9.529520988464355
1753052649575,,-3.3955764770507812,
1753052649576,-1.1785458326339722,-3.6756980419158936,8.545504570007324
1753052649623,-1.492186188697815,-3.9606082439422607,9.01476764678955
1753052649673,,-3.4314894676208496,
1753052649674,-1.425148606300354,,8.081028938293457
1753052649723,,-4.381987571716309,
1753052649724,-1.8441338539123535,-4.796184539794922,
1753052649725,,,8.739435195922852
1753052649773,-2.564788579940796,-4.547187805175781,8.636484146118164
1753052649826,-1.2216414213180542,-3.958214044570923,9.800065994262695
1753052649873,-1.544858694076538,-3.912724018096924,8.89026927947998
1753052650385,,-3.737947463989258,
1753052650386,-1.5711948871612549,-3.9486372470855713,8.540716171264648
1753052650393,,-3.9246952533721924,
1753052650394,-1.63344407081604,-4.152144432067871,8.921394348144531
1753052650448,-1.6023194789886475,-3.5464112758636475,8.406641006469727
1753052650495,-1.7483657598495483,-3.998915433883667,8.67479133605957
1753052650545,-1.2743138074874878,-3.6278140544891357,8.411429405212402
1753052650595,-2.296638011932373,-4.125808238983154,
1753052650596,,,8.746617317199707
1753052650645,,-4.458601951599121,
1753052650646,-1.8656816482543945,-4.329315185546875,9.055469512939453
1753052650697,-2.255936622619629,-4.2957963943481445,8.567051887512207
1753052650770,-0.7236474752426147,-3.352480888366699,8.497620582580566
1753052650817,-2.102707624435425,-3.8145618438720703,8.500014305114746
1753052650866,-1.6430208683013916,-3.6996402740478516,8.983643531799316
1753052650915,-1.8273744583129883,-4.027645587921143,8.69873332977295
1753052650965,,-4.492120742797852,
1753052650966,-1.9470845460891724,,8.990825653076172
1753052651015,-1.8010382652282715,-3.7906198501586914,
1753052651016,-1.391629695892334,,8.236652374267578
1753052651053,,-3.311779499053955,
1753052651054,-1.0779893398284912,,7.635707855224609
1753052651057,-1.8944120407104492,-3.891176223754883,8.686761856079102
1753052651108,-1.6645687818527222,-3.869628429412842,8.952518463134766
1753052651155,-1.9734207391738892,-4.475361347198486,9.172784805297852
1753052651205,-2.0428526401519775,-4.022857189178467,8.593388557434082
1753052651255,,-4.343680381774902,
1753052651256,-1.6837223768234253,,9.263765335083008
1753052651305,-2.251148223876953,-4.0970778465271,8.576628684997559
1753052651355,-1.4873977899551392,-3.4865562915802,8.152854919433594
1753052651405,-1.6502034664154053,-4.068347454071045,9.330802917480469
1753052651455,,-3.757101058959961,
1753052651456,-1.8465280532836914,,8.480860710144043
1753052651505,-1.1330559253692627,-3.381211280822754,8.380304336547852
1753052651555,,-4.334103584289551,
1753052651556,-1.9303251504898071,,9.457695007324219
1753052651604,,-4.367622375488281,
1753052651605,-2.251148223876953,-4.2550950050354,8.988431930541992
1753052651655,-1.9399019479751587,-3.8361096382141113,
1753052651656,-1.3772644996643066,,8.564658164978027
1753052651802,-2.631826162338257,-4.671686172485352,
1753052651803,-2.380434989929199,-4.389170169830322,8.626907348632812
1753052651857,-2.0476410388946533,-3.910329818725586,8.476072311401367
1753052651904,,-3.800196647644043,
1753052651905,-2.0859482288360596,,8.875904083251953
1753052651955,-2.8880057334899902,-4.4490251541137695,8.7298583984375
1753052652004,,-4.020462989807129,
1753052652005,-1.5640122890472412,-3.907935619354248,9.019556045532227
1753052652055,-2.361281394958496,-4.343680381774902,9.017162322998047
1753052652104,-1.4419080018997192,-3.795408248901367,
1753052652105,-1.7962498664855957,,9.07222843170166
1753052652155,-2.0859482288360596,-3.797802448272705,8.210315704345703
1753052652204,,-3.687669277191162,
1753052652205,-1.348534107208252,-3.730764865875244,8.770559310913086
1753052652255,-1.7148469686508179,-3.6326024532318115,8.341997146606445
1753052652305,-2.0644004344940186,-4.192845821380615,8.488043785095215
1753052652354,,-4.279036998748779,
1753052652355,-2.3133974075317383,,9.261370658874512
1753052652404,,-4.068347454071045,
1753052652405,-1.8417396545410156,-4.2096052169799805,8.832808494567871
1753052652455,-1.7196353673934937,-4.305373191833496,9.12968921661377
1753052652504,,-4.128202438354492,
1753052652505,-2.251148223876953,,8.478466987609863
1753052652555,-1.7747019529342651,-3.9893386363983154,8.859145164489746
1753052652604,,-3.910329818725586,
1753052652605,-1.8800468444824219,,8.756194114685059
1753052652655,-2.1098902225494385,-4.235941410064697,8.7298583984375
1753052652704,-1.6645687818527222,-3.8576574325561523,
1753052652705,-1.8608932495117188,,8.885480880737305
1753052652755,-1.669357180595398,-3.8576574325561523,8.76337718963623
1753052652805,-1.7962498664855957,-3.9630024433135986,8.983643531799316
1753052652854,,-3.5895068645477295,
1753052652855,-1.4802151918411255,-3.7642836570739746,8.490437507629395
1753052652904,,-4.666897773742676,
1753052652905,-2.5743653774261475,,9.06983470916748
1753052652984,-1.5257049798965454,-3.5224692821502686,8.861538887023926
1753052652989,-2.3133974075317383,-4.310161590576172,8.653243064880371
1753052653039,-1.511339783668518,-3.7834372520446777,8.713098526000977
1753052653089,-1.5304933786392212,-3.66851544380188,8.320449829101562
1753052653139,,-4.250306606292725,
1753052653140,-1.9422961473464966,,9.167996406555176
1753052653189,-0.8050503134727478,-3.273472309112549,
1753052653190,-1.7172411680221558,,8.715493202209473
1753052653239,,-4.70759916305542,
1753052653240,-2.5719711780548096,,9.21588134765625
1753052653289,,-3.9199066162109375,
1753052653290,-1.614290475845337,-3.4578258991241455,8.902240753173828
1753052653339,-1.6932991743087769,-3.472191095352173,8.267777442932129
1753052653340,,,8.210315704345703
1753052653389,-1.8441338539123535,-3.7618894577026367,8.270171165466309
1753052653390,,,9.139266014099121
1753052653439,-1.6238672733306885,-3.7858314514160156,
1753052653440,-1.7531541585922241,,8.907029151916504
1753052653489,,-3.6517560482025146,
1753052653490,-1.7435773611068726,,8.286931037902832
1753052653539,,-4.001309394836426,
1753052653540,-1.3509283065795898,,8.830414772033691
1753052653588,-2.8425159454345703,-4.451419353485107,9.136872291564941
1753052653639,,-4.2096052169799805,
1753052653640,-1.932719349861145,,8.8878755569458
1753052653690,,-4.132990837097168,
1753052653691,-2.1122844219207764,-3.97257924079895,8.904634475708008
1753052653739,,-3.7451300621032715,
1753052653740,-1.635838270187378,,8.535927772521973
1753052653789,-1.8154034614562988,-3.646967649459839,7.753023624420166
1753052653838,-2.2655134201049805,-4.2550950050354,
1753052653839,-2.097919225692749,,8.272565841674805
1753052653889,-2.052429437637329,-4.269460201263428,8.521562576293945
1753052653939,-2.380434989929199,-4.381987571716309,8.093000411987305
1753052653989,-2.205658197402954,-4.377199172973633,8.772953987121582
1753052654039,-2.6629507541656494,-4.789001941680908,8.816049575805664
1753052654088,,-4.609436988830566,
1753052654089,-2.3062148094177246,-4.544793605804443,8.935759544372559
1753052654139,-2.2224178314208984,-4.465784549713135,8.454524993896484
1753052654189,-2.4690206050872803,-4.731541156768799,8.351573944091797
1753052654239,-3.2806549072265625,-5.119401931762695,
1753052654240,,,8.634089469909668
1753052654289,-2.0380642414093018,-4.26706600189209,8.67718505859375
1753052654338,,-4.1641154289245605,
1753052654339,-2.32297420501709,,8.131307601928711
1753052654389,-1.731606364250183,-4.027645587921143,8.464101791381836
1753052654439,,-4.0084919929504395,
1753052654440,-2.1577742099761963,-4.132990837097168,8.104970932006836
1753052654489,-2.1793220043182373,-4.2096052169799805,8.346785545349121
1753052654539,-2.0596120357513428,-4.621407985687256,9.242217063903809
1753052654588,-2.8113913536071777,-4.532822132110596,8.636484146118164
1753052654589,,,9.148842811584473
1753052654639,-2.6844985485076904,-4.906317710876465,9.06983470916748
1753052654688,,-4.872798919677734,
1753052654689,-2.4690206050872803,,9.139266014099121
1753052654772,,-3.8361096382141113,
1753052654773,-2.1074960231781006,-3.7235822677612305,8.509591102600098
1753052654826,,-3.9414546489715576,
1753052654827,-2.521692991256714,,8.705916404724121
1753052654878,,-3.3405098915100098,
1753052654879,-0.8672995567321777,,8.028356552124023
1753052654928,,-2.897582530975342,
1753052654929,-0.5033808946609497,-3.007715940475464,7.860762596130371
1753052654978,,-3.730764865875244,
1753052654979,-1.79146146774292,-3.666121244430542,9.270947456359863
1753052655028,-1.4131776094436646,-3.330933094024658,8.485649108886719
1753052655077,-1.7866730690002441,-4.331709384918213,10.357914924621582
1753052655128,,-4.348468780517578,
1753052655129,-2.2248120307922363,-4.748300552368164,8.772953987121582
1753052655179,-2.076371431350708,-5.054758548736572,10.319607734680176
1753052655228,-2.959831953048706,-4.820126533508301,8.540716171264648
1753052655278,,-3.2782607078552246,
1753052655279,-1.3724761009216309,,8.045116424560547
1753052655327,-1.0013748407363892,-2.6557681560516357,7.666832447052002
1753052655377,,-3.9630024433135986,
1753052655378,-1.4059948921203613,-4.1425676345825195,8.397064208984375
1753052655428,,-3.9151182174682617,
1753052655429,-2.3277626037597656,,8.777742385864258
1753052655477,,-3.685275077819824,
1753052655478,-0.8960300087928772,,9.328408241271973
1753052655527,-0.4842272996902466,-3.8959646224975586,9.900622367858887
1753052655576,,-3.5703532695770264,
1753052655577,-1.3006501197814941,-4.178480625152588,9.165602684020996
1753052655628,-2.2415714263916016,-4.858433723449707,9.34037971496582
1753052655678,-1.4371196031570435,-3.0364463329315186,7.683591842651367
1753052655728,-1.3724761009216309,-3.7499184608459473,8.971672058105469
1753052655778,-1.6597803831100464,-4.264671802520752,8.82083797454834
1753052655827,-2.4809916019439697,-4.259883403778076,8.325238227844238
1753052655877,,-3.6373908519744873,
1753052655878,-0.6829460263252258,,8.377910614013672
1753052655927,,-4.7171759605407715,
1753052655928,-2.785055160522461,,8.442553520202637
1753052655977,,-4.640561580657959,
1753052655978,-3.180098295211792,,7.3867106437683105
1753052656027,,-4.118625640869141,
1753052656028,-2.162562608718872,,9.541492462158203
1753052656082,-1.6454150676727295,-3.757101058959961,8.588600158691406
1753052656094,,-3.5919010639190674,
1753052656095,-1.2599486112594604,,8.478466987609863
1753052656144,-1.3198037147521973,-3.9199066162109375,9.733028411865234
1753052656195,,-3.579930067062378,
1753052656196,-1.5640122890472412,,8.61972427368164
1753052656244,,-2.876034736633301,
1753052656245,-2.3732523918151855,,6.388328552246094
1753052656296,-1.4059948921203613,-4.686051368713379,11.82795524597168
1753052656345,-1.0468647480010986,-3.6086604595184326,8.662819862365723
1753052656395,,-4.5423994064331055,
1753052656396,-0.9415197968482971,,10.424952507019043
1753052656445,-1.6932991743087769,-4.125808238983154,8.394669532775879
1753052656496,-1.2862848043441772,-4.111443042755127,10.209474563598633
1753052656545,-1.9949685335159302,-4.010886192321777,8.734646797180176
1753052656596,-2.272696018218994,-3.838503837585449,
1753052656597,,,9.529520988464355
1753052656645,-1.1905168294906616,-3.4362781047821045,8.993220329284668
1753052656696,-1.204882025718689,-2.0907366275787354,8.691550254821777
1753052656745,-0.08439560979604721,-2.698863983154297,8.40424633026123
1753052656795,,-3.1681272983551025,
1753052656796,-0.21847090125083923,-3.450643301010132,9.074623107910156
1753052656845,-0.7212532758712769,-3.5895068645477295,9.280524253845215
1753052656896,-0.7499836683273315,-3.8097734451293945,9.266159057617188
1753052656945,-1.2431892156600952,-3.929483652114868,9.112930297851562
1753052656995,,-4.020462989807129,
1753052656996,-1.6454150676727295,-3.848080635070801,10.238204956054688
1753052657045,-1.0372878313064575,-3.685275077819824,9.52473258972168
1753052657096,-1.5352818965911865,-2.943072557449341,8.94533634185791
1753052657145,-0.8696937561035156,-3.134608507156372,9.21827507019043
1753052657196,-0.6733692288398743,-2.919130325317383,8.725069999694824
1753052657245,-0.8984242081642151,-3.1968579292297363,9.170391082763672
1753052657296,-0.5680243372917175,-2.7994203567504883,8.61972427368164
1753052657345,-0.7978677153587341,-3.0771477222442627,9.563039779663086
1753052657395,,-2.8808231353759766,
1753052657396,-0.09876082092523575,-2.876034736633301,9.409811019897461
1753052657445,-0.5345055460929871,-3.0148985385894775,9.926959037780762
1753052657496,-0.4578910768032074,-3.0196869373321533,9.82640266418457
1753052657545,-0.6733692288398743,-2.9718029499053955,9.816825866699219
1753052657596,-0.20889410376548767,-2.9957449436187744,9.898228645324707
1753052657645,-0.6590040326118469,-2.876034736633301,9.586981773376465
1753052657696,-0.16101007163524628,-2.852092742919922,9.577404975891113
1753052657745,-0.26156654953956604,-2.871246337890625,9.553462982177734
1753052657796,-0.44352585077285767,-2.737171173095703,9.026739120483398
1753052657845,-0.33339259028434753,-2.962226152420044,9.510367393493652
1753052657896,-0.596754789352417,-2.9478609561920166,9.543886184692383
1753052657944,,-2.8616695404052734,
1753052657945,-0.67815762758255,-2.895188331604004,9.414599418640137
1753052657995,,-2.694075345993042,
1753052657996,-0.314238965511322,-2.5312697887420654,9.855133056640625
1753052660356,-0.6302735805511475,-2.4690206050872803,9.299677848815918
1753052660408,,-2.7946319580078125,
1753052660409,-0.7930793166160583,,8.389881134033203
1753052660459,,-3.0388405323028564,
1753052660460,-1.1139023303985596,-2.4690206050872803,8.8878755569458
1753052668817,,-2.8377275466918945,
1753052668822,,-2.8329391479492188,
1753052668823,-0.03651157766580582,-3.3405098915100098,
1753052668824,-0.6063315868377686,,9.931747436523438
1753052668825,,,8.198345184326172
1753052668872,,-4.331709384918213,
1753052668873,-2.301426410675049,-3.9486372470855713,8.318055152893066
1753052668923,-1.8800468444824219,-4.480149745941162,9.290101051330566
1753052668924,,,8.82083797454834
1753052668972,,-3.8097734451293945,
1753052668973,-1.6262614727020264,,8.969278335571289
1753052669023,,-4.020462989807129,
1753052669024,-1.7459715604782104,-4.283825397491455,8.758588790893555
1753052669075,-1.5831658840179443,-4.101866245269775,9.620500564575195
1753052669122,-1.592742681503296,-3.953425645828247,8.5287446975708
1753052669123,,,8.590993881225586
1753052669172,-1.875258445739746,-4.259883403778076,9.256582260131836
1753052669223,-1.0564415454864502,-3.24953031539917,7.518392086029053
1753052669272,-1.5735890865325928,-3.5464112758636475,8.12173080444336
1753052669323,,-3.9390604496002197,
1753052669324,-1.30543851852417,,9.084199905395508
1753052669372,,-4.686051368713379,
1753052669373,-2.722805976867676,-4.944624900817871,7.403470039367676
1753052669424,,-4.96856689453125,
1753052669425,-2.315791606903076,,9.534309387207031
1753052669473,-2.8137855529785156,-4.40353536605835,7.489661693572998
1753052669537,,-3.714005470275879,
1753052669538,-1.592742681503296,-3.292625904083252,9.199121475219727
1753052669585,-1.71245276927948,-3.603872060775757,9.405022621154785
1753052669635,-3.800196647644043,-5.10264253616333,8.930971145629883
1753052669686,-0.3429693877696991,-3.7475242614746094,9.146449089050293
1753052669735,-1.8417396545410156,-3.273472309112549,
1753052669736,-1.2958617210388184,,8.662819862365723
1753052669786,-1.0468647480010986,-3.067570924758911,7.4322004318237305
1753052669835,-3.3500866889953613,-4.638167381286621,7.8966755867004395
1753052669886,-3.0101101398468018,-3.977367639541626,7.393893241882324
1753052669935,-2.320580005645752,-4.532822132110596,7.954136371612549
1753052669936,,,7.513603687286377
1753052669986,-2.2439656257629395,-3.4985272884368896,8.131307601928711
1753052669987,,,9.170391082763672
1753052670035,,-4.374804973602295,
1753052670036,-1.0516531467437744,,9.970054626464844
1753052670088,-1.0420763492584229,-3.0340521335601807,8.040328025817871
1753052670092,-2.2918496131896973,-5.011662483215332,10.827178955078125
1753052670142,-2.052429437637329,-4.642955780029297,10.836755752563477
1753052670191,-2.0859482288360596,-4.75308895111084,10.511143684387207
1753052670241,-1.5783774852752686,-3.733159065246582,7.504026889801025
1753052670242,,,5.9286417961120605
1753052670290,,-3.5655648708343506,
1753052670291,-0.74040687084198,,10.65479564666748
1753052670341,-0.6590040326118469,-2.847304344177246,5.904699802398682
1753052670390,-2.1146786212921143,-3.8049850463867188,8.380304336547852
1753052670441,,-4.140173435211182,
1753052670490,-2.938283920288086,-3.733159065246582,7.762600421905518
1753052670491,,,6.259041786193848
1753052670541,-1.4586673974990845,-4.293402194976807,8.816049575805664
1753052670590,-1.4634557962417603,-4.1880574226379395,
1753052670591,,,7.8296380043029785
1753052670641,-1.0708067417144775,-1.6741455793380737,10.726622581481934
1753052670690,-4.714781761169434,-4.4274773597717285,9.256582260131836
1753052670741,-0.3621230125427246,-6.850409507751465,18.708890914916992
1753052670790,-1.003769040107727,-4.0970778465271,
1753052670791,-5.346850872039795,,9.361927032470703
1753052670841,-2.1051018238067627,-2.0380642414093018,4.808155536651611
1753052670890,4.081515312194824,-5.260659694671631,16.601993560791016
1753052670941,-4.073135852813721,-3.800196647644043,3.9031472206115723
1753052671001,-3.9199066162109375,-5.916670799255371,12.527061462402344
1753052671048,-0.3908534348011017,-1.8944120407104492,2.035670042037964
1753052671099,,-3.378817081451416,
1753052671100,-2.9526493549346924,-3.9007530212402344,10.884639739990234
1753052671148,0.8924387097358704,-3.2638955116271973,7.154473304748535
1753052671199,-2.7084407806396484,-3.9151182174682617,
1753052671200,-1.9853917360305786,,10.391433715820312
1753052671248,,-3.5272576808929443,
1753052671249,0.34656068682670593,,9.970054626464844
1753052671300,-0.8601169586181641,-4.211999416351318,11.942876815795898
1753052671348,-1.2144588232040405,-3.335721492767334,8.777742385864258
1753052671399,-1.1426327228546143,-4.001309394836426,9.644442558288574
1753052671447,,-3.5416228771209717,
1753052671448,-1.7699135541915894,-3.2974143028259277,8.485649108886719
1753052671500,-0.5440823435783386,-3.3022027015686035,9.577404975891113
1753052671548,,-3.1058781147003174,
1753052671549,-1.0899603366851807,,8.303689956665039
1753052671600,-0.6685808300971985,-2.866457939147949,7.9876556396484375
1753052671648,-1.5209165811538696,-3.752312660217285,
1753052671649,,,8.782530784606934
1753052671700,-0.9654618501663208,-3.6804866790771484,8.562263488769531
1753052671748,-1.0947487354278564,-3.493738889694214,8.547898292541504
1753052671800,-1.3772644996643066,-3.6134488582611084,8.868721961975098
1753052671849,-1.224035620689392,-3.9199066162109375,9.582193374633789
1753052671900,-1.3437457084655762,-3.3069911003112793,8.040328025817871
1753052671948,-1.4826093912124634,-3.5942952632904053,
1753052671949,,,8.399457931518555
1753052671999,-1.3150153160095215,-3.97257924079895,9.52473258972168
1753052672048,-1.324592113494873,-3.661332845687866,8.638877868652344
1753052672099,,-3.800196647644043,
1753052672100,-1.247977614402771,-4.135385036468506,9.03631591796875
1753052672148,,-3.958214044570923,
1753052672149,-1.348534107208252,-3.4410665035247803,8.998008728027344
1753052672200,-1.4586673974990845,-3.508104085922241,8.744223594665527
1753052672248,-0.8074445128440857,-3.5703532695770264,9.227851867675781
1753052672299,,-3.752312660217285,
1753052672300,-1.3341689109802246,-3.8720226287841797,9.314043045043945
1753052672348,,-3.8145618438720703,
1753052672349,-1.789067268371582,,8.131307601928711
1753052672399,-0.9415197968482971,-3.4985272884368896,9.486425399780273
1753052672448,-1.0564415454864502,-3.2591071128845215,
1753052672449,,,8.8878755569458
1753052672500,-1.2862848043441772,-3.445854902267456,7.944559574127197
1753052672548,,-4.025251388549805,
1753052672549,-1.5400702953338623,,9.347561836242676
1753052672599,-0.9175778031349182,-3.335721492767334,8.686761856079102
1753052672648,,-4.714781761169434,
1753052672649,-2.0045454502105713,-4.896740913391113,8.145672798156738
1753052674214,-2.9478609561920166,-4.853645324707031,8.533533096313477
1753052674221,-1.8608932495117188,-4.116231441497803,8.562263488769531
1753052674273,,-3.8289270401000977,
1753052674274,-1.14742112159729,,8.667608261108398
1753052674324,,-4.044404983520508,
1753052674325,-1.9183541536331177,,8.954913139343262
1753052674373,,-3.757101058959961,
1753052674374,-1.9039889574050903,,8.33720874786377
1753052674423,,-3.316567897796631,
1753052674424,-1.0085574388504028,,8.217498779296875
1753052674474,-1.789067268371582,-4.039616584777832,
1753052674475,-1.875258445739746,,9.017162322998047
1753052674523,-1.14742112159729,-3.426701068878174,8.049904823303223
1753052675066,-2.0859482288360596,-4.269460201263428,9.802460670471191
1753052675073,-1.9853917360305786,-3.8576574325561523,8.782530784606934
1753052675125,-0.8984242081642151,-3.4314894676208496,8.346785545349121
1753052675176,-1.8369512557983398,-4.489726543426514,
1753052675177,-2.272696018218994,,8.897452354431152
1753052699582,,-4.073135852813721,
1753052699583,-2.1577742099761963,-4.767454147338867,7.288548469543457
1753052699584,-1.5544354915618896,-3.493738889694214,9.065046310424805
1753052699586,,-3.6086604595184326,
1753052699587,-1.6549919843673706,-3.958214044570923,
1753052699588,-0.5488707423210144,,7.968502044677734
1753052699589,,,8.265382766723633
1753052699590,,-4.140173435211182,8.432976722717285
1753052699591,-2.5121161937713623,-4.8919525146484375,7.695562839508057
1753052699592,-4.22157621383667,-5.653308868408203,7.709928035736084
1753052699644,,-5.720346450805664,
1753052699645,-3.5033156871795654,,7.30770206451416
1753052699694,,-6.093842029571533,
1753052699695,-3.8337154388427734,,6.977302074432373
1753052699743,-3.488950490951538,-6.275801181793213,7.97329044342041
1753052699811,-3.465008497238159,-5.777807235717773,7.27418327331543
1753052699815,-3.2830491065979004,-6.0411696434021,7.0156097412109375
1753052699864,-3.3740286827087402,-6.271012783050537,7.202357292175293
1753052699913,,-6.146514415740967,
1753052699914,-3.024475336074829,,7.192780494689941
1753052699962,-3.1872811317443848,-5.897517204284668,7.298125267028809
1753052700014,-3.335721492767334,-6.1991868019104,6.977302074432373
1753052700062,-3.2351651191711426,-6.467337131500244,6.728305339813232
1753052700113,,-5.998073577880859,
1753052700114,-3.421912670135498,,6.675632953643799
1753052704531,,-6.07468843460083,
1753052704532,-3.1681272983551025,-5.533598899841309,6.65169095993042
1753052704533,,,6.871957302093506
1753052704537,-1.5831658840179443,-5.241506099700928,8.318055152893066
1753052704588,,-5.6006364822387695,
1753052704589,-1.3820528984069824,-5.720346450805664,7.642890453338623
1753052704639,-1.4107834100723267,-5.7538652420043945,8.298901557922363
1753052705804,,-5.892728805541992,
1753052705805,-1.3293805122375488,-4.906317710876465,8.432976722717285
1753052705811,-2.962226152420044,-4.2742486000061035,7.867945194244385
1753052705863,,-2.4163479804992676,
1753052705864,-1.6406266689300537,,7.9876556396484375
1753052705912,,-2.627037763595581,
1753052705913,-0.7116764783859253,,8.22228717803955
1753052730263,-1.0851719379425049,-2.081159830093384,
1753052730264,-1.4107834100723267,-3.6900634765625,7.671620845794678
1753052730265,-0.922366201877594,-3.5895068645477295,8.456918716430664
1753052730266,-0.6302735805511475,-4.298190593719482,9.299677848815918
1753052730267,-0.9415197968482971,,9.012373924255371
1753052730268,,-3.465008497238159,
1753052730269,-1.4155718088150024,-3.273472309112549,9.965266227722168
1753052730270,,,10.3148193359375
1753052730271,-0.30945056676864624,-3.201646327972412,
1753052730272,-1.9422961473464966,,
1753052730275,-0.3669114112854004,-3.4602200984954834,10.458471298217773
1753052730326,,-3.153762102127075,
1753052730327,-1.6406266689300537,-2.804208755493164,
1753052730328,,,7.949347972869873
1753052730377,-0.23762452602386475,-3.273472309112549,8.662819862365723
1753052730426,-0.922366201877594,-2.8999767303466797,7.470507621765137
1753052730480,-0.7643488645553589,-3.177704095840454,8.318055152893066
1753052730526,-1.8369512557983398,-3.848080635070801,8.136096000671387
1753052730527,,,9.548674583435059
1753052730577,,-2.9095535278320312,
1753052730579,-0.8744821548461914,,8.974066734313965
1753052730626,-1.4012064933776855,-3.0148985385894775,9.385869026184082
1753052730677,-0.060453593730926514,-4.168903827667236,11.727398872375488
1753052730726,,-4.3412861824035645,
1753052730727,-1.061229944229126,,11.13842487335205
1753052730777,,-3.1872811317443848,
1753052730778,0.06883329898118973,,9.730634689331055
1753052730826,-1.468244194984436,-3.0867245197296143,
1753052730827,-0.40043023228645325,,9.448118209838867
1753052730877,-0.2472013235092163,-3.3740286827087402,8.940547943115234
1753052730926,,-2.7467479705810547,
1753052730927,-0.9032126069068909,-3.3452982902526855,7.978078842163086
1753052730977,-1.2144588232040405,-3.292625904083252,8.054693222045898
1753052731026,,-2.943072557449341,
1753052731027,-0.6925228238105774,,8.442553520202637
1753052731077,-1.0708067417144775,-3.512892484664917,8.025962829589844
1753052731078,,,9.299677848815918
1753052731151,-1.1857284307479858,-4.082712650299072,
1753052731152,,,9.462483406066895
1753052731155,-1.7938556671142578,-3.8815994262695312,9.716269493103027
1753052731204,-0.28072014451026917,-3.977367639541626,10.693103790283203
1753052731253,,-4.006097793579102,
1753052731254,-0.4770447015762329,-4.235941410064697,11.617264747619629
1753052731303,-1.3293805122375488,-3.4314894676208496,9.658807754516602
1753052731353,,-3.642179250717163,
1753052731354,-0.4818331003189087,-3.6517560482025146,11.090540885925293
1753052731403,-0.42437225580215454,-3.6086604595184326,9.701904296875
1753052731453,,-2.93349552154541,
1753052731454,-1.3964180946350098,-2.9478609561920166,7.140108108520508
1753052731503,-0.4339490532875061,-3.311779499053955,8.734646797180176
1753052731554,-0.9558850526809692,-2.765901565551758,7.154473304748535
1753052731603,-0.922366201877594,-3.2638955116271973,8.040328025817871
1753052731794,-0.9175778031349182,-3.4314894676208496,8.954913139343262
1753052731846,,-3.90554141998291,
1753052731847,-0.228047713637352,-3.5847184658050537,10.305242538452148
1753052731896,,-3.5703532695770264,
1753052731897,-1.30543851852417,,9.543886184692383
1753052731945,-0.6829460263252258,-3.354875087738037,9.227851867675781
1753052731996,,-3.18249249458313,
1753052731997,-0.9175778031349182,,8.375515937805176
1753052732045,-1.3150153160095215,-3.4075474739074707,
1753052732046,,,8.562263488769531
1753052732096,-0.6877344250679016,-3.2638955116271973,8.725069999694824
1753052732097,,,7.925405979156494
1753052732314,,-2.765901565551758,
1753052732315,-0.9702502489089966,-3.555988073348999,7.49923849105835
1753052732318,-1.2910733222961426,-3.685275077819824,9.577404975891113
1753052732367,-1.1139023303985596,-3.6756980419158936,9.922170639038086
1753052732417,-0.6685808300971985,-3.426701068878174,9.136872291564941
1753052732466,-1.449090600013733,-3.977367639541626,10.295665740966797
1753052732517,-0.596754789352417,-3.53204607963562,9.213486671447754
1753052732566,,-3.3213562965393066,
1753052732567,-0.5776011347770691,,9.1847562789917
1753052732618,-0.9080010056495667,-3.536834478378296,9.00279712677002
1753052732666,,-3.115454912185669,
1753052732667,-0.4578910768032074,-3.3644518852233887,8.792107582092285
1753052732717,,-3.737947463989258,
1753052732718,-1.1378443241119385,-3.8576574325561523,9.055469512939453
1753052732773,-0.778714120388031,-3.1872811317443848,8.083423614501953
1753052732820,,-4.125808238983154,
1753052732821,-1.0995371341705322,-3.910329818725586,10.70746898651123
1753052732871,-0.9080010056495667,-3.752312660217285,8.67718505859375
1753052732920,-0.09876082092523575,-2.713229179382324,
1753052732921,-0.2711433470249176,,9.146449089050293
1753052732971,,-4.183269023895264,
1753052732972,-0.7356184720993042,,10.98040771484375
1753052733020,,-2.588730573654175,
1753052733021,-0.2041056901216507,,5.583877086639404
1753052733064,-1.5640122890472412,-3.206434726715088,9.864709854125977
1753052733112,,-3.6517560482025146,
1753052733114,-0.7930793166160583,,9.16081428527832
1753052733161,,-3.3405098915100098,
1753052733162,-2.339733600616455,,8.55268669128418
1753052733212,-0.960673451423645,-3.8289270401000977,9.46727180480957
1753052733261,-1.2671312093734741,-3.5511996746063232,9.428964614868164
1753052733312,-0.8409633636474609,-3.6565444469451904,9.931747436523438
1753052733361,-0.228047713637352,-3.7427358627319336,10.82239055633545
1753052733412,-0.7643488645553589,-3.268683910369873,9.270947456359863
1753052733461,-1.0468647480010986,-4.2550950050354,9.874286651611328
1753052734074,-1.8082208633422852,-2.9478609561920166,
1753052734075,,,7.077858924865723
1753052734077,0.1454477459192276,-3.733159065246582,10.310030937194824
1753052734084,-0.8313865661621094,-3.1250317096710205,7.978078842163086
1753052734136,-1.4107834100723267,-3.733159065246582,8.289324760437012
1753052734185,-1.30543851852417,-3.8528690338134766,9.088988304138184
1753052734236,-0.9080010056495667,-4.13059663772583,10.58775806427002
1753052734285,,-3.891176223754883,
1753052734286,-0.74040687084198,-4.144961833953857,9.931747436523438
1753052734336,,-4.3173441886901855,
1753052734385,-2.229600429534912,-4.690839767456055,9.663596153259277
1753052737362,-2.387617588043213,-4.982932090759277,9.112930297851562
1753052737363,-1.2527660131454468,-3.977367639541626,
1753052737369,-2.4163479804992676,-3.7283706665039062,8.844779968261719
1753052737420,,-3.838503837585449,
1753052737421,-1.2431892156600952,-3.7666778564453125,9.687539100646973
1753052737471,-1.9853917360305786,-3.5416228771209717,9.304466247558594
1753052737520,-1.492186188697815,-3.7666778564453125,8.605359077453613
1753052737571,,-3.646967649459839,
1753052737572,-1.6980875730514526,-3.5464112758636475,8.64366626739502
1753052737620,,-3.7666778564453125,
1753052737621,-0.3381809890270233,-3.843292236328125,9.132083892822266
1753052737672,-2.2439656257629395,-4.006097793579102,8.432976722717285
1753052738308,,-3.5033156871795654,
1753052738309,-0.9367313981056213,-3.714005470275879,7.8056960105896
1753052738312,,-3.9390604496002197,
1753052738313,-1.6214730739593506,-4.259883403778076,8.883087158203125
1753052738360,,-4.336497783660889,
1753052738361,-1.755548357963562,,9.59177017211914
1753052738411,,-4.13059663772583,
1753052738412,-1.224035620689392,-3.8528690338134766,
1753052738413,,,9.802460670471191
1753052743587,,-3.9677908420562744,
1753052743589,,-3.8528690338134766,
1753052743590,-1.592742681503296,-2.6844985485076904,
1753052743591,-0.07960720360279083,,9.553462982177734
1753052743593,-0.8888474106788635,-3.9869444370269775,9.764153480529785
1753052743643,,-3.4171242713928223,
1753052743644,-0.74040687084198,,8.409034729003906
1753052743695,-2.02848744392395,-4.298190593719482,10.180744171142578
1753052743745,,-3.694851875305176,
1753052743746,-1.1857284307479858,,6.9677252769470215
1753052743794,-1.568800687789917,-3.891176223754883,
1753052743795,,,10.080187797546387
1753052743844,,-4.556764602661133,
1753052743845,-1.511339783668518,,7.891887187957764
1753052743917,-1.27191960811615,-3.862445831298828,7.934982776641846
1753052743920,-1.3628993034362793,-4.504091739654541,10.779294967651367
1753052743968,,-3.8959646224975586,
1753052743969,-1.6214730739593506,,7.810484409332275
1753052744019,-2.0859482288360596,-4.422688961029053,10.238204956054688
1753052744020,,,11.727398872375488
1753052744068,-0.9989806413650513,-3.9007530212402344,8.116942405700684
1753052744119,-2.1338322162628174,-4.78660774230957,10.535085678100586
1753052745320,,-4.1641154289245605,
1753052745322,-1.3772644996643066,-4.068347454071045,9.405022621154785
1753052745335,-1.1617863178253174,-3.9821560382843018,9.136872291564941
1753052745342,-0.33339259028434753,-3.201646327972412,9.012373924255371
1753052745392,,-3.4171242713928223,
1753052745393,-1.8513164520263672,,8.164826393127441
1753052745444,-0.041299980133771896,-3.4075474739074707,10.49677848815918
1753052745493,-0.3429693877696991,-3.5416228771209717,10.070611000061035
1753052745544,-2.210446834564209,-3.1202433109283447,
1753052745545,,,7.757812023162842
1753052745593,,-2.9909565448760986,
1753052745594,-1.2192472219467163,-2.4690206050872803,9.165602684020996
1753052746243,,-3.005321741104126,
1753052746245,-0.7499836683273315,-3.421912670135498,
1753052746246,-1.544858694076538,-3.1058781147003174,8.547898292541504
1753052746294,,-3.3883938789367676,
1753052746296,-1.348534107208252,,8.739435195922852
1753052746345,-0.9558850526809692,-3.7906198501586914,9.912593841552734
1753052746394,-1.247977614402771,-3.09151291847229,8.145672798156738
1753052746445,-1.1139023303985596,-3.6134488582611084,10.022727012634277
1753052748588,,-3.330933094024658,
1753052748589,-0.9798270463943481,-3.776254653930664,8.22228717803955
1753052748595,-0.5823895931243896,-3.97257924079895,8.624512672424316
1753052748646,-1.0324994325637817,-3.3500866889953613,7.685986042022705
1753052748697,-1.5592238903045654,-3.508104085922241,8.67718505859375
1753052748746,,-3.6278140544891357,
1753052748747,-0.8936358094215393,-3.3213562965393066,9.472060203552246
1753052748797,,-3.512892484664917,
1753052748798,-1.247977614402771,,7.681197643280029
1753052748846,,-3.757101058959961,
1753052748847,-0.8409633636474609,,9.840767860412598
1753052749828,-0.6254851818084717,-3.2207999229431152,8.045116424560547
1753052749834,-1.0133458375930786,-3.225588321685791,8.2127103805542
1753052749835,-1.027711033821106,-3.7235822677612305,9.496002197265625
1753052749885,,-3.3452982902526855,
1753052749886,-0.9127894043922424,,8.825626373291016
1753052749936,-1.856104850769043,-4.010886192321777,8.725069999694824
1753052749985,,-3.1920695304870605,
1753052749986,-0.9127894043922424,,7.662044048309326
1753052761310,,-4.489726543426514,
1753052761312,,-3.3022027015686035,
1753052761313,,-2.4211363792419434,
1753052761314,-1.0229226350784302,-3.4410665035247803,
1753052761315,-1.3437457084655762,,11.13842487335205
1753052761316,,,9.323619842529297
1753052761366,-1.2575544118881226,-3.3261446952819824,9.960477828979492
1753052761416,-1.7938556671142578,-4.43705415725708,10.688315391540527
1753052761466,,-3.6086604595184326,
1753052761467,-0.596754789352417,-3.646967649459839,9.390657424926758
1753052761515,-0.8026561141014099,-3.292625904083252,
1753052761516,-0.5536591410636902,,8.744223594665527
1753052761567,-1.8465280532836914,-4.623802185058594,11.583745956420898
1753052761615,,-3.225588321685791,
1753052761616,-0.9367313981056213,-3.9486372470855713,9.16081428527832
1753052761667,-0.8553285598754883,-4.3173441886901855,11.507131576538086
1753052761715,,-3.225588321685791,
1753052761716,-0.9415197968482971,,7.671620845794678
1753052761767,-1.425148606300354,-3.953425645828247,11.186308860778809
1753052761816,-0.7499836683273315,-3.7187938690185547,10.626065254211426
1753052761866,,-3.1250317096710205,
1753052761867,-0.5440823435783386,,8.456918716430664
1753052761916,-1.348534107208252,-2.425924777984619,6.30213737487793
1753052761966,-0.8409633636474609,-4.144961833953857,
1753052761967,,,12.771270751953125
1753052762016,-0.28550854325294495,-4.183269023895264,9.299677848815918
1753052762066,,-2.914341926574707,
1753052762067,-1.0947487354278564,-3.0771477222442627,8.772953987121582
1753052762115,,-3.2351651191711426,
1753052762116,-0.9271546006202698,-3.618237257003784,8.294113159179688
1753052762166,,-3.579930067062378,
1753052762167,-1.2336124181747437,-3.153762102127075,9.232640266418457
1753052762215,,-3.646967649459839,
1753052762216,-1.4299370050430298,-3.78104305267334,8.600570678710938
1753052762266,,-3.7283706665039062,
1753052762267,-0.47225627303123474,-3.206434726715088,10.266935348510742
1753052762316,-1.104325532913208,-3.709217071533203,9.132083892822266
1753052762366,,-3.8815994262695312,
1753052762367,-1.3581109046936035,-3.1202433109283447,10.22383975982666
1753052762416,-1.6549919843673706,-4.149750232696533,9.840767860412598
1753052762467,-0.7451952695846558,-3.0340521335601807,9.634865760803223
1753052762516,-1.449090600013733,-4.058770656585693,11.368268013000488
1753052762566,,-3.3022027015686035,
1753052762567,-0.23762452602386475,-3.8768110275268555,7.666832447052002
1753052762615,,-2.3780407905578613,
1753052762616,-0.7882909178733826,-3.7618894577026367,7.144896507263184
1753052762667,-0.9894038438796997,-4.144961833953857,
1753052762668,-1.6645687818527222,,10.022727012634277
1753052762717,-1.2336124181747437,-3.536834478378296,9.055469512939453
1753052762766,,-2.8856115341186523,
1753052762767,-0.32860419154167175,-3.8528690338134766,8.701127052307129
1753052762815,,-3.4123358726501465,
1753052762816,-1.8225860595703125,,8.437765121459961
1753052762866,,-4.307767391204834,
1753052762867,-0.9941922426223755,-4.211999416351318,9.998785018920898
1753052762915,,-3.0771477222442627,
1753052762916,-0.6111199855804443,-3.6517560482025146,8.069058418273926
1753052762966,,-3.3883938789367676,
1753052762967,-0.9702502489089966,-3.206434726715088,9.91738224029541
1753052763015,,-4.566341400146484,
1753052763016,-2.1912930011749268,-3.5703532695770264,10.515932083129883
1753052763066,,-2.938283920288086,
1753052763067,-0.8122329115867615,-3.694851875305176,7.863156795501709
1753052763116,-1.913565754890442,-4.240729808807373,10.92294692993164
1753052763167,-0.4531026780605316,-3.4171242713928223,7.858368396759033
1753052763215,,-3.910329818725586,
1753052763216,-1.367687702178955,-3.646967649459839,9.706692695617676
1753052763266,,-3.2207999229431152,
1753052763267,-0.8170213103294373,,7.7195048332214355
1753052763315,,-3.62302565574646,
1753052763316,-1.4299370050430298,-2.737171173095703,9.419387817382812
1753052763366,,-3.048417329788208,
1753052763367,-0.6829460263252258,-4.350862979888916,7.149684906005859
1753052763415,,-3.3405098915100098,
1753052763416,-2.0667946338653564,-2.847304344177246,7.705139636993408
1753052763466,,-3.78104305267334,
1753052763467,-0.6685808300971985,-4.2742486000061035,9.419387817382812
1753052763516,-1.4538789987564087,-4.1210198402404785,8.595782279968262
1753052763567,-1.2288240194320679,-3.4841620922088623,8.46170711517334
1753052763568,,,9.79288387298584
1753052763616,-1.0755951404571533,-4.034828186035156,9.596558570861816
1753052763617,,,8.423399925231934
1753052763666,,-3.230376720428467,
1753052763667,-1.14742112159729,,7.681197643280029
1753052763715,,-4.015674591064453,
1753052763716,-1.3293805122375488,-2.9670145511627197,9.539097785949707
1753052763766,,-3.6326024532318115,
1753052763767,-1.14742112159729,,7.09222412109375
1753052763815,,-3.445854902267456,
1753052763816,-2.138620615005493,,5.9286417961120605
1753052763866,,-4.714781761169434,
1753052763867,-2.167351007461548,,9.443329811096191
1753052763916,-0.37169981002807617,-3.4793736934661865,8.164826393127441
1753052763967,,-4.22157621383667,
1753052763968,-1.6932991743087769,-4.599860191345215,9.122507095336914
1753052764015,,-3.7618894577026367,
1753052764016,-1.8848352432250977,-3.9438488483428955,7.762600421905518
1753052764067,-1.8273744583129883,-4.389170169830322,9.385869026184082
1753052764116,-1.0851719379425049,-4.283825397491455,9.82640266418457
1753052764167,-1.3389573097229004,-4.058770656585693,8.432976722717285
1753052764216,,-4.092289447784424,
1753052764217,-2.0189106464385986,,8.624512672424316
1753052764266,-1.9231425523757935,-4.202422618865967,8.753800392150879
1753052764316,,-3.7044286727905273,
1753052764317,-1.3150153160095215,-3.3452982902526855,8.605359077453613
1753052764366,-1.956661343574524,-4.590283393859863,9.639654159545898
1753052764417,-1.5304933786392212,-3.7187938690185547,8.045116424560547
1753052764466,-1.9422961473464966,-4.484938144683838,9.773730278015137
1753052764517,-1.688510775566101,-3.958214044570923,8.380304336547852
1753052764566,-2.2487540245056152,-4.379593372344971,9.247005462646484
1753052764616,-1.2000936269760132,-3.8289270401000977,9.294889450073242
1753052764666,-2.425924777984619,-5.222352504730225,10.860697746276855
1753052764716,,-3.072359323501587,
1753052764717,-1.4203602075576782,,6.977302074432373
1753052764766,-2.2008697986602783,-4.666897773742676,9.692327499389648
1753052764816,,-3.8337154388427734,
1753052764817,-1.899200439453125,,7.638102054595947
1753052764866,-1.4299370050430298,-3.5655648708343506,7.772177219390869
1753052764916,,-4.518456935882568,
1753052764917,-2.0236990451812744,-3.9246952533721924,9.663596153259277
1753052764966,-1.8417396545410156,-3.8768110275268555,7.992444038391113
1753052765016,,-3.9007530212402344,
1753052765017,-1.9853917360305786,,9.19433307647705
1753052765066,-2.430713176727295,-4.1210198402404785,8.772953987121582
1753052765116,,-4.101866245269775,
1753052765117,-1.568800687789917,-3.757101058959961,9.03631591796875
1753052765166,-2.1051018238067627,-4.422688961029053,9.452906608581543
1753052765167,,,9.108141899108887
1753052765216,,-4.192845821380615,
1753052765217,-1.6310498714447021,-3.733159065246582,9.337985038757324
1753052765266,-1.688510775566101,-4.211999416351318,9.146449089050293
1753052765316,,-4.092289447784424,
1753052765317,-1.8465280532836914,-3.6278140544891357,9.534309387207031
1753052765366,-2.02848744392395,-4.293402194976807,9.49121379852295
1753052765416,,-3.6517560482025146,
1753052765417,-1.9231425523757935,,8.859145164489746
1753052765466,-1.7459715604782104,-4.3843817710876465,9.855133056640625
1753052765516,,-3.6373908519744873,
1753052765517,-2.1481974124908447,,7.891887187957764
1753052765566,-1.0181342363357544,-3.8528690338134766,8.907029151916504
1753052765616,,-4.178480625152588,
1753052765617,-1.9949685335159302,,8.806472778320312
1753052765666,-1.204882025718689,-3.3931822776794434,7.451354026794434
1753052765716,,-4.4705729484558105,
1753052765717,-2.2391772270202637,,9.716269493103027
1753052765766,-0.7643488645553589,-3.4410665035247803,7.8056960105896
1753052765816,,-4.2550950050354,
1753052765817,-2.1338322162628174,,9.457695007324219
1753052765866,-1.568800687789917,-3.661332845687866,7.8296380043029785
1753052765916,,-4.250306606292725,
1753052765917,-2.0907366275787354,-4.144961833953857,9.725846290588379
1753052765966,-0.9654618501663208,-3.6278140544891357,8.571840286254883
1753052766016,,-4.365228176116943,
1753052766017,-2.3684639930725098,-4.3412861824035645,
1753052766066,-1.3628993034362793,-3.7044286727905273,8.97885513305664
1753052766116,,-3.958214044570923,
1753052766117,-1.4730325937271118,,8.907029151916504
1753052766166,-1.8082208633422852,-4.034828186035156,8.61972427368164
1753052766217,-1.2814964056015015,-3.6086604595184326,8.394669532775879
1753052766267,-1.8896236419677734,-4.192845821380615,8.67718505859375
1753052766317,-1.0085574388504028,-3.421912670135498,8.054693222045898
1753052766366,,-4.326920986175537,
1753052766367,-1.9231425523757935,,9.299677848815918
1753052766417,-1.0372878313064575,-3.3692402839660645,7.65725564956665
1753052766466,,-4.2550950050354,
1753052766467,-1.9231425523757935,,8.825626373291016
1753052766517,,-3.575141668319702,
1753052766518,-1.18094003200531,,8.576628684997559
1753052766566,,-4.365228176116943,
1753052766567,-1.9087773561477661,,9.304466247558594
1753052766617,-1.7794904708862305,-3.5942952632904053,7.21672248840332
1753052766666,,-4.441842555999756,
1753052766667,-2.27748441696167,,10.424952507019043
1753052766717,,-3.666121244430542,
1753052766718,-1.0708067417144775,-3.824138641357422,8.021174430847168
1753052766766,,-4.326920986175537,
1753052766767,-1.8896236419677734,,9.041104316711426
1753052766817,,-3.7714662551879883,
1753052766818,-1.5640122890472412,,8.993220329284668
1753052766866,,-4.460996150970459,
1753052766867,-2.1098902225494385,,9.567828178405762
1753052766917,,-3.709217071533203,
1753052766918,-1.4826093912124634,,8.686761856079102
1753052766966,-1.3533225059509277,-3.5176808834075928,8.33720874786377
1753052767017,,-4.43705415725708,
1753052767018,-2.3540987968444824,,9.634865760803223
1753052767066,-1.5161281824111938,-3.2638955116271973,
1753052767067,,,7.068282127380371
1753052767117,,-4.322132587432861,
1753052767118,-2.100313425064087,,10.171167373657227
1753052767166,,-3.6565444469451904,
1753052767167,-1.7411831617355347,-3.9869444370269775,8.059481620788574
1753052767218,-1.8608932495117188,-3.8289270401000977,9.486425399780273
1753052767267,,-3.354875087738037,
1753052767268,-1.3581109046936035,-3.733159065246582,8.46170711517334
1753052767317,-2.138620615005493,-4.34607458114624,8.576628684997559
1753052767366,,-3.709217071533203,
1753052767367,-1.3437457084655762,-3.397970676422119,9.122507095336914
1753052767417,-1.8034324645996094,-3.7187938690185547,8.873510360717773
1753052767466,-2.081159830093384,-4.379593372344971,8.595782279968262
1753052767516,-0.9654618501663208,-2.852092742919922,8.06427001953125
1753052767566,-2.3924059867858887,-5.562329292297363,
1753052767567,-2.258330821990967,,11.966818809509277
1753052767616,-1.8082208633422852,-2.358887195587158,
1753052767617,,,3.9845502376556396
1753052767667,,-5.480926036834717,
1753052767668,-1.9183541536331177,-4.7818193435668945,14.461576461791992
1753052767717,,-3.6996402740478516,
1753052767718,-1.4730325937271118,,5.296572685241699
1753052767766,-1.2384008169174194,-4.34607458114624,12.876615524291992
1753052767817,-0.7643488645553589,-3.886387825012207,
1753052767818,-1.2814964056015015,,8.12173080444336
1753052767866,-1.9039889574050903,-3.1489737033843994,7.197568893432617
1753052767917,-0.960673451423645,-4.767454147338867,11.79443645477295
1753052767966,-1.8273744583129883,-2.7323827743530273,6.220734596252441
1753052768017,-2.3253684043884277,-3.9199066162109375,
1753052768018,-1.1953052282333374,,8.859145164489746
1753052768066,-1.592742681503296,-3.5176808834075928,7.039551734924316
1753052768117,,-4.211999416351318,
1753052768118,-1.832162857055664,,9.175179481506348
1753052768166,-1.6214730739593506,-3.714005470275879,8.164826393127441
1753052768217,-1.7459715604782104,-3.795408248901367,8.87829875946045
1753052768266,,-4.063559055328369,
1753052768267,-1.688510775566101,,9.457695007324219
1753052768318,-1.913565754890442,-4.22157621383667,8.605359077453613
1753052768367,-1.7938556671142578,-4.025251388549805,9.773730278015137
1753052768417,-1.8848352432250977,-4.207211017608643,
1753052768418,,,8.610147476196289
1753052768466,-1.027711033821106,-4.1641154289245605,9.840767860412598
1753052768517,,-3.7906198501586914,
1753052768518,-1.8704700469970703,,7.915829181671143
1753052768566,,-4.207211017608643,
1753052768567,-2.4690206050872803,,7.848791599273682
1753052768617,-1.9518729448318481,-3.848080635070801,7.8056960105896
1753052768666,-1.7603367567062378,-3.642179250717163,
1753052768667,-2.6126725673675537,,7.891887187957764
1753052768717,-3.2543187141418457,-4.556764602661133,6.709151744842529
1753052768766,-2.205658197402954,-3.8768110275268555,
1753052768767,-2.358887195587158,,5.8424506187438965
1753052768817,-0.7499836683273315,-4.499303340911865,10.740987777709961
1753052768866,-1.8656816482543945,-4.082712650299072,6.215946197509766
1753052768917,-2.56000018119812,-4.834491729736328,10.367491722106934
1753052768966,,-5.533598899841309,
1753052768967,-2.363675594329834,,11.157578468322754
1753052769017,-1.9949685335159302,-4.566341400146484,8.959701538085938
1753052769066,,-5.4665608406066895,
1753052769067,-2.253542423248291,,10.817602157592773
1753052769117,-1.71245276927948,-4.824914932250977,9.64923095703125
1753052769166,,-5.342062473297119,
1753052769167,-1.6502034664154053,,11.660361289978027
1753052769217,-1.3964180946350098,-4.034828186035156,7.393893241882324
1753052769266,-2.205658197402954,-4.279036998748779,
1753052769267,-1.8513164520263672,,9.812037467956543
1753052769317,-1.6214730739593506,-3.579930067062378,6.824073314666748
1753052769366,-1.5017629861831665,-3.5895068645477295,8.016386032104492
1753052769417,-1.999756932258606,-4.556764602661133,
1753052769418,,,8.792107582092285
1753052769465,,-3.6373908519744873,
1753052769466,-1.2384008169174194,-3.862445831298828,7.690774440765381
1753052769517,-1.5161281824111938,-4.2550950050354,9.031527519226074
1753052769566,-1.3868412971496582,-4.101866245269775,9.61571216583252
1753052769618,-1.6214730739593506,-4.197634220123291,8.595782279968262
1753052769665,-2.4163479804992676,-4.638167381286621,
1753052769666,-2.3780407905578613,,8.883087158203125
1753052769717,-2.406771183013916,-4.872798919677734,9.37629222869873
1753052769766,,-5.241506099700928,
1753052769767,-3.5703532695770264,,6.881534099578857
1753052770174,-4.269460201263428,-5.346850872039795,8.562263488769531
1753052770221,-2.014122247695923,-4.178480625152588,8.557475090026855
1753052770272,,-4.250306606292725,
1753052770273,-1.71245276927948,,8.480860710144043
1753052770321,,-4.623802185058594,
1753052770322,-2.536058187484741,,8.610147476196289
1753052770755,,-4.140173435211182,
1753052770756,-1.832162857055664,-4.006097793579102,8.069058418273926
1753052770760,-1.975814938545227,-3.977367639541626,8.413823127746582
1753052770808,-1.4634557962417603,-3.9007530212402344,8.782530784606934
1753052770859,-1.3964180946350098,-4.082712650299072,8.830414772033691
1753052770908,-1.755548357963562,-4.235941410064697,9.749788284301758
1753052770958,,-4.235941410064697,
1753052770959,-1.6071078777313232,,8.46170711517334
1753052771007,,-4.5423994064331055,
1753052771008,-2.0907366275787354,,9.634865760803223
1753052771058,-1.4012064933776855,-4.379593372344971,9.481637001037598
1753052771107,,-4.834491729736328,
1753052771108,-2.296638011932373,-5.140949726104736,8.782530784606934
1753052771158,,-5.064335346221924,
1753052771159,-2.914341926574707,-4.5854949951171875,8.672396659851074
1753052771207,,-4.226364612579346,
1753052771208,-1.832162857055664,,8.868721961975098
1753052771258,,-4.092289447784424,
1753052771259,-1.592742681503296,,8.902240753173828
1753052771308,-3.0196869373321533,-4.049193859100342,8.164826393127441
1753052771358,,-3.661332845687866,
1753052771359,-1.4059948921203613,-3.819350242614746,8.078635215759277
1753052771407,,-4.125808238983154,
1753052771408,-2.5791537761688232,-4.389170169830322,8.265382766723633
1753052771458,,-4.57112979888916,
1753052771459,-2.2391772270202637,-4.360439777374268,9.701904296875
1753052771508,-2.076371431350708,-4.240729808807373,8.835203170776367
1753052771559,-1.8082208633422852,-4.34607458114624,9.697115898132324
1753052771608,-1.6310498714447021,-4.015674591064453,9.237428665161133
1753052771659,-1.5161281824111938,-4.451419353485107,9.907805442810059
1753052771708,,-3.752312660217285,
1753052771709,-2.033275842666626,-3.800196647644043,8.06427001953125
1753052771758,-1.1665748357772827,-4.331709384918213,9.658807754516602
1753052771809,-1.8417396545410156,-3.575141668319702,7.413046836853027
1753052771860,,-3.733159065246582,
1753052771861,-1.1953052282333374,,8.547898292541504
1753052771908,,-3.3500866889953613,
1753052771909,-1.635838270187378,,7.575852870941162
1753052771957,,-4.154538631439209,
1753052771958,-1.5065513849258423,,9.409811019897461
1753052772008,,-3.4123358726501465,
1753052772009,-1.6310498714447021,,6.297348976135254
1753052772057,,-4.370016574859619,
1753052772058,-1.9422961473464966,-4.973355293273926,10.40579891204834
1753052772108,,-4.714781761169434,
1753052772109,-2.138620615005493,-3.90554141998291,6.95814847946167
1753052772854,-1.8944120407104492,-4.068347454071045,9.749788284301758
1753052772862,-1.7411831617355347,-4.0970778465271,8.145672798156738
1753052772914,-2.7563247680664062,-4.686051368713379,7.992444038391113
1753052772963,-2.8616695404052734,-5.308543682098389,8.533533096313477
1753052773017,-2.761113166809082,-4.7818193435668945,9.481637001037598
1753052773063,-1.789067268371582,-3.776254653930664,7.628525257110596
1753052773115,-1.8608932495117188,-3.9869444370269775,8.859145164489746
1753052773164,,-4.96856689453125,
1753052773165,-2.5695769786834717,-4.484938144683838,9.40023422241211
1753052773239,-1.449090600013733,-4.561553001403809,9.486425399780273
1753052773291,,-4.633378982543945,
1753052773292,-2.229600429534912,-4.810549736022949,8.648454666137695
1753052773341,-2.2391772270202637,-5.030816555023193,8.614935874938965
1753052773392,,-4.719570159912109,
1753052773393,-3.029263734817505,,7.226299285888672
1753052773441,-3.8720226287841797,-5.586271286010742,8.203133583068848
1753052773492,-2.9765913486480713,-4.619013786315918,7.436988830566406
1753052774049,-1.4873977899551392,-4.101866245269775,8.897452354431152
1753052774050,,,8.22228717803955
1753052774056,-1.8465280532836914,-4.652532577514648,9.61571216583252
1753052774108,-2.0189106464385986,-4.805761337280273,9.970054626464844
1753052774157,-2.1098902225494385,-4.3412861824035645,
1753052774158,-2.5695769786834717,,8.557475090026855
1753052774208,-1.913565754890442,-4.298190593719482,8.51916790008545
1753052774257,-2.718017578125,-4.6956281661987305,8.2127103805542
1753052774307,-2.234388828277588,-4.551976203918457,8.557475090026855
1753052774357,-1.7411831617355347,-4.168903827667236,
1753052774358,-2.7084407806396484,,7.724293231964111
1753052774408,-2.9095535278320312,-4.714781761169434,8.294113159179688
1753052774457,-1.468244194984436,-3.929483652114868,7.7865424156188965
1753052774507,,-4.791396141052246,
1753052774508,-3.0101101398468018,-4.523245334625244,8.356362342834473
1753052774556,,-4.0779242515563965,
1753052774557,-1.0324994325637817,-4.547187805175781,9.045892715454102
1753052774608,-2.828150749206543,-4.963778495788574,8.418611526489258
1753052774657,-2.0620062351226807,-4.465784549713135,8.322843551635742
1753052774708,-3.0101101398468018,-4.719570159912109,8.538321495056152
1753052774757,-1.2623428106307983,-3.9821560382843018,
1753052774758,,,8.265382766723633
1753052774809,-2.536058187484741,-4.748300552368164,8.610147476196289
1753052774858,-1.6980875730514526,-4.465784549713135,9.697115898132324
1753052774908,-1.913565754890442,-4.259883403778076,7.753023624420166
1753052774957,-2.076371431350708,-4.551976203918457,8.476072311401367
1753052775008,-2.2631192207336426,-4.805761337280273,9.457695007324219
1753052775057,-1.9039889574050903,-4.34607458114624,8.485649108886719
1753052775107,-2.1912930011749268,-4.154538631439209,8.255805969238281
1753052775157,-2.1290438175201416,-4.398746967315674,9.074623107910156
1753052775207,,-4.580706596374512,
1753052775208,-1.6454150676727295,-4.484938144683838,8.638877868652344
1753052775257,-1.7363947629928589,-4.020462989807129,8.509591102600098
1753052775307,,-4.250306606292725,
1753052775308,-1.8177976608276367,-4.729146957397461,8.322843551635742
1753052775357,-2.6366145610809326,-4.9350481033325195,8.969278335571289
1753052775408,-1.6214730739593506,-4.307767391204834,9.395445823669434
1753052775457,-2.143409013748169,-4.2550950050354,8.24622917175293
1753052775508,,-4.044404983520508,
1753052775509,-1.8082208633422852,,8.15524959564209
1753052775557,,-3.9917328357696533,
1753052775558,-1.789067268371582,,8.581417083740234
1753052775608,-2.478597402572632,-4.604648590087891,8.09778881072998
1753052775609,,,8.959701538085938
1753052775657,-2.009333848953247,-4.561553001403809,8.859145164489746
1753052775707,,-3.9151182174682617,
1753052775708,-1.6597803831100464,,8.231863975524902
1753052775756,,-3.9390604496002197,
1753052775757,-1.7507599592208862,-4.216787815093994,7.384316444396973
1753052775808,-2.631826162338257,-4.757877349853516,9.716269493103027
1753052775857,-1.6837223768234253,-3.9677908420562744,7.891887187957764
1753052775908,-2.6653449535369873,-4.906317710876465,9.084199905395508
1753052775957,-1.6310498714447021,-3.733159065246582,7.911040782928467
1753052775958,,,8.691550254821777
1753052776008,-2.0236990451812744,-4.609436988830566,9.701904296875
1753052776057,-1.8656816482543945,-4.039616584777832,7.618948459625244
1753052776109,-2.986168146133423,-4.757877349853516,9.170391082763672
1753052776152,,-3.929483652114868,
1753052776154,-1.6262614727020264,-4.40353536605835,7.647678852081299
1753052776202,-2.8808231353759766,-4.901529312133789,8.974066734313965
1753052776253,-1.71245276927948,-4.2550950050354,8.772953987121582
1753052776269,-1.875258445739746,-4.446630954742432,9.060257911682129
1753052776303,,-5.0930657386779785,
1753052776304,-2.3253684043884277,-4.882375717163086,9.294889450073242
1753052776352,,-4.441842555999756,
1753052776353,-2.56000018119812,,8.198345184326172
1753052776403,-2.033275842666626,-4.398746967315674,
1753052776404,-1.9279309511184692,,9.256582260131836
1753052776452,,-4.360439777374268,
1753052776453,-2.1721394062042236,-3.7618894577026367,8.46170711517334
1753052776503,-1.9662381410598755,-3.757101058959961,7.662044048309326
1753052776552,-2.3110032081604004,-4.733935356140137,8.701127052307129
1753052776604,,-4.269460201263428,
1753052776605,-1.635838270187378,-4.106654644012451,
1753052776606,,,9.333196640014648
1753052776653,-1.9806033372879028,-4.111443042755127,8.705916404724121
1753052776703,,-3.848080635070801,
1753052776704,-2.0620062351226807,-4.039616584777832,7.681197643280029
1753052776753,-2.02848744392395,-4.504091739654541,8.930971145629883
1753052776754,,,8.658031463623047
1753052776803,,-4.250306606292725,
1753052776804,-1.9901801347732544,-4.125808238983154,8.954913139343262
1753052776853,-2.449866771697998,-4.705204963684082,8.835203170776367
1753052776903,,-4.250306606292725,
1753052776904,-2.0045454502105713,-3.953425645828247,8.64366626739502
1753052776953,-2.3110032081604004,-4.283825397491455,8.385092735290527
1753052777004,-2.363675594329834,-4.604648590087891,8.504802703857422
1753052777053,-2.033275842666626,-3.843292236328125,8.298901557922363
1753052777054,,,8.456918716430664
1753052777103,,-4.116231441497803,
1753052777104,-1.511339783668518,-4.283825397491455,9.03631591796875
1753052777153,-2.9095535278320312,-4.5854949951171875,8.169614791870117
1753052777203,-2.076371431350708,-4.1880574226379395,9.055469512939453
1753052777253,-2.722805976867676,-4.662109375,8.921394348144531
1753052777304,-1.6932991743087769,-4.245518207550049,8.581417083740234
1753052777353,-2.449866771697998,-4.1210198402404785,7.958924770355225
1753052777404,-2.4833858013153076,-4.777030944824219,8.179191589355469
1753052777453,-2.0907366275787354,-4.336497783660889,8.514379501342773
1753052777503,,-4.087501049041748,
1753052777504,-1.7028759717941284,-4.355651378631592,8.5287446975708
1753052777553,-2.765901565551758,-5.016450881958008,9.61571216583252
1753052777603,,-4.025251388549805,
1753052777604,-1.7842788696289062,,7.695562839508057
1753052777652,,-4.053982257843018,
1753052777653,-2.0476410388946533,-4.762665748596191,8.964489936828613
1753052777703,,-4.671686172485352,
1753052777704,-1.6980875730514526,-4.144961833953857,8.806472778320312
1753052777754,-2.6557681560516357,-3.9677908420562744,7.508815288543701
1753052777803,,-4.417900562286377,
1753052777804,-2.3684639930725098,,9.112930297851562
1753052777852,,-4.288613796234131,
1753052777853,-1.7507599592208862,-3.910329818725586,8.725069999694824
1753052777903,,-3.733159065246582,
1753052777904,-1.7220295667648315,-3.838503837585449,8.590993881225586
1753052777953,-2.033275842666626,-4.389170169830322,9.199121475219727
1753052778004,-2.095525026321411,-4.053982257843018,9.179967880249023
1753052778053,-1.3964180946350098,-3.359663486480713,8.255805969238281
1753052778103,,-3.8337154388427734,
1753052778104,-1.2767080068588257,,9.266159057617188
1753052778153,-2.100313425064087,-3.618237257003784,7.9397711753845215
1753052778203,,-3.4602200984954834,
1753052778204,-1.8225860595703125,-3.5655648708343506,7.944559574127197
1753052778252,,-4.978143692016602,
1753052778253,-1.932719349861145,-5.016450881958008,10.185532569885254
1753052778303,,-4.178480625152588,
1753052778304,-0.6542156338691711,-3.9438488483428955,9.88386344909668
1753052778353,-3.4123358726501465,-4.106654644012451,8.24622917175293
1753052778403,,-4.499303340911865,
1753052778404,-2.014122247695923,,9.476848602294922
1753052778452,,-3.618237257003784,
1753052778453,-1.1426327228546143,-3.4841620922088623,9.199121475219727
1753052778504,-1.2671312093734741,-3.5464112758636475,8.33720874786377
1753052778553,-2.2870612144470215,-4.197634220123291,8.533533096313477
1753052778604,-1.913565754890442,-4.144961833953857,
1753052778605,,,8.930971145629883
1753052778653,,-3.819350242614746,
1753052778654,-1.4347254037857056,-3.9199066162109375,8.557475090026855
1753052778704,-1.5640122890472412,-4.111443042755127,9.041104316711426
1753052778753,-1.9806033372879028,-4.43705415725708,9.275735855102539
1753052778803,,-4.159327030181885,
1753052778804,-1.568800687789917,-3.934272050857544,9.40023422241211
1753052778853,-1.0468647480010986,-3.646967649459839,8.792107582092285
1753052778903,,-3.646967649459839,
1753052778904,-1.18094003200531,-3.733159065246582,8.701127052307129
1753052778953,-1.8608932495117188,-3.958214044570923,8.346785545349121
1753052779003,,-3.9151182174682617,
1753052779004,-1.5065513849258423,-3.953425645828247,8.97885513305664
1753052779053,-1.6023194789886475,-4.183269023895264,8.969278335571289
1753052779103,,-4.178480625152588,
1753052779104,-1.4826093912124634,-4.053982257843018,9.472060203552246
1753052779153,-1.7363947629928589,-4.025251388549805,8.902240753173828
1753052779203,,-3.848080635070801,
1753052779204,-1.3628993034362793,-3.6804866790771484,8.782530784606934
1753052779252,,-3.5895068645477295,
1753052779253,-1.5975310802459717,-3.714005470275879,8.169614791870117
1753052779303,,-3.8576574325561523,
1753052779304,-1.511339783668518,,8.796895980834961
1753052779353,-1.080383539199829,-3.819350242614746,8.873510360717773
1753052779403,,-3.929483652114868,
1753052779404,-1.2431892156600952,-3.7906198501586914,9.026739120483398
1753052779453,-0.9510966539382935,-3.53204607963562,8.710704803466797
1753052779503,,-4.063559055328369,
1753052779504,-1.204882025718689,-3.9821560382843018,9.213486671447754
1753052779553,-1.2671312093734741,-3.8097734451293945,8.691550254821777
1753052779603,,-3.8720226287841797,
1753052779604,-1.4203602075576782,-3.8145618438720703,9.203909873962402
1753052779653,-1.3820528984069824,-3.9677908420562744,9.170391082763672
1753052779703,,-3.5655648708343506,
1753052779704,-1.1522095203399658,-3.579930067062378,8.8878755569458
1753052779753,-1.6166846752166748,-4.1880574226379395,9.553462982177734
1753052779803,,-3.3452982902526855,
1753052779804,-1.080383539199829,,8.480860710144043
1753052779853,-1.3293805122375488,-3.685275077819824,8.816049575805664
1753052779904,-1.1378443241119385,-3.8720226287841797,8.82083797454834
1753052779953,-1.7172411680221558,-3.886387825012207,9.30925464630127
1753052780004,-0.922366201877594,-3.603872060775757,8.8878755569458
1753052780053,-1.8608932495117188,-4.154538631439209,9.486425399780273
1753052780103,,-3.6134488582611084,
1753052780104,-0.8553285598754883,-3.6134488582611084,9.16081428527832
1753052780153,-1.5975310802459717,-3.512892484664917,8.51916790008545
1753052780203,,-3.4314894676208496,
1753052780204,-1.0085574388504028,-3.5847184658050537,8.624512672424316
1753052780253,-1.7699135541915894,-3.8815994262695312,9.026739120483398
1753052780304,-0.9415197968482971,-3.2638955116271973,
1753052780305,,,8.7298583984375
1753052780354,-1.7938556671142578,-4.264671802520752,9.43375301361084
1753052780403,-1.1426327228546143,-3.5895068645477295,
1753052780404,-1.0324994325637817,,9.385869026184082
1753052780453,-1.4873977899551392,-3.8049850463867188,9.156025886535645
1753052780504,-1.30543851852417,-3.6373908519744873,8.87829875946045
1753052780553,-1.6837223768234253,-3.824138641357422,9.28531265258789
1753052780603,,-3.6517560482025146,
1753052780604,-1.3293805122375488,-3.426701068878174,8.811261177062988
1753052780653,-1.1905168294906616,-3.292625904083252,8.667608261108398
1753052780703,,-4.207211017608643,
1753052780704,-1.6837223768234253,-4.173692226409912,9.49121379852295
1753052780753,-1.2910733222961426,-3.618237257003784,8.859145164489746
1753052780803,,-3.560776472091675,
1753052780804,-1.0516531467437744,,8.691550254821777
1753052780853,-1.5161281824111938,-3.9821560382843018,8.940547943115234
1753052780904,-1.5592238903045654,-3.7906198501586914,8.720281600952148
1753052780953,-1.813009262084961,-4.154538631439209,9.079411506652832
1753052781004,-1.5544354915618896,-3.838503837585449,8.82083797454834
1753052781053,-1.6071078777313232,-3.9390604496002197,8.78731918334961
1753052781103,,-4.235941410064697,
1753052781104,-2.0189106464385986,-4.1210198402404785,9.088988304138184
1753052781153,-1.913565754890442,-3.910329818725586,8.490437507629395
1753052781204,-1.4347254037857056,-3.8049850463867188,8.974066734313965
1753052781253,-1.4873977899551392,-3.7235822677612305,8.55268669128418
1753052781303,,-3.996521234512329,
1753052781304,-1.8656816482543945,-4.1880574226379395,8.562263488769531
1753052781353,-1.7986440658569336,-4.245518207550049,9.409811019897461
1753052781403,,-4.073135852813721,
1753052781404,-1.6262614727020264,,8.768165588378906
1753052781452,,-4.140173435211182,
1753052781453,-1.7747019529342651,-3.9486372470855713,9.3427734375
1753052781504,-1.2096704244613647,-3.7714662551879883,8.796895980834961
1753052781553,-2.1481974124908447,-4.207211017608643,8.523956298828125
1753052781603,,-3.934272050857544,
1753052781604,-1.3533225059509277,-3.714005470275879,8.681973457336426
1753052786956,-2.4211363792419434,-4.326920986175537,
1753052786957,-1.8177976608276367,-4.197634220123291,8.346785545349121
1753052786958,-4.422688961029053,-5.471349239349365,6.546346187591553
1753052786963,-3.378817081451416,-5.892728805541992,6.95814847946167
1753052787015,,-5.978919982910156,
1753052787016,-3.0148985385894775,,6.8144965171813965
1753052787065,-2.890399932861328,-6.0411696434021,7.0156097412109375
1753052790685,-3.00053334236145,-6.160879611968994,7.053916931152344
1753052790686,,,7.245452880859375
1753052790734,-2.5935189723968506,-6.223128795623779,7.149684906005859
1753052790784,-2.5935189723968506,-6.036381244659424,7.154473304748535
1753052790835,-2.516904592514038,-6.194398403167725,7.231087684631348
1753052796223,,-6.141726016998291,
1753052796224,-2.6222493648529053,-6.098630428314209,7.106589317321777
1753052796225,,-6.079476833343506,7.178415298461914
1753052796227,-2.6126725673675537,-6.084265232086182,7.2119340896606445
1753052796279,-2.631826162338257,-6.084265232086182,7.116166114807129
1753052796330,-2.5504233837127686,-6.031592845916748,7.2789716720581055
1753052796415,,-6.1321492195129395,
1753052796416,-2.497750997543335,-6.055534839630127,7.264606475830078
1753052796419,-2.583942174911499,-6.07468843460083,
1753052796420,,,7.164050102233887
1753052796468,,-6.122572422027588,
1753052796469,-2.56000018119812,-6.045958042144775,7.21672248840332
1753052796517,,-6.170456409454346,
1753052796518,-2.6126725673675537,,7.140108108520508
1753052796568,,-6.0411696434021,
1753052796569,-2.516904592514038,,7.231087684631348
1753052796617,,-6.117784023284912,
1753052796618,-2.497750997543335,-6.036381244659424,7.298125267028809
1753052796668,-2.607884168624878,-6.050746440887451,7.149684906005859
1753052796717,,-6.0411696434021,
1753052796718,-2.5073277950286865,-6.112995624542236,7.326855659484863
1753052798858,,-6.170456409454346,
1753052798859,-2.588730573654175,-6.117784023284912,7.202357292175293
1753052798863,-2.5121161937713623,-6.045958042144775,7.245452880859375
1753052798914,-2.588730573654175,-6.112995624542236,7.2119340896606445
1753052798965,-2.5743653774261475,-6.031592845916748,7.173626899719238
1753052799014,,-6.0411696434021,
1753052799015,-2.5025393962860107,-6.050746440887451,7.312490463256836
1753052799065,-2.564788579940796,-6.141726016998291,7.154473304748535
1753052799114,,-6.050746440887451,
1753052799115,-2.5695769786834717,,7.18320369720459
1753052799194,-2.5264813899993896,-6.117784023284912,
1753052799203,-2.5791537761688232,-6.160879611968994,7.154473304748535
1753052799250,,-6.026804447174072,
1753052799251,-2.5121161937713623,-6.098630428314209,7.283760070800781
1753052799302,-2.5791537761688232,-6.1752448081970215,7.149684906005859
1753052799350,,-6.103418827056885,
1753052799351,-2.5791537761688232,-6.160879611968994,7.18320369720459
1753052799401,-2.5312697887420654,-6.089053630828857,
1753052799402,-2.5264813899993896,,7.269394874572754
1753052801388,-2.603095769882202,-6.146514415740967,7.144896507263184
1753052801396,-2.5552117824554443,-5.964554786682129,7.226299285888672
1753052801443,,-5.988496780395508,
1753052801444,-2.6557681560516357,,7.207145690917969
1753052801493,,-6.16566801071167,
1753052801494,-2.5312697887420654,,7.393893241882324
1753052801544,,-6.079476833343506,
1753052801545,-2.564788579940796,,7.255029678344727
1753052801593,,-6.146514415740967,
1753052801594,-2.56000018119812,,7.2119340896606445
1753052801672,-2.5695769786834717,-6.050746440887451,7.269394874572754
1753052801676,-2.631826162338257,-6.060323238372803,7.116166114807129
1753052801725,-2.5743653774261475,-6.098630428314209,7.293336868286133
1753052801774,-2.5456349849700928,-6.117784023284912,7.221510887145996
1753052801825,-2.5552117824554443,-6.007650852203369,7.269394874572754
1753052801873,,-5.993285179138184,
1753052801874,-2.607884168624878,,7.245452880859375
1753052801950,,-6.117784023284912,
1753052801951,-2.6653449535369873,,7.140108108520508
1753052801966,-2.5743653774261475,-6.007650852203369,7.235876083374023
1753052802014,,-6.112995624542236,
1753052802015,-2.5264813899993896,,7.283760070800781
1753052802065,-2.540846586227417,-6.0220160484313965,7.269394874572754
1753052802113,,-6.036381244659424,
1753052802114,-2.5312697887420654,-5.998073577880859,7.293336868286133
1753052802165,-2.670133352279663,-6.026804447174072,7.135319709777832
1753052802213,,-6.136937618255615,
1753052802214,-2.540846586227417,-6.1991868019104,7.2119340896606445
1753052802264,,-6.170456409454346,
1753052802265,-2.521692991256714,-6.084265232086182,7.235876083374023
1753052802313,,-6.160879611968994,
1753052802314,-2.4881742000579834,-6.1321492195129395,7.197568893432617
1753052802365,-2.540846586227417,-6.031592845916748,7.245452880859375
1753052802366,,,7.154473304748535
1753052812814,-2.631826162338257,-6.127360820770264,7.21672248840332
1753052812820,,-6.060323238372803,
1753052812821,,-6.093842029571533,
1753052812822,-2.536058187484741,-6.0220160484313965,7.187992095947266
1753052812823,,,7.27418327331543
1753052812824,-2.6174609661102295,-6.103418827056885,7.245452880859375
1753052812825,-2.100313425064087,-2.052429437637329,6.5942301750183105
1753052812873,,-2.0045454502105713,
1753052812874,-1.6310498714447021,,7.8966755867004395
1753052812922,,-1.6932991743087769,
1753052812923,-1.544858694076538,-1.71245276927948,7.571064472198486
1753052812973,,-1.9039889574050903,
1753052812974,-2.0380642414093018,-1.832162857055664,8.049904823303223
1753052813022,,-1.8896236419677734,
1753052813023,-1.6645687818527222,,8.174403190612793
1753052813073,,-2.8808231353759766,
1753052813074,-1.3150153160095215,,8.61972427368164
1753052813122,,-4.049193859100342,
1753052813123,-1.9422961473464966,,11.612476348876953
1753052813832,-2.3971943855285645,-4.40353536605835,
1753052813833,-1.2288240194320679,,9.754576683044434
1753052813838,-2.02848744392395,-5.4665608406066895,8.892663955688477
1753052813889,-1.2288240194320679,-5.418676853179932,8.46170711517334
1753052813939,,-4.743512153625488,
1753052813940,-2.2391772270202637,,7.441777229309082
1753052831989,,-5.19362211227417,
1753052831990,-1.9949685335159302,-1.30543851852417,7.853579998016357
1753052831991,1.20368492603302,-2.0715830326080322,9.984419822692871
1753052831993,-0.08439560979604721,-2.9765913486480713,9.52473258972168
1753052831994,-3.642179250717163,-2.765901565551758,1.8920178413391113
1753052831995,-0.8649053573608398,-3.316567897796631,9.49121379852295
1753052831996,0.011372458189725876,-3.273472309112549,8.772953987121582
1753052831997,-2.02848744392395,-2.9909565448760986,8.562263488769531
1753052831998,,-3.493738889694214,
1753052832044,,-3.4075474739074707,
1753052832045,-0.778714120388031,-3.426701068878174,9.998785018920898
1753052832094,-1.0995371341705322,-3.757101058959961,9.00279712677002
1753052832145,-0.9702502489089966,-3.6086604595184326,10.123283386230469
1753052832194,-0.8313865661621094,-3.867234230041504,9.768941879272461
1753052832245,-0.8122329115867615,-3.8528690338134766,9.907805442810059
1753052832317,,-3.0819361209869385,
1753052832318,-0.558447539806366,,9.352350234985352
1753052832322,-0.2759317457675934,-3.5176808834075928,9.132083892822266
1753052832369,-0.7835025191307068,-3.867234230041504,8.844779968261719
1753052832419,,-2.8185739517211914,
1753052832420,-0.2950853705406189,,8.116942405700684
1753052832470,-0.6206967830657959,-3.6326024532318115,9.697115898132324
1753052832519,,-3.18249249458313,
1753052832520,-0.7978677153587341,,7.982867240905762
1753052832570,-0.6685808300971985,-2.8425159454345703,8.82083797454834
1753052832746,,-3.9630024433135986,
1753052832747,-0.558447539806366,-3.6996402740478516,10.13286018371582
1753052832798,-0.8649053573608398,-2.93349552154541,
1753052832799,-0.7499836683273315,,8.705916404724121
1753052832849,-0.28072014451026917,-3.7044286727905273,9.960477828979492
1753052832899,,-3.618237257003784,
1753052832900,-1.14742112159729,-3.072359323501587,9.414599418640137
1753052832943,-0.49140989780426025,-2.871246337890625,8.198345184326172
1753052832990,,-4.216787815093994,
1753052832991,-0.6733692288398743,,10.539874076843262
1753052833040,-0.7451952695846558,-2.3684639930725098,6.656479358673096
1753052833091,-0.558447539806366,-3.6517560482025146,11.425728797912598
1753052833140,-1.391629695892334,-3.445854902267456,7.8966755867004395
1753052840610,,-3.3213562965393066,
1753052840612,,-3.426701068878174,
1753052840613,-1.104325532913208,-4.240729808807373,
1753052840614,-1.027711033821106,,9.414599418640137
1753052840615,,,9.970054626464844
1753052840661,-1.6980875730514526,-3.3500866889953613,6.8144965171813965
1753052840710,,-3.2974143028259277,
1753052840711,-0.32860419154167175,,9.079411506652832
1753052841912,-1.4059948921203613,-3.8337154388427734,
1753052841913,-1.7747019529342651,,8.083423614501953
1753052841919,-2.0620062351226807,-4.906317710876465,8.94533634185791
1753052841971,-1.2958617210388184,-4.087501049041748,10.214262962341309
1753052842022,-1.3437457084655762,-4.3173441886901855,9.00279712677002
1753052843276,,-4.302978992462158,
1753052843278,-1.8465280532836914,-3.8097734451293945,9.82640266418457
1753052843279,,,8.816049575805664
1753052843327,-1.3724761009216309,-3.465008497238159,8.504802703857422
1753052843378,-0.8170213103294373,-3.6086604595184326,9.328408241271973
1753052843379,,,9.270947456359863
1753052843426,,-4.197634220123291,
1753052843427,-1.7028759717941284,-3.867234230041504,9.098565101623535
1753052843466,-1.3581109046936035,-3.4554316997528076,8.796895980834961
1753052843513,-0.47225627303123474,-3.5416228771209717,9.045892715454102
1753052843563,,-4.513668537139893,
1753052843564,-1.9231425523757935,-4.063559055328369,9.428964614868164
1753052843614,-1.5209165811538696,-3.62302565574646,7.844003200531006
1753052843663,,-3.7666778564453125,
1753052843664,-0.7499836683273315,-3.3069911003112793,9.40023422241211
1753052850378,,-3.3931822776794434,
1753052850379,-0.7978677153587341,,8.131307601928711
1753052850380,,-4.168903827667236,8.78731918334961
1753052850430,,-3.9630024433135986,
1753052850431,-1.391629695892334,,8.241440773010254
1753052850480,,-4.705204963684082,
1753052850481,-2.2439656257629395,,9.46727180480957
1753052850534,-1.3964180946350098,-3.5176808834075928,8.207921981811523
1753052850538,-1.0372878313064575,-3.4123358726501465,9.007585525512695
1753052850586,-0.7739257216453552,-3.7475242614746094,9.314043045043945
1753052850636,,-3.8528690338134766,
1753052850637,-1.3724761009216309,,9.290101051330566
1753052850687,,-4.034828186035156,
1753052850688,-2.057217836380005,,8.476072311401367
1753052850736,-1.3293805122375488,-4.178480625152588,10.108918190002441
1753052857626,-0.9463081955909729,-3.5033156871795654,7.982867240905762
1753052857627,,-3.354875087738037,
1753052857628,-0.8026561141014099,-2.8616695404052734,
1753052857629,-0.3908534348011017,,8.8878755569458
1753052857630,-0.15143325924873352,-3.134608507156372,10.453682899475098
1753052857678,0.7775170207023621,-2.344521999359131,8.983643531799316
1753052857727,,-2.5264813899993896,
1753052857728,0.36092591285705566,,8.51916790008545
1753052857778,-0.821809709072113,-3.5272576808929443,9.692327499389648
1753052857827,-0.2232593148946762,-2.473809003829956,
1753052857828,-0.21847090125083923,,8.816049575805664
1753052857878,-0.041299980133771896,-2.27748441696167,8.725069999694824
1753052857927,,-3.029263734817505,
1753052857928,0.47584760189056396,-2.4594438076019287,10.544662475585938
1753052857978,-0.33339259028434753,-2.3062148094177246,
1753052857979,-1.0708067417144775,,8.06427001953125
1753052858036,0.48063600063323975,-3.579930067062378,11.713033676147461
1753052858083,-0.3621230125427246,-3.3261446952819824,8.940547943115234
1753052858134,0.1933317929506302,-2.5695769786834717,
1753052858135,,,9.979631423950195
1753052858183,0.8924387097358704,-2.6653449535369873,9.381080627441406
1753052858234,-0.8649053573608398,-3.488950490951538,
1753052858235,,,10.568604469299316
1753052859794,-0.49140989780426025,-2.2152352333068848,7.729081630706787
1753052859800,-1.6789339780807495,-2.698863983154297,8.85435676574707
1753052859851,-1.1522095203399658,-2.981379747390747,12.139201164245605
1753052859902,0.9977835416793823,-2.866457939147949,9.041104316711426
1753052859953,-0.9798270463943481,-3.694851875305176,10.429740905761719
1753052860002,-1.4634557962417603,-3.1298201084136963,
1753052860003,,,8.686761856079102
1753052860051,0.2555810213088989,-1.9422961473464966,8.217498779296875
1753052860102,,-3.469796895980835,
1753052860103,-0.13706804811954498,-3.445854902267456,11.023503303527832
1753052862586,-1.1330559253692627,-2.765901565551758,
1753052862587,-1.7459715604782104,-2.5791537761688232,7.264606475830078
1753052862591,,-3.9246952533721924,
1753052862592,-1.2000936269760132,-3.6709096431732178,9.19433307647705
1753052862642,,-3.9246952533721924,
1753052862643,-0.6637924313545227,-3.824138641357422,9.95090103149414
1753052862694,-1.449090600013733,-3.3692402839660645,8.533533096313477
1753052862742,,-3.0436289310455322,
1753052862743,-0.7212532758712769,-3.273472309112549,8.796895980834961
1753052862819,-0.6015431880950928,-3.575141668319702,9.740211486816406
1753052862823,-0.6973112225532532,-2.9478609561920166,7.891887187957764
1753052862871,-0.9080010056495667,-3.6756980419158936,9.419387817382812
1753052862921,-0.40521863102912903,-3.053205728530884,8.437765121459961
1753052862972,-1.0372878313064575,-3.0101101398468018,9.045892715454102
1753052863021,-1.0660183429718018,-3.6134488582611084,8.950124740600586
1753052863071,,-3.5272576808929443,
1753052863072,-1.128267526626587,-2.9670145511627197,9.534309387207031
1753052863120,,-3.685275077819824,
1753052863121,-0.7547720670700073,,9.28531265258789
1753052863171,,-4.183269023895264,
1753052863172,-1.1330559253692627,-3.6517560482025146,10.415375709533691
1753052863221,-1.3437457084655762,-3.0627825260162354,7.9876556396484375
1753052863272,-0.5057750940322876,-4.235941410064697,11.277288436889648
1753052863320,,-3.6134488582611084,
1753052863321,-0.8505401611328125,-3.1489737033843994,9.673172950744629
1753052863372,-1.5257049798965454,-3.4314894676208496,8.3707275390625
1753052863421,-1.204882025718689,-3.838503837585449,8.581417083740234
1753052863472,-0.41958385705947876,-3.4602200984954834,9.237428665161133
1753052863520,,-4.43705415725708,
1753052863521,-1.0947487354278564,-4.480149745941162,9.079411506652832
1753052863571,-1.0899603366851807,-3.4123358726501465,8.753800392150879
1753052863621,-0.6685808300971985,-4.092289447784424,10.812813758850098
1753052863672,,-3.9438488483428955,
1753052863673,-0.6302735805511475,-3.9821560382843018,8.198345184326172
1753052863720,,-3.1729156970977783,
1753052863721,-1.4826093912124634,-3.397970676422119,
1753052863722,-1.0516531467437744,,8.681973457336426
1753052863772,-0.8696937561035156,-4.183269023895264,9.30925464630127
1753052863821,-0.38127660751342773,-2.521692991256714,7.097012519836426
1753052863872,-1.3724761009216309,-3.800196647644043,9.970054626464844
1753052863921,-1.0372878313064575,-3.2974143028259277,7.00124454498291
1753052863972,-1.027711033821106,-3.3692402839660645,9.409811019897461
1753052864021,-0.8696937561035156,-4.259883403778076,9.52473258972168
1753052864071,,-3.4554316997528076,
1753052864072,-1.324592113494873,-2.9670145511627197,8.485649108886719
1753052864120,,-4.0779242515563965,
1753052864171,,-3.8576574325561523,
1753052864172,-0.3381809890270233,,9.261370658874512
1753052864221,-1.1091139316558838,-3.9630024433135986,8.576628684997559
1753052864272,-1.1857284307479858,-4.235941410064697,9.586981773376465
1753052864320,,-3.3692402839660645,
1753052864321,-0.42437225580215454,-3.8337154388427734,9.227851867675781
1753052864371,-0.9367313981056213,-4.116231441497803,
1753052864372,,,9.299677848815918
1753052864420,,-3.4602200984954834,
1753052864421,-0.9941922426223755,-3.287837505340576,8.772953987121582
1753052864471,,-3.4554316997528076,
1753052864472,-0.7882909178733826,-3.819350242614746,8.993220329284668
1753052864520,,-4.0300397872924805,
1753052864521,-0.9846154451370239,-3.7235822677612305,9.357138633728027
1753052864572,-1.0085574388504028,-3.3931822776794434,8.485649108886719
1753052864621,-0.8984242081642151,-3.493738889694214,8.298901557922363
1753052864672,-1.3820528984069824,-4.757877349853516,10.089764595031738
1753052864720,,-3.2351651191711426,
1753052864721,-1.2527660131454468,,7.705139636993408
1753052864772,-0.7212532758712769,-3.934272050857544,10.779294967651367
1753052874515,,-3.6326024532318115,
1753052874516,,-3.661332845687866,
1753052874517,-0.6973112225532532,-4.417900562286377,
1753052874518,-1.5592238903045654,,9.112930297851562
1753052874519,,,9.395445823669434
1753052874521,-1.9087773561477661,-3.910329818725586,
1753052874571,-1.348534107208252,-3.0101101398468018,7.436988830566406
1753052874620,-1.2671312093734741,-3.958214044570923,10.664372444152832
1753052874669,,-3.8720226287841797,
1753052874670,-2.694075345993042,-3.8289270401000977,8.55268669128418
1753052874721,-1.0133458375930786,-3.867234230041504,8.567051887512207
1753052874770,-1.7459715604782104,-4.7387237548828125,11.392210006713867
1753052874821,-0.9463081955909729,-2.689286947250366,5.473743438720703
1753052874901,-1.4107834100723267,-4.896740913391113,11.67951488494873
1753052874952,,-3.6326024532318115,
1753052874953,-1.0324994325637817,,10.070611000061035
1753052875003,-1.0324994325637817,-3.819350242614746,7.958924770355225
1753052875052,,-3.862445831298828,
1753052875053,-2.3732523918151855,,7.618948459625244
1753052875103,-1.128267526626587,-3.469796895980835,
1753052875104,,,8.749011993408203
1753052893457,-2.4881742000579834,-4.652532577514648,8.466495513916016
1753052893458,-1.913565754890442,-4.168903827667236,7.508815288543701
1753052893459,,-3.7475242614746094,8.777742385864258
1753052893460,-2.3062148094177246,-4.149750232696533,7.173626899719238
1753052893461,-3.292625904083252,-4.336497783660889,8.40424633026123
1753052893462,-1.6549919843673706,-3.8720226287841797,8.385092735290527
1753052893467,-0.8074445128440857,-5.519233703613281,7.781754016876221
1753052893519,-0.37169981002807617,-5.6676740646362305,7.8727335929870605
1753052893569,-0.4291606545448303,-6.189610004425049,7.767388820648193
1753052893641,-1.0851719379425049,-6.309319972991943,8.059481620788574
1753052893645,-1.7363947629928589,-6.309319972991943,7.360374450683594
1753052893692,,-6.38114595413208,
1753052893693,-2.272696018218994,,7.317278861999512
1753052893743,,-6.184821605682373,
1753052893744,-1.6980875730514526,,8.025962829589844
1753052893793,-1.813009262084961,-6.271012783050537,7.427412033081055
1753052893843,-2.162562608718872,-5.835268020629883,7.757812023162842
1753052893892,-1.9183541536331177,-5.792172431945801,7.010821342468262
1753052893943,-1.6166846752166748,-5.653308868408203,6.9006876945495605
1753052893993,-1.7172411680221558,-5.84963321685791,7.18320369720459
1753052894043,-1.4730325937271118,-6.170456409454346,7.724293231964111
1753052894092,,-6.615777969360352,
1753052894093,-1.3198037147521973,-6.711545944213867,8.31326675415039
1753052894141,-1.27191960811615,-6.634931564331055,7.753023624420166
1753052894187,,-6.314108371734619,
1753052894188,-1.7172411680221558,,8.203133583068848
1753052894239,-1.348534107208252,-6.203975200653076,8.294113159179688
1753052894287,-1.391629695892334,-6.208763599395752,8.648454666137695
1753052894338,,-5.734711647033691,
1753052894339,-1.2623428106307983,,8.959701538085938
1753052894388,-2.6557681560516357,-4.748300552368164,8.3707275390625
1753052894438,,-4.57112979888916,
1753052894439,-1.2096704244613647,,8.3707275390625
1753052894487,,-3.575141668319702,
1753052894488,-1.6789339780807495,,7.906252384185791
1753052894539,-2.1146786212921143,-3.2207999229431152,8.112154006958008
1753052894588,-1.2575544118881226,-3.2543187141418457,8.164826393127441
1753052894658,,-2.4642322063446045,
1753052894659,-2.0476410388946533,-2.229600429534912,7.71471643447876
1753052894663,-1.9901801347732544,-1.975814938545227,7.724293231964111
1753052894711,-2.1960813999176025,-2.0045454502105713,7.709928035736084
1753052894761,,-3.1250317096710205,
1753052894762,-0.49140989780426025,,9.907805442810059
1753052894810,-2.6797101497650146,-3.09151291847229,
1753052894811,,,9.189544677734375
1753052894861,,-3.694851875305176,
1753052894862,-1.1186907291412354,,9.30925464630127
1753052894910,,-3.383605480194092,
1753052894911,-1.635838270187378,,8.078635215759277
1753052894961,,-3.824138641357422,
1753052894962,-0.8649053573608398,,9.596558570861816
1753052895010,,-4.930259704589844,
1753052895011,-2.1960813999176025,,9.993996620178223
1753052895062,-2.143409013748169,-4.068347454071045,8.447341918945312
1753052895110,,-3.8815994262695312,
1753052895111,-1.5065513849258423,-4.207211017608643,9.117718696594238
1753052895161,,-4.111443042755127,
1753052895162,-1.1522095203399658,-3.4793736934661865,9.49121379852295
1753052895210,,-3.618237257003784,
1753052895211,-1.5352818965911865,,8.744223594665527
1753052895261,,-3.733159065246582,
1753052895262,-1.5017629861831665,-3.5655648708343506,9.079411506652832
1753052895310,,-3.78104305267334,
1753052895311,-1.611896276473999,-4.0300397872924805,8.796895980834961
1753052895361,,-4.0300397872924805,
1753052895362,-1.7220295667648315,,9.237428665161133
1753052895410,,-3.934272050857544,
1753052895411,-1.0899603366851807,,8.691550254821777
1753052895462,-1.6597803831100464,-4.298190593719482,8.610147476196289
1753052895510,,-4.22157621383667,
1753052895511,-1.913565754890442,,8.423399925231934
1753052895586,-1.856104850769043,-4.451419353485107,8.653243064880371
1753052895587,,,8.82083797454834
1753052895592,-1.6789339780807495,-4.417900562286377,8.85435676574707
1753052895638,-1.7794904708862305,-4.264671802520752,
1753052895639,,,8.696338653564453
1753052895688,-2.0189106464385986,-4.547187805175781,9.146449089050293
1753052895739,-1.9422961473464966,-4.523245334625244,8.849568367004395
1753052895788,-1.6310498714447021,-4.235941410064697,
1753052895789,-1.789067268371582,,8.681973457336426
1753052895839,-1.731606364250183,-3.953425645828247,
1753052895840,-1.6645687818527222,,8.590993881225586
1753052895888,-1.7076643705368042,-4.034828186035156,8.413823127746582
1753052895938,,-4.173692226409912,
1753052895939,-1.8704700469970703,-4.22157621383667,8.7298583984375
1753052895988,-1.7172411680221558,-4.111443042755127,
1753052895989,,,8.447341918945312
1753052896039,-1.5400702953338623,-4.413112163543701,8.701127052307129
1753052896088,-1.6549919843673706,-4.001309394836426,8.322843551635742
1753052896139,-1.9231425523757935,-3.977367639541626,8.346785545349121
1753052896189,-1.367687702178955,-4.523245334625244,9.060257911682129
1753052896238,,-4.360439777374268,
1753052896239,-1.5783774852752686,-4.101866245269775,9.098565101623535
1753052896288,-1.4299370050430298,-3.8768110275268555,9.017162322998047
1753052896289,,,8.954913139343262
1753052896338,,-3.800196647644043,
1753052896339,-1.4826093912124634,-3.666121244430542,8.883087158203125
1753052896389,-1.18094003200531,-3.8959646224975586,8.954913139343262
1753052896439,-1.3341689109802246,-3.7858314514160156,8.667608261108398
1753052896488,-1.6166846752166748,-4.020462989807129,8.614935874938965
1753052896539,-1.30543851852417,-4.068347454071045,8.816049575805664
1753052896588,,-4.207211017608643,
1753052896589,-1.492186188697815,,8.859145164489746
1753052896639,-1.5065513849258423,-4.058770656585693,8.705916404724121
1753052896688,-1.6549919843673706,-4.686051368713379,9.21827507019043
1753052896739,-1.7507599592208862,-4.173692226409912,9.055469512939453
1753052896788,-1.731606364250183,-3.6804866790771484,
1753052896789,,,8.5287446975708
1753052896839,-1.7794904708862305,-3.579930067062378,9.045892715454102
1753052896888,,-3.5511996746063232,
1753052896889,-1.4826093912124634,,8.112154006958008
1753052896939,-1.9231425523757935,-3.7858314514160156,8.31326675415039
1753052896988,-1.4203602075576782,-3.9438488483428955,
1753052896989,,,8.796895980834961
1753052897039,-1.3868412971496582,-4.3843817710876465,9.165602684020996
1753052897088,-2.0380642414093018,-3.9821560382843018,
1753052897089,,,8.294113159179688
1753052897139,-1.4586673974990845,-4.101866245269775,9.146449089050293
1753052897140,,,9.060257911682129
1753052897188,-1.789067268371582,-3.7858314514160156,8.581417083740234
1753052897240,-1.6837223768234253,-3.7666778564453125,9.304466247558594
1753052898376,,-3.560776472091675,
1753052898377,-2.0476410388946533,-3.8049850463867188,8.720281600952148
1753052898383,-3.096301317214966,-6.0651116371154785,6.728305339813232
1753052898435,,-6.376357555389404,
1753052898436,-3.206434726715088,-6.448183536529541,6.124966621398926
1753052898484,-4.288613796234131,-6.644508361816406,6.273406982421875
1753052905315,-2.5456349849700928,-6.883928298950195,
1753052905316,-2.2439656257629395,,7.2789716720581055
1753052905317,,,6.761824131011963
1753052905364,-2.631826162338257,-6.500856399536133,6.843226909637451
1753052905413,-2.6414029598236084,-6.663661956787109,6.795342922210693
1753052905414,,,7.010821342468262
1753052917945,-2.1960813999176025,-6.491279125213623,7.09222412109375
1753052917966,,-6.496067523956299,
1753052917967,-2.229600429534912,-6.486490726470947,
1753052917968,-2.3732523918151855,,6.871957302093506
1753052917969,,,6.9246296882629395
1753052918017,-1.3581109046936035,-3.7475242614746094,8.332420349121094
1753052918063,-0.8984242081642151,-3.53204607963562,8.782530784606934
1753052918114,-0.9750386476516724,-3.4745852947235107,9.323619842529297
1753052918163,,-3.096301317214966,
1753052918164,0.48063600063323975,-2.8856115341186523,9.687539100646973
1753052918214,0.0736217051744461,-2.646191358566284,9.941324234008789
1753052918263,,-2.387617588043213,
1753052918264,0.6290764808654785,-2.2152352333068848,9.64923095703125
1753052918385,0.5476736426353455,-2.229600429534912,9.711481094360352
1753052918390,0.8541314601898193,-2.27748441696167,
1753052918391,0.657806932926178,,9.539097785949707
1753052918442,0.4040215313434601,-2.492962598800659,9.304466247558594
1753052918492,,-2.4163479804992676,
1753052918493,-0.12270283699035645,,9.256582260131836
1753052918542,0.5620388388633728,-2.4402899742126465,9.610923767089844
1753052918593,0.8924387097358704,-2.876034736633301,10.678738594055176
1753052921363,,-2.186504602432251,
1753052921364,0.4423287510871887,-2.2631192207336426,
1753052921366,0.8445546627044678,,9.247005462646484
1753052921367,-1.2910733222961426,-3.776254653930664,8.672396659851074
1753052921418,,-3.886387825012207,
1753052921420,-1.1378443241119385,-3.97257924079895,8.816049575805664
1753052921469,-1.5257049798965454,-4.010886192321777,8.193556785583496
1753052921518,,-4.264671802520752,
1753052921519,-0.5919663906097412,,9.1847562789917
1753052921569,-1.2431892156600952,-3.8097734451293945,8.107365608215332
1753052921570,,,8.91181755065918
1753052921618,,-4.460996150970459,
1753052921619,-1.104325532913208,-4.480149745941162,9.390657424926758
1753052921669,,-4.561553001403809,
1753052921670,-1.8273744583129883,,9.1847562789917
1753052921718,,-3.934272050857544,
1753052921719,-0.6206967830657959,,8.844779968261719
1753052921795,,-4.173692226409912,
1753052921796,-1.5161281824111938,-4.006097793579102,8.868721961975098
1753052921848,-1.8800468444824219,-4.595071792602539,
1753052921849,-1.7842788696289062,,8.97885513305664
1753052921897,,-3.6086604595184326,
1753052921898,-0.44831427931785583,,8.485649108886719
1753052921948,-0.9941922426223755,-3.2399535179138184,8.2127103805542
1753052921997,0.4231751561164856,-3.555988073348999,9.960477828979492
1753052922152,,-3.0579941272735596,
1753052922153,0.23163901269435883,-3.287837505340576,9.208698272705078
1753052922159,-0.8457517623901367,-3.3692402839660645,9.165602684020996
1753052922210,,-3.287837505340576,
1753052922211,-0.19452889263629913,,10.19032096862793
1753052922260,,-3.2112231254577637,
1753052922261,-0.702099621295929,,8.998008728027344
1753052922311,-0.02693476900458336,-3.096301317214966,10.00836181640625
1753052922360,-0.5728127360343933,-3.3931822776794434,9.845556259155273
1753052922361,,,9.3427734375
1753052922411,-0.2041056901216507,-3.115454912185669,8.069058418273926
1753052922460,,-3.7044286727905273,
1753052922461,-0.9510966539382935,,9.965266227722168
1753052922512,0.2795230448246002,-3.421912670135498,9.146449089050293
1753052922561,-0.2759317457675934,-2.895188331604004,8.667608261108398
1753052922611,-0.4100070297718048,-3.2782607078552246,
1753052922612,,,8.950124740600586
1753052922660,0.030526071786880493,-3.646967649459839,9.716269493103027
1753052922711,-0.6733692288398743,-2.981379747390747,8.380304336547852
1753052922760,,-3.752312660217285,
1753052922761,-0.6685808300971985,-3.886387825012207,9.706692695617676
1753052922811,-0.596754789352417,-3.838503837585449,9.280524253845215
1753052922860,-0.8409633636474609,-3.2782607078552246,
1753052922861,-0.2998737692832947,,9.112930297851562
1753052922911,0.15502455830574036,-3.201646327972412,9.12729549407959
1753052922960,,-3.819350242614746,
1753052922961,-1.2096704244613647,-3.8337154388427734,9.385869026184082
1753052923011,-0.18495208024978638,-3.536834478378296,9.448118209838867
1753052923012,,,8.82083797454834
1753052923060,-1.18094003200531,-3.4554316997528076,8.78731918334961
1753052923111,,-3.4314894676208496,
1753052923112,-0.24241292476654053,-3.421912670135498,9.534309387207031
1753052923160,,-3.3692402839660645,
1753052923161,-1.0708067417144775,,9.165602684020996
1753052923211,-0.25677812099456787,-3.450643301010132,9.050681114196777
1753052923260,,-3.4841620922088623,
1753052923261,-1.0851719379425049,-3.5703532695770264,9.256582260131836
1753052923312,-0.49140989780426025,-3.6565444469451904,9.644442558288574
1753052923361,-0.6446388363838196,-3.2974143028259277,8.839991569519043
1753052923411,-1.1234791278839111,-3.7618894577026367,9.270947456359863
1753052923460,,-3.5224692821502686,
1753052923461,-0.8313865661621094,,9.543886184692383
1753052923511,-0.5632359385490417,-3.1920695304870605,8.691550254821777
1753052923560,,-3.3022027015686035,
1753052923561,-0.5536591410636902,,9.49121379852295
1753052923611,-0.6446388363838196,-3.5847184658050537,9.1847562789917
1753052923661,,-3.1441853046417236,
1753052923662,-0.6685808300971985,,8.629301071166992
1753052923711,-0.6685808300971985,-3.287837505340576,8.811261177062988
1753052923761,,-3.5272576808929443,
1753052923762,-0.5488707423210144,,8.964489936828613
1753052923812,-0.5823895931243896,-3.230376720428467,9.151237487792969
1753052923860,-0.5776011347770691,-3.225588321685791,
1753052923861,-0.9750386476516724,,8.452130317687988
1753052923911,,-3.2207999229431152,
1753052923912,-0.8122329115867615,,8.988431930541992
1753052923961,-0.9510966539382935,-3.5847184658050537,9.563039779663086
1753052924011,-0.49140989780426025,-3.0627825260162354,7.978078842163086
1753052924062,-0.19931729137897491,-3.603872060775757,10.022727012634277
1753052924111,,-3.4362781047821045,
1753052924112,-0.8696937561035156,,9.213486671447754
1753052924162,-0.5009866952896118,-3.555988073348999,9.045892715454102
1753052924211,,-3.2351651191711426,
1753052924212,-0.9367313981056213,,9.577404975891113
1753052924262,-0.3381809890270233,-3.579930067062378,9.754576683044434
1753052924311,0.22685061395168304,-2.780266761779785,
1753052924312,-0.7356184720993042,,8.40424633026123
1753052924361,-0.7691373229026794,-3.3022027015686035,9.879075050354004
1753052924410,,-2.828150749206543,
1753052924411,0.09277531504631042,,8.701127052307129
1753052924461,-0.2950853705406189,-2.607884168624878,
1753052924462,,,10.003573417663574
1753052924510,,-3.2112231254577637,
1753052924511,-0.24241292476654053,,9.40023422241211
1753052924561,,-2.981379747390747,
1753052924562,-0.5536591410636902,-2.3780407905578613,9.931747436523438
1753052924610,,-2.852092742919922,
1753052924611,-0.40043023228645325,,9.428964614868164
1753052924661,,-2.9047651290893555,
1753052924662,0.7823054194450378,-2.8329391479492188,9.845556259155273
1753052924711,-0.4770447015762329,-3.421912670135498,10.511143684387207
1753052924761,,-2.3540987968444824,
1753052924762,0.19812019169330597,-2.5695769786834717,7.800907611846924
1753052924810,,-2.7898435592651367,
1753052924811,-0.1562216579914093,-2.689286947250366,10.73141098022461
1753052924861,,-2.866457939147949,
1753052924862,0.07841010391712189,,7.934982776641846
1753052924910,,-2.986168146133423,
1753052924911,-0.17537526786327362,-3.048417329788208,9.677961349487305
1753052924961,0.29867666959762573,-2.9239187240600586,9.117718696594238
1753052924962,,,9.783307075500488
1753052925010,,-2.8568811416625977,
1753052925011,-0.25677812099456787,-2.871246337890625,8.873510360717773
1753052925061,,-2.828150749206543,
1753052925062,0.04489128291606903,-2.895188331604004,9.567828178405762
1753052925111,-0.228047713637352,-3.0867245197296143,9.831191062927246
1753052925161,,-3.0627825260162354,
1753052925162,-0.30466216802597046,,9.721057891845703
1753052925210,,-2.301426410675049,
1753052925211,0.15502455830574036,,8.734646797180176
1753052925262,0.2651578485965729,-3.206434726715088,10.46325969696045
1753052925310,,-2.895188331604004,
1753052925311,-0.8074445128440857,,8.356362342834473
1753052925361,,-2.7084407806396484,
1753052925362,-0.11312603205442429,,9.112930297851562
1753052925410,,-2.5791537761688232,
1753052925411,0.7152677774429321,-2.981379747390747,8.959701538085938
1753052925461,,-3.2160115242004395,
1753052925462,-0.9080010056495667,,9.744999885559082
1753052925510,,-2.80899715423584,
1753052925511,-0.18974047899246216,-3.0579941272735596,8.025962829589844
1753052925561,,-3.201646327972412,
1753052925562,-0.13706804811954498,-3.053205728530884,11.157578468322754
1753052925611,0.08319851011037827,-2.8856115341186523,8.365939140319824
1753052925662,-0.4866214990615845,-3.053205728530884,10.310030937194824
1753052925711,-0.2041056901216507,-3.5895068645477295,10.755352973937988
1753052925762,0.17896658182144165,-2.9287071228027344,8.456918716430664
1753052925827,-0.8696937561035156,-3.5416228771209717,10.137648582458496
1753052925874,,-3.158550500869751,
1753052925875,0.13108254969120026,-3.1058781147003174,9.706692695617676
1753052925925,-0.41958385705947876,-3.244741916656494,9.199121475219727
1753052925973,,-3.2638955116271973,
1753052925974,-0.5345055460929871,,9.189544677734375
1753052926026,-0.314238965511322,-3.4171242713928223,9.673172950744629
1753052926075,-0.9941922426223755,-3.929483652114868,9.381080627441406
1753052926125,-1.5544354915618896,-3.4410665035247803,7.8966755867004395
1753052926174,,-4.049193859100342,
1753052926175,-1.4730325937271118,-4.307767391204834,9.079411506652832
1753052926226,-1.5496470928192139,-4.3412861824035645,8.672396659851074
1753052926274,-1.0947487354278564,-3.685275077819824,9.223063468933105
1753052926325,,-3.910329818725586,
1753052926326,-0.6637924313545227,-4.1641154289245605,9.874286651611328
1753052926374,,-3.9007530212402344,
1753052926375,-0.9989806413650513,,9.754576683044434
1753052926425,,-3.4554316997528076,
1753052926426,-0.6733692288398743,,8.55268669128418
1753052926474,,-4.499303340911865,
1753052926475,-1.4107834100723267,-3.996521234512329,10.137648582458496
1753052926525,,-3.685275077819824,
1753052926526,-1.2431892156600952,-3.397970676422119,7.331644058227539
1753052926574,-0.21368250250816345,-3.6517560482025146,8.18876838684082
1753052926626,-1.7794904708862305,-4.245518207550049,8.935759544372559
1753052926674,,-3.3405098915100098,
1753052926675,-1.3389573097229004,,6.469731330871582
1753052927614,-0.4578910768032074,-4.168903827667236,10.65479564666748
1753052927619,-0.17058686912059784,-3.709217071533203,9.414599418640137
1753052927671,-0.5776011347770691,-3.5272576808929443,9.237428665161133
1753052927722,,-3.450643301010132,
1753052927723,-0.8457517623901367,-3.24953031539917,8.260594367980957
1753052927772,-0.49140989780426025,-3.335721492767334,9.208698272705078
1753052927926,0.3130418658256531,-3.3261446952819824,8.959701538085938
1753052927978,,-4.499303340911865,
1753052927979,-0.2663549482822418,-4.192845821380615,11.464035987854004
1753052928028,-0.9894038438796997,-3.7427358627319336,9.970054626464844
1753052928079,0.2890998423099518,-2.722805976867676,8.873510360717773
1753052928128,-1.611896276473999,-4.887164115905762,11.473612785339355
1753052928179,-0.8074445128440857,-3.5511996746063232,7.71471643447876
1753052928228,-1.1091139316558838,-4.4705729484558105,11.464035987854004
1753052928279,1.2324153184890747,-3.733159065246582,10.362703323364258
1753052928335,-2.1577742099761963,-3.4123358726501465,9.438541412353516
1753052928381,,-3.929483652114868,
1753052928382,,-3.3931822776794434,
1753052928383,0.8684966564178467,,10.8319673538208
1753052928433,-2.3062148094177246,-4.762665748596191,10.549450874328613
1753052928482,,-3.1968579292297363,
1753052928483,-0.6254851818084717,-2.2870612144470215,9.922170639038086
1753052928532,-1.913565754890442,-3.8528690338134766,12.29242992401123
1753052928582,,-3.4793736934661865,
1753052928583,0.3321954905986786,-2.718017578125,9.381080627441406
1753052928632,,-5.653308868408203,
1753052928633,-2.033275842666626,,13.32193660736084
1753052928683,-0.3669114112854004,-2.866457939147949,
1753052928684,-1.2431892156600952,,5.871181011199951
1753052928732,,-3.7427358627319336,
1753052928733,-0.2759317457675934,,12.278064727783203
1753052928783,-0.2902969419956207,-2.8616695404052734,5.569511890411377
1753052935524,-1.8273744583129883,-3.9821560382843018,
1753052935526,0.016160860657691956,-3.661332845687866,
1753052935527,,-3.6565444469451904,9.687539100646973
1753052935530,-0.8457517623901367,-3.8145618438720703,9.486425399780273
1753052935582,-1.0899603366851807,-4.154538631439209,9.050681114196777
1753052935633,,-3.5703532695770264,
1753052935634,-0.6637924313545227,-4.144961833953857,8.844779968261719
1753052952899,,-3.953425645828247,
1753052952900,-1.7938556671142578,-3.6565444469451904,
1753052952901,0.284311443567276,,8.801684379577637
1753052952902,,-3.3740286827087402,9.563039779663086
1753052952903,-1.348534107208252,-2.866457939147949,9.199121475219727
1753052952904,-1.1378443241119385,-5.016450881958008,10.836755752563477
1753052952905,,,10.228628158569336
1753052952952,-0.18974047899246216,-3.603872060775757,8.94533634185791
1753052952953,,,8.686761856079102
1753052953001,,-3.9007530212402344,
1753052953002,-1.5831658840179443,,8.011597633361816
1753052953059,,-3.685275077819824,
1753052953060,-0.5536591410636902,-4.0300397872924805,8.67718505859375
1753052953063,-2.4690206050872803,-4.484938144683838,6.943783283233643
1753052953111,,-4.279036998748779,
1753052953112,-3.0101101398468018,-4.020462989807129,7.848791599273682
1753052953162,-1.0851719379425049,-4.422688961029053,8.811261177062988
1753052953212,,-4.34607458114624,
1753052953213,-1.2910733222961426,,9.606135368347168
1753052953261,,-4.322132587432861,
1753052953263,-1.2527660131454468,,8.12173080444336
1753052953522,-1.5209165811538696,-4.192845821380615,9.572616577148438
1753052953524,-2.8808231353759766,-4.5854949951171875,7.810484409332275
1753052953574,,-4.518456935882568,
1753052953576,-2.234388828277588,-4.7818193435668945,8.365939140319824
1753052953622,-2.296638011932373,-4.820126533508301,7.772177219390869
1753052953679,-2.2200236320495605,-4.441842555999756,8.629301071166992
1753052953726,-2.8808231353759766,-4.7818193435668945,8.260594367980957
1753052953772,,-4.580706596374512,
1753052953773,-1.5831658840179443,-4.87758731842041,8.638877868652344
1753052953821,,-4.566341400146484,
1753052953822,-3.00053334236145,-4.398746967315674,8.389881134033203
1753052953873,-2.100313425064087,-4.987720489501953,8.725069999694824
1753052953922,-2.411559581756592,-4.595071792602539,7.762600421905518
1753052953973,-3.177704095840454,-5.303755283355713,8.255805969238281
1753052954905,-2.4594438076019287,-5.437830448150635,9.30925464630127
1753052954912,-1.8369512557983398,-4.092289447784424,8.744223594665527
1753052954963,-1.6166846752166748,-2.9239187240600586,6.373963356018066
1753052955014,-1.6645687818527222,-4.508880138397217,10.88942813873291
1753052955063,-1.9039889574050903,-4.0970778465271,4.990114688873291
1753052955114,,-3.2399535179138184,
1753052955115,-1.7076643705368042,,10.851120948791504
1753052955163,,-7.357980251312256,
1753052955164,-1.3293805122375488,,15.380949974060059
1753052955280,,-1.027711033821106,
1753052955281,-2.5983073711395264,-3.0148985385894775,1.0013748407363892
1753052955285,,-5.533598899841309,
1753052955286,0.4854243993759155,,16.534955978393555
1753052955337,-1.247977614402771,-4.978143692016602,14.413692474365234
1753052955388,-1.3198037147521973,-5.480926036834717,13.307571411132812
1753052955437,1.4095861911773682,-4.135385036468506,7.403470039367676
1753052955487,,-3.5176808834075928,
1753052955488,-3.4793736934661865,-0.8649053573608398,8.500014305114746
1753052955537,1.490989089012146,-3.9677908420562744,12.081740379333496
1753052955587,,-2.65097975730896,
1753052955588,-0.07481880486011505,-2.02848744392395,8.346785545349121
1753052955637,-2.1529858112335205,-3.3261446952819824,10.444106101989746
1753052955687,,-2.4642322063446045,
1753052955688,-0.17058686912059784,-3.426701068878174,7.848791599273682
1753052955737,,-1.856104850769043,
1753052955818,1.2228385210037231,-0.5823895931243896,5.01405668258667
1753052955823,-1.6789339780807495,-3.6804866790771484,13.077728271484375
1753052955870,1.7687164545059204,-5.035604953765869,13.37939739227295
1753052955920,-4.1641154289245605,-2.143409013748169,4.635773181915283
1753052955970,,-1.5496470928192139,
1753052955971,0.6147112846374512,,12.536638259887695
1753052956019,1.835754156112671,-2.205658197402954,6.804919719696045
1753052956070,,-1.9039889574050903,
1753052956071,-3.311779499053955,-2.492962598800659,8.140884399414062
1753052956120,,-3.2160115242004395,
1753052956122,1.2802993059158325,-3.048417329788208,9.290101051330566
1753052956170,,-2.9526493549346924,
1753052956171,-0.314238965511322,,8.892663955688477
1753052956220,-0.3908534348011017,-2.689286947250366,8.91181755065918
1753052956270,,-2.4355015754699707,
1753052956271,-0.041299980133771896,,9.548674583435059
1753052956320,-0.6590040326118469,-3.005321741104126,9.333196640014648
1753052956370,,-2.80899715423584,
1753052956371,0.12629413604736328,,9.52473258972168
1753052956444,-0.7068880796432495,-2.6797101497650146,8.691550254821777
1753052956448,-0.5536591410636902,-3.2974143028259277,9.998785018920898
1753052956496,,-2.957437753677368,
1753052956497,-0.39564183354377747,,8.442553520202637
1753052956547,-0.596754789352417,-3.09151291847229,9.816825866699219
1753052956595,,-3.110666513442993,
1753052956596,-0.08918401598930359,,9.424176216125488
1753052956646,-0.6733692288398743,-3.134608507156372,
1753052956647,,,8.758588790893555
1753052956695,,-3.3931822776794434,
1753052956696,-0.1562216579914093,-3.1489737033843994,10.046669006347656
1753052956746,,-2.8377275466918945,
1753052956747,-0.5105634927749634,,8.710704803466797
1753052956795,,-1.9614497423171997,
1753052956796,0.5428852438926697,,9.294889450073242
1753052956846,,-1.6741455793380737,
1753052956847,0.41359832882881165,,6.105813026428223
1753052956895,,-2.0907366275787354,
1753052956896,0.6147112846374512,,9.074623107910156
1753052956946,,-6.625354766845703,
1753052956947,-3.8049850463867188,-2.4642322063446045,6.996456146240234
1753052956995,,-5.595848083496094,
1753052956996,0.7056909799575806,,13.633183479309082
1753052957046,,-2.124255418777466,
1753052957047,0.5524620413780212,,8.284536361694336
1753052957095,,-6.7929487228393555,
1753052957096,-5.452195644378662,-1.1761516332626343,18.301876068115234
1753052957146,4.024054527282715,-1.5352818965911865,
1753052957147,,,6.158485412597656
1753052957195,,-1.3198037147521973,
1753052957196,1.4335283041000366,,17.502212524414062
1753052957246,,-4.863222122192383,
1753052957247,2.654571056365967,,9.85034465789795
1753052957296,-2.627037763595581,-2.7754783630371094,9.438541412353516
1753052960877,0.22206220030784607,-1.7699135541915894,
1753052960878,0.7631517648696899,-2.7036523818969727,5.425859451293945
1753052960884,-0.7930793166160583,-3.3740286827087402,8.78731918334961
1753052960936,-1.1522095203399658,-3.330933094024658,
1753052960937,-1.204882025718689,,8.322843551635742
1753052960987,-0.8505401611328125,-3.7187938690185547,9.419387817382812
1753052961035,,-3.685275077819824,
1753052961036,-1.3293805122375488,-3.450643301010132,9.596558570861816
1753052961086,,-3.4171242713928223,
1753052961087,-0.49140989780426025,-3.5511996746063232,8.672396659851074
1753052961135,,-3.9390604496002197,
1753052961136,-1.5257049798965454,-4.049193859100342,9.563039779663086
1753052961187,-1.2814964056015015,-3.867234230041504,8.40424633026123
1753052961236,-1.324592113494873,-4.044404983520508,9.754576683044434
1753052961287,-1.2767080068588257,-4.1880574226379395,8.595782279968262
1753052961336,-3.536834478378296,-4.647744178771973,8.523956298828125
1753052961377,-0.6542156338691711,-4.422688961029053,10.788871765136719
1753052961424,,-3.6517560482025146,
1753052961425,-0.6350619792938232,-3.5224692821502686,8.816049575805664
1753052961475,-1.3820528984069824,-3.426701068878174,8.078635215759277
1753052961526,-0.8936358094215393,-3.4985272884368896,8.796895980834961
1753052961575,-2.4019827842712402,-3.560776472091675,
1753052961576,-2.095525026321411,,6.637325763702393
1753052961974,-2.0715830326080322,-4.523245334625244,9.539097785949707
1753052961981,-1.7459715604782104,-4.1880574226379395,9.136872291564941
1753052962032,,-3.996521234512329,
1753052962033,-2.0428526401519775,-3.8049850463867188,8.145672798156738
1753052962083,-1.1426327228546143,-3.709217071533203,8.078635215759277
1753052962132,,-4.106654644012451,
1753052962133,-2.1338322162628174,,8.298901557922363
1753052962183,,-3.9199066162109375,
1753052962184,-1.3820528984069824,-3.618237257003784,8.500014305114746
1753052962232,-1.6597803831100464,-4.049193859100342,9.084199905395508
1753052965944,,-4.111443042755127,
1753052965947,,-4.302978992462158,
1753052965948,-1.0660183429718018,-4.681262969970703,
1753052965949,0.0017956512747332454,,8.935759544372559
1753052965950,-1.27191960811615,-3.402759075164795,
1753052965996,,-4.298190593719482,
1753052965997,-1.7651251554489136,,8.739435195922852
1753052966045,-2.986168146133423,-4.566341400146484,7.652467250823975
1753052966096,-1.8944120407104492,-4.446630954742432,
1753052966097,,,10.357914924621582
1753052966145,,-3.493738889694214,
1753052966146,-0.2998737692832947,-3.9007530212402344,8.940547943115234
1753052966196,,-3.9151182174682617,
1753052966197,-1.128267526626587,,9.79288387298584
1753052966245,,-3.8289270401000977,
1753052966246,-2.234388828277588,,8.624512672424316
1753052967434,,-3.1968579292297363,
1753052967435,-0.2663549482822418,-3.4602200984954834,8.811261177062988
1753052967440,-1.4873977899551392,-3.1250317096710205,8.308478355407715
1753052967491,,-3.512892484664917,
1753052967492,0.6769605278968811,,9.8599214553833
1753052967542,,-2.914341926574707,
1753052967543,-1.2384008169174194,-4.1641154289245605,5.55514669418335
1753052969049,-1.3150153160095215,-2.406771183013916,6.584653377532959
1753052969091,-1.3150153160095215,-3.4841620922088623,8.571840286254883
1753052969142,-1.0420763492584229,-3.5224692821502686,8.06427001953125
1753052969191,-1.9087773561477661,-4.1641154289245605,8.691550254821777
1753052969242,-1.9806033372879028,-3.9869444370269775,8.485649108886719
1753052969291,-0.9941922426223755,-3.493738889694214,8.385092735290527
1753052969342,-1.9470845460891724,-4.058770656585693,
1753052969343,-1.688510775566101,,8.97885513305664
1753052969392,-1.8369512557983398,-4.2742486000061035,8.849568367004395
1753052969441,-1.2336124181747437,-3.5703532695770264,8.490437507629395
1753052969491,,-4.073135852813721,
1753052969492,-1.8896236419677734,-3.7044286727905273,9.108141899108887
1753052969541,-1.492186188697815,-4.288613796234131,8.883087158203125
1753052969592,,-4.34607458114624,
1753052969594,-2.1960813999176025,,9.103353500366211
1753052969641,,-3.737947463989258,
1753052969642,,-3.7714662551879883,
1753052969643,-1.0229226350784302,,8.3707275390625
1753052969692,-2.0380642414093018,-3.9486372470855713,8.868721961975098
1753052969693,,,9.515155792236328
1753052969741,-1.4155718088150024,-3.910329818725586,
1753052969742,,,8.806472778320312
1753052969792,-1.5544354915618896,-3.555988073348999,8.801684379577637
1753052969841,-0.9080010056495667,-3.685275077819824,9.03631591796875
1753052969891,,-4.135385036468506,
1753052969892,-2.014122247695923,-3.8720226287841797,8.600570678710938
1753052969941,,-4.250306606292725,
1753052969942,-1.755548357963562,,9.25179386138916
1753052969992,-1.5400702953338623,-3.910329818725586,8.725069999694824
1753052970041,,-3.7475242614746094,
1753052970042,-1.5065513849258423,,8.303689956665039
1753052970092,-2.1529858112335205,-4.2311530113220215,9.055469512939453
1753052970141,-1.4443022012710571,-3.666121244430542,8.51916790008545
1753052970192,-1.5161281824111938,-3.8576574325561523,9.352350234985352
1753052970241,-1.4586673974990845,-3.90554141998291,8.839991569519043
1753052970292,-2.5552117824554443,-4.34607458114624,8.974066734313965
1753052970341,,-3.5416228771209717,
1753052970342,-0.8026561141014099,,9.136872291564941
1753052970392,-2.0476410388946533,-3.575141668319702,8.150461196899414
1753052970441,,-3.7858314514160156,
1753052970442,-1.3724761009216309,,8.85435676574707
1753052970492,-1.9183541536331177,-3.910329818725586,8.33720874786377
1753052970541,,-4.0300397872924805,
1753052970542,-1.2623428106307983,,9.97484302520752
1753052970592,-1.6980875730514526,-4.140173435211182,8.227075576782227
1753052970641,-1.4395138025283813,-3.642179250717163,8.662819862365723
1753052970692,-1.5017629861831665,-4.168903827667236,9.175179481506348
1753052970741,-1.449090600013733,-3.7427358627319336,10.09934139251709
1753052970792,-1.2192472219467163,-3.5033156871795654,8.260594367980957
1753052970841,,-4.140173435211182,
1753052970842,-1.8944120407104492,,9.668384552001953
1753052970892,,-3.646967649459839,
1753052970893,-1.6741455793380737,-3.397970676422119,8.64366626739502
1753052970941,,-3.4602200984954834,
1753052970942,-1.6310498714447021,,8.988431930541992
1753052970992,-0.4626794755458832,-3.5655648708343506,9.084199905395508
1753052971041,,-4.149750232696533,
1753052971042,-3.4362781047821045,-3.694851875305176,7.618948459625244
1753052971092,-1.2144588232040405,-3.5703532695770264,9.443329811096191
1753052971141,,-3.9438488483428955,
1753052971142,-1.4634557962417603,,9.199121475219727
1753052971192,-1.511339783668518,-3.4171242713928223,8.830414772033691
1753052971241,-2.957437753677368,-3.9917328357696533,8.816049575805664
1753052971242,,,9.314043045043945
1753052971292,-1.4299370050430298,-4.058770656585693,9.95090103149414
1753052971341,,-3.335721492767334,
1753052971342,-1.27191960811615,,8.97885513305664
1753052971392,-1.7938556671142578,-3.6709096431732178,8.514379501342773
1753052971441,-2.052429437637329,-3.6373908519744873,7.853579998016357
1753052971492,-2.0428526401519775,-4.135385036468506,9.385869026184082
1753052971541,-0.9415197968482971,-3.3740286827087402,8.883087158203125
1753052971592,-2.1290438175201416,-3.9438488483428955,8.327631950378418
1753052971641,,-3.8768110275268555,
1753052971642,-1.9087773561477661,,8.825626373291016
1753052971692,-2.052429437637329,-4.173692226409912,9.543886184692383
1753052971741,-0.4770447015762329,-2.583942174911499,7.954136371612549
1753052971792,-1.8177976608276367,-3.838503837585449,9.328408241271973
1753052971841,-1.6406266689300537,-3.977367639541626,9.314043045043945
1753052971892,-2.0236990451812744,-3.709217071533203,8.476072311401367
1753052971941,-0.3429693877696991,-3.402759075164795,
1753052971942,-1.003769040107727,,8.667608261108398
1753052976309,-1.9614497423171997,-3.800196647644043,
1753052976310,-1.367687702178955,,8.883087158203125
1753052976311,,-3.8768110275268555,9.476848602294922
1753052976312,,-4.810549736022949,
1753052976315,-1.5161281824111938,-4.0970778465271,8.55268669128418
1753052976367,-2.3540987968444824,-3.2351651191711426,6.962936878204346
1753052976416,,-3.53204607963562,
1753052976417,0.0736217051744461,-3.7666778564453125,9.371503829956055
1753052976468,-1.3198037147521973,-3.6900634765625,8.327631950378418
1753052976516,,-3.9390604496002197,
1753052976517,-1.592742681503296,-3.958214044570923,9.026739120483398
1753052976568,-1.1665748357772827,-3.8049850463867188,8.868721961975098
1753052976616,,-4.168903827667236,
1753052976617,-1.6980875730514526,-4.657320976257324,8.7298583984375
1753052976668,-1.9183541536331177,-4.642955780029297,10.00836181640625
1753052976717,-1.5065513849258423,-3.8337154388427734,8.504802703857422
1753052976768,-1.5879542827606201,-4.1641154289245605,8.892663955688477
1753052976816,,-4.57112979888916,
1753052976817,-2.6126725673675537,-4.106654644012451,9.021950721740723
1753052976868,-1.856104850769043,-3.7618894577026367,8.318055152893066
1753052976917,-1.6789339780807495,-3.8768110275268555,8.523956298828125
1753052976969,-1.3868412971496582,-4.073135852813721,9.227851867675781
1753052977017,,-4.3173441886901855,
1753052977018,-2.081159830093384,,8.332420349121094
1753052977067,,-4.245518207550049,
1753052977068,-1.975814938545227,-4.135385036468506,8.8878755569458
1753052977116,,-4.13059663772583,
1753052977117,-1.7603367567062378,-4.106654644012451,9.084199905395508
1753052977168,-1.8848352432250977,-4.269460201263428,9.304466247558594
1753052977216,,-3.714005470275879,
1753052977217,-1.6406266689300537,-3.929483652114868,8.093000411987305
1753052977267,,-4.226364612579346,
1753052977268,-1.6454150676727295,,9.328408241271973
1753052977317,-1.1522095203399658,-3.7666778564453125,8.270171165466309
1753052977367,,-3.8097734451293945,
1753052977368,-1.6549919843673706,,8.806472778320312
1753052977416,,-3.9438488483428955,
1753052977417,-1.204882025718689,-3.819350242614746,8.571840286254883
1753052977467,,-3.996521234512329,
1753052977468,-1.8513164520263672,-4.298190593719482,8.868721961975098
1753052977516,,-3.8959646224975586,
1753052977517,-1.0133458375930786,-3.560776472091675,9.371503829956055
1753052977568,,-3.354875087738037,
1753052977616,,-3.891176223754883,
1753052977617,-0.8696937561035156,-3.9869444370269775,8.768165588378906
1753052977668,-1.6932991743087769,-3.53204607963562,8.140884399414062
1753052977716,,-2.7706899642944336,
1753052977717,-0.40043023228645325,-5.547964096069336,7.369951248168945
1753052977768,-2.9047651290893555,-6.0651116371154785,10.985196113586426
1753052977817,-2.6557681560516357,-4.915894508361816,9.534309387207031
1753052977868,,-3.8720226287841797,
1753052977869,-0.7978677153587341,-4.006097793579102,9.874286651611328
1753052977917,-3.426701068878174,-5.615001678466797,10.942100524902344
1753052977967,,-3.3022027015686035,
1753052977968,-1.247977614402771,-3.153762102127075,8.356362342834473
1753052978016,,-2.9670145511627197,
1753052978017,-0.5680243372917175,-3.00053334236145,8.160037994384766
1753052978067,,-2.2487540245056152,
1753052978068,-2.603095769882202,-1.9039889574050903,4.147356033325195
1753052978116,,-4.111443042755127,
1753052978117,0.5093663930892944,-3.7714662551879883,12.50790786743164
1753052978168,-1.5017629861831665,-3.4123358726501465,
1753052978169,,,6.311714172363281
1753052978217,-1.1139023303985596,-4.049193859100342,9.572616577148438
1753052978267,,-5.231929302215576,
1753052978268,-0.9127894043922424,-5.6676740646362305,12.536638259887695
1753052978317,-2.4019827842712402,-4.53761100769043,8.255805969238281
1753052978367,,-3.8528690338134766,
1753052978368,-1.7076643705368042,-3.4841620922088623,9.955689430236816
1753052978417,-0.7356184720993042,-2.7754783630371094,8.06427001953125
1753052978467,,-2.761113166809082,
1753052978468,-0.8792705535888672,-2.382829189300537,7.346009254455566
1753052978516,,-2.890399932861328,
1753052978517,-0.49140989780426025,-3.402759075164795,7.599794864654541
1753052978568,-1.4299370050430298,-3.4410665035247803,7.767388820648193
1753052978616,,-4.2742486000061035,
1753052978617,-1.027711033821106,-4.393958568572998,9.582193374633789
1753052978668,-1.3628993034362793,-4.3412861824035645,9.09377670288086
1753052978716,,-4.374804973602295,
1753052978717,-1.5400702953338623,-4.700416564941406,9.701904296875
1753052978767,,-4.446630954742432,
1753052978768,-0.9080010056495667,-4.245518207550049,10.420164108276367
1753052978816,,-3.7858314514160156,
1753052978817,-1.6023194789886475,-3.8528690338134766,8.935759544372559
1753052978867,,-3.9151182174682617,
1753052978868,-1.4634557962417603,-4.202422618865967,8.768165588378906
1753052978916,,-3.891176223754883,
1753052978917,-1.5161281824111938,-3.646967649459839,9.117718696594238
1753052978968,-1.204882025718689,-4.020462989807129,8.715493202209473
1753052979016,,-4.144961833953857,
1753052979017,-2.253542423248291,,7.690774440765381
1753052979068,-2.0859482288360596,-4.31255578994751,8.389881134033203
1753052979116,,-4.824914932250977,
1753052979117,-2.473809003829956,,8.792107582092285
1753052979168,-1.9375077486038208,-4.259883403778076,8.777742385864258
1753052979216,,-3.929483652114868,
1753052979217,-1.7507599592208862,-4.0300397872924805,8.705916404724121
1753052979267,,-4.298190593719482,
1753052979268,-1.544858694076538,-4.279036998748779,9.438541412353516
1753052979317,-1.4873977899551392,-3.8337154388427734,8.921394348144531
1753052979367,,-3.2638955116271973,
1753052979368,-1.2431892156600952,-3.646967649459839,8.648454666137695
1753052979417,-1.14742112159729,-3.6134488582611084,8.255805969238281
1753052979468,-1.6262614727020264,-4.3173441886901855,9.625288963317871
1753052979517,-1.731606364250183,-4.365228176116943,8.82083797454834
1753052979569,-1.789067268371582,-4.532822132110596,8.926182746887207
1753052979617,-2.689286947250366,-4.508880138397217,9.30925464630127
1753052979667,,-4.441842555999756,
1753052979668,-1.4059948921203613,-4.547187805175781,9.630077362060547
1753052979716,,-3.8528690338134766,
1753052979717,-1.6502034664154053,-3.666121244430542,9.050681114196777
1753052979768,-1.1617863178253174,-3.5033156871795654,8.447341918945312
1753052979817,-1.2144588232040405,-3.3883938789367676,7.695562839508057
1753052979867,,-3.9677908420562744,
1753052979868,-1.592742681503296,-4.370016574859619,8.289324760437012
1753052979917,-1.8273744583129883,-4.422688961029053,8.61972427368164
1753052979968,-1.8273744583129883,-4.125808238983154,8.87829875946045
1753052980016,,-3.9630024433135986,
1753052980017,-1.6741455793380737,-3.819350242614746,8.907029151916504
1753052980067,,-4.020462989807129,
1753052980068,-1.3772644996643066,-4.168903827667236,9.361927032470703
1753052980117,-1.204882025718689,-4.173692226409912,9.203909873962402
1753052980168,-1.9949685335159302,-4.489726543426514,8.78731918334961
1753052980217,-1.913565754890442,-4.2550950050354,8.825626373291016
1753052980268,-1.5400702953338623,-4.207211017608643,8.523956298828125
1753052980316,,-3.8576574325561523,
1753052980317,-1.4634557962417603,-3.7906198501586914,8.308478355407715
1753052980367,,-4.058770656585693,
1753052980368,-1.6502034664154053,,7.762600421905518
1753052980417,-2.411559581756592,-4.192845821380615,7.738658428192139
1753052980467,,-4.642955780029297,
1753052980468,-2.478597402572632,-4.709993362426758,8.605359077453613
1753052980516,,-4.53761100769043,
1753052980517,-2.3062148094177246,,8.399457931518555
1753052980568,-2.344521999359131,-4.259883403778076,8.069058418273926
1753052980616,,-4.676474571228027,
1753052980617,-2.0189106464385986,-4.3412861824035645,8.873510360717773
1753052980668,-1.8369512557983398,-4.250306606292725,8.772953987121582
1753052980716,,-4.125808238983154,
1753052980717,-0.9319429993629456,-4.001309394836426,9.294889450073242
1753052980768,-1.391629695892334,-3.646967649459839,8.203133583068848
1753052980816,,-3.9199066162109375,
1753052980817,-1.813009262084961,-4.063559055328369,8.720281600952148
1753052980868,-1.8465280532836914,-4.183269023895264,9.079411506652832
1753052980917,-1.391629695892334,-3.5511996746063232,8.442553520202637
1753052980968,-1.8273744583129883,-3.8768110275268555,8.289324760437012
1753052981017,-1.6454150676727295,-4.2311530113220215,8.67718505859375
1753052981067,,-3.9438488483428955,
1753052981068,-1.8704700469970703,-4.111443042755127,8.49522590637207
1753052981117,-1.5161281824111938,-4.1880574226379395,8.950124740600586
1753052981168,-1.449090600013733,-3.536834478378296,8.725069999694824
1753052981217,-1.9279309511184692,-4.513668537139893,9.084199905395508
1753052981268,-2.363675594329834,-4.575918197631836,8.365939140319824
1753052981317,-2.5312697887420654,-4.700416564941406,8.998008728027344
1753052981367,,-4.499303340911865,
1753052981368,-2.3780407905578613,-4.5854949951171875,8.380304336547852
1753052983781,,-4.6956281661987305,
1753052983782,,-4.57112979888916,
1753052983783,-2.3540987968444824,-3.115454912185669,9.103353500366211
1753052983830,-0.10354922711849213,-3.0771477222442627,9.773730278015137
1753052983881,,-3.3069911003112793,
1753052983882,-0.060453593730926514,,10.147225379943848
1753052988171,,-2.6605565547943115,
1753052988172,-0.0077811554074287415,-1.7747019529342651,9.481637001037598
1753052988173,,,10.084976196289062
1753052988174,-0.6685808300971985,-3.3261446952819824,10.142436981201172
1753052988221,-0.2902969419956207,-2.780266761779785,8.91181755065918
1753052988272,-0.6254851818084717,-3.1968579292297363,9.888651847839355
1753052988321,-0.6159083843231201,-2.9957449436187744,8.772953987121582
1753052988372,-0.5919663906097412,-2.957437753677368,9.357138633728027
1753052988421,-0.16579847037792206,-3.067570924758911,9.428964614868164
1753052988472,-0.7164648771286011,-3.177704095840454,9.084199905395508
1753052988521,-1.0995371341705322,-3.4602200984954834,8.998008728027344
1753052988572,-1.5975310802459717,-3.555988073348999,8.22228717803955
1753052988621,-1.5161281824111938,-4.207211017608643,9.744999885559082
1753052988672,-1.7986440658569336,-4.192845821380615,
1753052988673,,,9.242217063903809
1753052988721,-1.027711033821106,-3.2160115242004395,8.710704803466797
1753052988772,-1.348534107208252,-3.6373908519744873,9.337985038757324
1753052988821,-1.14742112159729,-3.4793736934661865,8.734646797180176
1753052988872,-1.568800687789917,-4.0300397872924805,9.256582260131836
1753052988921,-1.0229226350784302,-3.7666778564453125,9.112930297851562
1753052988972,,-3.862445831298828,
1753052988973,-1.6214730739593506,-3.555988073348999,8.816049575805664
1753052989021,,-3.953425645828247,
1753052989022,-1.4969745874404907,-4.020462989807129,9.318831443786621
1753052989072,-1.3820528984069824,-3.891176223754883,
1753052989073,,,8.509591102600098
1753052989121,-2.363675594329834,-4.398746967315674,8.600570678710938
1753052989172,-2.718017578125,-4.604648590087891,8.734646797180176
1753052989221,-2.0428526401519775,-4.4274773597717285,8.806472778320312
1753052989272,-1.7076643705368042,-4.044404983520508,8.653243064880371
1753052989321,-1.3868412971496582,-3.8337154388427734,8.49522590637207
1753052989372,-1.9949685335159302,-4.173692226409912,8.710704803466797
1753052989421,-1.061229944229126,-3.7427358627319336,8.926182746887207
1753052989472,-1.8944120407104492,-3.8959646224975586,8.303689956665039
1753052989521,-1.6262614727020264,-3.9007530212402344,9.012373924255371
1753052989572,-1.4826093912124634,-3.929483652114868,8.97885513305664
1753052989621,-1.8944120407104492,-4.034828186035156,9.103353500366211
1753052989672,-1.3772644996643066,-3.9486372470855713,
1753052989673,,,9.012373924255371
1753052989721,-1.789067268371582,-3.910329818725586,8.423399925231934
1753052989772,-1.5879542827606201,-3.929483652114868,8.907029151916504
1753052989821,-1.71245276927948,-3.9199066162109375,8.509591102600098
1753052989872,-1.7172411680221558,-3.910329818725586,8.816049575805664
1753052989921,-1.6071078777313232,-3.7044286727905273,8.76337718963623
1753052989972,-1.5496470928192139,-4.025251388549805,8.701127052307129
1753052990021,-1.6310498714447021,-4.149750232696533,9.021950721740723
1753052990072,-1.4012064933776855,-3.97257924079895,8.82083797454834
1753052990121,-1.6932991743087769,-4.049193859100342,8.638877868652344
1753052990172,-1.6502034664154053,-3.9821560382843018,8.78731918334961
1753052990221,-1.688510775566101,-4.336497783660889,8.954913139343262
1753052990272,-2.186504602432251,-4.551976203918457,8.974066734313965
1753052990321,-0.8553285598754883,-3.62302565574646,9.007585525512695
1753052990372,-1.2144588232040405,-3.6756980419158936,8.509591102600098
1753052990421,-0.8984242081642151,-3.4123358726501465,8.983643531799316
1753052990472,-0.7308300733566284,-3.2638955116271973,9.419387817382812
1753052990521,0.19812019169330597,-2.823362350463867,9.472060203552246
1753052990572,0.22206220030784607,-2.9047651290893555,9.414599418640137
1753052990573,,,9.515155792236328
1753052990621,-0.9558850526809692,-3.053205728530884,8.447341918945312
1753052990672,-1.4059948921203613,-3.536834478378296,8.863933563232422
1753052990721,-0.6733692288398743,-3.6517560482025146,9.926959037780762
1753052990772,-0.3429693877696991,-3.0148985385894775,8.686761856079102
1753052990821,-0.3381809890270233,-3.072359323501587,9.586981773376465
1753052990872,-0.14664486050605774,-3.110666513442993,8.883087158203125
1753052990873,,,9.189544677734375
1753052990921,-0.8122329115867615,-3.201646327972412,8.600570678710938
1753052990972,-0.7930793166160583,-3.6086604595184326,9.505578994750977
1753052991021,-0.7978677153587341,-3.4123358726501465,9.012373924255371
1753052991072,-0.37648820877075195,-3.0771477222442627,9.898228645324707
1753052991121,0.2890998423099518,-2.6414029598236084,9.223063468933105
1753052991172,0.5237316489219666,-2.430713176727295,9.366715431213379
1753052991221,0.6625953316688538,-2.7563247680664062,10.147225379943848
1753052991272,0.016160860657691956,-3.09151291847229,9.247005462646484
1753052991321,,-3.3692402839660645,
1753052991322,-0.40043023228645325,,10.386645317077637
1753052991372,0.3034650683403015,-2.2679076194763184,8.557475090026855
1753052991421,0.38486793637275696,-2.2391772270202637,9.644442558288574
1753052991473,0.6482301354408264,-2.6126725673675537,9.582193374633789
1753052991522,0.19812019169330597,-2.344521999359131,9.323619842529297
1753052991572,-0.2519897222518921,-3.096301317214966,9.323619842529297
1753052991621,-0.3381809890270233,-2.914341926574707,9.21827507019043
1753052991672,0.1885433793067932,-2.7515363693237305,9.572616577148438
1753052991721,-0.20889410376548767,-3.134608507156372,9.677961349487305
1753052991772,-0.30466216802597046,-3.1633388996124268,9.802460670471191
1753052991773,,,9.424176216125488
1753052991821,-0.8122329115867615,-3.0579941272735596,9.802460670471191
1753052991872,0.04010287672281265,-2.780266761779785,9.328408241271973
1753052991921,-0.49619829654693604,-2.9095535278320312,9.098565101623535
1753052991972,-0.33339259028434753,-3.072359323501587,9.64923095703125
1753052992021,-0.40521863102912903,-3.3452982902526855,9.395445823669434
1753052992072,-0.4531026780605316,-3.316567897796631,9.333196640014648
1753052992121,-1.1378443241119385,-3.6517560482025146,9.146449089050293
1753052992122,,,9.247005462646484
1753052992172,-0.74040687084198,-3.579930067062378,9.476848602294922
1753052992221,-1.544858694076538,-3.5033156871795654,8.088212013244629
1753052992222,,,8.667608261108398
1753052992272,-1.2431892156600952,-3.359663486480713,9.3427734375
1753052992273,,,9.314043045043945
1753052992321,,-3.8289270401000977,
1753052992322,-0.7930793166160583,,9.563039779663086
1753052992372,-0.8265981078147888,-3.1250317096710205,8.725069999694824
1753052992421,,-3.7714662551879883,
1753052992422,-1.755548357963562,-3.445854902267456,9.496002197265625
1753052992472,-0.639850378036499,-3.134608507156372,8.567051887512207
1753052992521,-1.4873977899551392,-3.6565444469451904,8.691550254821777
1753052992572,-0.9127894043922424,-3.1968579292297363,8.394669532775879
1753052992621,-1.8848352432250977,-3.9438488483428955,8.298901557922363
1753052992672,-1.3437457084655762,-3.53204607963562,8.94533634185791
1753052992721,-1.104325532913208,-3.5942952632904053,8.969278335571289
1753052992772,-0.8409633636474609,-3.618237257003784,9.1847562789917
1753052992821,-1.1953052282333374,-3.819350242614746,9.601346969604492
1753052992872,-0.5249287486076355,-3.316567897796631,9.61571216583252
1753052992921,-1.2767080068588257,-4.168903827667236,10.381856918334961
1753052992972,-0.7930793166160583,-3.6326024532318115,9.30925464630127
1753052992973,,,8.940547943115234
1753052993021,-1.8896236419677734,-3.8576574325561523,
1753052993022,-1.4059948921203613,,8.653243064880371
1753052993072,,-3.2830491065979004,
1753052993073,-0.6637924313545227,,8.456918716430664
1753052993121,-1.6597803831100464,-3.9007530212402344,8.054693222045898
1753052993172,-1.8273744583129883,-4.063559055328369,8.883087158203125
1753052993221,-2.1290438175201416,-4.283825397491455,7.312490463256836
1753052993272,-3.8097734451293945,-4.513668537139893,7.638102054595947
1753052993321,-0.8936358094215393,-4.087501049041748,10.022727012634277
1753052993372,-0.9032126069068909,-3.4314894676208496,9.318831443786621
1753052993421,-0.6159083843231201,-3.555988073348999,9.060257911682129
1753052993472,,-3.5895068645477295,
1753052993473,-1.4969745874404907,,8.744223594665527
1753052993521,-1.3006501197814941,-3.843292236328125,9.280524253845215
1753052993572,-1.0372878313064575,-4.006097793579102,9.270947456359863
1753053001003,,-3.819350242614746,
1753053001004,-1.4347254037857056,-4.039616584777832,
1753053001005,-0.8313865661621094,,9.146449089050293
1753053001055,,-3.4362781047821045,
1753053001056,1.1222820281982422,-3.287837505340576,11.693880081176758
1753053001106,-2.0907366275787354,-3.2782607078552246,5.215169906616211
1753053001155,-1.2671312093734741,-3.292625904083252,8.456918716430664
1753053001206,-1.4203602075576782,-4.911106109619141,9.529520988464355
1753053001255,,-3.7427358627319336,
1753053001256,-2.9765913486480713,,7.4752960205078125
1753053001322,-0.5201402902603149,-2.3971943855285645,8.183979988098145
1753053001330,-1.1713632345199585,-4.417900562286377,11.401786804199219
1753053001373,,-3.268683910369873,
1753053001374,0.4471171796321869,,8.58620548248291
1753053001424,,-3.97257924079895,
1753053001425,-2.943072557449341,-3.4841620922088623,9.874286651611328
1753053001473,-0.44352585077285767,-4.0779242515563965,10.310030937194824
1753053001524,,-3.5464112758636475,
1753053001525,-1.5496470928192139,-3.800196647644043,8.849568367004395
1753053001573,,-4.298190593719482,
1753053001574,-1.5544354915618896,-4.154538631439209,9.390657424926758
1753053005713,,-3.3069911003112793,
1753053005714,-1.6310498714447021,-3.752312660217285,8.806472778320312
1753053005717,-1.0947487354278564,-3.752312660217285,
1753053005765,,-3.24953031539917,
1753053005766,-0.08439560979604721,-3.709217071533203,8.15524959564209
1753053005817,-1.0085574388504028,-3.7283706665039062,9.242217063903809
1753053005866,-1.4059948921203613,-3.2160115242004395,7.925405979156494
1753053005948,,-4.082712650299072,
1753053005949,-1.7459715604782104,-3.8576574325561523,9.855133056640625
1753053005954,-0.884058952331543,-3.90554141998291,8.351573944091797
1753053005999,,-3.9199066162109375,
1753053006000,-1.1426327228546143,-4.068347454071045,9.1847562789917
1753053006049,,-3.8337154388427734,
1753053006050,-1.899200439453125,-3.9917328357696533,8.744223594665527
1753053006100,-0.8792705535888672,-3.7475242614746094,
1753053006101,-0.8601169586181641,,9.385869026184082
1753053006149,,-3.8720226287841797,
1753053006150,-1.7076643705368042,-4.1880574226379395,8.921394348144531
1753053006201,,-4.34607458114624,
1753053006202,-0.5871779918670654,,10.209474563598633
1753053006249,-1.688510775566101,-3.6134488582611084,
1753053006250,,,8.873510360717773
1753053006301,-0.7164648771286011,-4.475361347198486,9.634865760803223
1753053006386,,-3.6134488582611084,
1753053006387,-0.8265981078147888,-3.661332845687866,
1753053006393,,,8.509591102600098
1753053006401,,-3.886387825012207,
1753053006402,-0.8601169586181641,-4.178480625152588,9.026739120483398
1753053006449,-2.56000018119812,-4.264671802520752,8.169614791870117
1753053006499,,-3.8097734451293945,
1753053006500,-0.6829460263252258,-3.465008497238159,9.687539100646973
1753053006548,,-4.111443042755127,
1753053006549,-1.367687702178955,-4.475361347198486,9.237428665161133
1753053006600,-2.1481974124908447,-4.3412861824035645,8.174403190612793
1753053006648,,-3.5895068645477295,
1753053006649,-0.5823895931243896,-3.4362781047821045,9.840767860412598
1753053006700,-1.30543851852417,-4.006097793579102,8.806472778320312
1753053006748,,-2.5983073711395264,
1753053006749,0.0975637212395668,-2.4690206050872803,8.251017570495605
1753053006799,,-2.9670145511627197,
1753053006800,-0.8505401611328125,-3.335721492767334,9.692327499389648
1753053006848,,-2.3924059867858887,
1753053006849,-0.23283611238002777,-3.2351651191711426,6.934206485748291
1753053011911,-0.7116764783859253,-3.383605480194092,
1753053011912,-0.4291606545448303,-3.5033156871795654,10.745776176452637
1753053011915,-0.5105634927749634,-2.957437753677368,
1753053011916,,,8.883087158203125
1753053011968,-0.12270283699035645,-3.5942952632904053,9.654019355773926
1753053012017,-0.41958385705947876,-2.631826162338257,8.284536361694336
1753053013498,-0.25677812099456787,-3.230376720428467,9.352350234985352
1753053013511,-0.8601169586181641,-3.287837505340576,
1753053013512,-0.6063315868377686,,8.844779968261719
1753053013514,-0.9271546006202698,-3.6996402740478516,9.778518676757812
1753053013515,,,8.413823127746582
1753053013562,,-2.5264813899993896,
1753053013563,-0.3477577865123749,,7.815272808074951
1753053013613,-0.884058952331543,-3.9151182174682617,10.827178955078125
1753053013662,-0.6542156338691711,-2.6414029598236084,
1753053013663,,,7.369951248168945
1753053015071,-0.47225627303123474,-3.824138641357422,11.617264747619629
1753053015074,-0.47225627303123474,-2.962226152420044,8.964489936828613
1753053015123,,-2.9047651290893555,
1753053015124,-0.8649053573608398,,8.3707275390625
1753053015172,-1.1569979190826416,-3.97257924079895,
1753053015173,,,10.161590576171875
1753053015223,-0.4578910768032074,-2.8808231353759766,7.7865424156188965
1753053015384,-0.7595604658126831,-4.025251388549805,10.209474563598633
1753053015390,-0.8409633636474609,-3.3069911003112793,7.796119213104248
1753053015442,-1.14742112159729,-3.5033156871795654,9.553462982177734
1753053015443,,,9.390657424926758
1753053015492,-0.960673451423645,-3.2638955116271973,8.011597633361816
1753053015543,-0.8457517623901367,-3.848080635070801,10.491990089416504
1753053015591,-1.0660183429718018,-3.4985272884368896,10.04188060760498
1753053015642,-0.9319429993629456,-3.5847184658050537,8.002020835876465
1753053015691,,-3.311779499053955,
1753053015692,-1.1234791278839111,,8.22228717803955
1753053015742,-0.5823895931243896,-4.034828186035156,
1753053015743,,,9.409811019897461
1753053015791,,-3.206434726715088,
1753053015792,-0.6350619792938232,-3.795408248901367,5.871181011199951
1753053015842,-1.7220295667648315,-4.063559055328369,10.611700057983398
1753053015891,-0.4291606545448303,-3.2399535179138184,
1753053015892,,,7.187992095947266
1753053015942,-2.057217836380005,-3.8768110275268555,9.79288387298584
1753053015991,,-3.6565444469451904,
1753053015992,-1.5831658840179443,,8.490437507629395
1753053016042,-0.5488707423210144,-3.24953031539917,
1753053016043,-0.5297171473503113,,9.3427734375
1753053016091,-1.4730325937271118,-4.283825397491455,9.907805442810059
1753053016142,-1.0420763492584229,-3.1489737033843994,7.116166114807129
1753053016191,-1.7794904708862305,-4.207211017608643,9.773730278015137
1753053016243,-0.5632359385490417,-2.938283920288086,7.010821342468262
1753053016292,,-4.154538631439209,
1753053016293,-1.8273744583129883,,9.711481094360352
1753053016343,-0.7739257216453552,-3.3883938789367676,7.101800918579102
1753053016393,-1.2862848043441772,-4.13059663772583,9.548674583435059
1753053016442,,-3.9821560382843018,
1753053016443,-0.6542156338691711,-3.311779499053955,8.806472778320312
1753053016491,,-3.666121244430542,
1753053016492,-1.080383539199829,-4.925471305847168,8.06427001953125
1753053016542,,-4.3843817710876465,
1753053016543,-0.6254851818084717,-3.5847184658050537,11.080964088439941
1753053016591,,-4.034828186035156,
1753053016592,-2.670133352279663,-4.432265758514404,9.266159057617188
1753053016642,,-3.18249249458313,
1753053016643,0.7152677774429321,,10.290877342224121
1753053016692,-1.0085574388504028,-4.6956281661987305,13.302783012390137
1753053016742,,-2.80899715423584,
1753053016743,-2.1721394062042236,,4.444236755371094
1753053016792,-1.5975310802459717,-4.3173441886901855,12.412139892578125
1753053016842,,-2.986168146133423,
1753053016843,-0.02693476900458336,-3.838503837585449,5.813720226287842
1753053016891,,-4.53761100769043,
1753053016892,-1.391629695892334,-3.6709096431732178,10.468048095703125
1753053016942,,-3.067570924758911,
1753053016943,-1.1761516332626343,,6.531980991363525
1753053016991,,-3.7044286727905273,
1753053016992,-0.5823895931243896,-3.7714662551879883,10.310030937194824
1753053017043,-1.5161281824111938,-3.9630024433135986,7.614160060882568
1753053017093,-1.3533225059509277,-3.5511996746063232,7.781754016876221
1753053017142,,-3.9486372470855713,
1753053017143,-0.9175778031349182,-3.7235822677612305,9.88386344909668
1753053017191,,-3.225588321685791,
1753053017192,-0.7116764783859253,-3.5224692821502686,7.417835235595703
1753053017242,,-3.737947463989258,
1753053017243,-1.2096704244613647,,8.988431930541992
1753053017292,-1.8417396545410156,-4.302978992462158,9.64923095703125
1753053017343,-0.5392939448356628,-2.6844985485076904,6.828861713409424
1753053019060,0.7296329736709595,-3.8049850463867188,
1753053019061,-0.5680243372917175,,11.387421607971191
1753053019065,-1.1857284307479858,-3.330933094024658,8.33720874786377
1753053019118,-0.6350619792938232,-3.867234230041504,9.361927032470703
1753053019167,-1.18094003200531,-3.5847184658050537,9.328408241271973
1753053019217,,-3.7044286727905273,
1753053019218,-0.9080010056495667,,8.24622917175293
1753053019267,-1.3724761009216309,-3.838503837585449,8.868721961975098
1753053019318,-0.3908534348011017,-3.177704095840454,8.054693222045898
1753053019367,-1.080383539199829,-4.116231441497803,10.300454139709473
1753053019418,,-3.096301317214966,
1753053019419,-0.5153518915176392,,7.226299285888672
1753053019467,-1.2623428106307983,-4.087501049041748,10.113706588745117
1753053019668,-0.08918401598930359,-3.2399535179138184,8.394669532775879
1753053019675,,-3.867234230041504,
1753053019676,-1.7986440658569336,,9.203909873962402
1753053019727,-1.2384008169174194,-3.445854902267456,7.887098789215088
1753053019778,-0.884058952331543,-3.848080635070801,8.859145164489746
1753053020119,,-3.6996402740478516,
1753053020120,-1.449090600013733,,8.715493202209473
1753053020125,-0.9510966539382935,-3.4745852947235107,8.648454666137695
1753053020178,,-3.1872811317443848,
1753053020179,-0.30945056676864624,,8.753800392150879
1753053020228,-1.6071078777313232,-4.087501049041748,9.270947456359863
1753053020311,-1.0229226350784302,-3.512892484664917,8.653243064880371
1753053020315,-0.4818331003189087,-3.225588321685791,8.562263488769531
1753053020363,,-3.493738889694214,
1753053020364,-0.8553285598754883,,8.025962829589844
1753053020413,-1.1234791278839111,-3.9869444370269775,9.845556259155273
1753053020463,,-3.383605480194092,
1753053020464,-0.6446388363838196,,8.365939140319824
1753053020512,,-4.053982257843018,
1753053020513,-0.9415197968482971,-4.044404983520508,9.539097785949707
1753053020563,,-3.7187938690185547,
1753053020564,-1.0133458375930786,-3.397970676422119,9.357138633728027
1753053028930,,-3.642179250717163,
1753053028931,-1.0420763492584229,-3.977367639541626,8.567051887512207
1753053028932,,,9.012373924255371
1753053028934,-0.7882909178733826,-2.8137855529785156,9.045892715454102
1753053028991,,-3.6134488582611084,
1753053028992,-0.7068880796432495,,10.554239273071289
1753053029036,,-2.646191358566284,
1753053029037,-0.7882909178733826,,8.753800392150879
1753053029087,0.9259575009346008,-3.7427358627319336,13.494318962097168
1753053029136,-1.6837223768234253,-3.273472309112549,
1753053029137,-2.8137855529785156,,9.06983470916748
1753053029188,-0.1562216579914093,-2.7467479705810547,11.401786804199219
1753053029237,-1.0708067417144775,-2.5264813899993896,8.983643531799316
1753053029318,-1.3868412971496582,-2.9239187240600586,9.414599418640137
1753053029371,-0.8026561141014099,-2.9239187240600586,10.152013778686523
1753053029420,-0.9798270463943481,-3.378817081451416,10.942100524902344
1753053029421,,,11.813590049743652
1753053029471,-0.5776011347770691,-3.0196869373321533,9.19433307647705
1753053029520,-0.9558850526809692,-2.7994203567504883,11.291653633117676
1753053029591,0.0736217051744461,-2.943072557449341,8.839991569519043
1753053029595,-0.8505401611328125,-3.6086604595184326,
1753053029596,-1.7747019529342651,,11.277288436889648
1753053029643,-1.0851719379425049,-3.225588321685791,8.701127052307129
1753053029695,0.10235211998224258,-2.2439656257629395,9.687539100646973
1753053029742,-0.1801636815071106,-3.3213562965393066,10.262146949768066
1753053029795,-1.2767080068588257,-2.986168146133423,7.724293231964111
1753053029843,,-2.6126725673675537,
1753053029844,-0.10354922711849213,,9.448118209838867
1753053029894,,-2.823362350463867,
1753053029895,-0.2902969419956207,,9.242217063903809
1753053029943,,-2.9957449436187744,
1753053029944,-0.821809709072113,,8.624512672424316
1753053029995,-0.2519897222518921,-2.7706899642944336,10.362703323364258
1753053036534,-0.002992752008140087,-2.9957449436187744,9.539097785949707
1753053036546,,-3.225588321685791,
1753053036547,-1.1713632345199585,-3.18249249458313,9.352350234985352
1753053036548,,,11.473612785339355
1753053036549,-0.2998737692832947,-2.603095769882202,9.567828178405762
1753053036552,-0.9798270463943481,-2.9718029499053955,9.203909873962402
1753053036603,-1.3772644996643066,-3.78104305267334,10.094552993774414
1753053036654,-0.35733461380004883,-2.694075345993042,6.565499782562256
1753053036742,,-4.211999416351318,
1753053036743,-1.0468647480010986,-3.3405098915100098,12.215815544128418
1753053036748,-0.26156654953956604,-2.320580005645752,6.9677252769470215
1753053036793,,-3.6709096431732178,
1753053036794,0.24600422382354736,-3.579930067062378,12.302006721496582
1753053036845,-0.6925228238105774,-3.666121244430542,8.351573944091797
1753053036893,,-2.938283920288086,
1753053036894,-0.055665191262960434,-3.09151291847229,9.371503829956055
1753053036945,-0.07960720360279083,-3.5033156871795654,9.577404975891113
1753053036994,,-2.9670145511627197,
1753053036995,0.016160860657691956,-2.785055160522461,8.107365608215332
1753053037045,,-3.153762102127075,
1753053037046,-0.9463081955909729,,8.365939140319824
1753053037094,,-3.00053334236145,
1753053037095,-0.2998737692832947,-2.8377275466918945,8.49522590637207
1753053037145,,-2.9909565448760986,
1753053037146,-0.4531026780605316,-3.2399535179138184,8.715493202209473
1753053037194,,-3.378817081451416,
1753053037195,-0.4291606545448303,,10.037092208862305
1753053037258,,-2.981379747390747,
1753053037259,0.011372458189725876,,9.03631591796875
1753053037304,,-3.6709096431732178,
1753053037305,-0.414795458316803,,10.175955772399902
1753053037355,,-2.9287071228027344,
1753053037356,-0.16101007163524628,,9.156025886535645
1753053037406,-0.6685808300971985,-3.4745852947235107,9.424176216125488
1753053037455,,-2.56000018119812,
1753053037456,-0.16579847037792206,,8.33720874786377
1753053037506,,-2.4019827842712402,
1753053037507,-0.2232593148946762,-2.7946319580078125,8.054693222045898
1753053037555,,-2.2391772270202637,
1753053037556,0.5045779943466187,-2.0620062351226807,7.446565628051758
1753053037606,-0.40521863102912903,-2.4833858013153076,
1753053037607,-0.8026561141014099,,7.417835235595703
1753053037655,-0.11312603205442429,-2.6366145610809326,7.700351238250732
1753053037707,-0.8936358094215393,-2.8856115341186523,8.083423614501953
1753053037755,,-3.3022027015686035,
1753053037756,-0.30466216802597046,,9.21827507019043
1753053037806,,-3.7283706665039062,
1753053037807,-0.4866214990615845,-3.6517560482025146,10.539874076843262
1753053037855,,-3.6086604595184326,
1753053037856,-0.11312603205442429,-4.245518207550049,10.286088943481445
1753053037906,,-3.977367639541626,
1753053037907,-0.17058686912059784,,12.287641525268555
1753053037955,,-4.073135852813721,
1753053037956,-0.7595604658126831,,12.263699531555176
1753053038006,,-3.5176808834075928,
1753053038007,-0.15143325924873352,-3.2543187141418457,9.788095474243164
1753053038055,-0.8984242081642151,-3.4362781047821045,
1753053038056,-0.2232593148946762,,10.611700057983398
1753053038107,,-2.9909565448760986,
1753053038108,0.5093663930892944,,9.294889450073242
1753053038155,,-3.1058781147003174,
1753053038156,-0.5153518915176392,,9.294889450073242
1753053038206,-0.17537526786327362,-2.9287071228027344,8.667608261108398
1753053038255,0.13587094843387604,-2.7706899642944336,8.571840286254883
1753053038256,,,8.897452354431152
1753053038306,,-2.9047651290893555,
1753053038307,-0.28072014451026917,-2.6174609661102295,9.045892715454102
1753053038355,,-2.895188331604004,
1753053038356,-0.13706804811954498,,8.696338653564453
1753053038406,-0.67815762758255,-3.4793736934661865,
1753053038407,-0.01735796220600605,,9.496002197265625
1753053038455,,-2.3493103981018066,
1753053038456,0.0736217051744461,,8.112154006958008
1753053038507,-0.32860419154167175,-3.3069911003112793,9.749788284301758
1753053038555,,-2.8999767303466797,
1753053038556,-0.09397241473197937,,8.346785545349121
1753053038606,,-3.488950490951538,
1753053038607,-0.8265981078147888,,10.046669006347656
1753053038655,,-2.765901565551758,
1753053038656,0.29867666959762573,,8.863933563232422
1753053038706,,-3.110666513442993,
1753053038707,-0.15143325924873352,,9.79288387298584
1753053038756,,-3.0819361209869385,
1753053038757,-0.09876082092523575,-2.9239187240600586,10.017938613891602
1753053038805,,-3.230376720428467,
1753053038806,-0.6733692288398743,,9.084199905395508
1753053038856,,-3.1058781147003174,
1753053038857,-0.3429693877696991,,9.515155792236328
1753053038904,,-2.627037763595581,
1753053038905,-0.5488707423210144,-3.5942952632904053,7.551910877227783
1753053038956,-0.2232593148946762,-3.8337154388427734,11.497554779052734
1753053039005,,-3.158550500869751,
1753053039006,0.05446808785200119,-3.560776472091675,9.007585525512695
1753053039056,-0.8361749649047852,-3.2351651191711426,
1753053039057,0.3944447338581085,,10.357914924621582
1753053039104,,-3.3213562965393066,
1753053039105,-0.39564183354377747,,9.409811019897461
1753053039156,-0.8696937561035156,-3.848080635070801,10.640430450439453
1753053039157,,,9.601346969604492
1753053039205,0.05925649031996727,-2.765901565551758,8.935759544372559
1753053039256,-0.12749123573303223,-3.4171242713928223,
1753053039257,,,10.769718170166016
1753053039304,,-2.80899715423584,
1753053039305,-0.11312603205442429,-2.718017578125,8.672396659851074
1753053039356,,-3.005321741104126,
1753053039357,-0.18495208024978638,,9.395445823669434
1753053039406,-0.14664486050605774,-2.9047651290893555,8.284536361694336
1753053039456,,-2.780266761779785,
1753053039457,-0.6206967830657959,-3.053205728530884,8.394669532775879
1753053039505,0.34177228808403015,-2.689286947250366,8.480860710144043
1753053039556,,-3.359663486480713,
1753053039557,-0.9367313981056213,,8.839991569519043
1753053039605,,-3.2351651191711426,
1753053039606,-0.23283611238002777,,9.49121379852295
1753053039656,,-2.5456349849700928,
1753053039657,-0.4291606545448303,-2.5025393962860107,8.715493202209473
1753053039705,,-3.5655648708343506,
1753053039706,0.26994624733924866,,10.899004936218262
1753053039756,-0.5392939448356628,-3.6804866790771484,8.739435195922852
1753053039805,,-3.273472309112549,
1753053039806,0.1885433793067932,-2.93349552154541,10.669161796569824
1753053039856,,-3.3213562965393066,
1753053039857,-0.3860650360584259,,9.112930297851562
1753053039905,,-2.5791537761688232,
1753053039906,-0.03172317147254944,,8.993220329284668
1753053039956,,-4.015674591064453,
1753053039957,0.34177228808403015,,11.8040132522583
1753053040004,,-2.7467479705810547,
1753053040005,0.8158242106437683,-2.646191358566284,8.696338653564453
1753053040056,,-2.689286947250366,
1753053040057,-0.7116764783859253,-3.1058781147003174,8.801684379577637
1753053040105,,-2.229600429534912,
1753053040106,0.20290859043598175,-2.7467479705810547,7.49923849105835
1753053040156,-0.42437225580215454,-3.3405098915100098,
1753053040157,-0.639850378036499,,8.715493202209473
1753053040205,,-2.320580005645752,
1753053040206,-0.041299980133771896,-2.449866771697998,8.011597633361816
1753053040256,-0.33339259028434753,-2.914341926574707,8.289324760437012
1753053040305,,-3.024475336074829,
1753053040306,-0.9558850526809692,,8.40424633026123
1753053040356,-0.08918401598930359,-4.22157621383667,11.234192848205566
1753053040405,,-3.7427358627319336,
1753053040406,0.17417816817760468,,10.994772911071777
1753053040456,-0.1801636815071106,-3.848080635070801,11.631629943847656
1753053040505,,-3.2782607078552246,
1753053040506,-0.32381579279899597,,9.711481094360352
1753053040556,-0.46746787428855896,-3.62302565574646,10.305242538452148
1753053040605,,-1.7076643705368042,
1753053040606,0.619499683380127,,6.953360080718994
1753053040656,0.7248445749282837,-2.181716203689575,7.207145690917969
1753053040851,-0.7547720670700073,-1.4059948921203613,4.032433986663818
1753053040858,-0.5776011347770691,-2.718017578125,8.51916790008545
1753053040910,0.1215057373046875,-3.9246952533721924,11.713033676147461
1753053040960,0.38965633511543274,-4.767454147338867,13.57093334197998
1753053041010,0.5524620413780212,-3.694851875305176,10.989984512329102
1753053041060,0.020949264988303185,-3.18249249458313,
1753053041061,-0.3190273642539978,,9.5007905960083
1753053041110,0.2172738015651703,-2.3924059867858887,7.346009254455566
1753053041161,-0.5440823435783386,-2.4881742000579834,6.852803707122803
1753053041225,0.3561375141143799,-2.536058187484741,8.49522590637207
1753053041274,,-3.134608507156372,
1753053041275,-0.67815762758255,,9.098565101623535
1753053041323,0.9642647504806519,-2.7706899642944336,8.816049575805664
1753053041373,,-3.891176223754883,
1753053041374,-0.03651157766580582,,10.92294692993164
1753053041423,0.10714052617549896,-3.2638955116271973,7.877521991729736
1753053041474,,-3.910329818725586,
1753053041475,-1.003769040107727,,11.727398872375488
1753053041727,-0.3381809890270233,-4.015674591064453,10.056245803833008
1753053041731,-0.07003039866685867,-2.919130325317383,7.652467250823975
1753053041780,-0.9271546006202698,-3.244741916656494,9.563039779663086
1753053041830,0.25079262256622314,-3.5033156871795654,9.931747436523438
1753053041880,-0.4100070297718048,-2.938283920288086,8.897452354431152
1753053041929,-0.18974047899246216,-2.7754783630371094,8.97885513305664
1753053041980,0.33698388934135437,-3.1729156970977783,10.396222114562988
1753053042029,-0.6542156338691711,-3.1441853046417236,8.289324760437012
1753053042956,-0.596754789352417,-2.852092742919922,
1753053042957,-3.8145618438720703,,9.199121475219727
1753053042960,,-4.235941410064697,
1753053042961,-0.8792705535888672,-3.24953031539917,10.037092208862305
1753053043013,,-3.8097734451293945,
1753053043014,-0.7308300733566284,,7.317278861999512
1753053043063,,-4.298190593719482,
1753053043064,-1.6310498714447021,,6.977302074432373
1753053057125,-1.813009262084961,-3.910329818725586,9.25179386138916
1753053057126,,,8.3707275390625
1753053057131,,,7.097012519836426
1753053057132,,-3.493738889694214,7.820061206817627
1753053057133,-2.02848744392395,-3.072359323501587,
1753053057177,,-3.6900634765625,
1753053057178,-1.6741455793380737,,8.983643531799316
1753053057226,,-2.2439656257629395,
1753053057227,-1.204882025718689,,4.8273091316223145
1753053057304,,-5.150526523590088,
1753053057305,-2.3301568031311035,,11.67951488494873
1753053057309,-1.4107834100723267,-3.067570924758911,6.163273811340332
1753053057357,,-4.0779242515563965,
1753053057358,-1.611896276473999,,10.506355285644531
1753053057406,,-3.62302565574646,
1753053057407,-0.7691373229026794,,5.55514669418335
1753053057457,,-3.78104305267334,
1753053057458,-3.5703532695770264,,10.137648582458496
1753053057506,-1.0372878313064575,-4.259883403778076,
1753053057507,-2.540846586227417,,8.174403190612793
1753053057557,-2.9239187240600586,-3.8576574325561523,
1753053057558,-1.6597803831100464,,8.251017570495605
1753053067571,,-4.638167381286621,
1753053067575,,-2.823362350463867,
1753053067576,-1.8800468444824219,-2.718017578125,
1753053067577,,,11.023503303527832
1753053067622,0.1454477459192276,-2.4450783729553223,
1753053067674,-2.272696018218994,-3.4123358726501465,7.638102054595947
1753053067723,-0.7212532758712769,-4.1641154289245605,10.40579891204834
1753053067811,,-2.823362350463867,
1753053067812,-0.3669114112854004,-3.110666513442993,8.610147476196289
1753053067816,-1.2671312093734741,-4.216787815093994,10.453682899475098
1753053067864,0.1693897694349289,-3.273472309112549,7.422623634338379
1753053067913,,-1.8225860595703125,
1753053067914,0.7727286219596863,,8.490437507629395
1753053067964,-0.5249287486076355,-3.6565444469451904,9.88386344909668
1753053067965,,,8.274959564208984
1753053068013,,-3.5655648708343506,
1753053068014,-1.7794904708862305,-2.0859482288360596,8.33720874786377
1753053068064,0.9115923047065735,-2.2870612144470215,8.432976722717285
1753053068114,-0.6973112225532532,-2.3493103981018066,8.24622917175293
1753053068164,,-3.618237257003784,
1753053068165,-0.74040687084198,,10.808025360107422
1753053068214,-1.3724761009216309,-3.752312660217285,8.485649108886719
1753053068293,-0.41958385705947876,-3.867234230041504,11.401786804199219
1753053068298,-0.44831427931785583,-3.330933094024658,9.405022621154785
1753053068345,0.1693897694349289,-3.53204607963562,10.975619316101074
1753053068395,,-3.5655648708343506,
1753053068396,0.3561375141143799,,9.965266227722168
1753053068446,-1.0516531467437744,-3.0771477222442627,8.150461196899414
1753053068494,,-2.339733600616455,
1753053068495,0.03531447425484657,-3.268683910369873,8.648454666137695
1753053068546,,-4.068347454071045,
1753053068547,-1.2623428106307983,,9.730634689331055
1753053068595,-0.3190273642539978,-3.0388405323028564,
1753053068596,,,8.059481620788574
1753053068646,-1.1330559253692627,-3.273472309112549,9.405022621154785
1753053068695,0.7535749673843384,-2.6222493648529053,10.693103790283203
1753053068746,-1.2623428106307983,-4.025251388549805,7.547122478485107
1753053068795,-0.046088382601737976,-2.694075345993042,9.290101051330566
1753053068796,,,10.961254119873047
1753053068878,-0.4339490532875061,-3.5847184658050537,10.779294967651367
1753053068881,0.18375498056411743,-3.2782607078552246,7.331644058227539
1753053068928,,-3.603872060775757,
1753053068929,-1.9183541536331177,-2.344521999359131,10.793660163879395
1753053068979,0.8110358119010925,-3.2399535179138184,10.319607734680176
1753053069030,-1.128267526626587,-2.890399932861328,6.680421352386475
1753053069079,-0.5919663906097412,-2.722805976867676,9.294889450073242
1753053069129,,-3.0196869373321533,
1753053069130,-0.012569558806717396,-2.6557681560516357,8.916605949401855
1753053069179,-2.0667946338653564,-3.618237257003784,9.428964614868164
1753053069230,0.6769605278968811,-2.823362350463867,9.007585525512695
1753053069279,-0.39564183354377747,-2.780266761779785,9.457695007324219
1753053069330,-1.5640122890472412,-3.8289270401000977,9.778518676757812
1753053069379,,-4.125808238983154,
1753053069380,-0.6542156338691711,,9.462483406066895
1753053069430,-0.07003039866685867,-2.344521999359131,9.946112632751465
1753053069479,-3.1441853046417236,-4.43705415725708,9.61571216583252
1753053069529,,-3.268683910369873,
1753053069530,0.43754035234451294,-3.9007530212402344,9.749788284301758
1753053069579,,-2.2008697986602783,
1753053069580,-0.33339259028434753,,7.729081630706787
1753053069630,-1.27191960811615,-3.838503837585449,9.783307075500488
1753053069631,,,9.893440246582031
1753053069679,,-3.7666778564453125,
1753053069680,-0.9271546006202698,-3.1298201084136963,8.835203170776367
1753053069729,,-2.411559581756592,
1753053069730,-0.6685808300971985,-2.674921751022339,8.327631950378418
1753053070960,-0.5105634927749634,-2.938283920288086,9.208698272705078
1753053070963,,-3.737947463989258,
1753053070964,-1.204882025718689,-2.7706899642944336,9.85034465789795
1753053071018,-0.38127660751342773,-2.7754783630371094,9.156025886535645
1753053071064,-0.09397241473197937,-3.053205728530884,9.275735855102539
1753053071111,,-3.335721492767334,
1753053071112,-1.0660183429718018,-2.9478609561920166,10.084976196289062
1753053071162,-0.5345055460929871,-2.9287071228027344,8.696338653564453
1753053071212,-0.8074445128440857,-2.8377275466918945,8.389881134033203
1753053071263,-0.9367313981056213,-3.09151291847229,9.515155792236328
1753053072817,,-3.90554141998291,
1753053072818,-1.18094003200531,-2.6605565547943115,9.634865760803223
1753053072824,,-4.853645324707031,
1753053072825,-1.1139023303985596,,11.234192848205566
1753053072876,-1.003769040107727,-3.1968579292297363,10.788871765136719
1753053072927,-0.7595604658126831,-3.53204607963562,8.543109893798828
1753053072976,,-2.65097975730896,
1753053072977,0.45669397711753845,,7.647678852081299
1753053073027,-1.2958617210388184,-2.8808231353759766,8.61972427368164
1753053073076,-0.5201402902603149,-3.5895068645477295,9.845556259155273
1753053073077,,,9.52473258972168
1753053073127,-0.4866214990615845,-2.986168146133423,8.183979988098145
1753053073205,-0.41958385705947876,-3.024475336074829,8.772953987121582
1753053073209,-0.702099621295929,-3.354875087738037,10.468048095703125
1753053073258,-0.8601169586181641,-4.0300397872924805,9.898228645324707
1753053073308,0.2651578485965729,-3.225588321685791,10.597334861755371
1753053073358,0.07841010391712189,-3.8145618438720703,
1753053073359,-0.2663549482822418,,10.118494987487793
1753053073407,,-3.929483652114868,
1753053073408,-0.2902969419956207,,9.476848602294922
1753053073459,-0.2759317457675934,-2.0236990451812744,7.824849605560303
1753053077892,-0.9080010056495667,-2.741959571838379,
1753053077893,0.43754035234451294,,9.103353500366211
1753053077894,1.61069917678833,-1.4107834100723267,
1753053077896,-1.8896236419677734,-2.7994203567504883,9.46727180480957
1753053077944,-1.0133458375930786,-4.465784549713135,9.749788284301758
1753053077995,-0.6446388363838196,-2.871246337890625,
1753053077996,,,10.022727012634277
1753053078044,-1.3150153160095215,-4.202422618865967,10.659584045410156
1753053078094,,-2.765901565551758,
1753053078095,0.1646013706922531,,9.49121379852295
1753053078144,0.2124854028224945,-3.115454912185669,10.501566886901855
1753053078194,,-3.8049850463867188,
1753053078195,-1.4107834100723267,,8.701127052307129
1753053078244,0.04010287672281265,-2.9765913486480713,8.916605949401855
1753053078295,0.24121582508087158,-3.072359323501587,8.916605949401855
1753053078296,,,9.409811019897461
1753053078344,0.011372458189725876,-2.3780407905578613,7.025186538696289
1753053078394,,-2.943072557449341,
1753053078395,-0.3477577865123749,-3.426701068878174,8.61972427368164
1753053078443,,-3.3261446952819824,
1753053078444,-1.0899603366851807,-4.106654644012451,9.5007905960083
1753053078494,,-3.7666778564453125,
1753053078495,-0.30945056676864624,-3.5224692821502686,10.62127685546875
1753053078544,-1.9710265398025513,-4.868010520935059,12.76648235321045
1753053078595,3.4159271717071533,-2.804208755493164,9.888651847839355
1753053078644,-0.26156654953956604,-1.8608932495117188,8.140884399414062
1753053078694,,-3.934272050857544,
1753053078695,0.5620388388633728,-3.512892484664917,11.660361289978027
1753053078744,-0.9798270463943481,-1.9231425523757935,6.52719259262085
1753053078795,-0.8457517623901367,-3.1633388996124268,8.595782279968262
1753053078844,-1.6932991743087769,-3.560776472091675,7.5231804847717285
1753053078895,-0.15143325924873352,-2.65097975730896,9.625288963317871
1753053078944,-1.2814964056015015,-4.714781761169434,11.258134841918945
1753053078995,-0.4100070297718048,-3.3931822776794434,8.093000411987305
1753053079044,0.025737667456269264,-3.0196869373321533,10.49677848815918
1753053093894,,-4.149750232696533,
1753053093895,-1.4155718088150024,-3.8145618438720703,10.525508880615234
1753053093896,-0.8313865661621094,-3.4314894676208496,7.403470039367676
1753053093897,-3.110666513442993,-3.5895068645477295,14.303559303283691
1753053093898,-1.511339783668518,-3.819350242614746,13.98752498626709
1753053093899,-0.922366201877594,,
1753053093900,-0.30945056676864624,-3.6326024532318115,9.175179481506348
1753053093947,-1.0181342363357544,-3.2351651191711426,7.820061206817627
1753053093999,,-3.8049850463867188,
1753053094000,-1.0899603366851807,,10.295665740966797
1753053099450,,-3.3405098915100098,
1753053099451,-0.8936358094215393,-3.3452982902526855,
1753053099452,-0.2041056901216507,,
1753053099453,-1.4634557962417603,,8.27974796295166
1753053099454,,-3.2543187141418457,10.79844856262207
1753053099455,,-3.694851875305176,
1753053099501,-0.6254851818084717,-2.473809003829956,6.206369400024414
1753053099552,-1.669357180595398,-4.034828186035156,11.028291702270508
1753053099601,,-3.4410665035247803,
1753053099602,-0.6733692288398743,,9.304466247558594
1753053099652,,-3.2638955116271973,
1753053099653,-1.2575544118881226,-3.661332845687866,9.692327499389648
1753053099700,,-2.670133352279663,
1753053099701,-0.2950853705406189,,8.653243064880371
1753053099778,-1.0947487354278564,-4.619013786315918,11.22940444946289
1753053099830,,-3.8289270401000977,
1753053099831,-0.28550854325294495,-3.1729156970977783,11.358691215515137
1753053099880,-1.5496470928192139,-4.015674591064453,10.027515411376953
1753053099930,,-3.0196869373321533,
1753053099931,-0.7499836683273315,-3.661332845687866,7.8966755867004395
1753053099979,,-2.866457939147949,
1753053099980,-1.5352818965911865,,8.634089469909668
1753053100030,,-3.4314894676208496,
1753053100031,-0.4291606545448303,-3.24953031539917,9.821614265441895
1753053100079,,-3.575141668319702,
1753053100080,-0.8457517623901367,-2.943072557449341,10.300454139709473
1753053100134,-0.7978677153587341,-3.158550500869751,
1753053100135,,,7.815272808074951
1753053100182,-0.6733692288398743,-2.9765913486480713,8.825626373291016
1753053100234,-0.6159083843231201,-3.488950490951538,9.361927032470703
1753053100283,-1.6789339780807495,-3.8097734451293945,8.844779968261719
1753053100332,-0.35733461380004883,-3.134608507156372,9.026739120483398
1753053100381,,-3.53204607963562,
1753053100382,-0.9510966539382935,-3.153762102127075,10.276512145996094
1753053100432,0.5237316489219666,-3.5703532695770264,8.94533634185791
1753053100482,-0.9271546006202698,-3.618237257003784,10.28130054473877
1753053100532,,-2.5504233837127686,
1753053100533,-0.5632359385490417,,7.077858924865723
1753053100582,-1.688510775566101,-3.4745852947235107,8.696338653564453
1753053100583,,,7.384316444396973
1753053101022,-1.1234791278839111,-3.3644518852233887,8.399457931518555
1753053101026,-1.0085574388504028,-2.9765913486480713,8.595782279968262
1753053101074,,-3.3931822776794434,
1753053101075,-0.5249287486076355,,9.912593841552734
1753053101124,-0.7356184720993042,-3.7187938690185547,
1753053101125,,,8.174403190612793
1753053101175,-1.4538789987564087,-3.273472309112549,9.85034465789795
1753053101223,,-3.6086604595184326,
1753053101224,-0.7212532758712769,-3.737947463989258,9.888651847839355
1753053101274,-0.9463081955909729,-3.579930067062378,9.701904296875
1753053101324,-0.3477577865123749,-3.3405098915100098,9.73542308807373
1753053101374,,-3.134608507156372,
1753053101375,-0.8074445128440857,-3.005321741104126,9.59177017211914
1753053101424,,-3.4841620922088623,
1753053101425,-1.1569979190826416,,8.7298583984375
1753053101475,-1.104325532913208,-3.776254653930664,10.185532569885254
1753053101524,-0.1322796493768692,-3.0579941272735596,9.409811019897461
1753053101575,-0.7595604658126831,-3.714005470275879,10.00836181640625
1753053101624,-1.0947487354278564,-3.1298201084136963,8.207921981811523
1753053101675,,-3.335721492767334,
1753053101676,-0.10833762586116791,-2.540846586227417,10.999561309814453
1753053101724,-0.5823895931243896,-3.666121244430542,
1753053101725,,,8.873510360717773
1753053101775,-1.635838270187378,-2.5456349849700928,7.853579998016357
1753053101823,,-4.264671802520752,
1753053101824,-1.0468647480010986,-3.3213562965393066,11.46882438659668
1753053101874,,-2.9095535278320312,
1753053101875,-0.6494272351264954,-3.493738889694214,7.355586051940918
1753053101924,-0.7643488645553589,-3.646967649459839,10.511143684387207
1753053101975,,-3.2207999229431152,
1753053101976,-0.13706804811954498,,9.73542308807373
1753053102024,,-3.512892484664917,
1753053102025,-0.7643488645553589,,9.79288387298584
1753053102074,,-3.2591071128845215,
1753053102075,0.04010287672281265,-3.0196869373321533,10.310030937194824
1753053102124,,-3.5224692821502686,
1753053102125,-0.8265981078147888,,9.357138633728027
1753053102176,-0.3429693877696991,-2.4402899742126465,7.911040782928467
1753053102224,,-3.465008497238159,
1753053102225,-1.2527660131454468,,8.720281600952148
1753053102275,,-1.8800468444824219,
1753053102276,-0.5392939448356628,-2.2487540245056152,6.7714009284973145
1753053102324,-1.3293805122375488,-3.4410665035247803,8.935759544372559
1753053102375,-0.40521863102912903,-2.2679076194763184,6.852803707122803
1753053102424,-0.9415197968482971,-4.451419353485107,12.048221588134766
1753053102475,,-2.866457939147949,
1753053102476,-0.4866214990615845,,6.790554523468018
1753053102524,-0.19931729137897491,-4.283825397491455,
1753053102525,0.3513490855693817,,13.992313385009766
1753053102575,0.29388827085494995,-2.3780407905578613,6.450577735900879
1753053102576,,,7.197568893432617
1753053102624,-1.7507599592208862,-4.211999416351318,13.221380233764648
1753053102675,0.7152677774429321,-2.4594438076019287,6.642114162445068
1753053102723,,-2.5073277950286865,
1753053102724,-1.2431892156600952,-3.4410665035247803,6.522404193878174
1753053102774,,-3.421912670135498,
1753053102775,-1.003769040107727,-2.713229179382324,9.481637001037598
1753053102825,,-4.331709384918213,
1753053102826,-1.3341689109802246,-4.197634220123291,10.185532569885254
1753053102874,0.11192893236875534,-2.449866771697998,
1753053102875,-0.08439560979604721,,8.720281600952148
1753053102924,-0.5249287486076355,-6.07468843460083,15.893309593200684
1753053102976,-0.7882909178733826,-1.4443022012710571,2.7682957649230957
1753053103025,-1.2192472219467163,-3.2638955116271973,11.713033676147461
1753053103075,,-4.681262969970703,
1753053103076,0.04010287672281265,,10.487201690673828
1753053103125,0.13108254969120026,-3.09151291847229,8.203133583068848
1753053103174,-1.4012064933776855,-2.406771183013916,
1753053103175,,,6.9677252769470215
1753053103225,-0.4770447015762329,-3.0436289310455322,9.21827507019043
1753053103274,-0.5776011347770691,-2.93349552154541,7.446565628051758
1753053103325,-0.9702502489089966,-2.473809003829956,7.820061206817627
1753053103374,-0.9080010056495667,-2.5121161937713623,7.020398139953613
1753053103375,,,8.935759544372559
1753053103425,-1.14742112159729,-3.4410665035247803,9.606135368347168
1753053103426,,,8.126519203186035
1753053103474,,-2.6605565547943115,
1753053103475,-0.060453593730926514,,8.839991569519043
1753053103525,-0.3860650360584259,-3.757101058959961,11.066598892211914
1753053103574,-0.7068880796432495,-3.62302565574646,9.208698272705078
1753053103625,-0.6590040326118469,-2.962226152420044,10.22383975982666
1753053103626,,,10.630853652954102
1753053103674,-1.5161281824111938,-3.0627825260162354,9.869498252868652
1753053103725,-0.2519897222518921,-3.7187938690185547,10.037092208862305
1753053103774,-1.1186907291412354,-3.5942952632904053,9.25179386138916
1753053103826,-0.6063315868377686,-2.5791537761688232,9.19433307647705
1753053103874,-1.2192472219467163,-4.0970778465271,11.808801651000977
1753053103925,,-2.2439656257629395,
1753053103926,-0.0077811554074287415,,6.575076580047607
1753053103974,-1.3293805122375488,-4.010886192321777,10.573392868041992
1753053104025,,-3.268683910369873,
1753053104026,-0.7691373229026794,,7.647678852081299
1753053104074,-0.9510966539382935,-3.5224692821502686,9.95090103149414
1753053104125,,-3.2974143028259277,
1753053104126,-0.8936358094215393,,8.835203170776367
1753053104174,-0.6733692288398743,-3.646967649459839,
1753053104175,0.2795230448246002,,12.163143157958984
1753053104225,,-2.627037763595581,
1753053104226,0.34656068682670593,-4.1210198402404785,7.408258438110352
1753053104274,,-1.8896236419677734,
1753053104275,-0.8984242081642151,,7.120954513549805
1753053104325,,-3.378817081451416,
1753053104326,-0.6733692288398743,,8.883087158203125
1753053104374,-0.24241292476654053,-2.5935189723968506,
1753053104375,,,7.226299285888672
1753053104425,-0.8361749649047852,-3.311779499053955,9.045892715454102
1753053104474,,-2.895188331604004,
1753053104475,-0.7116764783859253,,8.303689956665039
1753053104525,-1.2814964056015015,-3.8289270401000977,9.922170639038086
1753053104574,-0.32381579279899597,-2.8856115341186523,
1753053104575,,,9.261370658874512
1753053104625,,-4.2311530113220215,
1753053104626,-0.6494272351264954,,12.65156078338623
1753053104674,0.27473464608192444,-2.9047651290893555,
1753053104675,-0.9415197968482971,,7.571064472198486
1753053104725,-1.7747019529342651,-3.1968579292297363,
1753053104726,,,9.586981773376465
1753053104774,-1.0468647480010986,-3.153762102127075,8.897452354431152
1753053104775,,,7.93019437789917
1753053104825,,-2.674921751022339,
1753053104826,-0.9846154451370239,-3.1489737033843994,7.8727335929870605
1753053104874,-0.5871779918670654,-2.689286947250366,
1753053104875,-0.9510966539382935,,7.580641269683838
1753053104925,,-3.579930067062378,
1753053104926,-1.6071078777313232,,9.366715431213379
1753053104974,,-2.4594438076019287,
1753053104975,0.43754035234451294,,8.437765121459961
1753053105025,-1.2096704244613647,-3.7714662551879883,9.692327499389648
1753053105074,-0.5728127360343933,-2.627037763595581,5.98610258102417
1753053105125,-1.0899603366851807,-4.700416564941406,14.174272537231445
1753053105174,-0.4387374520301819,-4.293402194976807,
1753053105175,,,10.137648582458496
1753053105225,,-2.895188331604004,
1753053105226,-1.4873977899551392,,9.304466247558594
1753053105274,-1.5400702953338623,-3.1010897159576416,
1753053105275,-1.6262614727020264,,8.725069999694824
1753053105325,-1.2192472219467163,-3.7235822677612305,9.749788284301758
1753053105374,-1.2144588232040405,-3.848080635070801,9.855133056640625
1753053105426,-1.003769040107727,-2.8568811416625977,8.634089469909668
1753053105474,,-3.9246952533721924,
1753053105475,-1.832162857055664,,10.884639739990234
1753053105525,-0.5728127360343933,-3.450643301010132,
1753053105526,,,9.644442558288574
1753053105574,-1.4634557962417603,-4.226364612579346,10.793660163879395
1753053105575,,,10.420164108276367
1753053105626,-0.8361749649047852,-3.2638955116271973,8.653243064880371
1753053105675,-1.2575544118881226,-3.8337154388427734,10.43931770324707
1753053105725,-0.74040687084198,-2.9047651290893555,7.911040782928467
1753053105774,-1.2814964056015015,-3.6900634765625,9.692327499389648
1753053105825,,-2.698863983154297,
1753053105826,-0.2663549482822418,,7.518392086029053
1753053105874,-1.5496470928192139,-3.4123358726501465,
1753053105875,,,8.835203170776367
1753053105925,,-2.765901565551758,
1753053105926,-0.5153518915176392,,7.705139636993408
1753053105974,-1.2144588232040405,-3.4793736934661865,9.52473258972168
1753053106025,,-3.287837505340576,
1753053106026,-0.9846154451370239,,8.06427001953125
1753053106074,-1.14742112159729,-3.378817081451416,9.625288963317871
1753053106075,,,9.452906608581543
1753053106125,-0.9415197968482971,-3.776254653930664,
1753053106126,,,9.481637001037598
1753053106174,-1.0516531467437744,-3.910329818725586,10.401010513305664
1753053106224,,-3.5942952632904053,
1753053106225,-0.8649053573608398,-3.9246952533721924,9.132083892822266
1753053106273,,-3.488950490951538,
1753053106274,-1.0133458375930786,-2.895188331604004,10.295665740966797
1753053106325,,-3.0771477222442627,
1753053106326,-0.6973112225532532,,8.045116424560547
1753053106374,-1.0372878313064575,-3.3644518852233887,8.863933563232422
1753053106425,,-3.158550500869751,
1753053106426,-0.7499836683273315,-3.536834478378296,8.442553520202637
1753053106474,-0.2950853705406189,-3.005321741104126,
1753053106475,,,8.571840286254883
1753053106525,-1.1761516332626343,-3.230376720428467,7.844003200531006
1753053106526,,,9.457695007324219
1753053106574,-0.884058952331543,-3.029263734817505,8.054693222045898
1753053106625,-1.2958617210388184,-3.536834478378296,8.777742385864258
1753053106674,,-2.895188331604004,
1753053106675,-0.5153518915176392,,8.24622917175293
1753053106725,,-3.9390604496002197,
1753053106726,-1.4969745874404907,-4.5854949951171875,9.716269493103027
1753053106774,-0.6733692288398743,-3.1441853046417236,7.8056960105896
1753053106825,,-4.197634220123291,
1753053106826,-1.4347254037857056,,11.823166847229004
1753053106874,-0.21368250250816345,-3.139396905899048,8.672396659851074
1753053106924,,-3.555988073348999,
1753053106925,-1.391629695892334,-3.78104305267334,9.452906608581543
1753053106974,-0.8122329115867615,-2.6557681560516357,7.484873294830322
1753053107025,-0.5345055460929871,-2.8808231353759766,8.715493202209473
1753053107074,,-5.835268020629883,
1753053107075,-2.674921751022339,-5.705981254577637,8.94533634185791
1753053107125,-1.6166846752166748,-1.2958617210388184,
1753053107126,-0.49619829654693604,,5.794566631317139
1753053107174,,-5.964554786682129,
1753053107175,-0.0077811554074287415,-1.5496470928192139,17.348983764648438
1753053107226,0.15981295704841614,-2.1481974124908447,2.4618380069732666
1753053107274,-1.3820528984069824,-1.5209165811538696,6.369174957275391
1753053107325,-1.1234791278839111,-5.097854137420654,
1753053107326,-2.296638011932373,,12.345102310180664
1753053107374,-0.39564183354377747,-4.168903827667236,
1753053107375,,,8.85435676574707
1753053107425,,-3.450643301010132,
1753053107426,-1.7651251554489136,,9.270947456359863
1753053107474,,-3.2351651191711426,
1753053107475,-1.061229944229126,-3.7858314514160156,8.983643531799316
1753053107526,-1.247977614402771,-3.9869444370269775,9.79288387298584
1753053107575,-0.8553285598754883,-3.1920695304870605,8.921394348144531
1753053107625,-1.080383539199829,-3.5464112758636475,9.701904296875
1753053107674,-1.367687702178955,-3.488950490951538,7.7195048332214355
1753053107724,,-3.560776472091675,
1753053107725,-1.1761516332626343,,10.73141098022461
1753053107773,,-3.8097734451293945,
1753053107774,-0.6302735805511475,-3.4554316997528076,10.051457405090332
1753053107825,,-3.2543187141418457,
1753053107826,-1.2910733222961426,-3.6326024532318115,8.054693222045898
1753053107874,,-3.316567897796631,
1753053107875,-1.6932991743087769,,7.317278861999512
1753053107925,,-3.575141668319702,
1753053107926,-1.3293805122375488,-2.694075345993042,10.477624893188477
1753053107974,-0.8409633636474609,-3.8768110275268555,
1753053107975,,,9.610923767089844
1753053108026,-1.1234791278839111,-3.3405098915100098,8.916605949401855
1753053108074,,-3.536834478378296,
1753053108075,-1.6741455793380737,,9.328408241271973
1753053108125,,-3.5176808834075928,
1753053108126,0.13108254969120026,,10.650007247924805
1753053108174,,-3.1729156970977783,
1753053108175,-0.6877344250679016,,8.040328025817871
1753053108225,-1.4059948921203613,-3.934272050857544,10.975619316101074
1753053108274,-1.0085574388504028,-3.0579941272735596,
1753053108275,-0.7978677153587341,,8.456918716430664
1753053108325,-0.5345055460929871,-3.048417329788208,9.922170639038086
1753053108374,,-3.5511996746063232,
1753053108375,-1.4969745874404907,,8.375515937805176
1753053108425,,-3.110666513442993,
1753053108426,-0.4626794755458832,,8.983643531799316
1753053108474,,-3.1968579292297363,
1753053108475,-1.0755951404571533,-2.9670145511627197,7.93019437789917
1753053108525,,-2.454655408859253,
1753053108526,-0.8505401611328125,-2.4402899742126465,8.662819862365723
1753053108574,-1.0229226350784302,-3.24953031539917,
1753053108575,,,9.079411506652832
1753053108625,,-2.7754783630371094,
1753053108626,-0.8601169586181641,,9.630077362060547
1753053108674,,-2.8185739517211914,
1753053108675,-1.080383539199829,-2.9478609561920166,9.223063468933105
1753053108725,-0.2759317457675934,-3.0819361209869385,10.808025360107422
1753053108774,-0.4818331003189087,-4.556764602661133,11.449670791625977
1753053108825,-1.2431892156600952,-2.938283920288086,9.00279712677002
1753053108874,-1.2862848043441772,-3.5655648708343506,
1753053108875,-0.639850378036499,,9.668384552001953
1753053110314,,-3.4075474739074707,
1753053110315,-0.23762452602386475,-3.354875087738037,9.256582260131836
1753053110317,-0.8409633636474609,-3.5703532695770264,9.835979461669922
1753053110371,-0.74040687084198,-2.785055160522461,7.8296380043029785
1753053110416,,-3.6565444469451904,
1753053110417,-0.9127894043922424,-3.646967649459839,9.534309387207031
1753053110466,-0.8792705535888672,-3.2112231254577637,9.132083892822266
1753053110515,,-3.287837505340576,
1753053110516,-1.2623428106307983,-3.62302565574646,8.744223594665527
1753053110566,-0.9080010056495667,-3.5464112758636475,
1753053110567,,,10.137648582458496
1753053110615,,-3.3500866889953613,
1753053110616,-1.3102269172668457,,9.438541412353516
1753053111620,-0.7116764783859253,-3.3022027015686035,10.118494987487793
1753053111627,-1.3198037147521973,-3.666121244430542,8.64366626739502
1753053111679,,-3.00053334236145,
1753053111680,-0.6111199855804443,,6.656479358673096
1753053111729,-1.5783774852752686,-3.3740286827087402,9.443329811096191
1753053111780,-0.5728127360343933,-3.139396905899048,8.930971145629883
1753053111828,,-3.90554141998291,
1753053111829,-0.9271546006202698,-2.7563247680664062,9.730634689331055
1753053111880,-0.16101007163524628,-2.7275943756103516,9.323619842529297
1753053111928,,-3.287837505340576,
1753053111929,-1.3533225059509277,-2.919130325317383,7.044340133666992
1753053112701,-0.9941922426223755,-3.067570924758911,
1753053112702,,,8.792107582092285
1753053112709,,-2.1721394062042236,
1753053112710,-1.2144588232040405,-3.848080635070801,6.56071138381958
1753053112763,-0.558447539806366,-2.7467479705810547,
1753053112764,,,6.522404193878174
1753053112811,-1.0947487354278564,-2.2822728157043457,6.431424140930176
1753053112862,-1.0229226350784302,-3.273472309112549,8.969278335571289
1753053112911,-0.6637924313545227,-2.4881742000579834,6.95814847946167
1753053112962,,-2.6174609661102295,
1753053112963,-0.9989806413650513,,7.978078842163086
1753053113011,-2.3349452018737793,-5.169680118560791,
1753053113380,-0.14185644686222076,-3.0436289310455322,
1753053113381,,,8.547898292541504
1753053113388,-0.8122329115867615,-3.1010897159576416,8.490437507629395
1753053113439,,-3.2638955116271973,
1753053113440,-0.9798270463943481,,8.825626373291016
1753053113490,-2.1098902225494385,-3.3405098915100098,
1753053113491,,,9.630077362060547
1753053116273,,-2.943072557449341,
1753053116274,-0.639850378036499,-3.8097734451293945,8.413823127746582
1753053116275,,,8.456918716430664
1753053116278,,,9.409811019897461
1753053116279,-1.3820528984069824,-4.690839767456055,10.975619316101074
1753053116331,-1.4443022012710571,-3.053205728530884,7.753023624420166
1753053116380,,-3.4314894676208496,
1753053116381,-0.9510966539382935,-3.6086604595184326,10.506355285644531
1753053116431,,-2.1051018238067627,
1753053116432,-0.07003039866685867,-1.2910733222961426,8.18876838684082
1753053116480,-0.8936358094215393,-2.6414029598236084,8.260594367980957
1753053116531,-0.8265981078147888,-1.913565754890442,6.268618583679199
1753053116581,-1.5304933786392212,-3.2591071128845215,9.199121475219727
1753053116632,-1.5304933786392212,-3.6804866790771484,8.55268669128418
1753053116680,-0.821809709072113,-3.6134488582611084,10.582969665527344
1753053116731,,-4.044404983520508,
1753053116732,-0.49619829654693604,-4.010886192321777,11.396998405456543
1753053116781,-0.9080010056495667,-4.140173435211182,11.885416030883789
1753053116832,,-3.9246952533721924,
1753053116833,-0.7547720670700073,,11.507131576538086
1753053116881,-1.3389573097229004,-3.2160115242004395,10.290877342224121
1753053116932,-0.16101007163524628,-3.1489737033843994,10.252570152282715
1753053116981,-1.348534107208252,-2.914341926574707,
1753053116982,,,8.093000411987305
1753053117032,-0.42437225580215454,-2.6797101497650146,8.452130317687988
1753053117081,,-2.741959571838379,
1753053117082,-1.2814964056015015,,7.063493728637695
1753053117132,-0.6925228238105774,-2.852092742919922,9.270947456359863
1753053117180,,-3.555988073348999,
1753053117181,-1.4107834100723267,,8.705916404724121
1753053117232,-0.9319429993629456,-2.981379747390747,9.40023422241211
1753053117281,-0.6925228238105774,-4.240729808807373,12.421716690063477
1753053117332,-1.080383539199829,-2.8377275466918945,7.53275728225708
1753053117381,-1.6166846752166748,-3.3069911003112793,10.367491722106934
1753053117432,,-3.426701068878174,
1753053117433,-0.06524199992418289,-3.2112231254577637,9.807249069213867
1753053117482,-0.960673451423645,-3.709217071533203,9.428964614868164
1753053117532,-0.4770447015762329,-2.785055160522461,
1753053117533,,,8.725069999694824
1753053117581,-1.5879542827606201,-3.359663486480713,
1753053117582,,,9.1847562789917
1753053117633,-0.5057750940322876,-3.1920695304870605,9.21827507019043
1753053117681,-1.1186907291412354,-3.230376720428467,8.921394348144531
1753053117732,-1.1234791278839111,-3.5416228771209717,10.051457405090332
1753053117781,,-3.230376720428467,
1753053117782,-1.104325532913208,,9.625288963317871
1753053117832,-0.4531026780605316,-3.465008497238159,10.468048095703125
1753053117881,-1.2623428106307983,-3.536834478378296,
1753053117882,-1.4443022012710571,,9.855133056640625
1753053117932,-0.6015431880950928,-3.4602200984954834,10.286088943481445
1753053117981,,-3.4123358726501465,
1753053117982,-1.224035620689392,,9.75936508178711
1753053118032,-0.314238965511322,-3.206434726715088,9.548674583435059
1753053118081,,-3.24953031539917,
1753053118082,-1.1905168294906616,,9.744999885559082
1753053118132,0.0975637212395668,-2.895188331604004,
1753053118133,,,8.935759544372559
1753053118181,-1.425148606300354,-3.3022027015686035,8.897452354431152
1753053118232,-0.5057750940322876,-2.780266761779785,8.940547943115234
1753053118281,,-3.5847184658050537,
1753053118282,-1.6166846752166748,,9.788095474243164
1753053118332,-0.2950853705406189,-2.7515363693237305,
1753053118333,,,8.485649108886719
1753053118381,-1.18094003200531,-3.330933094024658,
1753053118382,-1.061229944229126,,9.936535835266113
1753053118432,,-3.067570924758911,
1753053118433,-0.6542156338691711,-2.9526493549346924,8.921394348144531
1753053118482,-1.1234791278839111,-3.6278140544891357,10.645218849182129
1753053118532,-0.6637924313545227,-3.0771477222442627,
1753053118533,-0.6015431880950928,,9.079411506652832
1753053118580,,-3.666121244430542,
1753053118581,-0.9510966539382935,-3.397970676422119,10.879851341247559
1753053118632,-0.3190273642539978,-2.9047651290893555,8.51916790008545
1753053118681,-1.3006501197814941,-3.3740286827087402,9.965266227722168
1753053118731,-0.28550854325294495,-2.9670145511627197,
1753053118732,-1.5304933786392212,,8.380304336547852
1753053118781,-1.1761516332626343,-3.383605480194092,9.931747436523438
1753053118832,-0.18495208024978638,-2.8568811416625977,8.658031463623047
1753053118833,,,7.834426403045654
1753053118881,-1.2575544118881226,-3.819350242614746,
1753053118882,,,10.788871765136719
1753053118932,,-2.828150749206543,
1753053118933,-0.18974047899246216,-3.158550500869751,8.447341918945312
1753053118981,-1.1713632345199585,-3.9007530212402344,10.879851341247559
1753053118982,,,9.984419822692871
1753053119032,0.07841010391712189,-2.8616695404052734,
1753053119033,-1.3533225059509277,,8.801684379577637
1753053119081,,-4.034828186035156,
1753053119082,-0.8313865661621094,,11.277288436889648
1753053119132,,-2.5025393962860107,
1753053119133,-0.39564183354377747,,7.441777229309082
1753053119181,-1.4299370050430298,-3.555988073348999,
1753053119182,,,10.367491722106934
1753053119232,0.22206220030784607,-2.454655408859253,8.054693222045898
1753053119281,-1.061229944229126,-3.5942952632904053,10.683526992797852
1753053119282,,,9.079411506652832
1753053119332,-0.7978677153587341,-2.8329391479492188,7.173626899719238
1753053119381,-1.0516531467437744,-3.0196869373321533,9.936535835266113
1753053119432,,-3.225588321685791,
1753053119433,-0.5249287486076355,,9.098565101623535
1753053119481,-1.4873977899551392,-3.5895068645477295,
1753053119482,,,10.602123260498047
1753053119532,-0.30466216802597046,-3.4123358726501465,9.73542308807373
1753053119581,-0.7930793166160583,-3.7475242614746094,10.827178955078125
1753053119632,-0.7691373229026794,-2.516904592514038,7.642890453338623
1753053122539,,-3.8049850463867188,
1753053122540,-1.5017629861831665,-3.273472309112549,11.143213272094727
1753053122544,-1.2527660131454468,-3.958214044570923,10.875062942504883
1753053122589,,-3.642179250717163,
1753053122590,-0.5057750940322876,-4.015674591064453,9.553462982177734
1753053122640,,-3.4602200984954834,
1753053122641,-0.7451952695846558,-3.4314894676208496,8.998008728027344
1753053122692,-0.9127894043922424,-2.9957449436187744,7.834426403045654
1753053122740,-1.0181342363357544,-3.4745852947235107,
1753053122741,,,9.371503829956055
1753053122790,-0.6254851818084717,-3.3069911003112793,
1753053122791,-1.5017629861831665,,8.088212013244629
1753053122848,,-3.383605480194092,
1753053122849,-0.4339490532875061,,9.668384552001953
1753053122896,-1.932719349861145,-4.393958568572998,9.85034465789795
1753053122947,-0.6829460263252258,-3.450643301010132,9.266159057617188
1753053122995,,-3.666121244430542,
1753053122996,-1.4059948921203613,-4.063559055328369,9.304466247558594
1753053123047,,-4.111443042755127,
1753053123048,-1.3198037147521973,-3.7235822677612305,9.448118209838867
1753053123096,-2.358887195587158,-3.3740286827087402,8.543109893798828
1753053127493,,-3.7906198501586914,
1753053127494,,-3.512892484664917,
1753053127495,-0.7116764783859253,-3.953425645828247,
1753053127496,-1.5975310802459717,,9.864709854125977
1753053127545,,-4.1641154289245605,
1753053127546,-1.3293805122375488,-3.445854902267456,11.282076835632324
1753053127595,,-3.6326024532318115,
1753053127596,-1.2671312093734741,,9.553462982177734
1753053127646,,-4.283825397491455,
1753053127647,-1.6932991743087769,,10.16637897491455
1753053128716,-1.4107834100723267,-2.981379747390747,8.332420349121094
1753053128721,-0.35254621505737305,-3.24953031539917,9.716269493103027
1753053128773,,-4.264671802520752,
1753053128774,-1.5400702953338623,-4.1641154289245605,10.180744171142578
1753053128824,,-3.709217071533203,
1753053128825,-1.367687702178955,,8.681973457336426
1753053130211,,-3.5847184658050537,
1753053130212,-1.4730325937271118,-4.489726543426514,9.424176216125488
1753053130219,,-3.5224692821502686,
1753053130220,-1.0468647480010986,-2.8616695404052734,10.549450874328613
1753053130271,,-3.426701068878174,
1753053130272,-1.003769040107727,,9.898228645324707
1753053130322,,-3.642179250717163,
1753053130323,-1.3389573097229004,,8.049904823303223
1753053130370,,-3.867234230041504,
1753053130371,-1.4586673974990845,-3.2591071128845215,10.233416557312012
1753053130414,-0.7691373229026794,-3.3931822776794434,8.67718505859375
1753053130462,-1.5161281824111938,-4.183269023895264,11.358691215515137
1753053130463,,,10.482413291931152
1753053130511,-1.128267526626587,-3.2543187141418457,8.054693222045898
1753053130562,-1.2096704244613647,-4.441842555999756,12.00991439819336
1753053130611,,-3.757101058959961,
1753053130612,-1.2000936269760132,,9.328408241271973
1753053130662,-1.0995371341705322,-3.3452982902526855,9.299677848815918
1753053130705,-1.2000936269760132,-3.819350242614746,11.07138729095459
1753053130752,-1.468244194984436,-3.445854902267456,7.173626899719238
1753053130803,-1.2144588232040405,-3.488950490951538,9.926959037780762
1753053130852,,-3.0819361209869385,
1753053130853,0.4040215313434601,,8.054693222045898
1753053130903,-2.052429437637329,-3.6086604595184326,
1753053130904,,,9.199121475219727
1753053130952,,-2.9478609561920166,
1753053130953,-1.1713632345199585,,7.255029678344727
1753053131003,,-3.426701068878174,
1753053131004,-1.080383539199829,-2.9047651290893555,9.788095474243164
1753053131052,,-3.09151291847229,
1753053131053,-0.16101007163524628,,8.380304336547852
1753053131104,,-3.2112231254577637,
1753053131105,-1.9614497423171997,-2.7467479705810547,7.360374450683594
1753053131153,-1.7459715604782104,-3.867234230041504,10.16637897491455
1753053131204,-0.3621230125427246,-3.139396905899048,
1753053131205,,,7.518392086029053
1753053131253,-1.3628993034362793,-3.90554141998291,10.578181266784668
1753053131336,,-3.24953031539917,
1753053131337,-0.6206967830657959,-3.201646327972412,8.595782279968262
1753053131341,,-3.5655648708343506,
1753053131342,-0.9846154451370239,,10.329184532165527
1753053131389,-0.6302735805511475,-3.90554141998291,10.482413291931152
1753053131439,,-3.977367639541626,
1753053131440,-1.7651251554489136,,9.19433307647705
1753053131489,-0.6159083843231201,-3.1681272983551025,8.523956298828125
1753053131540,-0.9271546006202698,-3.9677908420562744,10.568604469299316
1753053131589,,-3.450643301010132,
1753053131590,-0.9798270463943481,,8.667608261108398
1753053131640,-0.9558850526809692,-3.072359323501587,
1753053131641,,,9.041104316711426
1753053131689,-1.1713632345199585,-3.0196869373321533,7.537545680999756
1753053131740,-1.2862848043441772,-3.694851875305176,9.419387817382812
1753053131788,,-3.330933094024658,
1753053131789,-1.3628993034362793,-3.7666778564453125,7.3220672607421875
1753053131839,,-3.9151182174682617,
1753053131840,-1.1617863178253174,,10.53029727935791
1753053131889,-1.0516531467437744,-3.3069911003112793,8.753800392150879
1753053131940,-1.0755951404571533,-3.359663486480713,9.452906608581543
1753053131941,,,9.481637001037598
1753053131989,-0.9510966539382935,-2.9957449436187744,8.12173080444336
1753053132040,-1.7268179655075073,-4.508880138397217,10.554239273071289
1753053132089,-1.0708067417144775,-3.397970676422119,8.926182746887207
1753053132140,-1.18094003200531,-3.445854902267456,
1753053132141,-0.9175778031349182,,9.247005462646484
1753053132189,,-3.7427358627319336,
1753053132190,-1.0899603366851807,,10.37228012084961
1753053136888,-1.247977614402771,-3.4985272884368896,7.695562839508057
1753053136889,-1.1905168294906616,-2.8808231353759766,10.966042518615723
1753053136894,-1.0516531467437744,-3.824138641357422,10.477624893188477
1753053136947,-0.9894038438796997,-3.8528690338134766,9.845556259155273
1753053136997,-0.884058952331543,-2.7563247680664062,7.537545680999756
1753053137046,-0.7691373229026794,-3.2160115242004395,8.916605949401855
1753053137096,,-2.694075345993042,
1753053137097,-0.2950853705406189,,7.374739646911621
1753053137145,,-3.4362781047821045,
1753053137146,-1.1091139316558838,-3.3644518852233887,8.614935874938965
1753053137197,-1.0420763492584229,-3.005321741104126,7.221510887145996
1753053137246,-1.5592238903045654,-3.7044286727905273,9.716269493103027
1753053137297,,-2.871246337890625,
1753053137298,-0.14664486050605774,,8.64366626739502
1753053137346,-1.425148606300354,-4.6285905838012695,11.569380760192871
1753053137396,,-3.5224692821502686,
1753053137397,-1.468244194984436,-3.139396905899048,8.562263488769531
1753053137445,,-4.422688961029053,
1753053137446,-0.884058952331543,-3.9246952533721924,13.508684158325195
1753053137496,,-3.383605480194092,
1753053137497,-0.6350619792938232,-3.8145618438720703,8.011597633361816
1753053137545,,-3.445854902267456,
1753053137546,-1.6166846752166748,-3.268683910369873,9.563039779663086
1753053137597,-0.8601169586181641,-3.685275077819824,9.270947456359863
1753053137645,,-2.871246337890625,
1753053137646,-0.7451952695846558,,7.585429668426514
1753053137696,,-3.7858314514160156,
1753053137697,-1.3772644996643066,-3.4841620922088623,9.82640266418457
1753053137746,,-3.4362781047821045,
1753053137747,-1.1953052282333374,,8.18876838684082
1753053137795,,-3.4602200984954834,
1753053137796,-0.7547720670700073,,9.088988304138184
1753053137846,,-3.733159065246582,
1753053137847,-1.5735890865325928,,9.582193374633789
1753053137895,,-3.1441853046417236,
1753053137896,-1.0947487354278564,,7.441777229309082
1753053162241,,-4.6285905838012695,
1753053162242,-1.3964180946350098,-3.09151291847229,11.8040132522583
1753053162271,,-3.273472309112549,
1753053162272,,-2.56000018119812,
1753053162273,-0.8936358094215393,-2.406771183013916,
1753053162274,-1.3293805122375488,,8.107365608215332
1753053162275,,,10.702680587768555
1753053162276,,-3.153762102127075,9.232640266418457
1753053162325,-0.6542156338691711,-2.272696018218994,7.456142425537109
1753053162376,-0.17537526786327362,-3.1010897159576416,11.373056411743164
1753053162427,-0.26156654953956604,-2.852092742919922,6.330867767333984
1753053162476,-0.3621230125427246,-1.731606364250183,7.671620845794678
1753053162555,-0.5057750940322876,-4.1641154289245605,11.219827651977539
1753053162558,-0.639850378036499,-3.3213562965393066,9.998785018920898
1753053162606,,-2.387617588043213,
1753053162607,-0.6206967830657959,,8.136096000671387
1753053162656,-0.9702502489089966,-2.8568811416625977,8.270171165466309
1753053162707,-0.28072014451026917,-2.9239187240600586,9.007585525512695
1753053162756,,-3.18249249458313,
1753053162757,0.2124854028224945,,9.668384552001953
1753053162807,-0.8122329115867615,-2.2679076194763184,6.479308128356934
1753053162856,,-2.5743653774261475,
1753053162857,-0.41958385705947876,,8.873510360717773
1753053162906,-0.4387374520301819,-3.2399535179138184,8.260594367980957
1753053162956,,-2.741959571838379,
1753053162957,0.016160860657691956,-3.177704095840454,8.897452354431152
1753053163007,,-3.2638955116271973,
1753053163008,-0.8888474106788635,,9.88386344909668
1753053163056,0.27473464608192444,-3.2351651191711426,
1753053163057,,,10.511143684387207
1753053163107,-0.7116764783859253,-2.8616695404052734,8.739435195922852
1753053163156,,-3.3931822776794434,
1753053163157,-0.6206967830657959,-2.1529858112335205,10.06582260131836
1753053163207,,-3.1058781147003174,
1753053163208,-0.4339490532875061,,9.170391082763672
1753053163255,,-1.8704700469970703,
1753053163256,0.6482301354408264,-3.2207999229431152,6.1967926025390625
1753053163301,-2.258330821990967,-4.197634220123291,10.975619316101074
1753053163348,,-2.804208755493164,
1753053163350,-0.09876082092523575,,7.810484409332275
1753053163398,-0.884058952331543,-3.1441853046417236,11.095329284667969
1753053163447,-0.49140989780426025,-3.733159065246582,9.476848602294922
1753053163499,-0.6494272351264954,-2.521692991256714,8.351573944091797
1753053163548,,-3.3069911003112793,
1753053163549,-1.0181342363357544,,9.208698272705078
1753053163599,,-3.1872811317443848,
1753053163600,-0.7595604658126831,-2.7036523818969727,9.170391082763672
1753053163648,,-3.2207999229431152,
1753053163649,-0.8122329115867615,,8.653243064880371
1753053163699,-1.0181342363357544,-3.2782607078552246,
1753053163700,,,10.113706588745117
1753053163748,-1.0085574388504028,-3.910329818725586,
1753053163749,,,11.286865234375
1753053164316,-0.02693476900458336,-2.5073277950286865,8.734646797180176
1753053164322,,-2.698863983154297,
1753053164323,0.17896658182144165,-3.4362781047821045,7.575852870941162
1753053164374,-0.18974047899246216,-3.09151291847229,9.237428665161133
1753053164426,-1.4395138025283813,-3.2207999229431152,8.935759544372559
1753053164474,-0.18495208024978638,-2.674921751022339,8.145672798156738
1753053164525,-1.5352818965911865,-3.5224692821502686,9.73542308807373
1753053164574,-0.13706804811954498,-3.1489737033843994,8.998008728027344
1753053164625,-1.7076643705368042,-3.354875087738037,9.64923095703125
1753053164674,-0.558447539806366,-2.804208755493164,8.42818832397461
1753053164728,-0.9558850526809692,-3.795408248901367,11.373056411743164
1753053164776,-1.0229226350784302,-3.292625904083252,9.199121475219727
1753053164826,-0.8696937561035156,-2.8999767303466797,9.764153480529785
1753053164877,-1.247977614402771,-2.804208755493164,9.19433307647705
1753053164925,,-3.3452982902526855,
1753053164926,-0.39564183354377747,,8.830414772033691
1753053164977,-1.7172411680221558,-3.0340521335601807,8.394669532775879
1753053165532,,-2.698863983154297,
1753053165533,-0.01735796220600605,,7.8727335929870605
1753053165540,-1.0133458375930786,-3.067570924758911,9.409811019897461
1753053165589,-0.4387374520301819,-2.9287071228027344,8.088212013244629
1753053165640,-1.5592238903045654,-2.7467479705810547,8.614935874938965
1753053165690,-2.057217836380005,-4.044404983520508,10.04188060760498
1753053165740,,-3.1872811317443848,
1753053165741,-0.5823895931243896,,9.165602684020996
1753053165789,,-3.9246952533721924,
1753053165790,-1.3006501197814941,-3.4410665035247803,10.712257385253906
1753053167453,-0.2711433470249176,-3.0819361209869385,
1753053167454,-0.414795458316803,,8.33720874786377
1753053167457,-1.5496470928192139,-4.068347454071045,10.578181266784668
1753053167505,-0.5440823435783386,-1.8082208633422852,6.421847343444824
1753053167555,-0.778714120388031,-3.8097734451293945,11.042656898498535
1753053167608,0.3800795078277588,-2.852092742919922,
1753053167609,,,7.326855659484863
1753053167655,,-3.575141668319702,
1753053167656,-2.473809003829956,,9.668384552001953
1753053167705,-1.0660183429718018,-3.048417329788208,8.011597633361816
1753053167756,,-3.646967649459839,
1753053167757,-1.3341689109802246,,11.641206741333008
1753053167830,,-4.269460201263428,
1753053167831,-1.1761516332626343,,10.616488456726074
1753053167878,-0.3908534348011017,-3.6996402740478516,
1753053167879,-0.5488707423210144,,10.310030937194824
1753053167929,-0.9032126069068909,-3.316567897796631,10.19032096862793
1753053167930,,,10.108918190002441
1753053167979,,-2.7323827743530273,
1753053167980,-0.5392939448356628,,8.768165588378906
1753053168028,-1.611896276473999,-3.9917328357696533,
1753053168029,-1.6597803831100464,,10.597334861755371
1753053168080,-0.5105634927749634,-1.635838270187378,5.71316385269165
1753053168340,-1.4107834100723267,-2.6557681560516357,8.011597633361816
1753053168344,-0.6637924313545227,-3.048417329788208,9.754576683044434
1753053168393,-2.1912930011749268,-3.934272050857544,10.396222114562988
1753053168442,-0.5919663906097412,-3.09151291847229,8.600570678710938
1753053168491,-1.367687702178955,-4.010886192321777,11.631629943847656
1753053168542,,-2.3684639930725098,
1753053168543,-0.19931729137897491,,6.445789337158203
1753053168592,-1.9279309511184692,-3.053205728530884,9.213486671447754
1753053168642,,-3.024475336074829,
1753053168643,-0.14664486050605774,,8.236652374267578
1753053168691,,-4.1210198402404785,
1753053168692,-1.688510775566101,-3.110666513442993,10.65479564666748
1753053168742,,-2.3924059867858887,
1753053168743,-0.5392939448356628,-3.62302565574646,7.518392086029053
1753053168792,,-3.9438488483428955,
1753053168793,-1.4634557962417603,-2.473809003829956,11.387421607971191
1753053168841,,-4.216787815093994,
1753053168842,-1.5544354915618896,-4.370016574859619,11.325172424316406
1753053168892,,-3.225588321685791,
1753053168893,-1.1234791278839111,-2.6366145610809326,8.514379501342773
1753053168942,-1.8034324645996094,-3.8720226287841797,10.28130054473877
1753053168992,,-2.7994203567504883,
1753053168993,-0.9941922426223755,,7.4800848960876465
1753053169042,-1.9662381410598755,-3.934272050857544,10.870274543762207
1753053169093,-0.5392939448356628,-2.9047651290893555,7.326855659484863
1753053169142,-1.1665748357772827,-3.5464112758636475,
1753053169143,,,10.266935348510742
1753053169192,,-3.244741916656494,
1753053169193,-0.6733692288398743,-3.067570924758911,8.00680923461914
1753053169242,-1.3772644996643066,-3.757101058959961,10.108918190002441
1753053169293,-0.8361749649047852,-2.8616695404052734,7.62373685836792
1753053169342,-1.7603367567062378,-3.824138641357422,10.70746898651123
1753053169392,,-2.7754783630371094,
1753053169393,-0.9894038438796997,,6.766612529754639
1753053169441,-1.2814964056015015,-3.603872060775757,10.022727012634277
1753053169493,-0.5392939448356628,-3.268683910369873,7.398681640625
1753053169541,-0.5105634927749634,-2.9718029499053955,8.423399925231934
1753053169593,-1.1234791278839111,-3.2591071128845215,8.069058418273926
1753053169642,-0.7212532758712769,-3.0388405323028564,8.452130317687988
1753053169692,,-3.2351651191711426,
1753053169693,-1.1953052282333374,-3.6517560482025146,7.906252384185791
1753053169742,-0.9080010056495667,-2.478597402572632,7.034763336181641
1753053169793,-1.8082208633422852,-4.044404983520508,9.79288387298584
1753053169841,,-3.5655648708343506,
1753053169842,-0.778714120388031,-4.039616584777832,8.476072311401367
1753053169893,-1.7220295667648315,-4.250306606292725,11.492766380310059
1753053169942,-0.7164648771286011,-3.6804866790771484,10.353126525878906
1753053169993,-1.1713632345199585,-3.9821560382843018,10.94688892364502
1753053170042,,-3.4745852947235107,
1753053170043,-1.1761516332626343,,8.533533096313477
1753053170093,-1.6549919843673706,-4.178480625152588,
1753053170094,-0.8265981078147888,,10.73141098022461
1753053170142,-0.884058952331543,-3.512892484664917,8.859145164489746
1753053170143,,,10.013150215148926
1753053170192,,-3.397970676422119,
1753053170193,-1.4730325937271118,-2.718017578125,9.553462982177734
1753053170242,-1.4012064933776855,-3.7235822677612305,9.165602684020996
1753053170293,-1.3581109046936035,-3.2160115242004395,8.538321495056152
1753053170342,,-3.1441853046417236,
1753053170343,-1.0995371341705322,,9.098565101623535
1753053170392,,-3.714005470275879,
1753053170393,-0.9367313981056213,-3.5033156871795654,9.893440246582031
1753053170442,-0.8170213103294373,-2.5073277950286865,7.192780494689941
1753053170493,-2.1529858112335205,-4.6285905838012695,11.516708374023438
1753053170542,-0.6254851818084717,-3.3261446952819824,9.084199905395508
1753053170592,,-3.776254653930664,
1753053170593,-1.4443022012710571,-2.741959571838379,10.424952507019043
1753053170642,-1.8177976608276367,-3.5895068645477295,9.280524253845215
1753053170693,-1.1905168294906616,-3.3022027015686035,9.424176216125488
1753053170742,-1.7411831617355347,-3.7475242614746094,10.161590576171875
1753053170792,,-3.4410665035247803,
1753053170793,-0.9127894043922424,-2.6797101497650146,8.485649108886719
1753053170842,-1.2192472219467163,-3.795408248901367,10.779294967651367
1753053170892,,-3.268683910369873,
1753053170893,-0.8744821548461914,-3.2112231254577637,8.452130317687988
1753053170942,-1.6645687818527222,-3.7235822677612305,11.16236686706543
1753053170992,,-2.7754783630371094,
1753053170993,-0.16101007163524628,-3.2591071128845215,7.853579998016357
1753053171042,-2.4019827842712402,-4.283825397491455,10.650007247924805
1753053185596,-0.08439560979604721,-2.56000018119812,
1753053185597,-0.821809709072113,,7.599794864654541
1753053185598,,-2.9957449436187744,
1753053185599,-0.6590040326118469,-3.1633388996124268,8.380304336547852
1753053185600,,-2.674921751022339,10.089764595031738
1753053185601,-1.5065513849258423,-2.5025393962860107,9.16081428527832
1753053185602,-0.5536591410636902,-4.13059663772583,
1753053185605,-1.104325532913208,-3.7235822677612305,8.624512672424316
1753053185657,-0.30945056676864624,-2.7467479705810547,7.844003200531006
1753053185706,-1.425148606300354,-3.6709096431732178,
1753053185707,-0.9558850526809692,,10.616488456726074
1753053185758,-0.6063315868377686,-3.0867245197296143,
1753053185759,-1.71245276927948,,7.336432456970215
1753053185806,-0.8026561141014099,-2.828150749206543,8.638877868652344
1753053185857,,-3.646967649459839,
1753053185858,-0.8936358094215393,,8.935759544372559
1753053185907,-0.7547720670700073,-2.5695769786834717,6.436212539672852
1753053185957,,-4.125808238983154,
1753053185958,-2.0236990451812744,-2.607884168624878,11.061810493469238
1753053186007,-1.0420763492584229,-4.197634220123291,9.108141899108887
1753053186058,,-3.0148985385894775,
1753053186060,,-3.201646327972412,
1753053186061,-1.5496470928192139,-3.9677908420562744,9.189544677734375
1753053186106,,-3.9246952533721924,
1753053186107,-1.5017629861831665,-3.4075474739074707,10.491990089416504
1753053186157,,-3.3452982902526855,
1753053186158,-0.6159083843231201,-3.776254653930664,8.94533634185791
1753053186206,-1.3198037147521973,-3.4554316997528076,
1753053186207,-0.7068880796432495,,9.797672271728516
1753053186257,,-3.1681272983551025,
1753053186258,-0.9798270463943481,-3.2974143028259277,8.045116424560547
1753053186306,,-3.867234230041504,
1753053186307,-1.899200439453125,,10.22383975982666
1753053186357,-0.7260416746139526,-3.2351651191711426,8.18876838684082
1753053186406,,-4.010886192321777,
1753053186407,,,10.142436981201172
1753053186457,,-3.3405098915100098,
1753053186458,-1.6502034664154053,-3.450643301010132,7.791330814361572
1753053186506,,-3.2591071128845215,
1753053186507,-1.0181342363357544,,8.107365608215332
1753053186558,-2.0189106464385986,-3.7475242614746094,9.247005462646484
1753053186606,-1.0947487354278564,-3.3644518852233887,7.436988830566406
1753053186657,-2.100313425064087,-3.7283706665039062,10.40579891204834
1753053186706,-1.3150153160095215,-4.092289447784424,9.299677848815918
1753053186757,,-3.5176808834075928,
1753053186759,-1.391629695892334,-3.048417329788208,9.701904296875
1753053186807,,-4.149750232696533,
1753053186808,-1.5496470928192139,,11.076175689697266
1753053186857,-0.9127894043922424,-3.3213562965393066,7.834426403045654
1753053186906,,-3.848080635070801,
1753053186907,-1.5592238903045654,,10.616488456726074
1753053186957,-1.0181342363357544,-2.962226152420044,6.876745700836182
1753053187006,,-3.2399535179138184,
1753053187007,-1.731606364250183,,8.868721961975098
1753053187057,-1.3006501197814941,-3.90554141998291,8.715493202209473
1753053187106,,-3.2974143028259277,
1753053187107,-0.49140989780426025,-2.919130325317383,8.557475090026855
1753053187157,-1.2096704244613647,-3.421912670135498,9.203909873962402
1753053187206,-1.2767080068588257,-3.7666778564453125,7.575852870941162
1753053187257,,-3.4123358726501465,
1753053187258,-1.5735890865325928,-3.1968579292297363,10.233416557312012
1753053187306,-1.688510775566101,-3.6517560482025146,8.40424633026123
1753053187357,,-3.311779499053955,
1753053187358,-1.3581109046936035,-4.001309394836426,9.151237487792969
1753053187407,-2.689286947250366,-3.0196869373321533,7.7865424156188965
1753053187458,-0.21847090125083923,-3.6517560482025146,10.961254119873047
1753053187507,-1.5496470928192139,-4.001309394836426,9.199121475219727
1753053187558,-1.14742112159729,-2.7467479705810547,7.187992095947266
1753053187559,,,10.123283386230469
1753053187607,-2.1769278049468994,-3.737947463989258,10.43931770324707
1753053187657,-0.9654618501663208,-3.378817081451416,7.456142425537109
1753053187707,-1.4634557962417603,-4.044404983520508,9.979631423950195
1753053187758,-1.7268179655075073,-3.6086604595184326,8.562263488769531
1753053187807,-0.702099621295929,-3.603872060775757,8.91181755065918
1753053187858,-2.344521999359131,-4.513668537139893,10.362703323364258
1753053187907,-0.5776011347770691,-3.53204607963562,8.998008728027344
1753053187958,-2.0620062351226807,-3.508104085922241,9.00279712677002
1753053188007,-1.5592238903045654,-3.1010897159576416,7.62373685836792
1753053188057,,-3.2974143028259277,
1753053188058,-1.30543851852417,-3.273472309112549,9.045892715454102
1753053188107,-1.688510775566101,-3.3022027015686035,7.484873294830322
1753053188157,,-3.62302565574646,
1753053188158,-1.2767080068588257,-3.2160115242004395,9.630077362060547
1753053188206,,-3.579930067062378,
1753053188207,-2.0189106464385986,-4.417900562286377,8.514379501342773
1753053188258,-2.0045454502105713,-4.2550950050354,9.888651847839355
1753053188307,-1.7794904708862305,-3.795408248901367,11.631629943847656
1753053188357,,-3.508104085922241,
1753053188358,-0.8888474106788635,-4.159327030181885,8.351573944091797
1753053188407,-2.138620615005493,-3.493738889694214,9.8599214553833
1753053188460,,-3.958214044570923,
1753053188461,-0.8744821548461914,-4.365228176116943,9.270947456359863
1753053188507,,-3.0148985385894775,
1753053188508,-0.4770447015762329,,8.011597633361816
1753053188557,-1.5544354915618896,-3.287837505340576,8.452130317687988
1753053188607,-1.18094003200531,-3.3500866889953613,7.8727335929870605
1753053188657,,-3.512892484664917,
1753053188658,-2.0476410388946533,-3.579930067062378,8.5287446975708
1753053188707,-0.32860419154167175,-3.053205728530884,7.776965618133545
1753053188757,,-3.4123358726501465,
1753053188758,-1.6166846752166748,-3.536834478378296,9.1847562789917
1753053188806,,-3.618237257003784,
1753053188807,-1.6741455793380737,,7.9876556396484375
1753053188857,,-3.450643301010132,
1753053188858,-1.8704700469970703,-3.421912670135498,9.764153480529785
1753053188907,-1.0755951404571533,-3.5703532695770264,7.848791599273682
1753053188957,,-3.848080635070801,
1753053188958,-1.688510775566101,-3.2399535179138184,10.238204956054688
1753053189007,-1.9279309511184692,-3.824138641357422,9.00279712677002
1753053189058,-1.0085574388504028,-3.709217071533203,9.697115898132324
1753053189107,-1.6502034664154053,-3.867234230041504,10.286088943481445
1753053189157,,-3.378817081451416,
1753053189158,-0.74040687084198,,8.61972427368164
1753053189207,-1.856104850769043,-3.6996402740478516,10.46325969696045
1753053189257,,-3.273472309112549,
1753053189258,-0.4818331003189087,-3.1250317096710205,8.322843551635742
1753053189306,-1.1857284307479858,-3.5511996746063232,10.559027671813965
1753053189307,,,8.294113159179688
1753053189357,-0.38127660751342773,-2.804208755493164,6.56071138381958
1753053189406,,-2.828150749206543,
1753053189407,-1.0468647480010986,,8.58620548248291
1753053189457,,-3.776254653930664,
1753053189458,-1.468244194984436,-3.886387825012207,8.662819862365723
1753053189506,,-3.0388405323028564,
1753053189507,-0.702099621295929,-3.3883938789367676,8.796895980834961
1753053189557,,-3.848080635070801,
1753053189558,-1.4107834100723267,,9.620500564575195
1753053189606,,-3.2974143028259277,
1753053189607,-0.40043023228645325,-3.3500866889953613,8.974066734313965
1753053189657,,-3.5224692821502686,
1753053189658,-2.02848744392395,-4.010886192321777,8.753800392150879
1753053189707,-0.9415197968482971,-2.828150749206543,7.575852870941162
1753053189757,,-3.560776472091675,
1753053189758,-1.4873977899551392,-3.6756980419158936,9.749788284301758
1753053189806,,-3.5847184658050537,
1753053189807,-1.1234791278839111,-3.737947463989258,7.580641269683838
1753053189857,,-3.354875087738037,
1753053189858,-1.5640122890472412,-3.1298201084136963,10.573392868041992
1753053189907,-1.2623428106307983,-3.714005470275879,9.065046310424805
1753053189957,,-3.153762102127075,
1753053189958,-0.7882909178733826,,9.864709854125977
1753053190007,-2.3110032081604004,-4.144961833953857,9.658807754516602
1753053190058,-0.7212532758712769,-2.895188331604004,9.060257911682129
1753053190106,,-3.599083662033081,
1753053190107,-1.999756932258606,-3.18249249458313,9.323619842529297
1753053190157,,-2.9526493549346924,
1753053190158,,-3.0627825260162354,
1753053190159,-0.23762452602386475,,8.40424633026123
1753053190207,,-3.685275077819824,
1753053190208,-1.9710265398025513,-3.067570924758911,9.744999885559082
1753053190257,,-2.5791537761688232,
1753053190258,-0.14664486050605774,-3.072359323501587,7.83921480178833
1753053190307,-1.4873977899551392,-3.5703532695770264,9.711481094360352
1753053190358,-0.9319429993629456,-3.048417329788208,7.9637131690979
1753053190406,,-3.311779499053955,
1753053190407,-0.9989806413650513,-2.866457939147949,10.094552993774414
1753053190457,,-3.4075474739074707,
1753053190458,-0.8026561141014099,-3.867234230041504,8.193556785583496
1753053190507,-0.639850378036499,-3.1441853046417236,9.3427734375
1753053190557,,-3.330933094024658,
1753053190558,-0.639850378036499,-3.6756980419158936,9.21827507019043
1753053190607,-0.060453593730926514,-2.6414029598236084,8.648454666137695
1753053190657,,-3.6756980419158936,
1753053190658,-1.3628993034362793,-3.5464112758636475,9.768941879272461
1753053190707,0.025737667456269264,-3.00053334236145,8.883087158203125
1753053190757,,-3.3261446952819824,
1753053190758,-1.611896276473999,,9.328408241271973
1753053190807,-0.3860650360584259,-3.00053334236145,8.375515937805176
1753053190857,,-3.3213562965393066,
1753053190858,-1.9806033372879028,-2.9957449436187744,9.165602684020996
1753053190907,,-2.9095535278320312,
1753053190908,-0.6973112225532532,-3.206434726715088,7.489661693572998
1753053190956,,-3.450643301010132,
1753053190957,-1.5017629861831665,-2.6174609661102295,10.046669006347656
1753053191008,-0.5728127360343933,-3.1681272983551025,8.274959564208984
1753053191057,-0.0077811554074287415,-3.0196869373321533,8.327631950378418
1753053191107,,-4.259883403778076,
1753053191108,-2.253542423248291,-3.709217071533203,10.061034202575684
1753053191156,,-2.425924777984619,
1753053191157,0.17896658182144165,-2.7994203567504883,9.03631591796875
1753053191207,,-4.226364612579346,
1753053191208,-1.2431892156600952,-4.034828186035156,10.597334861755371
1753053191257,0.11671733111143112,-2.4019827842712402,7.489661693572998
1753053191307,,-3.450643301010132,
1753053191308,-1.6741455793380737,-3.3931822776794434,9.855133056640625
1753053191356,,-2.65097975730896,
1753053191357,-0.8313865661621094,-3.4362781047821045,6.5080389976501465
1753053191407,,-3.6134488582611084,
1753053191408,-1.8608932495117188,,10.43931770324707
1753053191456,,-3.1872811317443848,
1753053191457,-0.5632359385490417,-3.465008497238159,8.471283912658691
1753053191507,,-3.206434726715088,
1753053191508,-1.30543851852417,,9.496002197265625
1753053191556,,-3.465008497238159,
1753053191557,-1.5640122890472412,,9.026739120483398
1753053191607,,-3.4793736934661865,
1753053191608,-0.9941922426223755,,10.061034202575684
1753053191656,,-3.714005470275879,
1753053191657,-1.789067268371582,-2.9095535278320312,10.491990089416504
1753053191707,,-3.1441853046417236,
1753053191708,-0.07960720360279083,,9.797672271728516
1753053191756,,-3.316567897796631,
1753053191757,-1.2910733222961426,,10.00836181640625
1753053191807,,-2.9095535278320312,
1753053191808,-0.39564183354377747,,8.739435195922852
1753053191857,,-3.09151291847229,
1753053191858,-1.6454150676727295,,8.51916790008545
1753053191908,-0.74040687084198,-3.5895068645477295,9.740211486816406
1753053191956,,-3.5033156871795654,
1753053191957,-0.6302735805511475,,10.539874076843262
1753053192007,,-3.0148985385894775,
1753053192008,-0.6063315868377686,,8.772953987121582
1753053192057,-1.4347254037857056,-3.3500866889953613,10.13286018371582
1753053192108,0.0017956512747332454,-3.0101101398468018,8.437765121459961
1753053192156,,-3.268683910369873,
1753053192157,-0.7260416746139526,-2.8808231353759766,8.8878755569458
1753053192207,-1.2767080068588257,-2.5695769786834717,7.006032943725586
1753053192257,-0.6877344250679016,-3.3405098915100098,9.050681114196777
1753053192307,,-3.0148985385894775,
1753053192308,-1.2623428106307983,,7.3651628494262695
1753053192356,-0.39564183354377747,-2.6222493648529053,7.537545680999756
1753053192408,-1.1665748357772827,-4.049193859100342,10.25735855102539
1753053192456,-0.060453593730926514,-3.1872811317443848,
1753053192457,-1.4538789987564087,,8.667608261108398
1753053192508,-1.367687702178955,-3.4171242713928223,10.022727012634277
1753053192556,,-3.383605480194092,
1753053192557,-0.5392939448356628,-3.8576574325561523,8.083423614501953
1753053192607,-1.9470845460891724,-3.4314894676208496,10.525508880615234
1753053192657,,-3.1872811317443848,
1753053192658,-1.080383539199829,-3.8576574325561523,
1753053192659,,,9.21827507019043
1753053192709,-1.3533225059509277,-3.6804866790771484,9.630077362060547
1753053192758,-1.14742112159729,-3.3931822776794434,9.706692695617676
1753053192808,-0.09397241473197937,-2.9526493549346924,8.581417083740234
1753053192858,-1.913565754890442,-3.3022027015686035,8.921394348144531
1753053192908,-0.4626794755458832,-2.8377275466918945,8.969278335571289
1753053192957,-1.9901801347732544,-4.135385036468506,
1753053192958,-1.3150153160095215,,10.362703323364258
1753053193008,-0.1801636815071106,-2.93349552154541,8.921394348144531
1753053193009,,,9.572616577148438
1753053193057,,-3.5942952632904053,
1753053193058,-1.2192472219467163,,10.664372444152832
1753053193108,,-2.957437753677368,
1753053193109,-0.3669114112854004,-2.9478609561920166,7.882310390472412
1753053193157,,-3.9007530212402344,
1753053193158,-1.204882025718689,,10.611700057983398
1753053193209,-0.09876082092523575,-2.0045454502105713,6.74267053604126
1753053193257,,-3.2782607078552246,
1753053193258,-1.1953052282333374,-2.5121161937713623,8.988431930541992
1753053193308,,-2.8425159454345703,
1753053193309,-0.8505401611328125,,6.8575921058654785
1753053193357,-0.9989806413650513,-2.828150749206543,
1753053193358,,,7.729081630706787
1753053193408,-1.224035620689392,-3.996521234512329,10.25735855102539
1753053193457,,-3.1968579292297363,
1753053193458,-0.17537526786327362,,9.041104316711426
1753053193508,-1.5017629861831665,-4.010886192321777,
1753053193509,,,10.999561309814453
1753053193557,,-3.1250317096710205,
1753053193558,-0.40043023228645325,,8.954913139343262
1753053193608,,-4.149750232696533,
1753053193609,-1.0372878313064575,,11.86147403717041
1753053193658,,-3.0771477222442627,
1753053193659,-0.14664486050605774,,8.198345184326172
1753053193708,,-3.5847184658050537,
1753053193709,-2.052429437637329,,10.468048095703125
1753053193757,-0.49619829654693604,-3.005321741104126,
1753053193758,-1.5065513849258423,,8.772953987121582
1753053193808,-1.027711033821106,-3.053205728530884,9.021950721740723
1753053193857,,-3.2351651191711426,
1753053193858,-0.9367313981056213,-3.450643301010132,8.792107582092285
1753053193908,,-2.5791537761688232,
1753053193909,-1.2958617210388184,,8.040328025817871
1753053193957,-1.3293805122375488,-3.3500866889953613,
1753053193958,-1.3198037147521973,,9.065046310424805
1753053194008,-1.1091139316558838,-3.579930067062378,9.754576683044434
1753053194057,,-3.9917328357696533,
1753053194058,-1.18094003200531,,11.382633209228516
1753053194108,-0.558447539806366,-2.80899715423584,
1753053194109,,,8.686761856079102
1753053194157,-1.8417396545410156,-3.225588321685791,9.993996620178223
1753053194208,,-3.2591071128845215,
1753053194209,-0.44831427931785583,,10.027515411376953
1753053194257,,-3.0388405323028564,
1753053194258,-1.027711033821106,-3.1058781147003174,9.716269493103027
1753053194308,,-3.666121244430542,
1753053194309,-0.5153518915176392,,9.112930297851562
1753053194357,,-2.713229179382324,
1753053194358,-0.26156654953956604,,10.16637897491455
1753053194408,-0.32381579279899597,-2.8137855529785156,8.3707275390625
1753053194409,,,8.993220329284668
1753053194457,,-2.6174609661102295,
1753053194458,-1.0468647480010986,-2.5456349849700928,9.764153480529785
1753053194509,-0.13706804811954498,-3.8145618438720703,10.13286018371582
1753053194557,,-2.8856115341186523,
1753053194558,0.2890998423099518,,8.662819862365723
1753053194609,-0.6590040326118469,-3.3692402839660645,10.635642051696777
1753053194657,,-2.8137855529785156,
1753053194658,-0.7643488645553589,-3.0388405323028564,8.193556785583496
1753053194708,-1.1713632345199585,-2.823362350463867,
1753053194709,,,9.52473258972168
1753053194757,,-3.53204607963562,
1753053194758,-1.1234791278839111,-2.646191358566284,9.165602684020996
1753053194807,,-2.052429437637329,
1753053194808,-1.0468647480010986,,7.638102054595947
1753053194858,-0.8170213103294373,-2.938283920288086,8.274959564208984
1753053194908,,-3.2351651191711426,
1753053194909,-1.003769040107727,-3.2591071128845215,9.294889450073242
1753053194957,-0.46746787428855896,-3.0196869373321533,8.241440773010254
1753053195008,,-2.7275943756103516,
1753053195009,-0.5201402902603149,,9.888651847839355
1753053195057,,-3.0771477222442627,
1753053195058,-0.8553285598754883,,8.500014305114746
1753053195108,,-3.0101101398468018,
1753053195109,-0.74040687084198,,9.768941879272461
1753053195157,-1.324592113494873,-3.5272576808929443,
1753053195158,-1.0947487354278564,,9.28531265258789
1753053195208,,-2.6174609661102295,
1753053195209,-0.14664486050605774,,9.515155792236328
1753053195258,-1.5783774852752686,-3.737947463989258,11.191097259521484
1753053195308,0.04967968538403511,-2.6222493648529053,8.231863975524902
1753053195357,,-3.6086604595184326,
1753053195358,-1.3102269172668457,,11.650784492492676
1753053195408,0.17417816817760468,-2.5504233837127686,
1753053195409,-0.7068880796432495,,6.881534099578857
1753053195457,,-3.0819361209869385,
1753053195458,-0.6877344250679016,,9.768941879272461
1753053195508,-0.6350619792938232,-2.9478609561920166,8.31326675415039
1753053195557,-0.20889410376548767,-2.9287071228027344,8.634089469909668
1753053195608,,-3.273472309112549,
1753053195609,-1.14742112159729,,8.571840286254883
1753053195657,,-2.7275943756103516,
1753053195658,-0.15143325924873352,-2.9718029499053955,8.447341918945312
1753053195708,,-3.5847184658050537,
1753053195709,-1.2814964056015015,,10.161590576171875
1753053195757,,-3.0196869373321533,
1753053195758,0.3034650683403015,,8.298901557922363
1753053195808,,-3.4602200984954834,
1753053195809,-1.544858694076538,-3.1298201084136963,10.424952507019043
1753053195857,,-2.9909565448760986,
1753053195858,-0.7882909178733826,-3.1250317096710205,8.040328025817871
1753053195908,,-3.0340521335601807,
1753053195909,-0.8792705535888672,,10.061034202575684
1753053195957,-0.960673451423645,-3.330933094024658,8.361150741577148
1753053196008,-0.5057750940322876,-2.765901565551758,
1753053196009,-0.23283611238002777,,9.553462982177734
1753053196057,,-3.5272576808929443,
1753053196058,-1.061229944229126,-3.335721492767334,9.970054626464844
1753053196108,,-2.943072557449341,
1753053196109,-0.17537526786327362,,9.189544677734375
1753053196157,,-3.354875087738037,
1753053196158,-0.9175778031349182,,9.960477828979492
1753053196208,,-2.7563247680664062,
1753053196209,-0.414795458316803,,8.7298583984375
1753053196257,,-3.4075474739074707,
1753053196258,-1.2336124181747437,,11.19588565826416
1753053196308,,-2.7084407806396484,
1753053196309,-0.25677812099456787,,7.226299285888672
1753053196357,-0.6685808300971985,-2.8568811416625977,9.697115898132324
1753053196407,,-3.268683910369873,
1753053196408,-0.5776011347770691,-3.7044286727905273,8.523956298828125
1753053196457,-0.30945056676864624,-2.454655408859253,8.758588790893555
1753053196508,,-3.3644518852233887,
1753053196509,-0.6973112225532532,,9.52473258972168
1753053196557,-0.4339490532875061,-2.627037763595581,
1753053196558,-0.5057750940322876,,7.298125267028809
1753053196608,-1.2575544118881226,-3.953425645828247,11.545438766479492
1753053196657,,-3.0579941272735596,
1753053196658,0.4040215313434601,,9.141660690307617
1753053196708,,-3.421912670135498,
1753053196709,-0.778714120388031,,10.147225379943848
1753053196757,,-2.536058187484741,
1753053196758,-0.5392939448356628,,7.681197643280029
1753053196808,-1.080383539199829,-3.115454912185669,
1753053196809,,,10.942100524902344
1753053196857,,-3.4075474739074707,
1753053196858,-0.8505401611328125,,9.634865760803223
1753053196908,,-2.473809003829956,
1753053196909,-0.09397241473197937,,8.964489936828613
1753053196957,,-2.9239187240600586,
1753053196958,-1.4347254037857056,,9.223063468933105
1753053197008,-0.6637924313545227,-3.1872811317443848,
1753053197009,-0.40521863102912903,,9.199121475219727
1753053197058,-1.061229944229126,-3.2399535179138184,10.520720481872559
1753053197108,,-2.65097975730896,
1753053197109,-0.02693476900458336,-2.694075345993042,8.251017570495605
1753053197157,-0.8792705535888672,-2.9718029499053955,
1753053197158,-0.5057750940322876,,10.410587310791016
1753053197208,-0.5680243372917175,-3.139396905899048,7.767388820648193
1753053197257,,-2.3349452018737793,
1753053197258,-0.5632359385490417,-2.4881742000579834,8.969278335571289
1753053197308,,-3.378817081451416,
1753053197309,-0.23762452602386475,,9.409811019897461
1753053197357,,-3.1250317096710205,
1753053197358,-0.7595604658126831,-3.359663486480713,8.040328025817871
1753053197408,,-3.2112231254577637,
1753053197409,-1.348534107208252,,10.62127685546875
1753053197457,,-3.4123358726501465,
1753053197458,-0.6159083843231201,-3.843292236328125,8.686761856079102
1753053197508,,-3.115454912185669,
1753053197509,-0.7547720670700073,,10.784083366394043
1753053197557,-1.1953052282333374,-3.996521234512329,10.161590576171875
1753053197558,,,10.559027671813965
1753053197608,-0.2472013235092163,-2.890399932861328,
1753053197609,,,9.548674583435059
1753053197657,,-3.757101058959961,
1753053197658,-0.596754789352417,,11.267711639404297
1753053197708,-0.6350619792938232,-2.5264813899993896,7.7195048332214355
1753053197757,-1.224035620689392,-3.4602200984954834,
1753053197758,,,11.636418342590332
1753053197808,-0.10833762586116791,-2.6653449535369873,7.504026889801025
1753053197857,,-3.4362781047821045,
1753053197858,-0.6925228238105774,-2.3780407905578613,11.186308860778809
1753053197908,,-2.382829189300537,
1753053197909,-0.6829460263252258,,6.622960567474365
1753053197957,,-1.8369512557983398,
1753053197958,-0.7499836683273315,,7.776965618133545
1753053198008,-0.9702502489089966,-3.97257924079895,
1753053198009,-1.6741455793380737,,10.573392868041992
1753053198057,,-2.2152352333068848,
1753053198058,-0.8170213103294373,-3.603872060775757,6.737882137298584
1753053198108,,-3.694851875305176,
1753053198109,-1.2144588232040405,-2.5552117824554443,12.211027145385742
1753053198157,-0.9941922426223755,-3.7283706665039062,9.601346969604492
1753053198158,,,11.4448823928833
1753053198208,-0.8505401611328125,-2.5743653774261475,
1753053198209,0.05925649031996727,,10.161590576171875
1753053198257,,-3.048417329788208,
1753053198258,-1.568800687789917,,9.941324234008789
1753053198308,,-2.718017578125,
1753053198309,-0.18495208024978638,,9.098565101623535
1753053198357,,-3.2543187141418457,
1753053198358,-0.9127894043922424,,10.118494987487793
1753053198408,-0.7308300733566284,-2.3732523918151855,7.27418327331543
1753053198458,,-2.722805976867676,
1753053198459,-0.9175778031349182,-2.1912930011749268,10.310030937194824
1753053198508,,-2.301426410675049,
1753053198509,0.10714052617549896,,6.910264492034912
1753053198557,-1.1857284307479858,-3.7714662551879883,10.4728364944458
1753053198608,-0.8074445128440857,-2.3924059867858887,
1753053198609,,,7.422623634338379
1753053198657,,-2.9718029499053955,
1753053198658,-1.1091139316558838,,9.270947456359863
1753053198708,-0.25677812099456787,-3.6756980419158936,11.62684154510498
1753053198757,,-3.7044286727905273,
1753053198758,-0.09876082092523575,,9.476848602294922
1753053198808,-1.3341689109802246,-2.871246337890625,10.319607734680176
1753053198857,,-3.3883938789367676,
1753053198858,-1.1139023303985596,-3.1202433109283447,9.017162322998047
1753053198908,,-2.478597402572632,
1753053198909,-0.23762452602386475,,9.017162322998047
1753053198957,-1.0516531467437744,-2.957437753677368,
1753053198958,-0.67815762758255,,10.061034202575684
1753053199008,,-1.7651251554489136,
1753053199009,0.49978959560394287,,7.456142425537109
1753053199057,,-3.757101058959961,
1753053199058,-1.6597803831100464,-3.6565444469451904,8.859145164489746
1753053199109,-2.258330821990967,-1.3820528984069824,5.665279865264893
1753053199157,0.5859808921813965,-3.9821560382843018,
1753053199158,-0.8792705535888672,,12.814366340637207
1753053199208,-1.7507599592208862,-3.0867245197296143,6.848015308380127
1753053199257,,-2.698863983154297,
1753053199258,-0.03172317147254944,,10.027515411376953
1753053199308,-0.8265981078147888,-4.57112979888916,13.350666999816895
1753053199357,-0.32860419154167175,-3.397970676422119,9.543886184692383
1753053199408,-1.0564415454864502,-3.0627825260162354,11.315595626831055
1753053199457,-1.7363947629928589,-3.0340521335601807,9.697115898132324
1753053199508,-0.4387374520301819,-2.6557681560516357,8.974066734313965
1753053199558,-1.080383539199829,-2.7515363693237305,9.946112632751465
1753053199559,,,10.549450874328613
1753053199607,,-2.1960813999176025,
1753053199608,-0.5776011347770691,,6.723516941070557
1753053199658,,-2.7563247680664062,
1753053199659,-1.2288240194320679,,10.429740905761719
1753053199706,,-2.80899715423584,
1753053199707,-0.8553285598754883,-3.139396905899048,8.136096000671387
1753053199758,-1.061229944229126,-2.6366145610809326,9.337985038757324
1753053199807,,-3.450643301010132,
1753053199808,-1.0899603366851807,,10.98040771484375
1753053199858,-0.414795458316803,-2.674921751022339,7.685986042022705
1753053199907,-0.6446388363838196,-2.5312697887420654,
1753053199908,0.0065840547904372215,,9.725846290588379
1753053199958,,-3.2351651191711426,
1753053199959,-0.821809709072113,,8.318055152893066
1753053200007,-0.8457517623901367,-2.6126725673675537,
1753053200008,-0.8457517623901367,,8.590993881225586
1753053200058,,-3.5703532695770264,
1753053200059,-0.6159083843231201,,10.501566886901855
1753053200107,,-2.296638011932373,
1753053200108,0.5524620413780212,-2.698863983154297,7.690774440765381
1753053200157,,-3.4075474739074707,
1753053200158,-0.5105634927749634,,11.306018829345703
1753053200207,-0.41958385705947876,-3.024475336074829,
1753053200208,-0.67815762758255,,8.471283912658691
1753053200259,-0.7930793166160583,-2.492962598800659,10.266935348510742
1753053200307,-1.789067268371582,-3.2591071128845215,9.946112632751465
1753053200358,0.23163901269435883,-2.258330821990967,
1753053200359,,,7.949347972869873
1753053200407,-1.3341689109802246,-3.0101101398468018,9.687539100646973
1753053200408,,,8.107365608215332
1753053200458,,-3.139396905899048,
1753053200459,-0.8265981078147888,,7.350797653198242
1753053200507,-0.08439560979604721,-2.9095535278320312,9.390657424926758
1753053200558,-2.1960813999176025,-3.666121244430542,9.49121379852295
1753053200607,,-3.6756980419158936,
1753053200608,0.11671733111143112,,9.337985038757324
1753053200658,,-3.18249249458313,
1753053200659,-2.5983073711395264,-1.2384008169174194,11.53586196899414
1753053200707,,-4.087501049041748,
1753053200708,-1.8513164520263672,,10.812813758850098
1753053200758,-1.1234791278839111,-2.3971943855285645,
1753053200759,0.8445546627044678,,8.49522590637207
1753053200807,,-3.5224692821502686,
1753053200808,-1.9518729448318481,,11.899781227111816
1753053200858,,-2.5504233837127686,
1753053200859,-0.30466216802597046,-3.00053334236145,6.972513675689697
1753053200907,,-2.919130325317383,
1753053200908,-0.15143325924873352,,11.10490608215332
1753053200958,0.0017956512747332454,-2.7994203567504883,7.293336868286133
1753053201007,-0.4578910768032074,-2.6126725673675537,8.365939140319824
1753053201058,,-3.005321741104126,
1753053201059,-0.8744821548461914,,9.357138633728027
1753053201107,,-3.3883938789367676,
1753053201108,-0.5632359385490417,,8.394669532775879
1753053201158,-0.5680243372917175,-2.737171173095703,
1753053201159,,,10.027515411376953
1753053201207,-1.3341689109802246,-3.153762102127075,8.648454666137695
1753053201259,-0.3908534348011017,-3.053205728530884,10.434529304504395
1753053201308,-0.821809709072113,-3.7187938690185547,10.961254119873047
1753053201358,-0.639850378036499,-2.3493103981018066,7.982867240905762
1753053201359,,,8.203133583068848
1753053201407,-1.4443022012710571,-3.0771477222442627,10.894216537475586
1753053201458,,-3.3883938789367676,
1753053201459,-0.32381579279899597,,
1753053201507,,-2.344521999359131,
1753053201508,0.05925649031996727,,7.853579998016357
1753053201558,,-3.1010897159576416,
1753053201559,-1.5209165811538696,,9.270947456359863
1753053201607,,-2.722805976867676,
1753053201608,-0.6446388363838196,-3.00053334236145,6.86716890335083
1753053201658,,-2.722805976867676,
1753053201659,-1.2958617210388184,-3.206434726715088,9.314043045043945
1753053201707,,-3.335721492767334,
1753053201708,-2.382829189300537,,9.816825866699219
1753053201758,,-2.3971943855285645,
1753053201759,1.8932149410247803,,10.34833812713623
1753053201807,-0.2711433470249176,-1.8225860595703125,
1753053201808,0.6338648796081543,,8.284536361694336
1753053201859,-1.2671312093734741,-3.560776472091675,8.849568367004395
1753053201907,-0.0077811554074287415,-3.3069911003112793,
1753053201908,,,9.19433307647705
1753053201958,-2.4690206050872803,-1.7363947629928589,6.575076580047607
1753053202007,,-3.6900634765625,
1753053202008,-1.3102269172668457,,10.1568021774292
1753053202058,,-3.335721492767334,
1753053202059,-0.5345055460929871,,9.428964614868164
1753053202107,,-3.230376720428467,
1753053202108,-0.2663549482822418,,9.49121379852295
1753053202159,-0.5440823435783386,-2.780266761779785,10.544662475585938
1753053202208,-1.2575544118881226,-3.4841620922088623,10.242993354797363
1753053202258,,-3.024475336074829,
1753053202259,-0.4531026780605316,,8.705916404724121
1753053202307,-0.3190273642539978,-3.24953031539917,10.994772911071777
1753053202358,-0.7212532758712769,-2.7275943756103516,7.00124454498291
1753053202407,,-2.741959571838379,
1753053202408,-0.35254621505737305,,9.596558570861816
1753053202458,-0.9989806413650513,-3.642179250717163,8.983643531799316
1753053202507,,-2.866457939147949,
1753053202508,-0.4531026780605316,,7.934982776641846
1753053202558,-0.7260416746139526,-3.848080635070801,12.4169282913208
1753053202607,-0.7739257216453552,-4.058770656585693,
1753053202608,-1.128267526626587,,9.931747436523438
1753053202658,-0.6590040326118469,-3.488950490951538,10.894216537475586
1753053202707,,-3.910329818725586,
1753053202708,-1.1569979190826416,-2.9670145511627197,12.22539234161377
1753053202758,,-2.607884168624878,
1753053202759,0.15023615956306458,,7.844003200531006
1753053202807,,-3.096301317214966,
1753053202808,-0.17058686912059784,,9.68274974822998
1753053202858,,-3.005321741104126,
1753053202859,-1.2431892156600952,,7.140108108520508
1753053202907,,-2.6222493648529053,
1753053202908,0.04010287672281265,-3.2207999229431152,8.227075576782227
1753053202958,-1.0755951404571533,-2.9909565448760986,8.653243064880371
1753053203007,,-2.473809003829956,
1753053203008,-0.8409633636474609,-3.0579941272735596,7.336432456970215
1753053203058,-1.0564415454864502,-3.488950490951538,10.630853652954102
1753053203107,-0.9510966539382935,-2.5552117824554443,
1753053203108,,,8.830414772033691
1753053203158,,-3.0340521335601807,
1753053203159,-1.0899603366851807,,9.294889450073242
1753053203209,-0.9798270463943481,-2.9670145511627197,10.061034202575684
1753053203258,,-3.1872811317443848,
1753053203259,-1.18094003200531,-2.981379747390747,8.954913139343262
1753053203307,,-2.6653449535369873,
1753053203308,-0.884058952331543,,9.290101051330566
1753053203358,-0.28550854325294495,-3.465008497238159,10.09934139251709
1753053203359,,,11.052233695983887
1753053203407,-0.37648820877075195,-2.9526493549346924,7.901463985443115
1753053203458,,-2.6557681560516357,
1753053203459,-0.6302735805511475,,10.640430450439453
1753053203507,-0.7356184720993042,-3.3069911003112793,
1753053203508,-0.6350619792938232,,9.567828178405762
1753053203558,-0.30466216802597046,-2.7275943756103516,8.873510360717773
1753053203559,,,7.762600421905518
1753053203607,,-3.3069911003112793,
1753053203608,-0.5728127360343933,,10.717045783996582
1753053203658,,-2.8137855529785156,
1753053203659,-0.6159083843231201,,7.666832447052002
1753053203707,,-2.9287071228027344,
1753053203708,-0.7308300733566284,-2.8616695404052734,9.586981773376465
1753053203758,,-2.588730573654175,
1753053203759,-0.9798270463943481,,8.471283912658691
1753053203807,,-2.741959571838379,
1753053203808,-0.9463081955909729,,7.379528045654297
1753053203859,-0.44352585077285767,-2.962226152420044,10.300454139709473
1753053203907,,-2.9287071228027344,
1753053203908,-1.0085574388504028,,8.380304336547852
1753053203958,-0.26156654953956604,-2.847304344177246,9.405022621154785
1753053204007,,-2.718017578125,
1753053204008,-0.2472013235092163,,9.692327499389648
1753053204058,-1.0468647480010986,-2.8137855529785156,7.738658428192139
1753053204059,,,8.835203170776367
1753053204107,,-2.823362350463867,
1753053204108,-0.6206967830657959,-2.8808231353759766,9.706692695617676
1753053204158,-1.8465280532836914,-2.6126725673675537,
1753053204159,,,8.069058418273926
1753053204207,-1.4395138025283813,-2.8856115341186523,7.882310390472412
1753053204208,,,8.351573944091797
1753053204258,-0.821809709072113,-3.330933094024658,11.459247589111328
1753053204259,,,10.750564575195312
1753053204307,,-2.7084407806396484,
1753053204308,-0.6877344250679016,,8.31326675415039
1753053204357,,-3.292625904083252,
1753053204358,-0.8074445128440857,-2.516904592514038,10.568604469299316
1753053204407,,-3.642179250717163,
1753053204408,-0.3860650360584259,,11.200674057006836
1753053204458,,-2.2918496131896973,
1753053204459,-0.5153518915176392,-3.005321741104126,7.441777229309082
1753053204507,,-3.0819361209869385,
1753053204508,-1.1522095203399658,-2.7563247680664062,9.237428665161133
1753053204558,,-2.7706899642944336,
1753053204559,-0.9032126069068909,,8.672396659851074
1753053204607,-1.4299370050430298,-3.0148985385894775,
1753053204608,-1.1857284307479858,,8.059481620788574
1753053204658,-0.5871779918670654,-3.206434726715088,10.25735855102539
1753053204659,,,10.13286018371582
1753053204707,,-3.158550500869751,
1753053204708,-0.7739257216453552,,9.582193374633789
1753053204758,-0.2519897222518921,-2.722805976867676,
1753053204759,-1.0708067417144775,,9.831191062927246
1753053204807,,-3.421912670135498,
1753053204808,-0.5105634927749634,,11.148001670837402
1753053204858,,-2.919130325317383,
1753053204859,-0.5440823435783386,-3.7618894577026367,7.729081630706787
1753053204907,-0.02693476900458336,-2.339733600616455,8.504802703857422
1753053204908,,,7.192780494689941
1753053204959,-1.1617863178253174,-3.4554316997528076,9.543886184692383
1753053205008,-0.7595604658126831,-2.9047651290893555,7.810484409332275
1753053205058,,-3.2638955116271973,
1753053205059,-0.8026561141014099,-3.134608507156372,10.65479564666748
1753053205107,,-3.225588321685791,
1753053205108,-0.960673451423645,-2.9095535278320312,9.476848602294922
1753053205158,,-2.3924059867858887,
1753053205159,-0.02693476900458336,,9.725846290588379
1753053205207,,-3.3644518852233887,
1753053205208,-1.2144588232040405,,11.454459190368652
1753053205258,,-2.603095769882202,
1753053205259,-0.23283611238002777,,7.350797653198242
1753053205307,,-1.8273744583129883,
1753053205308,-0.44352585077285767,,7.8966755867004395
1753053205358,-1.3198037147521973,-3.2974143028259277,9.280524253845215
1753053205407,-0.9175778031349182,-3.1633388996124268,
1753053205408,,,7.618948459625244
1753053205458,,-2.823362350463867,
1753053205459,-1.0660183429718018,,10.755352973937988
1753053205507,,-3.4075474739074707,
1753053205508,-0.7212532758712769,,10.740987777709961
1753053205558,-0.6015431880950928,-2.5935189723968506,7.920617580413818
1753053205559,,,7.968502044677734
1753053205607,,-2.5025393962860107,
1753053205608,-0.3621230125427246,-2.93349552154541,10.82239055633545
1753053205658,,-3.1250317096710205,
1753053205659,-1.0899603366851807,,8.547898292541504
1753053205707,,-3.426701068878174,
1753053205708,-1.0229226350784302,,8.921394348144531
1753053205758,,-2.607884168624878,
1753053205759,-0.821809709072113,-2.5695769786834717,10.803236961364746
1753053205807,,-3.3213562965393066,
1753053205808,-1.5017629861831665,,8.045116424560547
1753053205859,-1.8369512557983398,-2.9478609561920166,9.639654159545898
1753053205908,-1.4538789987564087,-3.4314894676208496,10.803236961364746
1753053205958,,-3.273472309112549,
1753053205959,-1.224035620689392,,6.915052890777588
1753053206007,,-3.359663486480713,
1753053206008,-1.4730325937271118,,9.108141899108887
1753053206058,,-3.6996402740478516,
1753053206059,-2.1338322162628174,,7.9637131690979
1753053206107,,-3.8289270401000977,
1753053206108,-2.5073277950286865,-3.867234230041504,6.895899295806885
1753053206158,,-3.9390604496002197,
1753053206159,-2.492962598800659,-3.4171242713928223,9.371503829956055
1753053206207,,-3.3213562965393066,
1753053206208,-1.2623428106307983,,7.733870029449463
1753053206258,,-3.1441853046417236,
1753053206259,-1.8656816482543945,-3.330933094024658,9.09377670288086
1753053206308,-1.688510775566101,-3.800196647644043,10.051457405090332
1753053206358,-2.100313425064087,-3.9917328357696533,
1753053206359,-3.1202433109283447,,7.384316444396973
1753053206407,0.06404489278793335,-3.134608507156372,8.437765121459961
1753053206458,-2.962226152420044,-4.293402194976807,9.242217063903809
1753053206507,,-3.9438488483428955,
1753053206508,-1.391629695892334,-4.393958568572998,8.093000411987305
1753053206558,-2.3493103981018066,-3.6278140544891357,9.007585525512695
1753053206607,,-4.40353536605835,
1753053206608,-2.5025393962860107,,9.452906608581543
1753053206658,,-4.053982257843018,
1753053206659,-1.4586673974990845,-4.020462989807129,9.00279712677002
1753053206707,,-4.3173441886901855,
1753053206708,-2.1721394062042236,,11.191097259521484
1753053206758,-1.0133458375930786,-4.140173435211182,
1753053206759,-1.8177976608276367,,9.43375301361084
1753053206807,,-5.0499701499938965,
1753053206808,-1.7651251554489136,,10.664372444152832
1753053206859,-2.124255418777466,-2.943072557449341,
1753053206860,,,7.547122478485107
1753053206907,,-3.508104085922241,
1753053206908,,-3.646967649459839,
1753053206909,-2.2008697986602783,,7.733870029449463
1753053206958,,-4.7387237548828125,
1753053206959,-2.4019827842712402,,11.200674057006836
1753053207007,,-4.058770656585693,
1753053207008,-1.3293805122375488,-4.662109375,8.662819862365723
1753053207058,-2.7563247680664062,-3.6565444469451904,
1753053207059,-1.104325532913208,,8.76337718963623
1753053207107,,-3.5464112758636475,
1753053207108,-2.5312697887420654,-3.2591071128845215,9.68274974822998
1753053207158,-1.2000936269760132,-4.149750232696533,
1753053207159,-2.943072557449341,,7.681197643280029
1753053207207,,-3.53204607963562,
1753053207208,-0.7308300733566284,,8.76337718963623
1753053207258,,-3.824138641357422,
1753053207259,-2.670133352279663,,7.547122478485107
1753053207307,,-4.250306606292725,
1753053207308,-1.1857284307479858,-4.3412861824035645,8.590993881225586
1753053207358,,-3.450643301010132,
1753053207359,-2.3062148094177246,,8.102577209472656
1753053207407,-2.1338322162628174,-4.53761100769043,8.930971145629883
1753053207458,,-3.465008497238159,
1753053207459,-2.2008697986602783,,9.136872291564941
1753053207507,,-4.250306606292725,
1753053207508,-2.3349452018737793,,9.199121475219727
1753053207558,,-3.958214044570923,
1753053207559,-1.3964180946350098,,9.203909873962402
1753053207607,,-4.34607458114624,
1753053207608,-2.258330821990967,-3.824138641357422,10.276512145996094
1753053207658,,-3.78104305267334,
1753053207659,-0.7356184720993042,,8.40424633026123
1753053207707,,-3.599083662033081,
1753053207708,-1.5831658840179443,-3.8289270401000977,8.959701538085938
1753053207758,,-4.5854949951171875,
1753053207759,-1.3293805122375488,-4.178480625152588,9.409811019897461
1753053207807,-0.702099621295929,-3.838503837585449,8.600570678710938
1753053207859,-2.5983073711395264,-4.2550950050354,9.179967880249023
1753053207907,,-3.953425645828247,
1753053207908,-1.4203602075576782,-4.0779242515563965,8.658031463623047
1753053207959,-1.8082208633422852,-3.9151182174682617,9.414599418640137
1753053208007,,-4.422688961029053,
1753053208008,-2.473809003829956,,9.381080627441406
1753053208058,,-3.177704095840454,
1753053208059,-1.3341689109802246,-3.7475242614746094,8.00680923461914
1753053208107,,-4.207211017608643,
1753053208108,-2.014122247695923,-3.7283706665039062,9.266159057617188
1753053208158,,-3.292625904083252,
1753053208159,-1.2623428106307983,,7.690774440765381
1753053208207,,-3.6517560482025146,
1753053208208,-1.6071078777313232,-3.3644518852233887,9.203909873962402
1753053208258,,-3.8720226287841797,
1753053208259,-1.4012064933776855,-4.149750232696533,8.399457931518555
1753053208307,,-3.4362781047821045,
1753053208308,-0.8936358094215393,,9.00279712677002
1753053208358,,-3.7475242614746094,
1753053208359,-1.6454150676727295,-4.049193859100342,8.227075576782227
1753053208407,,-3.2638955116271973,
1753053208408,-1.3293805122375488,,7.62373685836792
1753053208458,,-3.862445831298828,
1753053208459,-2.411559581756592,-3.709217071533203,9.625288963317871
1753053208507,,-3.4841620922088623,
1753053208508,-1.1713632345199585,,9.208698272705078
1753053208558,,-3.1058781147003174,
1753053208559,0.20769700407981873,-3.402759075164795,10.98040771484375
1753053208608,-1.8944120407104492,-3.599083662033081,7.585429668426514
1753053208657,,-3.316567897796631,
1753053208658,-0.19452889263629913,,9.701904296875
1753053208709,-1.104325532913208,-3.3022027015686035,9.299677848815918
1753053208757,,-3.7187938690185547,
1753053208758,-1.0420763492584229,,8.260594367980957
1753053208808,,-3.512892484664917,
1753053208809,-1.8944120407104492,,9.654019355773926
1753053208857,,-3.1920695304870605,
1753053208858,-0.8649053573608398,-3.512892484664917,7.944559574127197
1753053208909,-2.009333848953247,-3.273472309112549,
1753053208958,-1.7028759717941284,-3.579930067062378,9.208698272705078
1753053209008,,-2.9239187240600586,
1753053209009,-0.35733461380004883,,9.486425399780273
1753053209057,-1.5783774852752686,-3.910329818725586,10.16637897491455
1753053209109,-0.2232593148946762,-2.718017578125,8.514379501342773
1753053209157,,-3.5272576808929443,
1753053209158,-1.2910733222961426,-2.9478609561920166,10.736199378967285
1753053209208,,-2.258330821990967,
1753053209209,-0.2472013235092163,-2.6557681560516357,7.09222412109375
1753053209258,-1.8896236419677734,-3.4123358726501465,9.941324234008789
1753053209309,-0.5871779918670654,-2.7036523818969727,7.408258438110352
1753053209357,,-2.8999767303466797,
1753053209358,-0.9798270463943481,-2.722805976867676,8.710704803466797
1753053209408,-0.40043023228645325,-3.776254653930664,9.812037467956543
1753053209457,0.46627077460289,-3.0771477222442627,8.3707275390625
1753053209508,,-3.292625904083252,
1753053209509,-1.5352818965911865,-2.4690206050872803,10.286088943481445
1753053209557,,-3.579930067062378,
1753053209558,-0.9415197968482971,,9.606135368347168
1753053209608,,-3.1250317096710205,
1753053209609,-0.7547720670700073,,9.740211486816406
1753053209657,,-3.18249249458313,
1753053209658,-0.8984242081642151,,8.490437507629395
1753053209708,-1.2958617210388184,-2.8329391479492188,9.462483406066895
1753053209757,,-3.287837505340576,
1753053209758,-1.2192472219467163,,9.68274974822998
1753053209808,-0.5249287486076355,-2.536058187484741,
1753053209809,-1.0995371341705322,,8.126519203186035
1753053209857,,-2.938283920288086,
1753053209858,-0.9175778031349182,,10.180744171142578
1753053209909,-0.1562216579914093,-3.4985272884368896,9.021950721740723
1753053209958,0.8684966564178467,-2.425924777984619,9.12729549407959
1753053210008,,-3.311779499053955,
1753053210009,-1.1186907291412354,,8.897452354431152
1753053210057,,-2.234388828277588,
1753053210058,-0.5728127360343933,-3.3213562965393066,7.063493728637695
1753053210108,,-4.116231441497803,
1753053210109,-1.5783774852752686,,11.167155265808105
1753053210157,,-2.3301568031311035,
1753053210158,-0.07960720360279083,,7.360374450683594
1753053210208,,-3.8528690338134766,
1753053210209,-1.899200439453125,,9.888651847839355
1753053210257,,-2.5312697887420654,
1753053210258,-0.4866214990615845,,7.30770206451416
1753053210308,,-3.5176808834075928,
1753053210309,-1.5783774852752686,-2.765901565551758,11.080964088439941
1753053210357,-1.2671312093734741,-3.4985272884368896,
1753053210358,-1.2671312093734741,,8.926182746887207
1753053210408,,-2.852092742919922,
1753053210409,-0.49140989780426025,,10.286088943481445
1753053210457,,-3.8337154388427734,
1753053210458,-1.5640122890472412,,10.333972930908203
1753053210509,-0.37169981002807617,-2.473809003829956,7.796119213104248
1753053210557,,-2.852092742919922,
1753053210558,-1.2192472219467163,,9.835979461669922
1753053210608,,-3.067570924758911,
1753053210609,-0.13706804811954498,-3.709217071533203,8.576628684997559
1753053210657,,-3.005321741104126,
1753053210658,-0.6350619792938232,-2.785055160522461,9.237428665161133
1753053210709,-1.0229226350784302,-3.201646327972412,8.418611526489258
1753053210757,,-2.7563247680664062,
1753053210758,-0.33339259028434753,-2.80899715423584,8.538321495056152
1753053210808,,-3.244741916656494,
1753053210809,-1.0708067417144775,,8.974066734313965
1753053210857,,-2.7467479705810547,
1753053210858,,-2.7754783630371094,
1753053210859,-0.30945056676864624,,7.776965618133545
1753053210908,,-2.9718029499053955,
1753053210909,-1.2623428106307983,,8.7298583984375
1753053210957,,-2.981379747390747,
1753053210958,-0.74040687084198,-3.421912670135498,6.9677252769470215
1753053211008,-1.3198037147521973,-3.3261446952819824,10.53029727935791
1753053211057,-0.9319429993629456,-3.9438488483428955,
1753053211058,-1.8944120407104492,,9.280524253845215
1753053211109,-1.14742112159729,-2.943072557449341,9.390657424926758
1753053211157,-1.6549919843673706,-4.068347454071045,11.578957557678223
1753053211208,-0.4578910768032074,-3.1058781147003174,
1753053211209,,,8.792107582092285
1753053211257,,-4.068347454071045,
1753053211258,-1.0851719379425049,-3.4745852947235107,12.129624366760254
1753053211308,,-2.828150749206543,
1753053211309,-0.49140989780426025,,7.906252384185791
1753053211357,,-3.5703532695770264,
1753053211358,-1.003769040107727,,11.10490608215332
1753053211408,0.322618693113327,-2.7084407806396484,7.427412033081055
1753053211409,,,10.266935348510742
1753053211457,,-2.5695769786834717,
1753053211458,-0.5440823435783386,-2.8568811416625977,7.815272808074951
1753053211508,,-3.6517560482025146,
1753053211509,-0.7212532758712769,-3.5655648708343506,9.965266227722168
1753053211557,,-3.3022027015686035,
1753053211558,-0.5632359385490417,-3.6756980419158936,7.834426403045654
1753053211608,,-3.153762102127075,
1753053211609,-1.7603367567062378,,10.046669006347656
1753053211657,-1.2767080068588257,-3.153762102127075,
1753053211658,-0.8170213103294373,,7.9637131690979
1753053211709,-1.5352818965911865,-3.646967649459839,10.793660163879395
1753053211757,-1.568800687789917,-3.2160115242004395,9.879075050354004
1753053211809,0.08798690885305405,-3.4410665035247803,9.931747436523438
1753053211858,,-3.465008497238159,
1753053211859,-0.5488707423210144,-3.536834478378296,10.544662475585938
1753053211909,-0.558447539806366,-2.8999767303466797,8.849568367004395
1753053211957,,-3.6278140544891357,
1753053211958,-0.9175778031349182,,11.095329284667969
1753053212008,,-2.9526493549346924,
1753053212009,-0.21368250250816345,,7.7865424156188965
1753053212057,,-2.852092742919922,
1753053212058,-0.5105634927749634,-2.8377275466918945,9.831191062927246
1753053212108,-0.6829460263252258,-3.2351651191711426,
1753053212109,,,7.934982776641846
1753053212157,-0.5392939448356628,-2.631826162338257,
1753053212158,-0.3860650360584259,,7.97329044342041
1753053212208,-1.0420763492584229,-3.666121244430542,9.577404975891113
1753053212257,,-2.9095535278320312,
1753053212258,-0.30466216802597046,,7.27418327331543
1753053212308,,-3.445854902267456,
1753053212309,-1.1761516332626343,-3.0101101398468018,9.993996620178223
1753053212357,,-3.1920695304870605,
1753053212358,-0.9080010056495667,,7.776965618133545
1753053212408,,-3.3213562965393066,
1753053212409,-1.1186907291412354,,10.736199378967285
1753053212457,,-3.9917328357696533,
1753053212458,-0.6254851818084717,,10.693103790283203
1753053212508,,-2.301426410675049,
1753053212509,-0.9941922426223755,-2.9670145511627197,7.460930824279785
1753053212557,,-3.7187938690185547,
1753053212558,-1.7028759717941284,,11.401786804199219
1753053212608,-0.44831427931785583,-2.583942174911499,
1753053212609,,,7.647678852081299
1753053212657,,-3.4314894676208496,
1753053212658,-1.6023194789886475,,10.013150215148926
1753053212708,,-3.599083662033081,
1753053212709,,-3.6517560482025146,
1753053212710,-0.6733692288398743,,8.55268669128418
1753053212757,,-2.583942174911499,
1753053212758,-0.21847090125083923,,8.049904823303223
1753053212808,,-3.795408248901367,
1753053212809,-2.033275842666626,,9.314043045043945
1753053212858,-0.47225627303123474,-2.9909565448760986,8.863933563232422
1753053212908,,-2.603095769882202,
1753053212909,-0.06524199992418289,-2.7036523818969727,9.275735855102539
1753053212957,-1.348534107208252,-3.2160115242004395,
1753053212958,,,6.632537364959717
1753053213008,-2.4642322063446045,-3.8289270401000977,9.869498252868652
1753053213057,,-3.3883938789367676,
1753053213058,-1.2671312093734741,,10.506355285644531
1753053213108,,-3.3069911003112793,
1753053213109,0.46148237586021423,-2.9957449436187744,10.515932083129883
1753053213157,,-4.092289447784424,
1753053213158,-1.0851719379425049,,10.966042518615723
1753053213209,-0.2041056901216507,-2.4019827842712402,8.15524959564209
1753053213257,,-3.1681272983551025,
1753053213258,-1.544858694076538,,9.764153480529785
1753053213308,,-2.5983073711395264,
1753053213309,-0.3477577865123749,-3.3692402839660645,6.5080389976501465
1753053213357,,-2.4211363792419434,
1753053213358,-0.35254621505737305,,8.863933563232422
1753053213408,,-3.287837505340576,
1753053213409,-0.8792705535888672,-3.469796895980835,8.394669532775879
1753053213457,,-3.115454912185669,
1753053213458,-0.8313865661621094,,8.2127103805542
1753053213508,-1.2384008169174194,-3.4745852947235107,
1753053213509,-0.8888474106788635,,10.017938613891602
1753053213557,-0.6973112225532532,-3.2782607078552246,
1753053213558,,,8.547898292541504
1753053213608,,-3.824138641357422,
1753053213609,-1.1234791278839111,-3.445854902267456,11.061810493469238
1753053213657,,-3.1633388996124268,
1753053213658,-0.6015431880950928,,8.164826393127441
1753053213708,,-3.6900634765625,
1753053213709,-1.0564415454864502,-2.761113166809082,11.258134841918945
1753053213758,-1.4059948921203613,-3.244741916656494,9.065046310424805
1753053213808,-0.5201402902603149,-3.048417329788208,8.825626373291016
1753053213809,,,7.173626899719238
1753053213857,,-3.2830491065979004,
1753053213858,-1.0229226350784302,,9.998785018920898
1753053213908,,-2.8616695404052734,
1753053213909,-0.38127660751342773,,7.5662760734558105
1753053213957,,-3.421912670135498,
1753053213958,-0.8457517623901367,,10.851120948791504
1753053214008,-0.74040687084198,-3.2782607078552246,7.97329044342041
1753053214057,,-2.919130325317383,
1753053214058,-0.6111199855804443,,9.381080627441406
1753053214109,-1.1569979190826416,-3.843292236328125,10.310030937194824
1753053214157,,-2.943072557449341,
1753053214158,-0.6254851818084717,,8.452130317687988
1753053214208,-1.4155718088150024,-3.426701068878174,10.305242538452148
1753053214257,-0.8074445128440857,-2.674921751022339,
1753053214258,,,7.231087684631348
1753053214308,,-3.0771477222442627,
1753053214309,-0.5919663906097412,,10.511143684387207
1753053214357,-1.5975310802459717,-3.0867245197296143,7.767388820648193
1753053214408,-0.3429693877696991,-2.8329391479492188,
1753053214409,,,9.821614265441895
1753053214457,,-3.4123358726501465,
1753053214458,-1.128267526626587,,9.213486671447754
1753053214509,,-2.8185739517211914,
1753053214510,-0.596754789352417,-3.110666513442993,8.049904823303223
1753053214557,,-3.1729156970977783,
1753053214558,-1.0133458375930786,,10.635642051696777
1753053214608,,-3.3069911003112793,
1753053214609,-0.8553285598754883,,8.236652374267578
1753053214657,,-3.201646327972412,
1753053214658,-0.40521863102912903,,9.88386344909668
1753053214708,,-3.2782607078552246,
1753053214709,-1.1761516332626343,-3.642179250717163,9.261370658874512
1753053214757,,-2.8137855529785156,
1753053214758,-0.6446388363838196,,8.341997146606445
1753053214808,-1.0947487354278564,-3.8576574325561523,
1753053214809,,,10.999561309814453
1753053214857,,-3.0436289310455322,
1753053214858,-0.25677812099456787,,7.460930824279785
1753053214908,-1.5592238903045654,-3.244741916656494,
1753053214909,-0.5776011347770691,,10.549450874328613
1753053214957,,-3.0101101398468018,
1753053214958,-0.9319429993629456,,8.227075576782227
1753053215008,,-3.2974143028259277,
1753053215009,-0.9798270463943481,,9.989208221435547
1753053215057,-1.0708067417144775,-3.0436289310455322,
1753053215058,-1.0229226350784302,,9.677961349487305
1753053215108,,-2.7754783630371094,
1753053215109,-0.6590040326118469,-2.93349552154541,8.356362342834473
1753053215157,,-3.3069911003112793,
1753053215158,-1.5783774852752686,,10.386645317077637
1753053215208,,-3.0819361209869385,
1753053215209,-0.5728127360343933,,7.642890453338623
1753053215257,,-3.139396905899048,
1753053215258,-1.1953052282333374,,9.639654159545898
1753053215308,,-2.890399932861328,
1753053215309,-1.104325532913208,,8.035539627075195
1753053215357,,-3.153762102127075,
1753053215358,-0.74040687084198,-3.072359323501587,8.610147476196289
1753053215409,-1.7028759717941284,-3.3405098915100098,9.151237487792969
1753053215458,-0.5919663906097412,-2.9239187240600586,7.6333136558532715
1753053215508,,-3.5464112758636475,
1753053215509,-1.7076643705368042,,10.53029727935791
1753053215557,-1.1522095203399658,-3.3069911003112793,8.274959564208984
1753053215608,,-3.3452982902526855,
1753053215609,-0.7835025191307068,,10.616488456726074
1753053215657,,-3.4793736934661865,
1753053215658,-1.9949685335159302,,9.697115898132324
1753053215709,-0.49140989780426025,-3.1250317096710205,9.122507095336914
1753053215757,,-3.244741916656494,
1753053215758,-1.2575544118881226,,10.22383975982666
1753053215808,,-3.3405098915100098,
1753053215809,-1.061229944229126,,7.542334079742432
1753053215859,-0.7882909178733826,-2.852092742919922,10.171167373657227
1753053217143,-1.1234791278839111,-3.6278140544891357,8.509591102600098
1753053217147,,-3.6373908519744873,
1753053217148,-1.2623428106307983,-3.5464112758636475,10.659584045410156
1753053217197,-1.4443022012710571,-3.5464112758636475,8.437765121459961
1753053217245,-1.3102269172668457,-3.666121244430542,10.88942813873291
1753053217296,-1.1713632345199585,-3.5895068645477295,9.5007905960083
1753053222501,,-3.1920695304870605,
1753053222502,,-3.0340521335601807,
1753053222507,-0.8409633636474609,-3.4745852947235107,
1753053222508,-2.454655408859253,,9.577404975891113
1753053222552,-2.205658197402954,-4.4274773597717285,
1753053222553,-1.6789339780807495,,9.486425399780273
1753053222603,-1.3198037147521973,-3.335721492767334,8.969278335571289
1753053222653,-1.5735890865325928,-4.417900562286377,10.961254119873047
1753053222729,-0.8936358094215393,-3.096301317214966,8.198345184326172
1753053222776,-1.7028759717941284,-4.197634220123291,9.52473258972168
1753053222826,-1.1953052282333374,-3.891176223754883,10.381856918334961
1753053222877,-1.6502034664154053,-3.3500866889953613,
1753053222926,-1.7986440658569336,-3.450643301010132,10.195109367370605
1753053222977,-0.11791443079710007,-3.5272576808929443,8.059481620788574
1753053223026,,-3.5224692821502686,
1753053223027,-1.7268179655075073,,8.907029151916504
1753053223370,-0.6542156338691711,-3.268683910369873,8.51916790008545
1753053223377,-0.8553285598754883,-3.3500866889953613,8.002020835876465
1753053223429,-1.7938556671142578,-3.9199066162109375,9.864709854125977
1753053223480,-0.6254851818084717,-3.153762102127075,8.011597633361816
1753053223528,,-3.4171242713928223,
1753053223529,-1.204882025718689,-3.230376720428467,9.30925464630127
1753053223602,,-3.316567897796631,
1753053223603,-0.9894038438796997,,8.806472778320312
1753053223606,-1.6645687818527222,-4.269460201263428,10.386645317077637
1753053223653,,-2.9526493549346924,
1753053223654,-0.6637924313545227,,8.523956298828125
1753053223703,,-4.413112163543701,
1753053223704,-2.186504602432251,,10.199897766113281
1753053223754,,-2.914341926574707,
1753053223755,-0.6542156338691711,,7.149684906005859
1753053223803,,-3.53204607963562,
1753053223804,-1.6789339780807495,-3.206434726715088,9.797672271728516
1753053223854,-0.8122329115867615,-3.024475336074829,7.350797653198242
1753053223903,,-3.9486372470855713,
1753053223904,-1.7076643705368042,-3.4075474739074707,10.017938613891602
1753053223955,-1.0229226350784302,-3.0388405323028564,7.729081630706787
1753053224004,-1.5304933786392212,-4.063559055328369,9.95090103149414
1753053224055,-2.56000018119812,-4.183269023895264,7.891887187957764
1753053224137,-1.1953052282333374,-3.6756980419158936,9.855133056640625
1753053224140,-1.1378443241119385,-3.8097734451293945,10.650007247924805
1753053224188,-1.6454150676727295,-3.465008497238159,8.590993881225586
1753053224239,,-3.7187938690185547,
1753053224240,-0.8505401611328125,-3.4410665035247803,10.070611000061035
1753053224288,-3.287837505340576,-4.322132587432861,
1753053224289,-2.689286947250366,,9.242217063903809
1753053224339,-1.0372878313064575,-3.575141668319702,
1753053224340,-0.3621230125427246,,9.12729549407959
1753053224387,,-3.7475242614746094,
1753053224388,-1.9710265398025513,,9.007585525512695
1753053224439,-0.9367313981056213,-3.694851875305176,8.883087158203125
1753053224488,,-4.111443042755127,
1753053224489,-2.583942174911499,,9.09377670288086
1753053224539,,-3.287837505340576,
1753053224540,-0.9415197968482971,,8.7298583984375
1753053224588,,-3.8097734451293945,
1753053224589,-2.167351007461548,,9.476848602294922
1753053224654,-0.7356184720993042,-3.2638955116271973,8.466495513916016
1753053224705,-2.081159830093384,-4.475361347198486,
1753053224706,,,9.75936508178711
1753053224756,,-2.9765913486480713,
1753053224757,-1.0085574388504028,-3.426701068878174,7.705139636993408
1753053224806,-1.4107834100723267,-3.819350242614746,9.496002197265625
1753053224856,,-3.5416228771209717,
1753053224857,-1.71245276927948,,7.436988830566406
1753053224905,,-3.316567897796631,
1753053224906,-1.4059948921203613,,8.399457931518555
1753053224956,,-3.4171242713928223,
1753053224957,-0.922366201877594,,9.270947456359863
1753053225006,-1.7747019529342651,-4.039616584777832,9.045892715454102
1753053225056,,-3.2591071128845215,
1753053225057,-1.1953052282333374,-4.216787815093994,8.203133583068848
1753053225105,-2.124255418777466,-4.633378982543945,
1753053225106,-1.1569979190826416,,10.137648582458496
1753053225157,-1.027711033821106,-3.1441853046417236,7.776965618133545
1753053225206,-2.081159830093384,-4.499303340911865,10.238204956054688
1753053225256,-0.7116764783859253,-3.2543187141418457,
1753053225257,,,8.265382766723633
1753053225305,,-4.082712650299072,
1753053225306,-1.5352818965911865,,9.764153480529785
1753053225356,,-3.1872811317443848,
1753053225357,-0.8409633636474609,,8.231863975524902
1753053225405,,-4.417900562286377,
1753053225406,-2.1338322162628174,,10.28130054473877
1753053225456,,-2.895188331604004,
1753053225457,-1.0420763492584229,,7.255029678344727
1753053225506,-1.875258445739746,-4.006097793579102,9.82640266418457
1753053229957,-0.5823895931243896,-3.1633388996124268,8.351573944091797
1753053229958,,,7.882310390472412
1753053229959,-0.8505401611328125,-2.8377275466918945,8.136096000671387
1753053229961,-0.9750386476516724,-3.4745852947235107,10.108918190002441
1753053230008,-0.8936358094215393,-3.776254653930664,9.960477828979492
1753053230058,-0.2759317457675934,-3.0627825260162354,8.964489936828613
1753053230109,-0.9415197968482971,-3.843292236328125,10.8319673538208
1753053230158,0.04010287672281265,-3.024475336074829,9.73542308807373
1753053230208,,-3.421912670135498,
1753053230209,-0.778714120388031,,10.070611000061035
1753053230259,-0.49140989780426025,-2.5983073711395264,
1753053230260,-0.9080010056495667,,8.116942405700684
1753053230308,-0.7882909178733826,-3.383605480194092,10.353126525878906
1753053230358,0.0975637212395668,-2.564788579940796,7.326855659484863
1753053230408,,-3.488950490951538,
1753053230409,-1.27191960811615,-2.8185739517211914,9.816825866699219
1753053230458,-0.14185644686222076,-2.5264813899993896,7.642890453338623
1753053230509,-0.9941922426223755,-3.6278140544891357,10.592546463012695
1753053230558,-0.4387374520301819,-2.9957449436187744,8.346785545349121
1753053230609,-0.9319429993629456,-3.273472309112549,10.635642051696777
1753053230657,,-3.0388405323028564,
1753053230658,-0.5488707423210144,-3.4123358726501465,9.098565101623535
1753053230709,,-3.560776472091675,
1753053230710,-1.027711033821106,,10.046669006347656
1753053230758,-1.0947487354278564,-3.3261446952819824,9.290101051330566
1753053230808,,-3.201646327972412,
1753053230809,-0.821809709072113,,11.334749221801758
1753053230858,-0.6542156338691711,-3.3213562965393066,10.219051361083984
1753053230909,-0.5728127360343933,-2.9909565448760986,
1753053230910,-0.18974047899246216,,9.88386344909668
1753053230958,-1.3533225059509277,-3.225588321685791,10.333972930908203
1753053231008,,-2.3062148094177246,
1753053231009,-0.09397241473197937,-2.583942174911499,8.045116424560547
1753053231058,-1.755548357963562,-3.4602200984954834,9.658807754516602
1753053231109,0.1885433793067932,-2.315791606903076,8.715493202209473
1753053231158,-0.9989806413650513,-3.3452982902526855,10.032303810119629
1753053231208,,-2.4402899742126465,
1753053231209,-0.2902969419956207,-2.7754783630371094,7.853579998016357
1753053231258,-1.1617863178253174,-3.292625904083252,11.03786849975586
1753053231309,-0.0077811554074287415,-2.516904592514038,7.968502044677734
1753053231358,-0.8553285598754883,-3.3500866889953613,10.908581733703613
1753053231408,,-2.3301568031311035,
1753053231409,-0.2902969419956207,-3.201646327972412,6.915052890777588
1753053231457,,-3.048417329788208,
1753053231458,-0.9032126069068909,,9.692327499389648
1753053231508,,-3.465008497238159,
1753053231509,-0.3429693877696991,-3.3740286827087402,8.825626373291016
1753053231558,0.40880993008613586,-2.449866771697998,8.988431930541992
1753053231609,-0.414795458316803,-3.2399535179138184,9.457695007324219
1753053231658,-0.2902969419956207,-2.852092742919922,8.648454666137695
1753053231709,-1.1139023303985596,-3.6804866790771484,10.252570152282715
1753053231758,0.22685061395168304,-2.847304344177246,9.663596153259277
1753053231809,-0.9989806413650513,-3.1250317096710205,9.223063468933105
1753053231858,-0.49619829654693604,-2.3924059867858887,7.978078842163086
1753053231909,-0.9367313981056213,-3.5703532695770264,10.970830917358398
1753053231958,0.04489128291606903,-2.722805976867676,8.61972427368164
1753053232008,,-3.1058781147003174,
1753053232009,-1.3389573097229004,,10.295665740966797
1753053232058,-0.4770447015762329,-2.272696018218994,6.8575921058654785
1753053232109,-1.224035620689392,-3.5511996746063232,11.368268013000488
1753053232158,-0.2519897222518921,-2.492962598800659,7.609371662139893
1753053232208,,-3.1489737033843994,
1753053232209,-1.1761516332626343,-2.4881742000579834,10.635642051696777
1753053232258,-1.0324994325637817,-3.268683910369873,9.548674583435059
1753053232309,-0.2663549482822418,-2.8185739517211914,
1753053232310,,,9.457695007324219
1753053232359,-1.1569979190826416,-3.2830491065979004,9.874286651611328
1753053232409,-0.055665191262960434,-2.5073277950286865,9.203909873962402
1753053232457,,-3.5464112758636475,
1753053232458,-1.1857284307479858,-2.823362350463867,10.635642051696777
1753053232508,,-2.4402899742126465,
1753053232509,-0.046088382601737976,-2.919130325317383,8.025962829589844
1753053232558,-0.8122329115867615,-2.938283920288086,9.347561836242676
1753053232609,-0.2998737692832947,-2.8329391479492188,8.217498779296875
1753053232658,-0.07481880486011505,-3.3644518852233887,10.975619316101074
1753053232709,0.2651578485965729,-2.1481974124908447,6.608595371246338
1753053232746,-0.228047713637352,-2.4211363792419434,8.97885513305664
1753053232793,,-2.694075345993042,
1753053232794,-0.5345055460929871,-3.5464112758636475,7.49923849105835
1753053232845,-1.2767080068588257,-3.4554316997528076,10.697892189025879
1753053232894,-0.7116764783859253,-3.7283706665039062,10.357914924621582
1753053232944,,-2.7036523818969727,
1753053232945,-0.46746787428855896,,9.390657424926758
1753053238473,,-3.4841620922088623,
1753053238474,,-2.6797101497650146,
1753053238475,,-3.7235822677612305,
1753053238476,-1.4778209924697876,-2.780266761779785,
1753053238477,-0.6254851818084717,-2.1960813999176025,10.544662475585938
1753053238529,0.016160860657691956,-1.956661343574524,7.106589317321777
1753053238578,,-3.709217071533203,
1753053238579,-1.4586673974990845,-2.823362350463867,10.903793334960938
1753053238628,-1.449090600013733,-3.053205728530884,7.65725564956665
1753053238679,-0.4531026780605316,-2.7467479705810547,10.616488456726074
1753053238728,-0.8170213103294373,-3.3452982902526855,8.217498779296875
1753053238778,,-2.406771183013916,
1753053238779,-0.8984242081642151,-2.876034736633301,9.443329811096191
1753053238828,-0.67815762758255,-3.7044286727905273,11.047445297241211
1753053238878,,-1.9710265398025513,
1753053238879,-0.67815762758255,-3.1010897159576416,7.020398139953613
1753053238927,,-2.646191358566284,
1753053238928,-1.6454150676727295,-1.5879542827606201,10.209474563598633
1753053238979,0.15981295704841614,-3.555988073348999,7.954136371612549
1753053239028,-0.012569558806717396,-2.521692991256714,8.816049575805664
1753053239078,,-3.3500866889953613,
1753053239079,-1.14742112159729,-2.7036523818969727,9.874286651611328
1753053239128,-0.5249287486076355,-2.943072557449341,7.997232437133789
1753053239179,-0.5153518915176392,-3.0627825260162354,10.22383975982666
1753053239228,-1.061229944229126,-2.914341926574707,
1753053239229,,,8.442553520202637
1753053239279,-0.3429693877696991,-2.741959571838379,9.175179481506348
1753053239328,,-3.029263734817505,
1753053239329,-0.9415197968482971,,9.37629222869873
1753053239379,-0.6015431880950928,-2.938283920288086,8.409034729003906
1753053239428,,-3.2543187141418457,
1753053239429,-0.6350619792938232,-2.5791537761688232,10.664372444152832
1753053239480,-0.44831427931785583,-3.0196869373321533,8.27974796295166
1753053239528,,-2.3924059867858887,
1753053239529,-0.6350619792938232,-2.8377275466918945,8.567051887512207
1753053239579,-0.7882909178733826,-4.111443042755127,10.185532569885254
1753053239628,,-2.5456349849700928,
1753053239629,-0.16101007163524628,,7.010821342468262
1753053239679,-1.2814964056015015,-3.244741916656494,
1753053239680,,,10.989984512329102
1753053239728,-0.8505401611328125,-3.244741916656494,7.556699275970459
1753053239779,-1.1569979190826416,-2.823362350463867,10.089764595031738
1753053239828,,-3.575141668319702,
1753053239829,-1.0851719379425049,,10.539874076843262
1753053239880,-0.5201402902603149,-2.5312697887420654,7.949347972869873
1753053239929,-0.9127894043922424,-3.378817081451416,10.702680587768555
1753053239979,-0.40043023228645325,-2.56000018119812,7.8296380043029785
1753053240029,-1.6549919843673706,-4.1641154289245605,11.148001670837402
1753053240080,1.0456676483154297,-2.65097975730896,8.85435676574707
1753053240129,-0.702099621295929,-2.8808231353759766,7.834426403045654
1753053240179,-0.8984242081642151,-3.6278140544891357,10.697892189025879
1753053240228,,-3.7283706665039062,
1753053240229,-0.21847090125083923,-3.6134488582611084,9.701904296875
1753053240280,-1.14742112159729,-2.095525026321411,8.145672798156738
1753053240328,-1.999756932258606,-3.378817081451416,10.180744171142578
1753053240379,,-2.689286947250366,
1753053240380,-0.40521863102912903,,7.527968883514404
1753053240429,-0.702099621295929,-3.0867245197296143,9.888651847839355
1753053240479,,-3.6517560482025146,
1753053240480,-1.449090600013733,,8.12173080444336
1753053240528,,-3.110666513442993,
1753053240529,-0.74040687084198,,8.753800392150879
1753053240578,,-4.053982257843018,
1753053240579,-1.0660183429718018,-3.2543187141418457,11.449670791625977
1753053240628,-0.5297171473503113,-3.8815994262695312,
1753053240679,-1.2958617210388184,-3.1250317096710205,10.266935348510742
1753053240728,-1.5304933786392212,-3.78104305267334,9.55825138092041
1753053240779,-0.7978677153587341,-2.7706899642944336,8.27974796295166
1753053240828,-1.6502034664154053,-3.2974143028259277,9.73542308807373
1753053240880,-1.3628993034362793,-3.4314894676208496,7.776965618133545
1753053240929,-0.7356184720993042,-3.18249249458313,9.405022621154785
1753053240978,,-3.5895068645477295,
1753053240979,-1.6645687818527222,-3.618237257003784,8.466495513916016
1753053241028,-0.8505401611328125,-3.469796895980835,8.025962829589844
1753053241079,,-3.666121244430542,
1753053241080,-1.7363947629928589,,10.286088943481445
1753053241128,-1.324592113494873,-3.5895068645477295,8.389881134033203
1753053241179,-1.367687702178955,-3.7475242614746094,9.912593841552734
1753053241228,-1.3437457084655762,-3.7666778564453125,
1753053241229,-1.247977614402771,,9.486425399780273
1753053241279,-1.3820528984069824,-3.512892484664917,8.983643531799316
1753053241328,-1.5065513849258423,-3.5942952632904053,10.554239273071289
1753053241379,-1.367687702178955,-4.039616584777832,8.452130317687988
1753053241428,-0.4339490532875061,-3.230376720428467,9.539097785949707
1753053241479,-1.669357180595398,-4.245518207550049,9.290101051330566
1753053241528,-0.35254621505737305,-3.0819361209869385,7.690774440765381
1753053241579,-1.7794904708862305,-3.7044286727905273,10.128071784973145
1753053241628,-1.7172411680221558,-3.7187938690185547,8.533533096313477
1753053241680,-1.1905168294906616,-3.158550500869751,9.146449089050293
1753053241728,-1.875258445739746,-3.7235822677612305,
1753053241729,,,9.55825138092041
1753053241779,-0.5392939448356628,-3.560776472091675,8.67718505859375
1753053241828,-1.4059948921203613,-3.2638955116271973,9.515155792236328
1753053241879,-1.3006501197814941,-3.8815994262695312,8.715493202209473
1753053241928,-0.6063315868377686,-3.2974143028259277,8.935759544372559
1753053241979,-2.0667946338653564,-3.6756980419158936,8.907029151916504
1753053242028,-1.1378443241119385,-3.5416228771209717,7.867945194244385
1753053242079,-1.71245276927948,-3.354875087738037,9.567828178405762
1753053242128,-1.5017629861831665,-3.599083662033081,8.193556785583496
1753053242179,-0.8792705535888672,-3.2543187141418457,9.510367393493652
1753053242228,-1.7747019529342651,-3.5416228771209717,8.825626373291016
1753053242229,,,9.61571216583252
1753053242279,-0.6590040326118469,-3.230376720428467,8.696338653564453
1753053242280,,,8.040328025817871
1753053242328,-1.348534107208252,-3.5224692821502686,
1753053242329,-0.960673451423645,,9.687539100646973
1753053242379,-1.2623428106307983,-3.4745852947235107,7.470507621765137
1753053242428,-0.6829460263252258,-3.1872811317443848,9.486425399780273
1753053242479,-1.8273744583129883,-3.666121244430542,8.169614791870117
1753053242480,,,9.472060203552246
1753053242528,-0.6637924313545227,-3.426701068878174,9.079411506652832
1753053242579,-1.956661343574524,-4.2550950050354,10.362703323364258
1753053242628,-0.35254621505737305,-2.986168146133423,8.131307601928711
1753053242679,-0.8409633636474609,-4.168903827667236,11.540650367736816
1753053242728,-0.8026561141014099,-3.153762102127075,8.2127103805542
1753053242779,-1.0708067417144775,-3.6373908519744873,9.199121475219727
1753053242828,-1.5783774852752686,-2.718017578125,8.78731918334961
1753053242879,1.2659341096878052,-3.5895068645477295,11.914146423339844
1753053242928,-0.7930793166160583,-1.7268179655075073,5.205593109130859
1753053242979,-3.0579941272735596,-4.719570159912109,11.090540885925293
1753053243028,-0.6206967830657959,-3.4123358726501465,10.640430450439453
1753053243079,,-2.8999767303466797,
1753053243080,-1.3389573097229004,,6.6612677574157715
1753053243128,-1.2384008169174194,-3.4075474739074707,8.64366626739502
1753053243179,-1.4059948921203613,-2.741959571838379,7.729081630706787
1753053243228,-0.8074445128440857,-2.962226152420044,
1753053243229,,,6.642114162445068
1753053243279,-2.473809003829956,-4.197634220123291,9.381080627441406
1753053243328,-0.2232593148946762,-3.2207999229431152,7.618948459625244
1753053243379,-3.536834478378296,-4.393958568572998,10.774506568908691
1753053243428,-1.0995371341705322,-3.8959646224975586,10.79844856262207
1753053243479,-2.095525026321411,-4.183269023895264,9.371503829956055
1753053243528,-2.6605565547943115,-2.2487540245056152,6.838438510894775
1753053243579,-2.301426410675049,-4.2550950050354,11.191097259521484
1753053243628,-1.568800687789917,-3.733159065246582,10.434529304504395
1753053243679,-2.057217836380005,-4.84406852722168,8.658031463623047
1753053243728,1.711255669593811,-2.0428526401519775,9.060257911682129
1753053243779,-3.1298201084136963,-5.830479621887207,9.802460670471191
1753053243828,0.47584760189056396,-3.709217071533203,10.669161796569824
1753053243879,-1.348534107208252,-2.7898435592651367,9.725846290588379
1753053243929,-1.9614497423171997,-3.383605480194092,8.423399925231934
1753053243978,-1.5257049798965454,-5.251082897186279,10.999561309814453
1753053244029,-1.2288240194320679,-1.9087773561477661,6.7474589347839355
1753053244078,-1.2144588232040405,-4.978143692016602,13.058574676513672
1753053244129,1.3521254062652588,-2.406771183013916,6.326079368591309
1753053244178,-1.511339783668518,-1.492186188697815,5.416282653808594
1753053244229,-1.7986440658569336,-5.662885665893555,13.690644264221191
1753053244278,0.2890998423099518,-3.3883938789367676,8.777742385864258
1753053244329,-2.1098902225494385,-3.6996402740478516,9.352350234985352
1753053244378,-1.8848352432250977,-3.139396905899048,8.581417083740234
1753053244429,-1.3628993034362793,-2.866457939147949,8.207921981811523
1753053244478,-1.7076643705368042,-4.197634220123291,11.636418342590332
1753053244529,0.7056909799575806,-3.053205728530884,7.705139636993408
1753053244578,-0.8313865661621094,-3.4985272884368896,9.898228645324707
1753053244629,-1.128267526626587,-3.666121244430542,8.691550254821777
1753053244678,-0.8026561141014099,-3.0101101398468018,8.49522590637207
1753053244729,-1.6071078777313232,-4.1641154289245605,10.73141098022461
1753053244778,0.020949264988303185,-3.757101058959961,9.778518676757812
1753053244829,-0.8409633636474609,-2.9287071228027344,8.921394348144531
1753053244878,-1.128267526626587,-3.3644518852233887,8.145672798156738
1753053244929,-0.9702502489089966,-3.153762102127075,9.170391082763672
1753053244978,-0.8696937561035156,-3.24953031539917,7.65725564956665
1753053245029,-1.2814964056015015,-3.3883938789367676,9.117718696594238
1753053245078,-1.1139023303985596,-3.1681272983551025,9.074623107910156
1753053245129,-0.6877344250679016,-3.1058781147003174,8.399457931518555
1753053245178,-1.7172411680221558,-3.488950490951538,9.151237487792969
1753053245229,-0.6542156338691711,-2.9957449436187744,8.662819862365723
1753053245278,-1.4538789987564087,-3.273472309112549,9.505578994750977
1753053245329,-0.6590040326118469,-3.6326024532318115,8.835203170776367
1753053245378,-0.5249287486076355,-3.1920695304870605,8.423399925231934
1753053245428,,-3.7427358627319336,
1753053245429,-1.9231425523757935,-3.661332845687866,9.807249069213867
1753053245478,-0.5823895931243896,-3.1441853046417236,7.9876556396484375
1753053245529,-1.5209165811538696,-3.685275077819824,9.79288387298584
1753053245578,-0.7978677153587341,-3.5511996746063232,8.231863975524902
1753053245629,-1.425148606300354,-3.1202433109283447,
1753053245630,-0.49140989780426025,,9.103353500366211
1753053245678,-1.3006501197814941,-3.3022027015686035,8.025962829589844
1753053245729,-1.4969745874404907,-3.661332845687866,9.170391082763672
1753053245778,-1.2144588232040405,-3.5272576808929443,8.916605949401855
1753053245829,-1.0468647480010986,-3.6373908519744873,10.511143684387207
1753053245878,-1.8225860595703125,-4.370016574859619,12.148777961730957
1753053245929,-0.4818331003189087,-3.661332845687866,9.112930297851562
1753053245978,-0.7499836683273315,-3.5416228771209717,10.760141372680664
1753053246029,-1.027711033821106,-3.244741916656494,8.394669532775879
1753053246078,-0.6254851818084717,-2.8137855529785156,8.624512672424316
1753053246129,-1.3724761009216309,-3.3261446952819824,8.940547943115234
1753053246178,0.0736217051744461,-2.7898435592651367,8.686761856079102
1753053246228,,-3.508104085922241,
1753053246229,-1.731606364250183,-3.110666513442993,8.332420349121094
1753053246278,-0.07003039866685867,-3.292625904083252,8.811261177062988
1753053246329,-1.9039889574050903,-2.8999767303466797,9.299677848815918
1753053246378,-1.27191960811615,-2.9287071228027344,8.672396659851074
1753053246429,-0.9415197968482971,-3.5655648708343506,10.290877342224121
1753053246478,-1.492186188697815,-3.1441853046417236,9.026739120483398
1753053246529,-0.33339259028434753,-3.2782607078552246,10.659584045410156
1753053246578,-1.5496470928192139,-3.5272576808929443,9.936535835266113
1753053246628,-0.6302735805511475,-2.986168146133423,8.883087158203125
1753053246629,,,7.772177219390869
1753053246679,-1.2623428106307983,-3.383605480194092,10.927735328674316
1753053246729,,-2.516904592514038,
1753053246730,-0.5345055460929871,,7.53275728225708
1753053246778,-0.46746787428855896,-2.876034736633301,10.123283386230469
1753053246829,-0.6350619792938232,-2.7706899642944336,7.293336868286133
1753053246878,-0.7739257216453552,-2.718017578125,9.328408241271973
1753053246929,-0.4339490532875061,-3.0627825260162354,8.581417083740234
1753053246978,-0.6159083843231201,-3.1202433109283447,8.452130317687988
1753053247029,-1.3581109046936035,-3.067570924758911,9.09377670288086
1753053247078,-1.1569979190826416,-2.93349552154541,8.193556785583496
1753053247129,-0.9080010056495667,-3.2399535179138184,10.34833812713623
1753053247178,-0.3429693877696991,-3.62302565574646,9.261370658874512
1753053247229,-1.0468647480010986,-2.4594438076019287,9.088988304138184
1753053247278,-1.4107834100723267,-3.4554316997528076,10.04188060760498
1753053247329,-0.03651157766580582,-3.0819361209869385,8.64366626739502
1753053247378,-0.7499836683273315,-2.6557681560516357,9.007585525512695
1753053247429,-0.6302735805511475,-2.847304344177246,8.734646797180176
1753053247478,-1.003769040107727,-3.709217071533203,10.92294692993164
1753053247529,-0.5728127360343933,-2.3971943855285645,7.135319709777832
1753053247578,-0.8505401611328125,-2.6414029598236084,8.61972427368164
1753053247629,-1.247977614402771,-3.2399535179138184,9.09377670288086
1753053247678,-1.0133458375930786,-3.3644518852233887,8.91181755065918
1753053247730,-1.324592113494873,-3.666121244430542,10.597334861755371
1753053247778,-0.5249287486076355,-2.6366145610809326,8.284536361694336
1753053247779,,,8.964489936828613
1753053247828,,-3.97257924079895,
1753053247829,-1.2623428106307983,,11.258134841918945
1753053247878,-0.6350619792938232,-3.1968579292297363,9.021950721740723
1753053247929,-0.8505401611328125,-2.962226152420044,10.161590576171875
1753053247978,-1.0372878313064575,-3.2207999229431152,9.898228645324707
1753053248029,-0.07960720360279083,-2.876034736633301,8.614935874938965
1753053248078,-0.8984242081642151,-2.876034736633301,8.868721961975098
1753053248129,-1.0516531467437744,-2.804208755493164,8.303689956665039
1753053248178,-1.592742681503296,-3.00053334236145,9.840767860412598
1753053248229,-0.7164648771286011,-3.2543187141418457,8.40424633026123
1753053248278,-0.4100070297718048,-3.1729156970977783,9.16081428527832
1753053248329,-1.5209165811538696,-3.311779499053955,9.797672271728516
1753053248378,-1.1953052282333374,-3.115454912185669,8.605359077453613
1753053248429,-1.3772644996643066,-3.795408248901367,10.92294692993164
1753053248478,-1.1378443241119385,-3.1968579292297363,8.409034729003906
1753053248530,-1.0755951404571533,-2.9670145511627197,10.037092208862305
1753053248579,-1.1665748357772827,-3.9151182174682617,9.812037467956543
1753053248629,-0.9319429993629456,-1.9949685335159302,7.0587053298950195
1753053248678,-1.9183541536331177,-3.8337154388427734,11.82795524597168
1753053248729,0.6817489266395569,-1.544858694076538,5.641337871551514
1753053248778,-2.603095769882202,-2.8137855529785156,8.892663955688477
1753053248829,0.6434416770935059,-3.6326024532318115,8.87829875946045
1753053248878,-0.6685808300971985,-2.3253684043884277,6.579864978790283
1753053248929,-1.4969745874404907,-4.144961833953857,10.79844856262207
1753053248978,-0.9989806413650513,-4.111443042755127,9.596558570861816
1753053249029,-1.1905168294906616,-2.4211363792419434,8.705916404724121
1753053249078,-1.8608932495117188,-3.5416228771209717,9.352350234985352
1753053249129,-0.11791443079710007,-2.9670145511627197,9.045892715454102
1753053249178,-1.6454150676727295,-2.9287071228027344,7.83921480178833
1753053249229,-0.9032126069068909,-3.0771477222442627,9.749788284301758
1753053249278,-2.0859482288360596,-4.0970778465271,10.73141098022461
1753053249328,,-2.5264813899993896,
1753053249329,-0.8026561141014099,-3.3740286827087402,7.456142425537109
1753053249378,-2.138620615005493,-3.6804866790771484,10.549450874328613
1753053249429,-0.6302735805511475,-3.666121244430542,8.753800392150879
1753053249478,-0.5009866952896118,-3.029263734817505,8.600570678710938
1753053249529,-1.975814938545227,-3.9869444370269775,10.108918190002441
1753053249578,-0.4770447015762329,-3.230376720428467,8.385092735290527
1753053249629,-1.4538789987564087,-3.493738889694214,9.721057891845703
1753053249678,-0.884058952331543,-3.493738889694214,9.060257911682129
1753053249729,-1.0851719379425049,-2.603095769882202,8.116942405700684
1753053249778,-2.583942174911499,-3.1250317096710205,7.997232437133789
1753053249829,-1.0564415454864502,-3.953425645828247,10.98040771484375
1753053249878,-0.7116764783859253,-3.330933094024658,9.199121475219727
1753053249929,-2.0380642414093018,-3.292625904083252,8.394669532775879
1753053249978,-1.7651251554489136,-2.852092742919922,9.165602684020996
1753053250029,-1.8513164520263672,-3.824138641357422,8.523956298828125
1753053250078,-0.3381809890270233,-3.3740286827087402,10.573392868041992
1753053250129,-0.6111199855804443,-3.512892484664917,8.476072311401367
1753053250178,-0.5057750940322876,-2.957437753677368,7.30770206451416
1753053250229,-1.7603367567062378,-4.566341400146484,11.8040132522583
1753053250278,-0.9989806413650513,-3.1681272983551025,8.260594367980957
1753053250329,-1.6932991743087769,-3.8959646224975586,11.689091682434082
1753053250378,-1.3293805122375488,-3.7475242614746094,8.7298583984375
1753053250429,-1.832162857055664,-3.2638955116271973,9.620500564575195
1753053250478,-1.5879542827606201,-3.838503837585449,11.368268013000488
1753053250529,0.030526071786880493,-2.320580005645752,6.3931169509887695
1753053250578,-2.081159830093384,-2.938283920288086,9.179967880249023
1753053250628,,-3.330933094024658,
1753053250629,-0.2472013235092163,-3.9438488483428955,8.571840286254883
1753053250678,-0.74040687084198,-2.7706899642944336,8.423399925231934
1753053250729,-1.2575544118881226,-3.62302565574646,8.811261177062988
1753053250778,-0.821809709072113,-2.6797101497650146,7.934982776641846
1753053250829,-1.6214730739593506,-3.996521234512329,10.377068519592285
1753053250878,-0.2232593148946762,-3.177704095840454,7.791330814361572
1753053250929,-1.8465280532836914,-3.4602200984954834,10.199897766113281
1753053250978,-1.0708067417144775,-2.981379747390747,7.614160060882568
1753053251029,-1.1139023303985596,-3.3883938789367676,10.319607734680176
1753053251078,-1.4538789987564087,-4.082712650299072,10.214262962341309
1753053251129,-0.35733461380004883,-2.670133352279663,8.76337718963623
1753053251178,-1.9375077486038208,-3.6326024532318115,10.180744171142578
1753053251229,-0.5728127360343933,-3.4314894676208496,8.67718505859375
1753053251278,-1.0995371341705322,-4.111443042755127,11.708245277404785
1753053251329,-0.7978677153587341,-2.828150749206543,7.101800918579102
1753053251378,-1.0564415454864502,-3.292625904083252,10.25735855102539
1753053251428,,-3.733159065246582,
1753053251429,-0.7882909178733826,-4.269460201263428,9.088988304138184
1753053251478,-0.5728127360343933,-2.737171173095703,7.662044048309326
1753053251529,-1.3341689109802246,-3.8815994262695312,10.58775806427002
1753053251578,-0.6302735805511475,-2.9957449436187744,7.202357292175293
1753053251629,-2.3110032081604004,-3.5942952632904053,10.061034202575684
1753053251678,-1.511339783668518,-2.6605565547943115,7.025186538696289
1753053251729,-1.5352818965911865,-3.9486372470855713,10.501566886901855
1753053251778,-0.5488707423210144,-4.389170169830322,11.449670791625977
1753053251829,-1.0755951404571533,-2.5073277950286865,7.7195048332214355
1753053251878,-1.71245276927948,-3.867234230041504,10.999561309814453
1753053251929,-0.5201402902603149,-3.1298201084136963,8.011597633361816
1753053251978,-1.367687702178955,-3.383605480194092,10.027515411376953
1753053252029,-0.6446388363838196,-3.09151291847229,8.394669532775879
1753053252078,-1.0564415454864502,-4.001309394836426,9.43375301361084
1753053252128,,-3.1729156970977783,
1753053252129,-2.124255418777466,-3.450643301010132,8.002020835876465
1753053252178,-0.4866214990615845,-2.5695769786834717,8.136096000671387
1753053252229,-1.5209165811538696,-3.776254653930664,10.554239273071289
1753053252278,-0.3621230125427246,-3.2160115242004395,8.830414772033691
1753053252328,,-3.4314894676208496,
1753053252329,-0.6446388363838196,-2.694075345993042,10.290877342224121
1753053252377,,-2.8185739517211914,
1753053252378,-0.7930793166160583,,7.350797653198242
1753053252429,-0.9654618501663208,-3.4123358726501465,10.975619316101074
1753053252478,-2.1338322162628174,-3.5703532695770264,9.232640266418457
1753053252529,-0.35254621505737305,-3.273472309112549,9.835979461669922
1753053252578,-1.2910733222961426,-3.5703532695770264,11.1288480758667
1753053252629,-0.7547720670700073,-2.9095535278320312,7.192780494689941
1753053252678,-1.27191960811615,-2.93349552154541,9.582193374633789
1753053252729,-1.1426327228546143,-3.4410665035247803,8.835203170776367
1753053252778,-0.5488707423210144,-3.3883938789367676,9.788095474243164
1753053252829,-1.0324994325637817,-2.9909565448760986,8.5287446975708
1753053252878,-0.67815762758255,-2.9765913486480713,7.508815288543701
1753053252929,-1.6262614727020264,-3.752312660217285,10.013150215148926
1753053252978,-0.6254851818084717,-2.713229179382324,7.029974937438965
1753053253029,-1.7507599592208862,-3.7475242614746094,11.191097259521484
1753053253079,-1.204882025718689,-3.4314894676208496,8.533533096313477
1753053253128,-0.7164648771286011,-2.7515363693237305,7.192780494689941
1753053253179,-1.2575544118881226,-3.685275077819824,11.133636474609375
1753053253228,-1.5065513849258423,-4.058770656585693,9.132083892822266
1753053253279,-0.16579847037792206,-2.272696018218994,8.950124740600586
1753053253328,-2.454655408859253,-4.135385036468506,9.452906608581543
1753053253379,0.20769700407981873,-1.832162857055664,7.647678852081299
1753053253428,-1.9470845460891724,-3.067570924758911,
1753053253429,,,8.251017570495605
1753053253478,,-3.397970676422119,
1753053253479,-0.7595604658126831,-3.18249249458313,9.117718696594238
1753053253528,-0.5536591410636902,-3.891176223754883,11.090540885925293
1753053253579,-0.67815762758255,-2.6557681560516357,7.504026889801025
1753053253628,-0.6063315868377686,-3.359663486480713,10.319607734680176
1753053253679,-1.1091139316558838,-3.4745852947235107,8.073846817016602
1753053253728,-0.5919663906097412,-3.096301317214966,8.85435676574707
1753053253779,-1.468244194984436,-3.24953031539917,8.681973457336426
1753053253828,-0.5823895931243896,-2.9765913486480713,7.5231804847717285
1753053253878,,-3.867234230041504,
1753053253879,-1.731606364250183,-3.3500866889953613,10.712257385253906
1753053253928,-1.30543851852417,-3.177704095840454,7.436988830566406
1753053253979,-0.922366201877594,-3.843292236328125,11.660361289978027
1753053254028,-0.7930793166160583,-4.475361347198486,10.597334861755371
1753053254078,,-2.3540987968444824,
1753053254079,-0.2041056901216507,-3.115454912185669,8.892663955688477
1753053254128,-1.3772644996643066,-3.6278140544891357,10.338761329650879
1753053254179,,-2.7515363693237305,
1753053254180,-0.596754789352417,,7.762600421905518
1753053254181,,,8.073846817016602
1753053254228,,-3.1250317096710205,
1753053254229,-1.468244194984436,,9.931747436523438
1753053254279,-0.3190273642539978,-3.359663486480713,8.016386032104492
1753053254328,-0.7930793166160583,-3.2112231254577637,9.275735855102539
1753053254379,-1.2814964056015015,-3.1202433109283447,8.145672798156738
1753053254428,-0.7068880796432495,-3.4554316997528076,10.185532569885254
1753053254479,-0.9080010056495667,-3.09151291847229,8.294113159179688
1753053254528,-0.7643488645553589,-2.540846586227417,
1753053254529,,,6.876745700836182
1753053254579,-1.5640122890472412,-3.709217071533203,10.25735855102539
1753053254628,-0.8696937561035156,-3.1489737033843994,
1753053254629,,,7.709928035736084
1753053254678,,-3.6134488582611084,
1753053254679,-0.7643488645553589,-2.895188331604004,11.095329284667969
1753053254728,-1.2000936269760132,-3.977367639541626,9.831191062927246
1753053254779,-0.46746787428855896,-2.5935189723968506,8.22228717803955
1753053254828,-2.3062148094177246,-3.206434726715088,8.614935874938965
1753053254879,-1.2431892156600952,-4.408323764801025,10.994772911071777
1753053254928,,-3.153762102127075,
1753053254929,-0.39564183354377747,,10.712257385253906
1753053254979,0.6147112846374512,-2.9287071228027344,9.179967880249023
1753053255028,-1.4826093912124634,-4.915894508361816,10.171167373657227
1753053255079,-2.3684639930725098,-1.3628993034362793,5.45458984375
1753053255128,-0.5440823435783386,-3.6373908519744873,11.224616050720215
1753053255179,-2.344521999359131,-3.795408248901367,6.0866594314575195
1753053255228,-0.19931729137897491,-2.057217836380005,8.241440773010254
1753053255279,-2.6797101497650146,-5.581482887268066,12.13441276550293
1753053255328,,-4.058770656585693,
1753053255329,-0.3621230125427246,,11.248558044433594
1753053255378,,-1.9901801347732544,
1753053255379,-0.2472013235092163,-2.5264813899993896,8.016386032104492
1753053255428,-4.111443042755127,-4.757877349853516,9.280524253845215
1753053255479,1.0456676483154297,-2.8856115341186523,10.266935348510742
1753053255528,-1.348534107208252,-2.914341926574707,7.379528045654297
1753053255578,,-3.555988073348999,
1753053255579,-1.5304933786392212,-3.8097734451293945,8.974066734313965
1753053255628,-0.4387374520301819,-3.0867245197296143,10.219051361083984
1753053255679,-0.821809709072113,-3.3644518852233887,9.060257911682129
1753053255728,0.46627077460289,-2.9765913486480713,9.280524253845215
1753053255779,-1.7507599592208862,-3.4793736934661865,7.882310390472412
1753053255828,-0.4100070297718048,-2.7275943756103516,7.9637131690979
1753053255879,-2.258330821990967,-3.335721492767334,9.16081428527832
1753053255928,-1.027711033821106,-2.957437753677368,6.905476093292236
1753053255978,,-3.508104085922241,
1753053255979,-2.5312697887420654,-1.027711033821106,8.24622917175293
1753053256028,,-5.734711647033691,
1753053256029,-0.9846154451370239,,13.130400657653809
1753053256079,-0.6302735805511475,-1.611896276473999,6.134543418884277
1753053256128,-2.296638011932373,-2.9478609561920166,8.892663955688477
1753053256178,,-5.059546947479248,
1753053256179,0.657806932926178,-3.1872811317443848,12.977171897888184
1753053256209,0.10235211998224258,-4.211999416351318,11.286865234375
1753053256259,,-4.106654644012451,
1753053256260,-2.4690206050872803,-3.0101101398468018,10.927735328674316
1753053256309,-2.780266761779785,-3.5655648708343506,8.839991569519043
1753053256359,,-3.292625904083252,
1753053256360,-0.02214636653661728,,10.185532569885254
1753053256409,-1.080383539199829,-3.206434726715088,7.9637131690979
1753053256461,-0.6877344250679016,-3.5176808834075928,9.294889450073242
1753053256509,-0.7739257216453552,-3.2830491065979004,10.28130054473877
1753053256559,,-2.7084407806396484,
1753053256560,-0.4866214990615845,,7.116166114807129
1753053256609,-1.6549919843673706,-2.6174609661102295,8.33720874786377
1753053256660,-1.2384008169174194,-4.331709384918213,9.30925464630127
1753053256709,0.1215057373046875,-2.5983073711395264,8.64366626739502
1753053256759,,-3.752312660217285,
1753053256760,-0.9750386476516724,,9.46727180480957
1753053256809,-0.4770447015762329,-2.785055160522461,8.102577209472656
1753053256860,-1.204882025718689,-3.09151291847229,
1753053256909,-2.1577742099761963,-1.224035620689392,3.4386723041534424
1753053256960,,-4.911106109619141,
1753053256962,-1.6932991743087769,-3.0340521335601807,12.048221588134766
1753053257008,-0.2472013235092163,-4.111443042755127,9.764153480529785
1753053257058,-1.7172411680221558,-3.3405098915100098,9.740211486816406
1753053257111,0.2819172441959381,-4.0779242515563965,11.526285171508789
1753053257158,,-2.1481974124908447,
1753053257159,-1.0109516382217407,-3.646967649459839,6.220734596252441
1753053257209,-2.916736125946045,-4.214393615722656,10.815207481384277
1753053257259,-0.1777694821357727,-3.7858314514160156,8.58381175994873
1753053257309,-2.454655408859253,-2.449866771697998,8.282142639160156
1753053257358,,-4.020462989807129,
1753053257359,-2.2822728157043457,,9.318831443786621
1753053257408,,-3.8337154388427734,
1753053257409,-0.8672995567321777,-3.13700270652771,10.4728364944458
1753053257459,0.15263035893440247,-4.954201698303223,12.519879341125488
1753053257509,-0.0077811554074287415,-1.5807716846466064,6.323685169219971
1753053257559,-5.260659694671631,-2.9263129234313965,8.116942405700684
1753053257608,,-4.688445568084717,
1753053257609,2.5348610877990723,-2.5049335956573486,11.655572891235352
1753053257659,-0.8720879554748535,-3.7499184608459473,8.655637741088867
1753053257708,,-3.663727045059204,
1753053257709,-0.900818407535553,-2.7275943756103516,6.972513675689697
1753053257759,0.4255693554878235,-3.7499184608459473,11.595717430114746
1753053257809,-0.5321113467216492,-2.9670145511627197,7.085041522979736
1753053257858,-0.14664486050605774,-2.7539305686950684,8.150461196899414
1753053257908,,-4.336497783660889,
1753053257909,-2.914341926574707,-3.9270894527435303,10.152013778686523
1753053257959,-2.0835540294647217,-2.6150667667388916,7.920617580413818
1753053258009,-1.5807716846466064,-5.01405668258667,12.823943138122559
1753053258059,-0.9702502489089966,-2.8999767303466797,7.489661693572998
1753053258108,,-3.951031446456909,
1753053258109,-1.204882025718689,-2.667739152908325,12.306795120239258
1753053258159,-1.734000563621521,-3.8073792457580566,8.325238227844238
1753053258209,-2.3349452018737793,-3.596689462661743,9.21588134765625
1753053258258,,-4.101866245269775,
1753053258259,-0.960673451423645,-4.264671802520752,11.55741024017334
1753053258308,,-2.471414804458618,
1753053258309,-0.9534908533096313,,7.116166114807129
1753053258359,-1.0923545360565186,-4.214393615722656,
1753053258360,,,12.53184986114502
1753053258408,,-3.883993625640869,
1753053258409,1.3162124156951904,,9.651625633239746
1753053258458,,-3.9438488483428955,
1753053258459,1.8405425548553467,,11.272500038146973
1753053258508,,-1.4969745874404907,
1753053258509,-2.3349452018737793,-2.739565372467041,5.521627902984619
1753053258561,-3.445854902267456,-3.469796895980835,10.827178955078125
1753053258608,-0.800261914730072,-3.907935619354248,8.523956298828125
1753053258658,-0.6613982319831848,-2.957437753677368,7.899069786071777
1753053258708,-1.3605051040649414,-4.468178749084473,12.084134101867676
1753053258758,0.17178396880626678,-3.4314894676208496,9.302072525024414
1753053258808,-0.6039373874664307,-2.780266761779785,9.876680374145508
1753053258809,,,8.33481502532959
1753053258858,-1.1115081310272217,-4.597465991973877,9.85034465789795
1753053258908,,-1.635838270187378,
1753053258909,-0.37888240814208984,-4.408323764801025,6.081871032714844
1753053258959,-2.0835540294647217,-2.3924059867858887,5.198410511016846
1753053259009,-1.2144588232040405,-4.053982257843018,11.116876602172852
1753053259059,-0.9080010056495667,-3.4793736934661865,8.715493202209473
1753053259109,-1.025316834449768,-3.1729156970977783,8.933364868164062
1753053259159,-1.7028759717941284,-3.230376720428467,8.859145164489746
1753053259209,-1.370081901550293,-4.489726543426514,8.871115684509277
1753053259259,-0.19692309200763702,-3.268683910369873,10.83436107635498
1753053259309,-0.4602852761745453,-3.3045969009399414,8.435371398925781
1753053259358,-1.688510775566101,-2.4809916019439697,8.119336128234863
1753053259409,-1.6717513799667358,-3.7427358627319336,9.139266014099121
1753053259459,-0.7906851172447205,-3.134608507156372,9.132083892822266
1753053259508,,-3.7834372520446777,
1753053259509,0.5524620413780212,-4.532822132110596,9.61331844329834
1753053259558,,-3.251924514770508,
1753053259559,1.2731167078018188,-3.692457675933838,7.520786285400391
1753053259608,,-2.825756549835205,
1753053259609,-1.27191960811615,,8.974066734313965
1753053259659,-1.4059948921203613,-4.185663223266602,8.672396659851074
1753053259709,-1.8489222526550293,-3.00053334236145,7.53275728225708
1753053259759,-0.7044938206672668,-2.4594438076019287,6.603806972503662
1753053259809,-1.324592113494873,-4.271854400634766,12.141595840454102
1753053259858,,-4.872798919677734,
1753053259859,-1.245583415031433,-4.451419353485107,9.64923095703125
1753053259908,,-2.3133974075317383,
1753053259909,-1.2527660131454468,-3.4578258991241455,7.860762596130371
1753053259959,-3.1657330989837646,-4.037222385406494,10.40340518951416
1753053260009,1.0001777410507202,-3.4290952682495117,9.065046310424805
1753053260058,-0.8170213103294373,-4.4705729484558105,10.772111892700195
1753053260108,-0.18734627962112427,-2.691681146621704,7.362768650054932
1753053260159,-1.0708067417144775,-3.620631456375122,9.220669746398926
1753053260209,-1.0420763492584229,-3.0771477222442627,7.511209487915039
1753053260259,-1.2743138074874878,-3.117849111557007,8.545504570007324
1753053260308,,-3.8959646224975586,
1753053260309,-1.1091139316558838,-3.8959646224975586,9.100958824157715
1753053260358,,-3.357269287109375,
1753053260359,-0.24001872539520264,,8.693944931030273
1753053260409,-1.6502034664154053,-3.778648853302002,9.27334213256836
1753053260459,-0.07960720360279083,-3.4123358726501465,8.454524993896484
1753053260508,,-3.931877851486206,
1753053260509,-1.5855600833892822,-3.287837505340576,10.408193588256836
1753053260558,-0.32381579279899597,-4.073135852813721,
1753053260559,,,9.644442558288574
1753053260608,-3.0627825260162354,-2.8113913536071777,7.056311130523682
1753053260658,-3.022081136703491,-2.825756549835205,6.237493991851807
1753053260709,-2.3349452018737793,-4.731541156768799,12.053009986877441
1753053260758,,-4.3412861824035645,
1753053260759,-0.982221245765686,-4.561553001403809,9.819219589233398
1753053260809,-2.3086090087890625,-2.962226152420044,8.083423614501953
1753053260858,,-2.943072557449341,
1753053260859,-2.4235305786132812,-3.445854902267456,7.554305076599121
1753053260908,-0.19452889263629913,-4.0084919929504395,10.968436241149902
1753053260958,-2.0236990451812744,-3.9390604496002197,8.79928970336914
1753053261008,-0.6829460263252258,-3.180098295211792,9.048286437988281
1753053261058,-1.9518729448318481,-4.30058479309082,11.227010726928711
1753053261086,-0.7930793166160583,-2.624643564224243,6.8791399002075195
1753053261133,-1.9662381410598755,-5.2893900871276855,13.130400657653809
1753053261148,,-2.7898435592651367,
1753053261149,-0.4818331003189087,,7.302913665771484
1753053261150,-0.046088382601737976,-3.1489737033843994,7.551910877227783
1753053261161,-0.558447539806366,-3.910329818725586,9.007585525512695
1753053261171,-1.4012064933776855,-4.4705729484558105,10.736199378967285
1753053261233,-1.9901801347732544,-4.465784549713135,11.835137367248535
1753053261283,-0.4531026780605316,-3.5176808834075928,8.962095260620117
1753053261332,,-2.6366145610809326,
1753053261333,-2.255936622619629,-3.840898036956787,6.998850345611572
1753053261383,-2.476203203201294,-2.385223388671875,5.658097267150879
1753053261433,,-3.292625904083252,
1753053261434,-0.8194155097007751,-3.251924514770508,9.077016830444336
1753053261483,-0.9199720025062561,-3.642179250717163,6.778583526611328
1753053261533,,-3.2782607078552246,
1753053261534,-2.203263998031616,-2.935889720916748,8.681973457336426
1753053261582,,-4.111443042755127,
1753053261583,-2.2822728157043457,-3.515286684036255,9.725846290588379
1753053261633,,-3.5248634815216064,
1753053261634,-0.960673451423645,,9.888651847839355
1753053261683,-2.0452468395233154,-3.9653966426849365,8.564658164978027
1753053261733,-1.8177976608276367,-3.776254653930664,10.080187797546387
1753053261783,-2.3110032081604004,-4.547187805175781,
1753053261784,-1.954267144203186,,10.85590934753418
1753053261832,,-2.430713176727295,
1753053261833,-0.5847837924957275,-2.9239187240600586,7.26221227645874
1753053261883,-3.3069911003112793,-4.211999416351318,8.504802703857422
1753053261935,-2.3469161987304688,-3.4530375003814697,5.978919982910156
1753053261983,-2.5791537761688232,-4.027645587921143,9.82640266418457
1753053262033,-0.517746090888977,-3.6110546588897705,8.971672058105469
1753053262082,,-3.7475242614746094,
1753053262083,-0.6925228238105774,-3.6086604595184326,10.851120948791504
1753053262132,,-3.907935619354248,
1753053262133,-1.2838906049728394,-3.6733038425445557,7.712322235107422
1753053262182,-2.4235305786132812,-3.1968579292297363,6.694786548614502
1753053262232,-4.568735599517822,-4.53761100769043,8.42579460144043
1753053262282,-2.117072820663452,-4.58310079574585,13.013084411621094
1753053262333,-1.8249802589416504,-4.35804557800293,6.764218330383301
1753053262382,-0.9630676507949829,-3.7211880683898926,10.171167373657227
1753053262432,-0.3884592354297638,-4.128202438354492,10.290877342224121
1753053262481,,-3.6493618488311768,
1753053262482,-0.8074445128440857,-3.448249101638794,9.029132843017578
1753053262531,,-3.8265328407287598,
1753053262532,-1.269525408744812,-4.389170169830322,9.225458145141602
1753053262582,,-3.3668460845947266,
1753053262583,-1.0013748407363892,-3.9390604496002197,7.776965618133545
1753053262632,-2.2679076194763184,-3.7714662551879883,
1753053262633,-1.6765397787094116,,8.349180221557617
1753053262681,,-3.6709096431732178,
1753053262682,-1.0205284357070923,-4.3628339767456055,8.444948196411133
1753053262731,,-4.238335609436035,
1753053262732,-2.7515363693237305,,7.937376976013184
1753053262781,-0.5273229479789734,-3.3285388946533203,9.031527519226074
1753053262832,,-4.444236755371094,
1753053262833,-2.449866771697998,-4.647744178771973,8.933364868164062
1753053262881,-0.6039373874664307,-3.1202433109283447,7.757812023162842
1753053262931,-2.430713176727295,-4.700416564941406,10.970830917358398
1753053262981,,-3.359663486480713,
1753053262982,-0.6230909824371338,,8.667608261108398
1753053263031,-2.828150749206543,-4.235941410064697,9.618106842041016
1753053263082,,-3.1513679027557373,
1753053263083,-0.8601169586181641,,8.3707275390625
1753053263131,,-4.180874824523926,
1753053263132,-2.694075345993042,-3.5847184658050537,8.938153266906738
1753053263181,-1.1905168294906616,-3.2543187141418457,7.595006465911865
1753053263231,-2.5480291843414307,-4.487332344055176,10.283695220947266
1753053263281,-0.32381579279899597,-3.757101058959961,9.891045570373535
1753053263332,,-3.73555326461792,
1753053263333,-2.2631192207336426,-4.336497783660889,8.437765121459961
1753053263381,-0.47465047240257263,-2.8425159454345703,8.385092735290527
1753053263431,-1.611896276473999,-3.9031472206115723,10.017938613891602
1753053263481,,-2.672527551651001,
1753053263482,0.0065840547904372215,,6.654085159301758
1753053263531,-2.7299885749816895,-4.087501049041748,10.616488456726074
1753053263582,-0.9702502489089966,-3.4123358726501465,
1753053263583,,,8.452130317687988
1753053263631,-1.9877859354019165,-3.8744168281555176,9.610923767089844
1753053263680,,-3.0340521335601807,
1753053263681,-0.67815762758255,-4.006097793579102,7.724293231964111
1753053263731,-2.672527551651001,-3.9414546489715576,9.314043045043945
1753053263781,-0.8720879554748535,-3.1202433109283447,8.03075122833252
1753053263833,-1.8058266639709473,-4.032433986663818,9.95329475402832
1753053263881,-0.37169981002807617,-3.2327709197998047,8.55268669128418
1753053263931,-1.8058266639709473,-3.663727045059204,9.031527519226074
1753053263981,-0.4626794755458832,-2.9933507442474365,7.5231804847717285
1753053264031,-1.5400702953338623,-3.575141668319702,9.766547203063965
1753053264082,,-3.093907117843628,
1753053264083,-0.12509703636169434,-3.335721492767334,8.365939140319824
1753053264130,,-3.2112231254577637,
1753053264131,-1.4131776094436646,-3.177704095840454,9.206304550170898
1753053264181,-0.2998737692832947,-3.2854433059692383,8.737040519714355
1753053264230,,-3.201646327972412,
1753053264231,-1.8920178413391113,-2.940678119659424,9.053074836730957
1753053264281,0.076015904545784,-3.1872811317443848,8.739435195922852
1753053264332,,-3.9031472206115723,
1753053264333,-1.877652645111084,,10.00836181640625
1753053264380,0.10714052617549896,-2.847304344177246,
1753053264381,-0.5273229479789734,,8.576628684997559
1753053264430,,-3.558382272720337,
1753053264431,-1.592742681503296,-3.3644518852233887,9.654019355773926
1753053264480,-0.2472013235092163,-2.9095535278320312,8.116942405700684
1753053264481,,,9.120112419128418
1753053264530,,-3.9199066162109375,
1753053264531,-1.3078327178955078,-3.2327709197998047,10.568604469299316
1753053264581,,-2.983773946762085,
1753053264582,0.15263035893440247,-3.24953031539917,9.00279712677002
1753053264630,,-3.3045969009399414,
1753053264631,-1.3772644996643066,,9.603741645812988
1753053264680,,-2.653373956680298,
1753053264681,-0.2711433470249176,,7.911040782928467
1753053264730,,-3.6349966526031494,
1753053264731,-1.470638394355774,-3.8815994262695312,9.496002197265625
1753053264780,,-2.0715830326080322,
1753053264781,0.030526071786880493,,6.441000938415527
1753053264831,,-3.9270894527435303,
1753053264832,-1.4395138025283813,-2.983773946762085,11.617264747619629
1753053264880,0.20051439106464386,-2.56000018119812,7.281365871429443
1753053264930,,-3.7834372520446777,
1753053264931,-0.9798270463943481,,10.640430450439453
1753053264981,0.34416648745536804,-2.3517045974731445,7.144896507263184
1753053265031,-0.6326677799224854,-3.8313212394714355,
1753053265032,,,10.657190322875977
1753053265082,-0.3884592354297638,-2.9239187240600586,7.942165374755859
1753053265130,,-3.493738889694214,
1753053265131,-1.1522095203399658,,10.108918190002441
1753053265180,,-3.048417329788208,
1753053265181,-0.28072014451026917,-3.603872060775757,8.670002937316895
1753053265230,,-3.8744168281555176,
1753053265231,-1.3581109046936035,-3.6828808784484863,10.544662475585938
1753053265280,,-2.9933507442474365,
1753053265281,-0.31184476613998413,,8.79928970336914
1753053265331,,-4.04201078414917,
1753053265332,-1.4227544069290161,-3.8289270401000977,11.023503303527832
1753053265380,,-2.6581623554229736,
1753053265381,0.08080431073904037,-3.0436289310455322,8.06427001953125
1753053265430,,-3.7475242614746094,
1753053265431,-1.1881226301193237,-2.9957449436187744,10.523115158081055
1753053265480,,-2.4594438076019287,
1753053265481,-0.1346738487482071,,6.962936878204346
1753053265530,,-3.024475336074829,
1753053265531,-1.5496470928192139,-3.156156301498413,9.448118209838867
1753053265582,-0.6302735805511475,-2.6605565547943115,6.855197906494141
1753053265630,,-3.3931822776794434,
1753053265631,-1.324592113494873,-3.3476924896240234,9.723451614379883
1753053265682,-0.30226796865463257,-2.911947727203369,7.152079105377197
1753053265730,,-3.819350242614746,
1753053265731,-2.320580005645752,,10.410587310791016
1753053265780,,-2.919130325317383,
1753053265781,-0.08439560979604721,,7.640496253967285
1753053265831,,-4.147356033325195,
1753053265832,-1.7794904708862305,-3.558382272720337,11.373056411743164
1753053265880,-0.5943605899810791,-3.6780924797058105,
1753053265881,,,9.235034942626953
1753053265930,,-3.618237257003784,
1753053265931,-1.4754267930984497,,9.888651847839355
1753053265981,-0.47225627303123474,-3.2543187141418457,8.24383544921875
1753053266030,,-3.472191095352173,
1753053266031,-2.0907366275787354,-3.266289710998535,9.170391082763672
1753053266082,-1.2647370100021362,-3.639785051345825,8.322843551635742
1753053266130,,-3.007715940475464,
1753053266131,-1.7962498664855957,-2.691681146621704,8.18876838684082
1753053266180,,-3.6541502475738525,
1753053266181,-2.02848744392395,-2.646191358566284,9.481637001037598
1753053266230,,-3.5248634815216064,
1753053266231,-0.8242039084434509,,9.057863235473633
1753053266280,,-3.230376720428467,
1753053266281,-1.183334231376648,-4.154538631439209,6.642114162445068
1753053266332,-2.5552117824554443,-4.080318450927734,11.198280334472656
1753053266381,-0.9175778031349182,-3.9199066162109375,10.001178741455078
1753053266430,,-3.3429040908813477,
1753053266431,-1.7603367567062378,-3.1082723140716553,8.06427001953125
1753053266480,-1.1881226301193237,-3.251924514770508,
1753053266481,-1.7483657598495483,,8.782530784606934
1753053266530,,-3.802590847015381,
1753053266531,-1.4969745874404907,,9.39784049987793
1753053266581,,-3.2399535179138184,
1753053266582,-0.960673451423645,,7.621342658996582
1753053266630,,-4.049193859100342,
1753053266631,-1.7387889623641968,,10.539874076843262
1753053266680,-0.6135141849517822,-2.957437753677368,8.593388557434082
1753053266681,,,9.879075050354004
1753053266730,,-3.883993625640869,
1753053266731,-1.635838270187378,-3.402759075164795,10.597334861755371
1753053266780,,-3.3859996795654297,
1753053266781,-1.6166846752166748,,7.992444038391113
1753053266832,-1.7028759717941284,-3.402759075164795,10.549450874328613
1753053266880,-1.4059948921203613,-4.006097793579102,10.61888313293457
1753053266930,,-3.4841620922088623,
1753053266931,-0.9917980432510376,-3.5440170764923096,9.041104316711426
1753053266980,,-3.0651767253875732,
1753053266981,-1.2743138074874878,-2.868852138519287,8.581417083740234
1753053267030,,-3.3405098915100098,
1753053267031,-0.596754789352417,-3.271078109741211,10.152013778686523
1753053267082,-0.7140706777572632,-3.3883938789367676,8.198345184326172
1753053267130,,-2.8209681510925293,
1753053267131,-1.2599486112594604,,8.318055152893066
1753053267181,-1.0157400369644165,-3.1489737033843994,7.525574684143066
1753053267230,,-3.620631456375122,
1753053267231,-1.4634557962417603,-3.1274259090423584,9.982025146484375
1753053267280,,-3.467402696609497,
1753053267281,-0.9726444482803345,,8.58381175994873
1753053267331,,-3.53204607963562,
1753053267332,-1.1905168294906616,-2.9718029499053955,10.729016304016113
1753053267380,,-3.802590847015381,
1753053267381,-1.061229944229126,,9.867103576660156
1753053267430,,-3.4745852947235107,
1753053267431,-1.4443022012710571,,10.511143684387207
1753053267480,-1.3820528984069824,-3.7666778564453125,
1753053267481,-1.8441338539123535,,10.465654373168945
1753053267530,,-3.773860454559326,
1753053267531,-0.33339259028434753,-2.670133352279663,10.628459930419922
1753053267582,-0.9103952050209045,-3.465008497238159,9.869498252868652
1753053267630,,-2.9885623455047607,
1753053267631,-1.1234791278839111,-2.538452386856079,8.969278335571289
1753053267680,-1.104325532913208,-3.1729156970977783,
1753053267681,-1.446696400642395,,8.504802703857422
1753053267730,,-2.959831953048706,
1753053267731,-0.7284358739852905,,9.539097785949707
1753053267780,,-3.867234230041504,
1753053267781,-1.22642982006073,-3.5033156871795654,10.005967140197754
1753053267832,-0.9080010056495667,-2.5480291843414307,8.00920295715332
1753053267880,,-3.2399535179138184,
1753053267881,-1.0181342363357544,,9.979631423950195
1753053267930,,-3.050811529159546,
1753053267931,-0.35494041442871094,,9.235034942626953
1753053267981,-0.5153518915176392,-3.0986955165863037,9.472060203552246
1753053268030,,-2.823362350463867,
1753053268031,-0.9678560495376587,-2.7706899642944336,9.179967880249023
1753053268082,-1.4395138025283813,-3.208828926086426,8.61972427368164
1753053268130,,-3.357269287109375,
1753053268131,-0.3429693877696991,,10.872668266296387
1753053268180,,-3.6326024532318115,
1753053268181,-0.8912416100502014,-3.6062662601470947,9.665990829467773
1753053268230,,-3.1489737033843994,
1753053268231,-0.4100070297718048,-2.844910144805908,9.965266227722168
1753053268280,,-3.582324266433716,
1753053268281,-0.6997054219245911,-3.9438488483428955,10.015543937683105
1753053268332,-1.3221979141235352,-2.492962598800659,8.42818832397461
1753053268380,,-3.488950490951538,
1753053268381,-1.2168530225753784,-3.802590847015381,9.874286651611328
1753053268430,,-3.3500866889953613,
1753053268431,-0.39564183354377747,-2.519298791885376,9.436147689819336
1753053268480,,-3.5224692821502686,
1753053268481,-1.269525408744812,,9.934141159057617
1753053268530,,-3.1968579292297363,
1753053268531,-0.42437225580215454,-3.0603883266448975,9.385869026184082
1753053268581,,-2.9933507442474365,
1753053268582,-0.6350619792938232,,8.416217803955078
1753053268630,,-3.3931822776794434,
1753053268631,-0.8816647529602051,-2.911947727203369,10.374674797058105
1753053268680,,-3.1848866939544678,
1753053268681,-1.6310498714447021,,9.603741645812988
1753053268730,,-3.0316579341888428,
1753053268731,-0.28311434388160706,-3.2423477172851562,9.744999885559082
1753053268780,,-3.405153274536133,
1753053268781,-1.544858694076538,-3.488950490951538,9.378686904907227
1753053268832,-0.3860650360584259,-2.761113166809082,9.280524253845215
1753053268880,,-3.797802448272705,
1753053268881,-1.566406488418579,-3.8600516319274902,9.49121379852295
1753053268931,-0.35494041442871094,-3.2543187141418457,9.644442558288574
1753053268980,,-3.9438488483428955,
1753053268981,-1.489791989326477,-3.9007530212402344,11.033080101013184
1753053269032,-1.1378443241119385,-2.7922377586364746,7.757812023162842
1753053269082,-1.8872294425964355,-3.579930067062378,9.5223388671875
1753053269133,,-2.866457939147949,
1753053269134,-1.0684125423431396,,7.097012519836426
1753053269183,,-3.912724018096924,
1753053269184,-2.5480291843414307,-2.8784289360046387,10.549450874328613
1753053269233,,-3.3668460845947266,
1753053269234,-1.899200439453125,,7.841609001159668
1753053269283,-1.0564415454864502,-3.7068228721618652,10.748169898986816
1753053269332,,-3.9438488483428955,
1753053269333,-0.7284358739852905,,10.276512145996094
1753053269383,,-3.1705214977264404,
1753053269384,-1.4131776094436646,,7.549516677856445
1753053269433,-0.7739257216453552,-2.8808231353759766,
1753053269434,-1.6525976657867432,,6.5295867919921875
1753053269484,-2.409165382385254,-4.456207752227783,10.549450874328613
1753053269534,-2.315791606903076,-4.511274337768555,8.476072311401367
1753053269582,,-3.050811529159546,
1753053269583,-2.0213048458099365,-3.4554316997528076,9.30925464630127
1753053269634,-1.789067268371582,-3.757101058959961,8.684368133544922
1753053269684,-1.1378443241119385,-3.201646327972412,8.511985778808594
1753053269733,,-3.795408248901367,
1753053269734,-1.1522095203399658,-3.4530375003814697,8.387487411499023
1753053269783,,-3.1034839153289795,
1753053269784,-2.380434989929199,,6.220734596252441
1753053269832,,-4.168903827667236,
1753053269833,-1.9159599542617798,,9.053074836730957
1753053269884,-1.8177976608276367,-3.7930140495300293,8.933364868164062
1753053269934,-1.5616180896759033,-3.625419855117798,7.4752960205078125
1753053269984,-2.9502551555633545,-4.475361347198486,11.198280334472656
1753053270034,-2.1793220043182373,-4.264671802520752,10.28130054473877
1753053270082,-1.1234791278839111,-3.8720226287841797,10.319607734680176
1753053270134,-2.3062148094177246,-4.8895583152771,10.843937873840332
1753053270184,0.2651578485965729,-2.4402899742126465,7.4800848960876465
1753053270233,,-4.276642799377441,
1753053270234,-1.9614497423171997,-2.825756549835205,6.919841289520264
1753053270283,,-2.691681146621704,
1753053270284,-2.253542423248291,-2.500145196914673,5.495291233062744
1753053270332,,-3.90554141998291,
1753053270333,-0.6111199855804443,,9.16081428527832
1753053270383,,-4.748300552368164,
1753053270384,-2.3469161987304688,,8.770559310913086
1753053270434,-1.899200439453125,-5.006874084472656,11.64838981628418
1753053270484,-1.4514847993850708,-4.288613796234131,9.371503829956055
1753053270534,-1.6454150676727295,-5.325303077697754,12.65395450592041
1753053270582,-2.0907366275787354,-3.6134488582611084,7.441777229309082
1753053270633,-2.2439656257629395,-4.381987571716309,
1753053270634,,,8.511985778808594
1753053270683,-2.7539305686950684,-3.7475242614746094,
1753053270684,-2.272696018218994,,7.903858184814453
1753053270733,,-3.6780924797058105,
1753053270734,-2.0045454502105713,,6.263830184936523
1753053270783,-3.711611270904541,-3.907935619354248,6.541557788848877
1753053270832,,-3.9246952533721924,
1753053270833,-1.1091139316558838,-4.302978992462158,8.365939140319824
1753053270883,,-4.26706600189209,
1753053270884,-2.1362264156341553,-4.156932830810547,8.928576469421387
1753053270933,,-3.687669277191162,
1753053270934,-1.7411831617355347,,7.927800178527832
1753053270983,-2.0260932445526123,-3.9486372470855713,8.988431930541992
1753053271033,-1.8584990501403809,-3.840898036956787,8.844779968261719
1753053271082,,-4.915894508361816,
1753053271083,-2.3948001861572266,,9.728240013122559
1753053271133,-2.0452468395233154,-3.9270894527435303,8.97885513305664
1753053271182,-1.6645687818527222,-3.7906198501586914,8.298901557922363
1753053271183,,,8.567051887512207
1753053271232,-1.370081901550293,-3.848080635070801,9.230246543884277
1753053271282,-1.731606364250183,-3.891176223754883,7.508815288543701
1753053271332,,-3.8528690338134766,
1753053271333,-2.1936872005462646,,8.610147476196289
1753053271382,-1.6549919843673706,-3.840898036956787,8.650849342346191
1753053271432,-1.9877859354019165,-4.796184539794922,9.009979248046875
1753053271482,-2.366069793701172,-4.30058479309082,7.535151481628418
1753053271532,-3.4602200984954834,-5.576694488525391,9.354744911193848
1753053271582,-3.357269287109375,-4.573523998260498,6.998850345611572
1753053271583,,,9.091382026672363
1753053271632,-2.102707624435425,-4.808155536651611,9.266159057617188
1753053271682,-1.8608932495117188,-3.6996402740478516,8.09778881072998
1753053271732,-1.7818846702575684,-4.025251388549805,7.465719223022461
1753053271781,,-4.259883403778076,
1753053271782,-2.9239187240600586,,
1753053271832,,-4.089895248413086,
1753053271833,-2.3732523918151855,,8.725069999694824
1753053271881,,-4.633378982543945,
1753053271882,-1.8704700469970703,,9.294889450073242
1753053271932,-2.0045454502105713,-3.381211280822754,7.88470458984375
1753053271981,,-4.1641154289245605,
1753053271982,-2.540846586227417,-3.955819845199585,9.498396873474121
1753053272032,,-3.618237257003784,
1753053272033,-0.5728127360343933,,9.359533309936523
1753053272082,-2.279878616333008,-4.281431198120117,
1753053272083,,,10.183138847351074
1753053272131,-1.4538789987564087,-3.445854902267456,9.060257911682129
1753053272132,,,9.136872291564941
1753053272181,-1.9614497423171997,-3.8049850463867188,9.06983470916748
1753053272231,-0.8768763542175293,-3.359663486480713,9.412205696105957
1753053272281,-1.1330559253692627,-3.443460702896118,
1753053272282,,,8.325238227844238
1753053272332,,-3.601477861404419,
1753053272333,-1.777096152305603,-3.4530375003814697,9.024344444274902
1753053272381,-1.427542805671692,-3.223194122314453,8.229470252990723
1753053272431,-2.3133974075317383,-4.034828186035156,8.579023361206055
1753053272481,-2.5959131717681885,-4.377199172973633,8.73225212097168
1753053272531,-1.4586673974990845,-4.020462989807129,9.57979965209961
1753053272582,-0.7978677153587341,-3.757101058959961,
1753053272583,-0.8888474106788635,,9.893440246582031
1753053272631,-1.8896236419677734,-3.66851544380188,8.31326675415039
1753053272681,-2.1960813999176025,-3.9199066162109375,9.086593627929688
1753053272731,-1.2168530225753784,-3.2615013122558594,8.456918716430664
1753053272781,-2.097919225692749,-3.8983588218688965,8.839991569519043
1753053272833,-1.2982559204101562,-3.378817081451416,8.104970932006836
1753053272881,,-4.101866245269775,
1753053272882,-1.9662381410598755,-3.8983588218688965,8.670002937316895
1753053272931,-1.0301052331924438,-3.802590847015381,8.861538887023926
1753053272981,-1.4419080018997192,-3.443460702896118,8.46170711517334
1753053273031,-2.5767595767974854,-4.370016574859619,8.176796913146973
1753053273082,-2.6198551654815674,-4.559158802032471,8.298901557922363
1753053273131,-3.3859996795654297,-5.107430934906006,9.589376449584961
1753053273181,-3.579930067062378,-5.6676740646362305,8.253412246704102
1753053273231,-2.2679076194763184,-4.575918197631836,8.356362342834473
1753053273281,-3.244741916656494,-4.609436988830566,9.323619842529297
1753053273332,,-4.429871559143066,
1753053273333,-2.4235305786132812,,8.739435195922852
1753053273380,,-3.2782607078552246,
1753053273381,-1.1929110288619995,-3.6565444469451904,8.7083101272583
1753053273430,,-5.030816555023193,
1753053273431,-0.7332242727279663,-4.166509628295898,10.590152740478516
1753053273480,,-3.601477861404419,
1753053273481,-2.7754783630371094,,5.6892218589782715
1753053273530,,-4.132990837097168,
1753053273531,-1.1234791278839111,-4.43705415725708,8.660426139831543
1753053273582,,-4.211999416351318,
1753053273583,-2.4235305786132812,,8.42579460144043
1753053273630,,-4.441842555999756,
1753053273631,-2.5240871906280518,-4.211999416351318,8.962095260620117
1753053273680,,-3.1298201084136963,
1753053273681,-1.5280991792678833,-3.110666513442993,8.385092735290527
1753053273731,-1.6717513799667358,-3.7475242614746094,9.668384552001953
1753053273780,-0.6829460263252258,-3.7690720558166504,
1753053273781,,,8.507197380065918
1753053273832,-0.9103952050209045,-3.7618894577026367,9.807249069213867
1753053273880,,-3.8504748344421387,
1753053273881,-1.5879542827606201,,8.993220329284668
1753053273930,,-3.555988073348999,
1753053273931,-1.1761516332626343,,8.8878755569458
1753053273980,,-3.843292236328125,
1753053273981,-1.427542805671692,-3.936666250228882,9.639654159545898
1753053274031,-1.5975310802459717,-3.6996402740478516,8.847173690795898
1753053274082,-1.3988122940063477,-3.424306869506836,8.210315704345703
1753053274130,,-4.053982257843018,
1753053274131,-1.8608932495117188,,7.448959827423096
1753053274181,-3.074753522872925,-3.7403416633605957,6.996456146240234
1753053274230,,-3.8792052268981934,
1753053274231,-2.27748441696167,-3.273472309112549,8.049904823303223
1753053274280,,-3.2758665084838867,
1753053274281,-1.4036006927490234,,7.772177219390869
1753053274331,,-3.4338839054107666,
1753053274332,-1.0013748407363892,-4.001309394836426,8.87829875946045
1753053274380,-2.4211363792419434,-4.027645587921143,8.229470252990723
1753053274430,,-4.370016574859619,
1753053274431,-1.8608932495117188,-4.393958568572998,9.914987564086914
1753053274481,,-4.489726543426514,
1753053274482,-2.1553800106048584,,9.91738224029541
1753053274530,,-3.9199066162109375,
1753053274531,-1.4227544069290161,-3.6565444469451904,8.909422874450684
1753053274582,-1.1019313335418701,-4.08510684967041,10.259753227233887
1753053274630,,-4.202422618865967,
1753053274631,-1.669357180595398,,9.177573204040527
1753053274680,,-3.04602313041687,
1753053274681,-1.2934675216674805,,8.466495513916016
1753053274730,,-3.639785051345825,
1753053274731,-1.9231425523757935,,10.18792724609375
1753053274780,-1.5640122890472412,-3.840898036956787,7.154473304748535
1753053274832,-1.0468647480010986,-3.7283706665039062,9.744999885559082
1753053274880,,-3.929483652114868,
1753053274881,-1.9853917360305786,,8.772953987121582
1753053274930,,-3.201646327972412,
1753053274931,-2.301426410675049,,6.620566368103027
1753053274981,-0.7715315222740173,-3.206434726715088,11.485584259033203
1753053275030,,-2.449866771697998,
1753053275031,-1.3317747116088867,-3.29502010345459,9.074623107910156
1753053275081,,-2.978985548019409,
1753053275082,-0.3429693877696991,-2.100313425064087,10.67634391784668
1753053275132,-1.1881226301193237,-3.512892484664917,
1753053275133,,,11.119271278381348
1753053275180,-1.1402385234832764,-2.6414029598236084,6.534375190734863
1753053275230,-0.67815762758255,-4.118625640869141,10.4728364944458
1753053275280,,-2.7730841636657715,
1753053275281,-0.09876082092523575,,9.299677848815918
1753053275332,-0.436343252658844,-2.3062148094177246,8.720281600952148
1753053275380,,-2.5073277950286865,
1753053275381,-1.0636241436004639,-2.212841033935547,7.858368396759033
1753053275430,,-2.9287071228027344,
1753053275431,0.3034650683403015,-3.508104085922241,10.16637897491455
1753053275480,,-3.4410665035247803,
1753053275481,-0.3166331648826599,-2.737171173095703,10.470442771911621
1753053275531,-1.63344407081604,-2.4378957748413086,8.614935874938965
1753053275582,-0.9367313981056213,-2.1936872005462646,7.647678852081299
1753053275630,,-2.7754783630371094,
1753053275631,0.22685061395168304,,10.420164108276367
1753053275680,,-2.8425159454345703,
1753053275681,0.1454477459192276,,10.501566886901855
1753053275730,,-2.806602954864502,
1753053275731,-1.0492589473724365,,8.749011993408203
1753053275780,,-2.8544869422912598,
1753053275781,-0.4387374520301819,,10.089764595031738
1753053275832,0.03531447425484657,-2.7108349800109863,9.891045570373535
1753053275880,-0.23762452602386475,-2.6797101497650146,
1753053275881,-0.8361749649047852,,8.928576469421387
1753053275930,,-3.117849111557007,
1753053275931,-0.7811083197593689,,10.408193588256836
1753053275981,-0.050876785069704056,-2.8544869422912598,9.000402450561523
1753053276031,-0.7930793166160583,-2.9694087505340576,9.903017044067383
1753053276081,,-2.981379747390747,
1753053276082,-0.5512649416923523,-2.3349452018737793,10.16877269744873
1753053276130,,-3.0412347316741943,
1753053276131,0.18136078119277954,-3.311779499053955,9.824007987976074
1753053276180,,-2.986168146133423,
1753053276181,-0.2902969419956207,,9.723451614379883
1753053276230,,-2.4211363792419434,
1753053276231,0.12389993667602539,,9.534309387207031
1753053276280,,-3.005321741104126,
1753053276281,-0.6230909824371338,-3.0819361209869385,8.902240753173828
1753053276332,,-2.406771183013916,
1753053276333,-0.44352585077285767,,8.780136108398438
1753053276381,-0.13706804811954498,-2.9741971492767334,
1753053276382,-0.12988543510437012,,9.821614265441895
1753053276430,,-2.495356798171997,
1753053276431,-0.9415197968482971,-2.873640537261963,7.535151481628418
1753053276480,-0.6757634282112122,-3.335721492767334,
1753053276481,,,11.373056411743164
1753053276530,,-2.320580005645752,
1753053276531,0.2172738015651703,,8.394669532775879
1753053276581,-1.0899603366851807,-3.110666513442993,
1753053276582,0.535702645778656,,10.199897766113281
1753053276630,,-2.4402899742126465,
1753053276631,-0.5057750940322876,-2.8425159454345703,6.658873558044434
1753053276680,,-3.7451300621032715,
1753053276681,-1.4443022012710571,,10.410587310791016
1753053276730,,-2.5983073711395264,
1753053276731,-0.041299980133771896,-2.7060465812683105,8.013991355895996
1753053276781,-0.17058686912059784,-2.7994203567504883,10.468048095703125
1753053276832,-0.46986207365989685,-3.199252128601074,8.653243064880371
1753053276880,,-2.744353771209717,
1753053276881,-0.6087257862091064,,9.620500564575195
1753053276930,,-3.4314894676208496,
1753053276931,-0.6637924313545227,-3.0436289310455322,10.89182186126709
1753053276980,,-2.9287071228027344,
1753053276981,-0.5416881442070007,-3.089118719100952,8.76337718963623
1753053277031,0.5309142470359802,-2.428318977355957,8.703521728515625
1753053277082,-1.470638394355774,-2.9239187240600586,9.369110107421875
1753053277130,,-2.586336374282837,
1753053277131,-0.3477577865123749,-2.7060465812683105,8.00680923461914
1753053277181,,-2.897582530975342,
1753053277182,-0.702099621295929,,9.754576683044434
1753053277233,-0.6326677799224854,-3.29502010345459,9.620500564575195
1753053277281,0.04489128291606903,-3.175309896469116,9.0051908493042
1753053277332,-0.9846154451370239,-3.180098295211792,9.800065994262695
1753053277380,,-3.177704095840454,
1753053277381,-0.11791443079710007,-2.852092742919922,9.479243278503418
1753053277430,,-3.002927541732788,
1753053277431,-1.7579425573349,-3.5847184658050537,8.025962829589844
1753053277480,,-3.6900634765625,
1753053277481,-0.558447539806366,,11.203068733215332
1753053277530,,-2.916736125946045,
1753053277531,-0.3884592354297638,-3.4841620922088623,8.770559310913086
1753053277582,-1.2982559204101562,-3.711611270904541,9.725846290588379
1753053277631,-0.3860650360584259,-2.7012581825256348,7.968502044677734
1753053277680,-0.16340427100658417,-3.8983588218688965,
1753053277681,,,11.236587524414062
1753053277730,,-3.3045969009399414,
1753053277731,-0.16579847037792206,-3.5296518802642822,8.322843551635742
1753053277780,,-3.5416228771209717,
1753053277781,-1.2623428106307983,-4.037222385406494,9.747393608093262
1753053277832,-1.0564415454864502,-3.0867245197296143,8.737040519714355
1753053277880,,-4.080318450927734,
1753053277881,-2.181716203689575,,8.899846076965332
1753053277930,,-2.897582530975342,
1753053277931,0.0736217051744461,-3.53204607963562,7.235876083374023
1753053277981,-2.457049608230591,-4.271854400634766,10.518326759338379
1753053278031,-1.7866730690002441,-3.223194122314453,4.4705729484558105
1753053278082,-1.245583415031433,-3.9438488483428955,12.725780487060547
1753053278130,,-3.5009214878082275,
1753053278131,-1.3365631103515625,-3.891176223754883,7.290942668914795
1753053278180,,-4.22157621383667,
1753053278181,-1.79146146774292,-4.0994720458984375,8.928576469421387
1753053278230,,-4.865616321563721,
1753053278231,-3.3045969009399414,-3.891176223754883,10.389039993286133
1753053278280,,-3.7044286727905273,
1753053278281,-0.47225627303123474,-3.7044286727905273,9.01476764678955
1753053278332,,-3.6493618488311768,
1753053278333,-1.9183541536331177,-3.5200750827789307,9.062651634216309
1753053278383,,-3.625419855117798,
1753053278384,-0.7667431235313416,,9.393052101135254
1753053278433,,-3.912724018096924,
1753053278434,-1.7459715604782104,-4.166509628295898,8.478466987609863
1753053278483,,-4.1210198402404785,
1753053278484,-2.3253684043884277,-3.666121244430542,8.720281600952148
1753053278533,,-4.128202438354492,
1753053278534,-1.7411831617355347,-3.8361096382141113,9.57979965209961
1753053278582,,-3.9223008155822754,
1753053278583,-1.4155718088150024,,7.741052627563477
1753053278633,-1.3533225059509277,-3.383605480194092,9.134477615356445
1753053278683,-1.9877859354019165,-4.018068790435791,8.73225212097168
1753053278733,-1.611896276473999,-3.907935619354248,8.902240753173828
1753053278783,,-3.177704095840454,
1753053278784,-0.5321113467216492,-3.692457675933838,9.718663215637207
1753053278832,-2.188898801803589,-4.214393615722656,8.579023361206055
1753053278883,,-3.3668460845947266,
1753053278884,-1.877652645111084,-3.4865562915802,7.152079105377197
1753053278934,-1.956661343574524,-3.8792052268981934,10.056245803833008
1753053278983,,-3.335721492767334,
1753053278984,-1.6645687818527222,-4.061164855957031,7.041945934295654
1753053279034,-2.11946702003479,-4.324526786804199,10.061034202575684
1753053279082,-2.121861219406128,-4.003703594207764,7.83921480178833
1753053279134,-1.9399019479751587,-4.049193859100342,10.096946716308594
1753053279184,-1.9806033372879028,-3.6709096431732178,8.540716171264648
1753053279234,-1.66696298122406,-4.547187805175781,10.163984298706055
1753053279283,,-3.467402696609497,
1753053279284,-1.4562731981277466,-3.8552632331848145,8.91181755065918
1753053279332,-1.590348482131958,-4.087501049041748,
1753053279333,,,9.75936508178711
1753053279383,,-3.3740286827087402,
1753053279384,-1.6071078777313232,-3.1729156970977783,8.320449829101562
1753053279434,-1.1330559253692627,-3.778648853302002,9.122507095336914
1753053279483,,-4.26706600189209,
1753053279484,-2.181716203689575,-4.092289447784424,8.440159797668457
1753053279533,-1.4754267930984497,-3.4338839054107666,8.775347709655762
1753053279534,,,8.64366626739502
1753053279582,-1.5089455842971802,-3.5942952632904053,9.182361602783203
1753053279632,,-4.1425676345825195,
1753053279633,-1.6597803831100464,-4.226364612579346,8.837596893310547
1753053279683,-0.8313865661621094,-3.5679590702056885,9.292495727539062
1753053279733,-2.229600429534912,-4.17608642578125,8.303689956665039
1753053279783,-3.0651767253875732,-5.782595634460449,9.733028411865234
1753053279832,-0.1562216579914093,-2.0213048458099365,7.741052627563477
1753053279883,-0.012569558806717396,-2.7970261573791504,10.573392868041992
1753053279933,,-3.757101058959961,
1753053279934,-3.491344690322876,,7.022792339324951
1753053279983,-2.718017578125,-4.137779235839844,10.015543937683105
1753053280033,,-4.398746967315674,
1753053280034,-1.5711948871612549,,8.0331449508667
1753053280082,-1.5855600833892822,-3.3668460845947266,7.700351238250732
1753053280133,,-4.460996150970459,
1753053280134,-0.9343371987342834,-4.353257179260254,9.960477828979492
1753053280183,,-3.335721492767334,
1753053280184,-1.6621745824813843,,8.294113159179688
1753053280233,,-3.869628429412842,
1753053280234,-1.1162965297698975,,8.758588790893555
1753053280283,-1.8608932495117188,-4.432265758514404,9.61571216583252
1753053280333,-1.061229944229126,-3.0436289310455322,8.42818832397461
1753053280383,-1.3389573097229004,-4.3843817710876465,10.302848815917969
1753053280433,-1.326986312866211,-3.558382272720337,7.604583263397217
1753053280483,-0.5632359385490417,-4.075530052185059,10.161590576171875
1753053280533,-2.0380642414093018,-4.269460201263428,7.911040782928467
1753053280582,,-3.4817678928375244,
1753053280583,-0.8601169586181641,,7.9613189697265625
1753053280633,-1.2814964056015015,-3.644573450088501,9.79527759552002
1753053280682,,-3.5272576808929443,
1753053280683,-1.810615062713623,,7.219116687774658
1753053280732,,-4.551976203918457,
1753053280733,-1.4443022012710571,,10.733804702758789
1753053280782,-0.7954735159873962,-3.3716344833374023,8.868721961975098
1753053280832,,-3.886387825012207,
1753053280833,-1.7268179655075073,,8.547898292541504
1753053280882,-1.3365631103515625,-3.9845502376556396,9.057863235473633
1753053280932,-1.9901801347732544,-3.536834478378296,
1753053280933,,,8.55029296875
1753053280982,-1.5759832859039307,-4.125808238983154,7.867945194244385
1753053281032,-1.6047136783599854,-3.714005470275879,
1753053281033,,,10.161590576171875
1753053281082,-2.02848744392395,-3.7690720558166504,
1753053281083,-2.1362264156341553,,7.393893241882324
1753053281132,-1.104325532913208,-3.958214044570923,
1753053281133,-1.813009262084961,,10.211869239807129
1753053281182,-1.9877859354019165,-3.421912670135498,9.172784805297852
1753053281232,-0.5273229479789734,-3.5272576808929443,8.514379501342773
1753053281281,,-4.104260444641113,
1753053281282,-1.5783774852752686,-4.061164855957031,10.276512145996094
1753053281332,,-4.034828186035156,
1753053281333,-1.5017629861831665,,8.06666374206543
1753053281381,-0.6111199855804443,-3.5009214878082275,
1753053281382,-1.5496470928192139,,8.85435676574707
1753053281431,,-4.046799659729004,
1753053281432,-1.9638439416885376,,8.464101791381836
1753053281481,,-3.644573450088501,
1753053281482,-0.40521863102912903,,8.318055152893066
1753053281531,,-3.845686435699463,
1753053281532,-2.255936622619629,,8.557475090026855
1753053281582,,-4.264671802520752,
1753053281583,-1.4443022012710571,,8.116942405700684
1753053281631,-2.160168409347534,-3.3907880783081055,9.462483406066895
1753053281681,-1.8393454551696777,-3.845686435699463,8.085817337036133
1753053281731,-2.0165164470672607,-4.101866245269775,10.31242561340332
1753053281781,-2.4642322063446045,-3.450643301010132,7.685986042022705
1753053281832,,-4.089895248413086,
1753053281833,-1.492186188697815,,10.518326759338379
1753053281881,-2.3564929962158203,-3.0101101398468018,7.8056960105896
1753053281931,,-3.7858314514160156,
1753053281932,-0.8768763542175293,,10.542268753051758
1753053281981,-1.899200439453125,-3.888782024383545,9.414599418640137
1753053282031,-0.7475894689559937,-3.24953031539917,8.933364868164062
1753053282082,-1.9853917360305786,-3.685275077819824,
1753053282083,,,10.204686164855957
1753053282131,-0.04369417950510979,-3.271078109741211,9.548674583435059
1753053282181,-0.16579847037792206,-3.3883938789367676,10.27890682220459
1753053282231,-1.4131776094436646,-3.180098295211792,7.140108108520508
1753053282281,-1.2958617210388184,-3.6493618488311768,9.414599418640137
1753053282332,,-3.314173698425293,
1753053282333,-1.0755951404571533,-3.1274259090423584,8.626907348632812
1753053282381,-0.8960300087928772,-3.5942952632904053,10.235811233520508
1753053282431,-0.12030863761901855,-2.8640637397766113,8.289324760437012
1753053282481,-1.2958617210388184,-3.53204607963562,8.957306861877441
1753053282531,-0.7906851172447205,-3.6733038425445557,9.333196640014648
1753053282582,,-2.689286947250366,
1753053282583,-0.7667431235313416,,8.686761856079102
1753053282631,-1.346139907836914,-3.5224692821502686,9.24940013885498
1753053282681,,-3.7259764671325684,
1753053282682,-1.3437457084655762,,9.136872291564941
1753053282730,,-3.0555999279022217,
1753053282731,-1.2647370100021362,-3.1657330989837646,8.861538887023926
1753053282781,-1.5257049798965454,-3.3668460845947266,8.09778881072998
1753053282832,,-3.6804866790771484,
1753053282833,-1.061229944229126,-3.795408248901367,10.6739501953125
1753053282881,-0.8984242081642151,-2.7036523818969727,8.387487411499023
1753053282930,,-3.773860454559326,
1753053282931,-1.3724761009216309,-3.4338839054107666,10.001178741455078
1753053282980,,-4.073135852813721,
1753053282981,-1.513733983039856,-3.2543187141418457,10.341156005859375
1753053283030,,-2.722805976867676,
1753053283031,-0.38127660751342773,-3.3237504959106445,8.291719436645508
1753053283082,-0.8337807655334473,-3.4314894676208496,9.16081428527832
1753053283130,,-4.037222385406494,
1753053283131,-1.6406266689300537,-3.78104305267334,9.749788284301758
1753053283181,-0.6039373874664307,-2.9981391429901123,8.46170711517334
1753053283230,,-3.465008497238159,
1753053283231,-1.391629695892334,-3.6493618488311768,9.191938400268555
1753053283280,,-3.7427358627319336,
1753053283281,-1.3964180946350098,-3.711611270904541,8.918999671936035
1753053283331,,-3.0125043392181396,
1753053283332,-0.9343371987342834,-2.8832173347473145,9.115324020385742
1753053283380,,-3.005321741104126,
1753053283381,-1.489791989326477,,8.131307601928711
1753053283430,,-3.996521234512329,
1753053283431,-1.1450269222259521,-3.685275077819824,10.748169898986816
1753053283480,-1.4778209924697876,-3.115454912185669,
1753053283481,,,8.485649108886719
1753053283530,,-3.2567129135131836,
1753053283531,-0.4794389009475708,-3.558382272720337,9.055469512939453
1753053283582,,-3.5176808834075928,
1753053283583,-1.1378443241119385,-3.692457675933838,9.06983470916748
1753053283630,,-3.0986955165863037,
1753053283631,-1.1785458326339722,,8.899846076965332
1753053283681,-0.8337807655334473,-3.314173698425293,10.58775806427002
1753053283730,,-2.868852138519287,
1753053283731,-0.1346738487482071,-3.7403416633605957,8.040328025817871
1753053283780,0.45429977774620056,-3.2375593185424805,
1753053283781,-0.08200141042470932,,10.355521202087402
1753053283831,,-2.476203203201294,
1753053283832,-0.6470330357551575,-3.512892484664917,7.302913665771484
1753053283880,-0.41958385705947876,-3.845686435699463,
1753053283881,,,10.451289176940918
1753053283930,,-3.180098295211792,
1753053283931,-0.8720879554748535,-3.0388405323028564,8.330026626586914
1753053283980,,-2.892794132232666,
1753053283981,-0.2232593148946762,-4.006097793579102,8.990825653076172
1753053284031,-0.884058952331543,-3.754706859588623,10.76492977142334
1753053284082,-1.0133458375930786,-2.624643564224243,8.464101791381836
1753053284130,,-2.8185739517211914,
1753053284131,0.06883329898118973,-3.0148985385894775,10.549450874328613
1753053284180,,-2.9694087505340576,
1753053284181,-0.09397241473197937,-3.601477861404419,9.299677848815918
1753053284230,,-3.4075474739074707,
1753053284231,-1.2288240194320679,-3.024475336074829,9.64683723449707
1753053284280,,-3.0627825260162354,
1753053284281,-0.5081692934036255,-2.4402899742126465,9.46727180480957
1753053284332,-0.2232593148946762,-2.564788579940796,8.172008514404297
1753053284333,,,9.419387817382812
1753053284381,0.0975637212395668,-3.2399535179138184,9.819219589233398
1753053284431,-0.8265981078147888,-2.4163479804992676,6.9940619468688965
1753053284480,,-3.247136116027832,
1753053284481,-0.12988543510437012,,10.163984298706055
1753053284531,-0.5009866952896118,-2.962226152420044,9.452906608581543
1753053284582,-0.07960720360279083,-2.6629507541656494,9.06983470916748
1753053284630,,-3.3668460845947266,
1753053284631,-0.9032126069068909,-3.4171242713928223,10.209474563598633
1753053284680,,-2.871246337890625,
1753053284681,-0.5488707423210144,,8.806472778320312
1753053284730,,-2.940678119659424,
1753053284731,-0.6494272351264954,-2.825756549835205,9.304466247558594
1753053284780,,-2.452261209487915,
1753053284781,-0.11312603205442429,-2.7012581825256348,8.447341918945312
1753053284832,-0.8122329115867615,-3.4769794940948486,9.847949981689453
1753053284880,-0.436343252658844,-3.093907117843628,
1753053284881,,,9.031527519226074
1753053284931,-0.862511157989502,-2.050035238265991,7.049128532409668
1753053284981,-0.3190273642539978,-3.026869535446167,10.290877342224121
1753053285031,-1.0851719379425049,-2.7252001762390137,7.30770206451416
1753053285082,-0.4411316514015198,-3.0579941272735596,10.333972930908203
1753053285130,,-3.1465795040130615,
1753053285131,-0.11312603205442429,-2.627037763595581,10.108918190002441
1753053285181,-0.7499836683273315,-3.0986955165863037,9.177573204040527
1753053285231,-0.6159083843231201,-3.402759075164795,10.690709114074707
1753053285280,,-2.7084407806396484,
1753053285281,-0.6326677799224854,-2.674921751022339,8.500014305114746
1753053285332,-0.19452889263629913,-2.6821043491363525,9.73781681060791
1753053285380,,-3.4745852947235107,
1753053285381,-1.1785458326339722,-3.330933094024658,9.888651847839355
1753053285430,,-2.603095769882202,
1753053285431,-0.23762452602386475,-2.2631192207336426,8.069058418273926
1753053285480,,-3.24953031539917,
1753053285481,-1.0181342363357544,-3.1250317096710205,10.53029727935791
1753053285530,,-2.9909565448760986,
1753053285531,-0.09876082092523575,,8.610147476196289
1753053285582,-0.7763199210166931,-2.7682957649230957,8.796895980834961
1753053285630,,-3.093907117843628,
1753053285631,-0.42197805643081665,-3.2351651191711426,9.28531265258789
1753053285680,,-3.4985272884368896,
1753053285681,-0.6853402256965637,,10.338761329650879
1753053285730,,-2.7108349800109863,
1753053285731,-0.5033808946609497,-2.713229179382324,8.753800392150879
1753053285781,-0.7930793166160583,-3.1298201084136963,9.721057891845703
1753053285832,-0.5919663906097412,-3.7930140495300293,
1753053285833,-0.4291606545448303,,10.853514671325684
1753053285880,,-2.667739152908325,
1753053285881,-0.5105634927749634,,8.076240539550781
1753053285930,,-3.1465795040130615,
1753053285931,-0.5488707423210144,-3.1441853046417236,10.62127685546875
1753053285981,-0.5752069354057312,-2.852092742919922,9.263765335083008
1753053286031,,-2.741959571838379,
1753053286032,-0.6446388363838196,-3.3716344833374023,7.992444038391113
1753053286082,-0.8098387122154236,-3.18249249458313,9.608530044555664
1753053286130,,-2.8640637397766113,
1753053286131,-0.2998737692832947,-2.7012581825256348,8.94773006439209
1753053286181,-0.18734627962112427,-3.050811529159546,9.167996406555176
1753053286230,,-3.1058781147003174,
1753053286231,-0.8433575630187988,-3.450643301010132,9.206304550170898
1753053286280,,-2.7323827743530273,
1753053286281,0.24600422382354736,-2.6653449535369873,9.43135929107666
1753053286332,-0.8936358094215393,-2.8137855529785156,8.380304336547852
1753053286381,-0.4507084786891937,-3.113060712814331,9.768941879272461
1753053286430,,-2.7706899642944336,
1753053286431,-0.14664486050605774,,9.067440032958984
1753053286480,-0.7164648771286011,-3.5871126651763916,
1753053286481,,,9.876680374145508
1753053286530,,-3.093907117843628,
1753053286531,-0.4339490532875061,-3.0412347316741943,9.59177017211914
1753053286581,,-2.607884168624878,
1753053286582,-0.345363587141037,,8.629301071166992
1753053286630,,-3.3883938789367676,
1753053286631,-0.8050503134727478,-3.244741916656494,9.833584785461426
1753053286680,,-2.801814556121826,
1753053286681,-0.060453593730926514,,9.790489196777344
1753053286730,,-2.366069793701172,
1753053286731,-0.26156654953956604,-2.722805976867676,7.982867240905762
1753053286781,,-3.359663486480713,
1753053286782,,-3.2327709197998047,
1753053286832,-0.058059390634298325,-2.6821043491363525,8.82083797454834
1753053286881,-0.4291606545448303,-2.914341926574707,9.876680374145508
1753053286930,,-3.09151291847229,
1753053286931,-0.639850378036499,,9.16081428527832
1753053286981,-0.46746787428855896,-2.5480291843414307,9.033921241760254
1753053287030,,-3.271078109741211,
1753053287031,-0.30466216802597046,-3.3931822776794434,9.677961349487305
1753053287081,,-2.7060465812683105,
1753053287082,0.008978256024420261,-2.80899715423584,9.053074836730957
1753053287130,,-2.7754783630371094,
1753053287131,-0.3621230125427246,-2.7730841636657715,9.606135368347168
1753053287181,0.016160860657691956,-2.5504233837127686,8.950124740600586
1753053287230,,-3.29502010345459,
1753053287231,-0.558447539806366,-3.4338839054107666,10.415375709533691
1753053287280,,-2.761113166809082,
1753053287281,-0.3214215636253357,-2.7036523818969727,8.344391822814941
1753053287332,-0.6685808300971985,-2.7922377586364746,9.716269493103027
1753053287380,,-2.7922377586364746,
1753053287381,0.34416648745536804,,10.22383975982666
1753053287430,,-2.6437971591949463,
1753053287431,-1.1450269222259521,,7.630919456481934
1753053287480,-0.10594342648983002,-3.024475336074829,9.096170425415039
1753053287531,-0.49380409717559814,-3.4745852947235107,10.075399398803711
1753053287582,-0.39564183354377747,-3.04602313041687,8.569446563720703
1753053287631,,-2.4019827842712402,
1753053287632,0.10235211998224258,-2.648585557937622,10.544662475585938
1753053287683,,-3.0579941272735596,
1753053287684,-0.5273229479789734,-2.978985548019409,10.116100311279297
1753053287733,,-2.93349552154541,
1753053287734,-0.5680243372917175,,7.901463985443115
1753053287783,0.1909375786781311,-2.849698543548584,11.241375923156738
1753053287832,,-3.376422882080078,
1753053287833,-0.656609833240509,-2.9095535278320312,10.233416557312012
1753053287883,,-2.3086090087890625,
1753053287884,-0.4818331003189087,-2.715623378753662,8.136096000671387
1753053287934,-1.1713632345199585,-3.376422882080078,10.242993354797363
1753053287983,,-2.876034736633301,
1753053287984,-0.7739257216453552,-3.022081136703491,7.413046836853027
1753053288034,0.09038111567497253,-2.6390087604522705,10.022727012634277
1753053288082,,-2.5504233837127686,
1753053288083,-0.6925228238105774,,7.6548614501953125
1753053288134,-0.718859076499939,-3.3429040908813477,9.405022621154785
1753053288184,-0.4076128304004669,-2.8161797523498535,
1753053288185,,,9.385869026184082
1753053288234,-0.5057750940322876,-3.3716344833374023,10.3363676071167
1753053288285,-0.4602852761745453,-2.919130325317383,9.52473258972168
1753053288326,-1.1641805171966553,-3.2854433059692383,9.139266014099121
1753053288376,-1.0540473461151123,-3.4362781047821045,9.270947456359863
1753053288426,-0.7954735159873962,-3.271078109741211,10.185532569885254
1753053288476,-1.3221979141235352,-3.376422882080078,8.124124526977539
1753053288526,,-3.2184057235717773,
1753053288527,-0.42437225580215454,-2.253542423248291,11.277288436889648
1753053288578,,-3.7427358627319336,
1753053288579,-1.0851719379425049,-3.5895068645477295,10.937312126159668
1753053288627,-1.0492589473724365,-3.4745852947235107,8.562263488769531
1753053288676,,-2.9550435543060303,
1753053288677,-0.40282443165779114,-2.5504233837127686,11.133636474609375
1753053288726,,-2.9670145511627197,
1753053288727,-0.17537526786327362,,7.5447282791137695
1753053288776,-1.1905168294906616,-3.0651767253875732,8.722675323486328
1753053288827,,-3.04602313041687,
1753053288828,-0.37888240814208984,-3.0125043392181396,9.225458145141602
1753053288876,-0.9894038438796997,-3.467402696609497,8.327631950378418
1753053288926,-1.2384008169174194,-3.3429040908813477,
1753053288927,-0.3645172119140625,,9.831191062927246
1753053288976,,-2.8640637397766113,
1753053288977,-0.4602852761745453,-3.448249101638794,8.49283218383789
1753053289026,,-3.5224692821502686,
1753053289027,-1.3844470977783203,,9.421782493591309
1753053289078,-0.536899745464325,-3.113060712814331,8.990825653076172
1753053289126,,-3.383605480194092,
1753053289127,-0.5847837924957275,-3.694851875305176,9.359533309936523
1753053289177,-0.35494041442871094,-3.2591071128845215,9.479243278503418
1753053289226,,-2.720411777496338,
1753053289227,-0.3693056106567383,,7.791330814361572
1753053289276,-1.635838270187378,-3.599083662033081,
1753053289277,-1.7435773611068726,,7.906252384185791
1753053289327,,-3.9917328357696533,
1753053289328,-0.9199720025062561,-2.7036523818969727,10.867879867553711
1753053289376,,-3.445854902267456,
1753053289377,-1.27191960811615,-3.400364875793457,8.713098526000977
1753053289426,,-3.6373908519744873,
1753053289427,-1.082777738571167,-3.862445831298828,9.802460670471191
1753053289477,-0.383670836687088,-3.3883938789367676,9.8599214553833
1753053289526,-1.2767080068588257,-3.7259764671325684,8.959701538085938
1753053289577,,-3.3476924896240234,
1753053289578,-0.8768763542175293,-3.4386723041534424,8.148066520690918
1753053289626,,-3.1896753311157227,
1753053289627,-0.7763199210166931,,9.790489196777344
1753053289676,-0.8768763542175293,-3.7906198501586914,9.512762069702148
1753053289726,,-2.7778725624084473,
1753053289727,-1.1186907291412354,,7.642890453338623
1753053289777,-0.6230909824371338,-3.1010897159576416,8.686761856079102
1753053289827,,-3.998915433883667,
1753053289828,-2.27748441696167,-3.4985272884368896,9.211092948913574
1753053289876,-1.2623428106307983,-3.2399535179138184,
1753053289877,,,7.2789716720581055
1753053289926,,-3.974973440170288,
1753053289927,-0.9510966539382935,,11.1288480758667
1753053289976,,-3.251924514770508,
1753053289977,-0.4770447015762329,,9.139266014099121
1753053290026,-1.3341689109802246,-3.156156301498413,
1753053290027,-0.7763199210166931,,8.511985778808594
1753053290077,,-3.6780924797058105,
1753053290078,-1.8273744583129883,-3.1465795040130615,9.831191062927246
1753053290126,,-2.8616695404052734,
1753053290127,-0.4315548539161682,-2.7323827743530273,8.497620582580566
1753053290176,,-3.996521234512329,
1753053290177,-1.4419080018997192,-4.2957963943481445,9.328408241271973
1753053290226,,-3.376422882080078,
1753053290227,-1.1976994276046753,,9.029132843017578
1753053290276,-1.5400702953338623,-3.4554316997528076,
1753053290277,,,9.740211486816406
1753053290327,,-3.7475242614746094,
1753053290328,-0.5728127360343933,-3.6373908519744873,9.01476764678955
1753053290376,-0.07242459803819656,-3.0867245197296143,
1753053290377,-0.8098387122154236,,10.322002410888672
1753053290426,,-2.5504233837127686,
1753053290427,0.2819172441959381,,7.815272808074951
1753053290476,-1.1162965297698975,-4.013280391693115,
1753053290477,-0.2064998894929886,,10.379463195800781
1753053290526,,-2.718017578125,
1753053290527,-0.46507367491722107,,8.399457931518555
1753053290577,,-3.7666778564453125,
1753053290578,-1.0755951404571533,-3.7427358627319336,10.700285911560059
1753053290626,,-2.978985548019409,
1753053290627,-0.4339490532875061,,8.770559310913086
1753053290676,-1.4562731981277466,-3.66851544380188,9.685144424438477
1753053290677,,,10.58775806427002
1753053290726,,-3.5057098865509033,
1753053290727,-1.027711033821106,,9.211092948913574
1753053290777,-0.7140706777572632,-3.005321741104126,9.424176216125488
1753053290827,,-3.560776472091675,
1753053290828,-0.7739257216453552,-2.830544948577881,10.070611000061035
1753053290876,-1.4107834100723267,-3.0771477222442627,9.065046310424805
1753053290926,,-3.467402696609497,
1753053290927,-0.6733692288398743,,9.73781681060791
1753053290977,-1.4059948921203613,-3.139396905899048,9.982025146484375
1753053291026,,-2.765901565551758,
1753053291027,-0.3214215636253357,,8.55029296875
1753053291078,-1.2982559204101562,-3.467402696609497,8.98124885559082
1753053291126,,-3.053205728530884,
1753053291127,-0.46746787428855896,-2.9311013221740723,9.6803560256958
1753053291178,-1.0732009410858154,-4.113837242126465,10.242993354797363
1753053291226,,-3.1058781147003174,
1753053291227,-0.8864531517028809,-3.1465795040130615,8.421006202697754
1753053291276,-0.9654618501663208,-3.223194122314453,10.362703323364258
1753053291328,-0.7356184720993042,-3.0795419216156006,7.8056960105896
1753053291376,,-3.2160115242004395,
1753053291377,-1.006163239479065,,10.429740905761719
1753053291426,-0.3932476341724396,-2.765901565551758,
1753053291427,-0.9941922426223755,,7.93019437789917
1753053291476,-1.3557167053222656,-3.6326024532318115,
1753053291477,-0.8529343605041504,,9.237428665161133
1753053291527,-0.44831427931785583,-2.93349552154541,
1753053291528,-0.3214215636253357,,9.639654159545898
1753053291578,-1.245583415031433,-3.6972460746765137,9.586981773376465
1753053291629,-0.8912416100502014,-2.978985548019409,7.834426403045654
1753053291630,,,8.8878755569458
1753053291679,,-3.002927541732788,
1753053291680,-0.2495955228805542,,9.91977596282959
1753053291729,,-4.149750232696533,
1753053291730,-1.3437457084655762,-3.026869535446167,10.163984298706055
1753053291779,-0.44831427931785583,-2.5264813899993896,
1753053291780,-0.3621230125427246,,7.329249858856201
1753053291828,,-3.618237257003784,
1753053291829,-1.5951368808746338,,9.577404975891113
1753053291879,,-4.001309394836426,
1753053291880,-1.4514847993850708,,
1753053291881,-0.5105634927749634,,9.618106842041016
1753053291929,,-3.4362781047821045,
1753053291930,-0.9798270463943481,,8.579023361206055
1753053291980,-0.8026561141014099,-3.467402696609497,10.254964828491211
1753053292029,,-2.828150749206543,
1753053292030,-0.37169981002807617,-2.6581623554229736,9.855133056640625
1753053292078,,-3.5895068645477295,
1753053292079,-1.3078327178955078,-3.9821560382843018,8.291719436645508
1753053292130,-0.900818407535553,-2.715623378753662,8.00680923461914
1753053292180,-0.7428010702133179,-3.18249249458313,9.352350234985352
1753053292229,,-3.1465795040130615,
1753053292230,-1.5280991792678833,-3.4314894676208496,6.752247333526611
1753053292279,,-3.0196869373321533,
1753053292280,-1.2144588232040405,,10.594941139221191
1753053292327,,-3.311779499053955,
1753053292328,-1.058835744857788,-3.730764865875244,8.744223594665527
1753053292379,,-3.7882256507873535,
1753053292380,-1.8513164520263672,,9.572616577148438
1753053292430,-0.4794389009475708,-2.8113913536071777,8.988431930541992
1753053292479,,-3.862445831298828,
1753053292480,-1.4562731981277466,-4.065953254699707,8.804078102111816
1753053292529,-0.5728127360343933,-2.691681146621704,8.239047050476074
1753053292578,-1.0540473461151123,-3.2758665084838867,8.46170711517334
1753053292630,-0.884058952331543,-3.3237504959106445,5.380369663238525
1753053292679,,-2.765901565551758,
1753053292680,-1.2743138074874878,,9.965266227722168
1753053292729,,-4.0300397872924805,
1753053292730,-0.517746090888977,,8.183979988098145
1753053292779,-2.382829189300537,-3.048417329788208,9.27334213256836
1753053292829,-0.6685808300971985,-3.8073792457580566,
1753053292830,-1.2312182188034058,,11.07138729095459
1753053292879,,-4.125808238983154,
1753053292880,-1.370081901550293,-3.3022027015686035,9.709086418151855
1753053292929,,-3.402759075164795,
1753053292930,-0.9702502489089966,-3.5200750827789307,9.88386344909668
1753053292979,,-3.560776472091675,
1753053292980,-0.2759317457675934,,9.661202430725098
1753053293029,,-3.251924514770508,
1753053293030,-1.0971429347991943,-2.981379747390747,10.04427433013916
1753053293077,,-3.005321741104126,
1753053293078,-0.49380409717559814,-3.7068228721618652,7.788936614990234
1753053293129,,-3.5033156871795654,
1753053293130,-1.5161281824111938,-3.5631706714630127,8.2127103805542
1753053293179,-1.2886791229248047,-3.1250317096710205,8.251017570495605
1753053293229,-0.7380126714706421,-3.8744168281555176,
1753053293230,-1.688510775566101,,9.299677848815918
1753053293279,-1.5496470928192139,-3.864840030670166,9.19433307647705
1753053293330,,-1.8848352432250977,
1753053293331,0.6266822814941406,,7.415441036224365
1753053293378,,-4.219182014465332,
1753053293379,-1.4778209924697876,-3.646967649459839,11.696273803710938
1753053293429,-2.473809003829956,-2.4235305786132812,3.4961330890655518
1753053293479,-1.2120646238327026,-3.7690720558166504,13.307571411132812
1753053293529,-0.7691373229026794,-3.4362781047821045,7.975684642791748
1753053293578,-1.425148606300354,-2.167351007461548,7.4322004318237305
1753053293628,,-4.365228176116943,
1753053293629,-0.4507084786891937,,11.566987037658691
1753053293679,-1.3198037147521973,-2.5288755893707275,5.911882400512695
1753053293728,-0.596754789352417,-3.5919010639190674,
1753053293729,-0.24480712413787842,,10.025120735168457
1753053293778,-1.4371196031570435,-3.3859996795654297,8.851962089538574
1753053293828,,-3.596689462661743,
1753053293829,-1.7747019529342651,,10.843937873840332
1753053293878,-0.33339259028434753,-3.5847184658050537,8.555081367492676
1753053293928,-0.7380126714706421,-3.2375593185424805,10.815207481384277
1753053293978,-1.204882025718689,-2.93349552154541,7.549516677856445
1753053294028,,-3.467402696609497,
1753053294029,-1.7028759717941284,,7.834426403045654
1753053294078,-0.9103952050209045,-3.5224692821502686,
1753053294079,,,10.192715644836426
1753053294128,-0.9678560495376587,-3.4841620922088623,8.624512672424316
1753053294178,-1.66696298122406,-3.6373908519744873,8.3707275390625
1753053294229,-0.6590040326118469,-2.780266761779785,8.24622917175293
1753053294277,,-3.642179250717163,
1753053294278,-1.303044319152832,,9.543886184692383
1753053294327,-1.4155718088150024,-3.6517560482025146,
1753053294328,-1.3820528984069824,,8.33481502532959
1753053294377,-0.718859076499939,-3.3476924896240234,9.742605209350586
1753053294427,,-3.929483652114868,
1753053294428,-0.8074445128440857,,9.867103576660156
1753053294478,-0.6613982319831848,-3.0867245197296143,9.586981773376465
1753053294527,,-3.9630024433135986,
1753053294528,-1.5999252796173096,,9.819219589233398
1753053294577,-1.3581109046936035,-3.757101058959961,9.476848602294922
1753053294628,-0.8194155097007751,-2.7922377586364746,
1753053294629,-0.3693056106567383,,9.596558570861816
1753053294677,-1.6454150676727295,-4.001309394836426,8.473678588867188
1753053294727,-0.8912416100502014,-2.741959571838379,7.223905086517334
1753053294777,-0.436343252658844,-3.795408248901367,10.939705848693848
1753053294827,-1.5041571855545044,-3.8983588218688965,7.403470039367676
1753053294877,-0.32860419154167175,-2.983773946762085,
1753053294878,,,10.391433715820312
1753053294927,-0.4770447015762329,-3.977367639541626,
1753053294928,,,12.275671005249023
1753053294977,-1.6310498714447021,-3.4985272884368896,
1753053294978,,,7.415441036224365
1753053295027,-1.1881226301193237,-3.139396905899048,8.899846076965332
1753053295077,-0.9654618501663208,-4.065953254699707,10.910975456237793
1753053295127,-1.245583415031433,-2.9478609561920166,7.88470458984375
1753053295177,-0.8361749649047852,-3.7834372520446777,10.920552253723145
1753053295227,-1.7411831617355347,-3.383605480194092,9.206304550170898
1753053295277,-0.74040687084198,-3.4530375003814697,9.37629222869873
1753053295327,-1.22642982006073,-3.5009214878082275,9.706692695617676
1753053295377,-1.3724761009216309,-3.8049850463867188,9.0051908493042
1753053295427,-1.1522095203399658,-3.04602313041687,7.5016326904296875
1753053295478,-0.7715315222740173,-3.9151182174682617,11.07138729095459
1753053295527,-0.5704185366630554,-2.631826162338257,7.604583263397217
1753053295577,-0.7882909178733826,-3.4841620922088623,10.250176429748535
1753053295626,,-2.849698543548584,
1753053295627,-1.425148606300354,,8.768165588378906
1753053295677,-0.9678560495376587,-2.737171173095703,7.781754016876221
1753053295727,-1.0157400369644165,-2.983773946762085,8.181585311889648
1753053295776,-1.391629695892334,-3.048417329788208,8.385092735290527
1753053295826,,-2.744353771209717,
1753053295827,-0.821809709072113,-3.426701068878174,6.235099792480469
1753053295876,,-3.7714662551879883,
1753053295877,-1.2982559204101562,-3.24953031539917,9.970054626464844
1753053295926,,-2.6174609661102295,
1753053295927,-1.3988122940063477,-3.4626142978668213,5.729923248291016
1753053295977,,-3.4171242713928223,
1753053295978,-1.4802151918411255,,10.448894500732422
1753053296026,,-3.709217071533203,
1753053296027,-2.60548996925354,-3.5703532695770264,8.229470252990723
1753053296076,-2.035670042037964,-3.7714662551879883,9.196727752685547
1753053296126,0.39205053448677063,-3.66851544380188,12.96041202545166
1753053296176,-2.586336374282837,-4.228758811950684,
1753053296177,-0.28072014451026917,,9.270947456359863
1753053296226,-2.181716203689575,-4.805761337280273,7.240664482116699
1753053296276,-4.568735599517822,-5.406705856323242,
1753053296277,-2.6007015705108643,,12.129624366760254
1753053296327,-0.4100070297718048,-3.515286684036255,8.191162109375
1753053296377,-0.6230909824371338,-3.6756980419158936,11.705850601196289
1753053296426,-1.7794904708862305,-2.722805976867676,
1753053296427,-1.1378443241119385,,7.484873294830322
1753053296477,-1.3652935028076172,-4.013280391693115,9.359533309936523
1753053296526,,-3.2375593185424805,
1753053296527,-2.275090217590332,,6.855197906494141
1753053296575,,-3.5919010639190674,
1753053296576,-2.27748441696167,-3.601477861404419,9.132083892822266
1753053296626,,-3.0125043392181396,
1753053296627,-1.5280991792678833,,7.1903862953186035
1753053296676,-2.567182779312134,-5.835268020629883,
1753053296677,,,11.93090534210205
1753053296727,-2.44747257232666,-3.7259764671325684,5.179256916046143
1753053296777,-1.5759832859039307,-3.618237257003784,12.797606468200684
1753053296825,,-3.4147300720214844,
1753053296826,-3.266289710998535,-3.2543187141418457,7.130531311035156
1753053296876,,-3.733159065246582,
1753053296877,-1.082777738571167,-4.116231441497803,10.377068519592285
1753053296927,-1.7675193548202515,-4.4705729484558105,11.133636474609375
1753053296977,-2.2679076194763184,-3.2375593185424805,6.881534099578857
1753053297026,,-3.6326024532318115,
1753053297027,-1.3820528984069824,,9.754576683044434
1753053297076,-2.054823637008667,-4.681262969970703,9.546280860900879
1753053297126,,-3.4410665035247803,
1753053297127,-0.8936358094215393,-3.2207999229431152,7.820061206817627
1753053297177,-1.324592113494873,-3.208828926086426,9.019556045532227
1753053297226,,-3.0867245197296143,
1753053297227,-1.2982559204101562,,7.642890453338623
1753053297277,-1.2503718137741089,-3.5631706714630127,9.156025886535645
1753053297325,,-3.8313212394714355,
1753053297326,-1.4107834100723267,-3.2758665084838867,9.287707328796387
1753053297376,,-2.9263129234313965,
1753053297377,-0.4842272996902466,-3.0101101398468018,9.067440032958984
1753053297426,,-2.7994203567504883,
1753053297427,0.5069721937179565,,9.445724487304688
1753053297477,-1.63344407081604,-3.3955764770507812,8.081028938293457
1753053297526,-0.9582792520523071,-3.4362781047821045,
1753053297527,-1.2838906049728394,,8.579023361206055
1753053297576,-1.3844470977783203,-3.7187938690185547,9.335591316223145
1753053297626,-0.9319429993629456,-3.515286684036255,9.40023422241211
1753053297627,,,8.7083101272583
1753053297676,,-2.9311013221740723,
1753053297677,-0.7499836683273315,-3.199252128601074,8.593388557434082
1753053297727,-0.7978677153587341,-3.3716344833374023,8.205527305603027
1753053297776,,-3.759495258331299,
1753053297777,-2.251148223876953,-3.6086604595184326,9.594164848327637
1753053297826,,-2.741959571838379,
1753053297827,-0.9463081955909729,,7.535151481628418
1753053297877,-1.7651251554489136,-3.9677908420562744,10.432135581970215
1753053297926,,-3.096301317214966,
1753053297927,-1.0947487354278564,-2.825756549835205,7.350797653198242
1753053297977,-1.4873977899551392,-3.5176808834075928,9.515155792236328
1753053298026,,-3.910329818725586,
1753053298027,-1.5759832859039307,,8.365939140319824
1753053298077,,-2.7084407806396484,
1753053298078,-0.8888474106788635,-2.344521999359131,9.407417297363281
1753053298127,-1.3437457084655762,-3.601477861404419,10.084976196289062
1753053298177,-1.5376760959625244,-4.140173435211182,9.328408241271973
1753053298226,,-2.8185739517211914,
1753053298227,-1.0995371341705322,,8.58620548248291
1753053298276,,-3.4314894676208496,
1753053298277,-0.9487023949623108,,9.031527519226074
1753053298326,,-3.314173698425293,
1753053298327,-0.2519897222518921,,9.857526779174805
1753053298376,,-2.8856115341186523,
1753053298377,-1.2407950162887573,-3.381211280822754,7.8511857986450195
1753053298426,-0.16101007163524628,-3.0603883266448975,
1753053298427,-1.5328876972198486,,8.160037994384766
1753053298477,-0.9367313981056213,-3.359663486480713,10.6524019241333
1753053298526,,-2.65097975730896,
1753053298527,-0.7284358739852905,,6.977302074432373
1753053298576,,-3.421912670135498,
1753053298577,-1.22642982006073,-3.223194122314453,10.640430450439453
1753053298626,-0.08200141042470932,-3.0340521335601807,
1753053298627,-0.9750386476516724,,9.390657424926758
1753053298676,,-2.667739152908325,
1753053298677,-0.8457517623901367,-2.765901565551758,8.983643531799316
1753053298727,-0.3860650360584259,-3.139396905899048,9.484031677246094
1753053298777,-0.16579847037792206,-3.026869535446167,9.926959037780762
1753053298826,,-2.8137855529785156,
1753053298827,-0.3597288131713867,,10.310030937194824
1753053298877,-0.5728127360343933,-2.940678119659424,8.160037994384766
1753053298927,-0.7284358739852905,-2.2846670150756836,8.490437507629395
1753053298976,,-3.2399535179138184,
1753053298977,-0.6422445774078369,-3.465008497238159,8.825626373291016
1753053299026,,-3.273472309112549,
1753053299027,0.5165489912033081,,9.27334213256836
1753053299077,-0.16579847037792206,-2.23199462890625,8.236652374267578
1753053299126,,-3.201646327972412,
1753053299127,0.6841431260108948,-3.620631456375122,9.711481094360352
1753053299176,,-3.4769794940948486,
1753053299177,-1.0324994325637817,-3.2782607078552246,10.123283386230469
1753053299226,,-2.9670145511627197,
1753053299227,-0.656609833240509,,8.06427001953125
1753053299276,,-2.5695769786834717,
1753053299277,0.18375498056411743,,11.430517196655273
1753053299326,,-3.6493618488311768,
1753053299327,-0.8960300087928772,,10.24538803100586
1753053299376,,-2.9741971492767334,
1753053299377,-1.3724761009216309,-3.512892484664917,7.197568893432617
1753053299426,0.4638765752315521,-3.5272576808929443,
1753053299427,,,11.883021354675293
1753053299477,-0.5321113467216492,-3.1705214977264404,6.553528785705566
1753053299526,-2.1146786212921143,-3.824138641357422,
1753053299527,-0.74040687084198,,8.808866500854492
1753053299576,,-2.8185739517211914,
1753053299577,0.1885433793067932,-2.959831953048706,10.16877269744873
1753053299626,,-3.244741916656494,
1753053299627,-0.6925228238105774,,9.658807754516602
1753053299677,-0.884058952331543,-3.357269287109375,10.43692398071289
1753053299727,-1.899200439453125,-3.8504748344421387,11.255741119384766
1753053299777,0.2651578485965729,-3.2591071128845215,
1753053299778,-0.8122329115867615,,9.16081428527832
1753053299826,,-2.986168146133423,
1753053299827,-0.9032126069068909,,10.772111892700195
1753053299877,-0.6326677799224854,-3.3740286827087402,7.9637131690979
1753053299927,-1.5640122890472412,-3.093907117843628,8.612542152404785
1753053299977,0.05446808785200119,-3.048417329788208,9.0051908493042
1753053300026,,-2.715623378753662,
1753053300027,-1.2503718137741089,,7.360374450683594
1753053300077,-1.4754267930984497,-3.4554316997528076,9.577404975891113
1753053300127,-0.6590040326118469,-3.201646327972412,9.536704063415527
1753053300177,-1.4371196031570435,-3.1465795040130615,8.416217803955078
1753053300226,,-3.5511996746063232,
1753053300227,-1.3126211166381836,,8.91421127319336
1753053300276,,-3.4626142978668213,
1753053300277,-1.2910733222961426,,10.34833812713623
1753053300326,,-3.6349966526031494,
1753053300327,-1.3078327178955078,,10.123283386230469
1753053300376,,-3.8361096382141113,
1753053300377,-0.618302583694458,-3.405153274536133,10.501566886901855
1753053300426,-0.862511157989502,-2.9478609561920166,
1753053300427,,,9.752182006835938
1753053300477,,-3.2399535179138184,
1753053300478,-0.6805518269538879,,8.909422874450684
1753053300529,,-2.8880057334899902,
1753053300530,-0.44352585077285767,,8.832808494567871
1753053300577,-1.3389573097229004,-3.6349966526031494,10.58536434173584
1753053300630,-0.3932476341724396,-3.1202433109283447,7.039551734924316
1753053300679,,-3.359663486480713,
1753053300680,-0.4124012291431427,,10.003573417663574
1753053300729,,-2.765901565551758,
1753053300730,-0.6470330357551575,-3.443460702896118,7.824849605560303
1753053300779,-0.37169981002807617,-3.491344690322876,9.654019355773926
1753053300827,-1.5161281824111938,-3.3931822776794434,10.326790809631348
1753053300879,,-2.7347769737243652,
1753053300880,-1.0205284357070923,-3.007715940475464,7.975684642791748
1753053300930,0.8301894664764404,-3.4745852947235107,12.29003620147705
1753053300980,,-3.838503837585449,
1753053300981,-0.7308300733566284,,9.575011253356934
1753053301030,,-2.425924777984619,
1753053301031,-1.7531541585922241,,6.893505096435547
1753053301077,0.3776853084564209,-2.653373956680298,
1753053301078,-0.4291606545448303,,11.210250854492188
1753053301130,-0.6733692288398743,-2.425924777984619,6.227917194366455
1753053301180,-1.1641805171966553,-3.469796895980835,
1753053301181,,,9.328408241271973
1753053301230,0.3058592677116394,-2.7922377586364746,
1753053301231,-1.14742112159729,,9.175179481506348
1753053301279,,-2.9765913486480713,
1753053301280,0.3034650683403015,-2.9454667568206787,10.525508880615234
1753053301327,-0.49380409717559814,-2.6653449535369873,8.892663955688477
1753053301380,-0.32860419154167175,-2.7922377586364746,9.716269493103027
1753053301430,-0.2519897222518921,-3.3907880783081055,9.122507095336914
1753053301480,-0.436343252658844,-2.519298791885376,7.832032203674316
1753053301530,-0.8672995567321777,-3.0867245197296143,9.278130531311035
1753053301577,,-2.430713176727295,
1753053301578,-0.35733461380004883,,8.614935874938965
1753053301630,-0.2256535142660141,-2.272696018218994,8.883087158203125
1753053301680,0.0999579206109047,-3.160944700241089,10.630853652954102
1753053301730,-0.8984242081642151,-2.6581623554229736,8.507197380065918
1753053301779,-0.12749123573303223,-3.005321741104126,10.16877269744873
1753053301827,0.03770867735147476,-3.3022027015686035,9.833584785461426
1753053301879,,-2.255936622619629,
1753053301880,,-3.1441853046417236,
1753053301930,,-3.1417911052703857,
1753053301931,-0.8505401611328125,,11.368268013000488
1753053301981,0.4471171796321869,-2.009333848953247,7.9637131690979
1753053302030,-1.3628993034362793,-3.230376720428467,10.465654373168945
1753053302078,-0.6063315868377686,-2.4642322063446045,8.480860710144043
1753053302129,,-2.5983073711395264,
1753053302130,-0.33339259028434753,,9.565434455871582
1753053302179,,-3.4793736934661865,
1753053302180,-0.47465047240257263,,9.819219589233398
1753053302229,,-3.1489737033843994,
1753053302230,-0.49619829654693604,-2.689286947250366,10.075399398803711
1753053302279,0.0999579206109047,-2.457049608230591,8.2127103805542
1753053302327,-1.1019313335418701,-3.383605480194092,11.480795860290527
1753053302328,,,9.49121379852295
1753053302379,-1.3748703002929688,-1.7507599592208862,5.969343185424805
1753053302380,,,10.37228012084961
1753053302429,-0.2256535142660141,-3.3955764770507812,13.422492980957031
1753053302479,-0.3884592354297638,-2.780266761779785,7.906252384185791
1753053302529,-1.3150153160095215,-3.5272576808929443,11.131241798400879
1753053302577,-0.9175778031349182,-2.876034736633301,10.669161796569824
1753053302629,0.2388216257095337,-2.3780407905578613,8.749011993408203
1753053302679,-1.3102269172668457,-3.7403416633605957,11.22940444946289
1753053302729,0.12629413604736328,-2.344521999359131,8.42818832397461
1753053302779,-0.6039373874664307,-3.5679590702056885,11.246164321899414
1753053302826,,-2.5576059818267822,
1753053302827,-0.2687491476535797,,8.169614791870117
1753053302878,,-2.610278367996216,
1753053302879,-0.40043023228645325,,8.780136108398438
1753053302929,-1.3557167053222656,-3.8361096382141113,10.128071784973145
1753053302979,-1.106719732284546,-2.6821043491363525,7.348403453826904
1753053303028,-0.28790274262428284,-3.0101101398468018,10.657190322875977
1753053303076,,-3.5631706714630127,
1753053303077,-0.6470330357551575,-3.0196869373321533,10.329184532165527
1753053303128,-0.884058952331543,-2.5719711780548096,7.338826656341553
1753053303178,-1.2216414213180542,-3.1944637298583984,9.943717956542969
1753053303228,0.15741875767707825,-3.0555999279022217,
1753053303229,-0.9965864419937134,,8.713098526000977
1753053303277,-1.4658499956130981,-3.9438488483428955,10.6524019241333
1753053303278,,,8.969278335571289
1753053303326,,-2.8592753410339355,
1753053303327,-0.6637924313545227,,7.441777229309082
1753053303377,,-3.8145618438720703,
1753053303378,-0.5009866952896118,,10.489596366882324
1753053303427,,-2.720411777496338,
1753053303428,-0.03651157766580582,,8.035539627075195
1753053303477,,-3.6134488582611084,
1753053303478,-0.19931729137897491,-2.938283920288086,10.65479564666748
1753053303528,-1.5185223817825317,-3.0795419216156006,6.311714172363281
1753053303577,-0.6302735805511475,-3.1226375102996826,9.021950721740723
1753053303627,-0.3860650360584259,-2.940678119659424,7.903858184814453
1753053303677,,-3.5895068645477295,
1753053303678,-1.2982559204101562,,7.662044048309326
1753053303727,,-3.271078109741211,
1753053303728,-0.19931729137897491,,9.876680374145508
1753053303777,-1.690904974937439,-4.020462989807129,10.408193588256836
1753053303825,,-3.694851875305176,
1753053303826,-1.5089455842971802,-3.6517560482025146,8.239047050476074
1753053303878,,-3.5009214878082275,
1753053303879,-0.8816647529602051,,11.313201904296875
1753053303928,-0.9654618501663208,-3.579930067062378,8.686761856079102
1753053303977,,-3.4817678928375244,
1753053303978,-0.9199720025062561,-4.015674591064453,9.024344444274902
1753053304027,,-3.9390604496002197,
1753053304028,-1.832162857055664,,9.701904296875
1753053304077,-0.6494272351264954,-3.0986955165863037,9.227851867675781
1753053304127,,-3.0148985385894775,
1753053304128,-0.39564183354377747,-3.024475336074829,8.959701538085938
1753053304177,,-3.6589386463165283,
1753053304178,-0.9391255974769592,-3.0795419216156006,9.244611740112305
1753053304227,-0.7116764783859253,-2.9502551555633545,7.812878608703613
1753053304277,-0.20889410376548767,-3.2160115242004395,9.9772367477417
1753053304326,,-3.2782607078552246,
1753053304327,-0.7547720670700073,-4.018068790435791,8.24622917175293
1753053304377,,-3.0364463329315186,
1753053304378,-0.8074445128440857,,8.885480880737305
1753053304427,-1.3964180946350098,-3.5727474689483643,9.112930297851562
1753053304478,-0.7763199210166931,-3.1082723140716553,7.465719223022461
1753053304527,-0.884058952331543,-4.013280391693115,11.394604682922363
1753053304577,0.29388827085494995,-3.115454912185669,8.06666374206543
1753053304627,-1.446696400642395,-2.943072557449341,9.117718696594238
1753053304677,-0.18495208024978638,-2.9718029499053955,
1753053304678,,,9.756970405578613
1753053304727,,-2.943072557449341,
1753053304728,-1.6454150676727295,-3.2543187141418457,7.334038257598877
1753053304777,-1.0660183429718018,-3.0101101398468018,8.430583000183105
1753053304826,,-3.199252128601074,
1753053304827,-0.3405751883983612,,
1753053304828,-1.1402385234832764,,8.91181755065918
1753053304877,-1.1785458326339722,-3.512892484664917,8.397064208984375
1753053304927,-1.326986312866211,-3.5272576808929443,9.40023422241211
1753053304977,-1.202487826347351,-3.1513679027557373,7.3867106437683105
1753053305027,-0.7380126714706421,-3.737947463989258,10.67634391784668
1753053305076,,-3.795408248901367,
1753053305077,-1.006163239479065,-3.644573450088501,9.258976936340332
1753053305127,,-3.0555999279022217,
1753053305128,-1.7172411680221558,,7.178415298461914
1753053305177,-0.9630676507949829,-3.90554141998291,11.148001670837402
1753053305227,-0.9103952050209045,-2.8544869422912598,6.429029941558838
1753053305277,-2.253542423248291,-4.800972938537598,8.753800392150879
1753053305326,-3.110666513442993,-3.8959646224975586,6.65169095993042
1753053305377,0.13108254969120026,-3.714005470275879,10.640430450439453
1753053305426,,-3.891176223754883,
1753053305427,-2.279878616333008,-3.4793736934661865,7.745841026306152
1753053305477,,-3.8744168281555176,
1753053305478,-0.718859076499939,,8.828020095825195
1753053305526,,-3.6565444469451904,
1753053305527,-1.5568296909332275,-4.659715175628662,9.275735855102539
1753053305576,,-3.510498285293579,
1753053305577,-1.080383539199829,-4.243124008178711,8.09778881072998
1753053305626,,-4.168903827667236,
1753053305627,-2.301426410675049,,10.247781753540039
1753053305677,-1.3389573097229004,-3.886387825012207,9.182361602783203
1753053305727,,-3.096301317214966,
1753053305728,-1.2910733222961426,,7.913434982299805
1753053305778,-1.7579425573349,-4.379593372344971,8.686761856079102
1753053305826,-1.8225860595703125,-3.582324266433716,8.274959564208984
1753053305877,-1.0947487354278564,-3.3429040908813477,
1753053305878,,,7.709928035736084
1753053305927,-2.275090217590332,-4.226364612579346,
1753053305928,,,9.560646057128906
1753053305977,-2.258330821990967,-3.910329818725586,8.51677417755127
1753053306026,,-3.912724018096924,
1753053306027,-1.513733983039856,,9.783307075500488
1753053306076,-1.544858694076538,-3.603872060775757,8.696338653564453
1753053306127,-2.1769278049468994,-3.977367639541626,8.97885513305664
1753053306177,,-3.555988073348999,
1753053306178,-2.0021512508392334,,8.466495513916016
1753053306226,,-4.149750232696533,
1753053306227,-1.7603367567062378,-3.4530375003814697,10.140042304992676
1753053306276,,-3.6541502475738525,
1753053306277,-2.8568811416625977,-4.228758811950684,7.489661693572998
1753053306326,-1.1091139316558838,-3.9007530212402344,10.67634391784668
1753053306377,-1.9303251504898071,-3.596689462661743,9.49121379852295
1753053306426,,-4.2527008056640625,
1753053306427,-2.1745336055755615,-4.520851135253906,8.468890190124512
1753053306477,,-3.2638955116271973,
1753053306478,-1.0875661373138428,-3.6972460746765137,8.423399925231934
1753053306526,,-4.053982257843018,
1753053306527,-2.2846670150756836,,8.959701538085938
1753053306576,,-3.9821560382843018,
1753053306577,-1.8608932495117188,-3.773860454559326,7.626131057739258
1753053306626,,-3.493738889694214,
1753053306627,-0.9175778031349182,,9.888651847839355
1753053306677,-1.810615062713623,-4.245518207550049,8.897452354431152
1753053306727,-1.3844470977783203,-4.132990837097168,
1753053306728,,,9.352350234985352
1753053306776,-2.162562608718872,-4.013280391693115,9.280524253845215
1753053306777,,,9.290101051330566
1753053306826,-2.138620615005493,-4.195240020751953,8.648454666137695
1753053306827,,,8.988431930541992
1753053306879,-0.3166331648826599,-3.290231704711914,9.088988304138184
1753053306927,-3.007715940475464,-6.000467777252197,10.298060417175293
1753053306977,0.4495113790035248,-3.1226375102996826,
1753053306978,-3.5176808834075928,,6.0651116371154785
1753053307026,,-2.959831953048706,
1753053307027,0.11671733111143112,,13.463194847106934
1753053307076,-0.943913996219635,-3.290231704711914,4.0300397872924805
1753053307127,-2.390011787414551,-2.9957449436187744,10.55184555053711
1753053307177,-0.01975216343998909,-3.352480888366699,7.396287441253662
1753053307226,,-3.160944700241089,
1753053307227,-2.9957449436187744,-2.7730841636657715,6.02919864654541
1753053307276,,-3.646967649459839,
1753053307277,-1.690904974937439,-4.329315185546875,8.205527305603027
1753053307326,,-4.523245334625244,
1753053307327,-2.0236990451812744,-3.3907880783081055,8.780136108398438
1753053307377,-1.3413515090942383,-3.115454912185669,8.140884399414062
1753053307426,,-4.058770656585693,
1753053307427,-0.6661866307258606,-4.83209753036499,11.028291702270508
1753053307477,-2.081159830093384,-3.5440170764923096,6.52719259262085
1753053307526,,-3.824138641357422,
1753053307527,-1.7675193548202515,,10.968436241149902
1753053307576,,-4.52803373336792,
1753053307577,-2.4666264057159424,-4.027645587921143,8.772953987121582
1753053307627,-2.6868927478790283,-4.147356033325195,9.302072525024414
1753053307677,1.1294646263122559,-2.0189106464385986,7.568670272827148
1753053307727,-2.145803213119507,-3.160944700241089,7.844003200531006
1753053307776,,-4.520851135253906,
1753053307779,,-4.860827922821045,
1753053307780,-1.7363947629928589,,4.377199172973633
1753053307826,,-2.3469161987304688,
1753053307827,-4.985326290130615,,5.8616042137146
1753053307877,0.07841010391712189,-4.343680381774902,8.351573944091797
1753053307878,,,8.660426139831543
1753053307927,,-3.737947463989258,
1753053307928,-4.547187805175781,,9.948506355285645
1753053307977,,-2.4594438076019287,
1753053307978,-1.4538789987564087,-2.057217836380005,8.935759544372559
1753053308027,-1.2862848043441772,-5.430647850036621,11.387421607971191
1753053308077,-1.6717513799667358,-5.538387298583984,9.247005462646484
1753053308127,-2.0404584407806396,-1.1162965297698975,7.041945934295654
1753053308177,-2.363675594329834,-3.73555326461792,6.740276336669922
1753053308226,,-3.733159065246582,
1753053308227,-4.178480625152588,-1.5185223817825317,10.52790355682373
1753053308276,,-3.4386723041534424,
1753053308277,-3.5655648708343506,-2.1577742099761963,8.406641006469727
1753053308326,,-4.7387237548828125,
1753053308327,1.4024035930633545,-7.061099529266357,11.760917663574219
1753053308377,0.06165069341659546,-0.32381579279899597,4.530427932739258
1753053308426,-3.5296518802642822,-5.796960830688477,
1753053308427,-1.3820528984069824,,10.420164108276367
1753053308478,,-6.780977725982666,
1753053308479,-3.838503837585449,-4.329315185546875,5.988496780395508
1753053308527,-2.653373956680298,-0.2663549482822418,7.834426403045654
1753053308577,-1.5065513849258423,-2.138620615005493,6.886322498321533
1753053308626,,-6.115389823913574,
1753053308627,-1.9925743341445923,-4.013280391693115,14.20060920715332
1753053308676,,-4.559158802032471,
1753053308677,-1.810615062713623,-3.223194122314453,9.601346969604492
1753053308727,-0.5225345492362976,-2.521692991256714,7.180809497833252
1753053308728,,,8.274959564208984
1753053308777,-1.6525976657867432,-3.378817081451416,10.240599632263184
1753053308826,,-3.888782024383545,
1753053308827,-3.266289710998535,,5.198410511016846
1753053308877,1.2563573122024536,-4.389170169830322,
1753053308878,-0.2974795699119568,,13.456011772155762
1753053308927,-4.530427932739258,-2.253542423248291,3.400364875793457
1753053308977,,-3.8289270401000977,
1753053308978,0.45429977774620056,,12.079345703125
1753053309026,,-3.8792052268981934,
1753053309027,-2.052429437637329,-4.52803373336792,6.749853134155273
1753053309077,-2.078765630722046,-3.1274259090423584,7.314884662628174
1753053309127,-1.669357180595398,-2.8832173347473145,7.252635478973389
1753053309177,-1.8154034614562988,-4.724358558654785,
1753053309178,,,7.106589317321777
1753053309226,,-3.2998085021972656,
1753053309227,-2.6007015705108643,,8.933364868164062
1753053309276,,-2.315791606903076,
1753053309277,-3.5033156871795654,-1.4443022012710571,8.037933349609375
1753053309327,3.6577415466308594,-5.552752494812012,14.880561828613281
1753053309378,,-3.223194122314453,
1753053309379,-0.47465047240257263,,8.430583000183105
1753053309429,,-3.776254653930664,
1753053309430,2.9059622287750244,-2.93349552154541,8.82083797454834
1753053309480,,-2.9670145511627197,
1753053309530,-0.1346738487482071,-2.7994203567504883,6.033987045288086
1753053309576,,-3.8073792457580566,
1753053309577,-2.44747257232666,-3.180098295211792,11.047445297241211
1753053309626,,-4.305373191833496,
1753053309627,-0.24480712413787842,,9.991601943969727
1753053309677,,-3.0316579341888428,
1753053309678,0.04489128291606903,,9.388263702392578
1753053309730,-0.012569558806717396,-1.8273744583129883,5.684433460235596
1753053309779,-0.639850378036499,-3.7666778564453125,14.806342124938965
1753053309827,-3.8145618438720703,-2.6821043491363525,6.699574947357178
1753053309881,1.8261773586273193,-2.9718029499053955,13.163919448852539
1753053309931,2.3959972858428955,-3.4817678928375244,11.969212532043457
1753053309932,,,12.242152214050293
1753053309981,-1.2192472219467163,-1.8417396545410156,7.032369136810303
1753053310031,0.03292027488350868,-3.9677908420562744,12.821548461914062
1753053310077,,-2.787449359893799,
1753053310078,-0.9941922426223755,-2.457049608230591,7.283760070800781
1753053310131,-1.0133458375930786,-2.181716203689575,8.863933563232422
1753053310132,,,9.685144424438477
1753053310181,0.3585317134857178,-3.8768110275268555,11.95484733581543
1753053310230,,-2.959831953048706,
1753053310231,-1.0755951404571533,,8.255805969238281
1753053310280,,-2.9454667568206787,
1753053310281,0.26994624733924866,,11.365874290466309
1753053310327,,-2.538452386856079,
1753053310328,0.3705027103424072,,8.79928970336914
1753053310380,,-2.653373956680298,
1753053310381,-0.14664486050605774,,10.108918190002441
1753053310430,-1.1139023303985596,-2.844910144805908,8.037933349609375
1753053310431,,,8.844779968261719
1753053310481,-0.778714120388031,-2.6773159503936768,9.421782493591309
1753053310530,,-2.694075345993042,
1753053310531,0.6913257241249084,-2.6629507541656494,9.108141899108887
1753053310577,,-3.072359323501587,
1753053310578,0.06165069341659546,-3.6110546588897705,9.553462982177734
1753053310630,0.10953472554683685,-2.56000018119812,8.473678588867188
1753053310681,-0.10594342648983002,-2.852092742919922,9.407417297363281
1753053310730,,-2.5767595767974854,
1753053310731,0.2172738015651703,-3.3931822776794434,7.937376976013184
1753053310780,,-3.467402696609497,
1753053310781,-0.9295487999916077,-1.7747019529342651,10.808025360107422
1753053310827,-1.2527660131454468,-3.536834478378296,9.335591316223145
1753053310880,1.9267338514328003,-3.3189620971679688,11.504737854003906
1753053310930,,-2.6222493648529053,
1753053310931,0.18614917993545532,-3.4099416732788086,9.24940013885498
1753053310981,1.1701661348342896,-2.1745336055755615,10.592546463012695
1753053311031,-0.67815762758255,-4.477755546569824,13.13758373260498
1753053311077,-1.1186907291412354,-3.4530375003814697,
1753053311078,,,7.077858924865723
1753053311130,,-2.895188331604004,
1753053311131,0.9546879529953003,,11.73936939239502
1753053311180,,-2.6414029598236084,
1753053311181,1.1558008193969727,,10.992378234863281
1753053311230,,-2.667739152908325,
1753053311231,-0.09397241473197937,-2.9263129234313965,10.300454139709473
1753053311280,,-2.27748441696167,
1753053311281,-0.8194155097007751,,10.00836181640625
1753053311327,,-2.8113913536071777,
1753053311328,0.9475052952766418,,11.332355499267578
1753053311380,-0.01496376097202301,-2.0859482288360596,6.65169095993042
1753053311430,-0.32860419154167175,-2.23199462890625,8.107365608215332
1753053311480,,-2.02848744392395,
1753053311481,-0.7236474752426147,,6.979696273803711
1753053311529,,-2.344521999359131,
1753053311530,-0.5656301379203796,,7.379528045654297
1753053311576,,-3.2758665084838867,
1753053311577,-0.2017114907503128,-3.227982521057129,10.161590576171875
1753053311629,,-2.030881643295288,
1753053311630,-0.04369417950510979,,7.245452880859375
1753053311679,,-3.309385299682617,
1753053311680,0.13347674906253815,,12.211027145385742
1753053311730,-0.06524199992418289,-2.6773159503936768,9.084199905395508
1753053311779,0.3728969097137451,-3.158550500869751,11.674726486206055
1753053311826,-0.3860650360584259,-3.397970676422119,
1753053311827,-0.7882909178733826,,9.9772367477417
1753053311879,,-2.6007015705108643,
1753053311880,-0.03172317147254944,-2.4594438076019287,10.080187797546387
1753053311930,0.24600422382354736,-2.691681146621704,9.809642791748047
1753053311980,,-3.223194122314453,
1753053311981,-0.5680243372917175,-2.672527551651001,9.539097785949707
1753053312029,0.0520738884806633,-2.2415714263916016,
1753053312030,-0.40521863102912903,,8.725069999694824
1753053312076,0.1430535465478897,-2.9095535278320312,9.91977596282959
1753053312128,,-2.5743653774261475,
1753053312129,-0.7715315222740173,-2.318185806274414,7.434594631195068
1753053312178,,-3.0340521335601807,
1753053312179,0.04967968538403511,,9.931747436523438
1753053312228,,-3.1082723140716553,
1753053312229,-0.02454056777060032,,9.405022621154785
1753053312278,-0.33339259028434753,-2.5528175830841064,8.64127254486084
1753053312326,,-3.04602313041687,
1753053312327,-0.4626794755458832,,9.55825138092041
1753053312378,-0.2759317457675934,-3.0125043392181396,10.199897766113281
1753053312428,0.11192893236875534,-3.0819361209869385,10.781688690185547
1753053312478,-0.2663549482822418,-3.153762102127075,10.367491722106934
1753053312528,-0.2495955228805542,-2.097919225692749,9.644442558288574
1753053312576,0.3298012912273407,-2.7084407806396484,9.95329475402832
1753053312627,,-2.540846586227417,
1753053312628,-0.9558850526809692,-2.27748441696167,8.976460456848145
1753053312677,,-2.3756465911865234,
1753053312678,-0.010175357572734356,,8.933364868164062
1753053312728,0.7080851793289185,-2.9287071228027344,10.427347183227539
1753053312777,-0.5321113467216492,-2.208052635192871,7.192780494689941
1753053312825,-0.30945056676864624,-2.648585557937622,9.009979248046875
1753053312878,-0.47465047240257263,-3.1058781147003174,9.766547203063965
1753053312929,0.4159925580024719,-2.495356798171997,8.547898292541504
1753053312978,-0.3405751883983612,-2.8185739517211914,10.786477088928223
1753053313027,,-2.1290438175201416,
1753053313028,-0.002992752008140087,,8.49522590637207
1753053313076,-0.01735796220600605,-3.1250317096710205,10.626065254211426
1753053313127,,-2.7922377586364746,
1753053313128,-0.4578910768032074,,9.694721221923828
1753053313177,,-1.877652645111084,
1753053313178,-0.23762452602386475,,8.174403190612793
1753053313227,-0.07003039866685867,-2.93349552154541,10.058639526367188
1753053313277,-0.9678560495376587,-2.2679076194763184,7.587823867797852
1753053313326,,-2.6653449535369873,
1753053313327,0.06643909960985184,,9.55825138092041
1753053313377,-0.10354922711849213,-2.8113913536071777,9.46487808227539
1753053313427,-0.558447539806366,-2.8616695404052734,8.737040519714355
1753053313478,0.24839842319488525,-2.56000018119812,10.384251594543457
1753053313527,0.7416039705276489,-2.938283920288086,11.478401184082031
1753053313576,-0.8146271109580994,-2.44747257232666,7.484873294830322
1753053313627,-0.9463081955909729,-2.0404584407806396,8.341997146606445
1753053313677,,-3.290231704711914,
1753053313678,-0.8098387122154236,,9.1847562789917
1753053313728,-0.2041056901216507,-2.6844985485076904,7.1688385009765625
1753053313777,,-3.582324266433716,
1753053313778,-1.3557167053222656,-3.759495258331299,9.369110107421875
1753053313826,,-3.7882256507873535,
1753053313827,-1.8273744583129883,-4.434659957885742,7.219116687774658
1753053313878,-2.2008697986602783,-3.685275077819824,10.154407501220703
1753053313927,-0.3669114112854004,-3.273472309112549,9.46487808227539
1753053313928,,,8.600570678710938
1753053313977,-2.543240785598755,-4.822520732879639,9.062651634216309
1753053314027,-1.0971429347991943,-2.6868927478790283,4.530427932739258
1753053314077,1.0887632369995117,-3.8313212394714355,15.629947662353516
1753053314127,-2.983773946762085,-3.62302565574646,6.390722751617432
1753053314128,,,11.839925765991211
1753053314177,-1.14742112159729,-4.53761100769043,10.994772911071777
1753053314226,,-4.190451622009277,
1753053314227,-1.7028759717941284,,11.21743392944336
1753053314276,,-4.049193859100342,
1753053314277,-0.7428010702133179,,7.372345447540283
1753053314326,,-4.211999416351318,
1753053314327,-1.4754267930984497,,10.468048095703125
1753053314376,,-2.825756549835205,
1753053314377,-0.21847090125083923,,7.195174694061279
1753053314426,-2.16495680809021,-3.687669277191162,7.9182233810424805
1753053314477,-1.0851719379425049,-3.4554316997528076,
1753053314478,,,10.082581520080566
1753053314526,,-4.070741653442383,
1753053314527,-2.0260932445526123,,8.325238227844238
1753053314576,-0.5776011347770691,-2.8568811416625977,10.772111892700195
1753053314626,,-3.4099416732788086,
1753053314627,0.9858125448226929,,14.487913131713867
1753053314677,-0.12988543510437012,-2.519298791885376,7.120954513549805
1753053314727,-2.9765913486480713,-3.7235822677612305,11.574169158935547
1753053314728,,,11.815983772277832
1753053314777,3.2842462062835693,-2.8999767303466797,8.751405715942383
1753053314826,,-6.266224384307861,
1753053314827,3.6337995529174805,-2.121861219406128,19.54686164855957
1753053314877,,-0.922366201877594,
1753053314878,0.5309142470359802,-3.158550500869751,2.342127799987793
1753053314927,-2.8568811416625977,-2.2152352333068848,11.349114418029785
1753053314977,,-3.5200750827789307,
1753053314978,-0.28550854325294495,,6.953360080718994
1753053315026,,-3.2327709197998047,
1753053315027,0.08798690885305405,,10.46325969696045
1753053315076,-0.5464765429496765,-2.5145103931427,7.779359817504883
1753053315127,-0.6206967830657959,-3.053205728530884,10.219051361083984
1753053315177,,-3.04602313041687,
1753053315178,0.13826514780521393,,9.534309387207031
1753053315226,,-2.718017578125,
1753053315227,-0.48901569843292236,,8.794501304626465
1753053315276,,-3.2207999229431152,
1753053315277,0.38486793637275696,-2.315791606903076,11.564592361450195
1753053315326,-0.5536591410636902,-3.1920695304870605,9.687539100646973
1753053315377,-0.8936358094215393,-2.8999767303466797,9.299677848815918
1753053315426,,-2.624643564224243,
1753053315427,-0.9774328470230103,-2.0691888332366943,10.657190322875977
1753053315477,,-2.6605565547943115,
1753053315478,0.5309142470359802,,7.879916191101074
1753053315526,,-2.782660961151123,
1753053315527,-0.922366201877594,,8.655637741088867
1753053315576,,-2.227206230163574,
1753053315577,-0.24001872539520264,,8.136096000671387
1753053315626,,-3.309385299682617,
1753053315627,0.020949264988303185,,10.796053886413574
1753053315677,-1.8249802589416504,-2.495356798171997,6.30213737487793
1753053315727,,-2.497750997543335,
1753053315728,0.3321954905986786,-2.205658197402954,10.40340518951416
1753053315778,,-2.919130325317383,
1753053315779,,-3.7858314514160156,
1753053315780,-1.27191960811615,,7.408258438110352
1753053315826,-0.14664486050605774,-2.2152352333068848,
1753053315827,,,7.659649848937988
1753053315877,,-3.4817678928375244,
1753053315878,-0.656609833240509,,11.01392650604248
1753053315927,-0.06524199992418289,-3.13700270652771,7.731475830078125
1753053315978,-0.7236474752426147,-3.0148985385894775,10.269330024719238
1753053316026,,-3.3500866889953613,
1753053316027,-1.0085574388504028,-3.132214307785034,9.146449089050293
1753053316076,,-2.93349552154541,
1753053316077,-0.3621230125427246,,9.481637001037598
1753053316127,-0.19931729137897491,-3.1417911052703857,9.742605209350586
1753053316177,-0.23044191300868988,-3.3668460845947266,9.268553733825684
1753053316178,,,9.479243278503418
1753053316226,,-2.6198551654815674,
1753053316227,-0.8505401611328125,,8.600570678710938
1753053316276,,-3.268683910369873,
1753053316277,-0.2998737692832947,-3.3405098915100098,9.52473258972168
1753053316326,-0.6685808300971985,-3.3405098915100098,9.460089683532715
1753053316377,,-2.6557681560516357,
1753053316378,-0.596754789352417,,8.210315704345703
1753053316426,,-3.4338839054107666,
1753053316427,0.22924481332302094,,10.013150215148926
1753053316477,-0.8720879554748535,-2.8425159454345703,
1753053316478,-0.40282443165779114,,8.241440773010254
1753053316526,,-2.8832173347473145,
1753053316527,-0.28311434388160706,-3.3668460845947266,9.59177017211914
1753053316577,-0.26156654953956604,-2.983773946762085,8.909422874450684
1753053316626,-0.3477577865123749,-2.7252001762390137,10.288483619689941
1753053316627,,,9.661202430725098
1753053316677,-0.14425064623355865,-2.8832173347473145,9.196727752685547
1753053316727,-1.1546037197113037,-3.053205728530884,8.385092735290527
1753053316777,-0.6111199855804443,-3.5942952632904053,11.052233695983887
1753053316826,,-3.1417911052703857,
1753053316827,-0.13706804811954498,,9.778518676757812
1753053316877,,-2.758718967437744,
1753053316878,-1.269525408744812,,9.610923767089844
1753053316927,-0.5057750940322876,-2.492962598800659,9.115324020385742
1753053316977,,-3.1513679027557373,
1753053316978,-0.49380409717559814,,10.080187797546387
1753053317026,,-2.7299885749816895,
1753053317027,-0.7308300733566284,-2.847304344177246,7.779359817504883
1753053317077,-0.7835025191307068,-2.9718029499053955,9.575011253356934
1753053317127,-0.46507367491722107,-3.2806549072265625,9.575011253356934
1753053317177,-0.6374561786651611,-3.002927541732788,
1753053317178,,,8.808866500854492
1753053317226,,-3.421912670135498,
1753053317227,-0.5321113467216492,,
1753053317276,,-2.8616695404052734,
1753053317277,-0.2783259451389313,-3.3500866889953613,8.851962089538574
1753053317326,,-3.2591071128845215,
1753053317327,0.29388827085494995,-2.320580005645752,10.963647842407227
1753053317377,0.5333084464073181,-2.255936622619629,7.820061206817627
1753053317427,-0.5943605899810791,-3.067570924758911,8.804078102111816
1753053317477,-0.25917232036590576,-2.236783027648926,7.609371662139893
1753053317526,-0.06763619929552078,-3.048417329788208,10.147225379943848
1753053317577,-0.4794389009475708,-2.11946702003479,7.384316444396973
1753053317627,-0.7068880796432495,-3.2615013122558594,9.79527759552002
1753053317677,-0.9343371987342834,-2.670133352279663,7.784148216247559
1753053317727,-1.3437457084655762,-3.9630024433135986,11.83034896850586
1753053317777,-0.19213469326496124,-3.117849111557007,8.143278121948242
1753053317826,,-2.9957449436187744,
1753053317827,-0.5009866952896118,,11.04983901977539
1753053317877,0.08798690885305405,-4.068347454071045,
1753053317878,,,10.602123260498047
1753053317927,-0.02693476900458336,-2.390011787414551,7.508815288543701
1753053317977,,-3.646967649459839,
1753053317978,-0.18974047899246216,-3.9007530212402344,12.424111366271973
1753053318026,,-2.7946319580078125,
1753053318027,-0.6206967830657959,,6.589441776275635
1753053318077,-0.7930793166160583,-2.868852138519287,10.49677848815918
1753053318127,0.49978959560394287,-2.02848744392395,7.508815288543701
1753053318177,-0.9415197968482971,-3.314173698425293,
1753053318178,-0.8481459617614746,,8.902240753173828
1753053318226,,-2.035670042037964,
1753053318227,-0.2950853705406189,-3.050811529159546,4.901529312133789
1753053318276,,-3.0125043392181396,
1753053318277,-0.800261914730072,-1.9877859354019165,10.592546463012695
1753053318326,,-3.1729156970977783,
1753053318327,0.2819172441959381,-3.400364875793457,8.983643531799316
1753053318377,-1.5065513849258423,-3.1513679027557373,8.035539627075195
1753053318426,,-2.823362350463867,
1753053318427,-0.7930793166160583,,9.527127265930176
1753053318477,,-3.7235822677612305,
1753053318478,-0.2974795699119568,-3.6780924797058105,9.984419822692871
1753053318526,,-3.2567129135131836,
1753053318527,-0.9032126069068909,,9.405022621154785
1753053318577,-0.07721300423145294,-3.508104085922241,11.373056411743164
1753053318626,0.15981295704841614,-4.053982257843018,
1753053318627,,,11.564592361450195
1753053318677,-1.027711033821106,-2.363675594329834,6.275801181793213
1753053318769,-1.149815320968628,-2.847304344177246,
1753053318770,,,9.864709854125977
1753053318823,-1.4203602075576782,-3.0771477222442627,7.836820602416992
1753053318871,,-3.536834478378296,
1753053318872,-0.1801636815071106,,10.606911659240723
1753053318921,-1.2192472219467163,-3.8121676445007324,10.326790809631348
1753053318971,-0.6542156338691711,-3.1489737033843994,8.325238227844238
1753053319805,-1.8896236419677734,-3.8720226287841797,10.683526992797852
1753053319810,-0.6637924313545227,-3.2782607078552246,8.897452354431152
1753053319860,-1.0684125423431396,-3.5655648708343506,8.500014305114746
1753053319911,-1.4658499956130981,-3.6900634765625,9.170391082763672
1753053319960,,-3.620631456375122,
1753053319961,-1.2599486112594604,-4.022857189178467,8.227075576782227
1753053320806,,-3.9893386363983154,
1753053320807,-1.6741455793380737,,10.228628158569336
1753053320811,-0.8242039084434509,-3.3931822776794434,8.274959564208984
1753053320861,,-3.1872811317443848,
1753053320862,-1.6549919843673706,,9.24940013885498
1753053320909,0.2555810213088989,-3.3692402839660645,9.582193374633789
1753053320959,-1.1450269222259521,-2.9957449436187744,8.27735424041748
1753053321806,-0.2017114907503128,-3.1058781147003174,
1753053321807,,,10.745776176452637
1753053321810,-1.9375077486038208,-3.579930067062378,9.30925464630127
1753053321859,,-3.6110546588897705,
1753053321860,-0.28311434388160706,-3.134608507156372,9.989208221435547
1753053321908,-1.0923545360565186,-3.6589386463165283,8.78731918334961
1753053321958,-0.2663549482822418,-3.096301317214966,8.150461196899414
1753053322800,-1.4538789987564087,-4.061164855957031,10.681132316589355
1753053322804,,-3.1226375102996826,
1753053322805,-1.1306617259979248,,8.468890190124512
1753053322853,,-3.376422882080078,
1753053322854,0.2555810213088989,-3.2207999229431152,9.809642791748047
1753053322902,-1.3652935028076172,-3.3883938789367676,8.286931037902832
1753053323787,-1.202487826347351,-3.2327709197998047,
1753053323788,-0.414795458316803,,9.536704063415527
1753053323800,-2.409165382385254,-3.716399669647217,8.705916404724121
1753053323805,-0.1107318252325058,-2.9263129234313965,9.575011253356934
1753053323854,,-3.6733038425445557,
1753053323855,-0.9463081955909729,-4.05158805847168,9.302072525024414
1753053323906,-0.7571662664413452,-3.158550500869751,9.361927032470703
1753053323956,,-4.140173435211182,
1753053323957,-0.5297171473503113,-2.957437753677368,12.029067993164062
1753053324801,,-3.1705214977264404,
1753053324802,-0.8361749649047852,-2.9095535278320312,6.826467514038086
1753053324806,-0.9558850526809692,-2.761113166809082,8.959701538085938
1753053324855,-0.42437225580215454,-3.601477861404419,11.006743431091309
1753053324904,,-2.2846670150756836,
1753053324905,0.004189853090792894,,7.527968883514404
1753053324955,-0.40282443165779114,-2.2176294326782227,8.09778881072998
1753053325803,-0.09157821536064148,-3.8073792457580566,11.875839233398438
1753053325808,-0.5752069354057312,-2.876034736633301,9.874286651611328
1753053325857,0.2172738015651703,-2.543240785598755,8.104970932006836
1753053325905,-1.0971429347991943,-2.6390087604522705,
1753053325906,,,9.632472038269043
1753053325955,,-3.244741916656494,
1753053325956,-0.7595604658126831,,8.990825653076172
1753053326801,-0.7380126714706421,-3.1082723140716553,9.697115898132324
1753053326806,-1.1091139316558838,-3.2136173248291016,10.219051361083984
1753053326856,0.29149407148361206,-2.2463598251342773,7.511209487915039
1753053326903,,-3.113060712814331,
1753053326904,-1.1234791278839111,,9.766547203063965
1753053326953,,-2.203263998031616,
1753053326954,0.3345896899700165,-3.007715940475464,7.815272808074951
1753053327808,-1.14742112159729,-3.9175124168395996,11.40896987915039
1753053327813,0.1430535465478897,-2.5240871906280518,8.040328025817871
1753053327862,,-3.335721492767334,
1753053327863,-0.7260416746139526,-3.9438488483428955,11.59332275390625
1753053327912,-0.656609833240509,-2.4618380069732666,8.104970932006836
1753053327962,0.06165069341659546,-3.4554316997528076,11.514314651489258
1753053328820,,-2.7682957649230957,
1753053328821,0.20290859043598175,-2.425924777984619,
1753053328822,-1.63344407081604,,9.548674583435059
1753053328827,-0.5656301379203796,-3.290231704711914,7.434594631195068
1753053328875,-1.2575544118881226,-3.201646327972412,8.102577209472656
1753053328922,-1.834557056427002,-3.7834372520446777,7.915829181671143
1753053328972,,-3.8768110275268555,
1753053328973,-2.236783027648926,-3.869628429412842,8.873510360717773
1753053329804,,-3.0795419216156006,
1753053329805,0.2388216257095337,-2.6557681560516357,9.61571216583252
1753053329808,-0.7428010702133179,-3.57753586769104,12.273276329040527
1753053329858,-0.7882909178733826,-3.66851544380188,9.960477828979492
1753053329909,,-2.986168146133423,
1753053329910,-0.9510966539382935,-3.24953031539917,9.275735855102539
1753053329995,,-3.955819845199585,
1753053329996,-0.6542156338691711,,10.240599632263184
1753053330001,-0.21847090125083923,-2.7754783630371094,7.817667007446289
1753053330050,-1.6525976657867432,-4.2742486000061035,11.22940444946289
1753053330100,,-2.342127799987793,
1753053330101,-0.49380409717559814,,6.093842029571533
1753053330148,-2.011728048324585,-3.7834372520446777,10.381856918334961
1753053330199,-0.5009866952896118,-3.4841620922088623,8.351573944091797
1753053330248,-0.6661866307258606,-4.43705415725708,12.704233169555664
1753053330809,0.19812019169330597,-2.3493103981018066,5.990890979766846
1753053330814,-0.5105634927749634,-3.41951847076416,9.019556045532227
1753053330864,-0.7811083197593689,-2.9885623455047607,
1753053330865,,,8.454524993896484
1753053330911,,-4.020462989807129,
1753053330912,-1.1522095203399658,,9.929352760314941
1753053330961,,-2.722805976867676,
1753053330962,-0.18974047899246216,-2.4666264057159424,8.64127254486084
1753053331797,,-4.4945149421691895,
1753053331798,-1.6861165761947632,,9.948506355285645
1753053331807,-2.406771183013916,-3.663727045059204,9.867103576660156
1753053331862,-0.30705636739730835,-3.6062662601470947,8.966883659362793
1753053331909,,-3.6709096431732178,
1753053331910,-1.0444705486297607,,8.782530784606934
1753053332124,,-2.56000018119812,
1753053332125,-0.6111199855804443,,8.672396659851074
1753053332178,-1.2168530225753784,-2.7946319580078125,8.51677417755127
1753053332228,-0.7811083197593689,-3.069965124130249,8.777742385864258
1753053332806,,-3.4769794940948486,
1753053332807,-1.061229944229126,,9.172784805297852
1753053332817,,-3.206434726715088,
1753053332818,-1.061229944229126,-3.096301317214966,9.507973670959473
1753053332872,-1.3078327178955078,-4.015674591064453,9.661202430725098
1753053332918,,-4.523245334625244,
1753053332919,-0.8122329115867615,,11.902174949645996
1753053333806,,-3.175309896469116,
1753053333807,-0.7475894689559937,-3.158550500869751,5.789778232574463
1753053333817,,-3.891176223754883,
1753053333818,-2.0620062351226807,-4.168903827667236,9.608530044555664
1753053333872,-0.9463081955909729,-3.383605480194092,
1753053333873,-0.23044191300868988,,9.3427734375
1753053333919,,-4.235941410064697,
1753053333920,-2.452261209487915,,9.756970405578613
1753053334803,-1.0205284357070923,-3.4290952682495117,
1753053334804,,,8.444948196411133
1753053334808,-1.3437457084655762,-3.352480888366699,8.60775375366211
1753053334858,-0.8433575630187988,-3.7283706665039062,8.825626373291016
1753053334906,-1.4538789987564087,-4.132990837097168,8.751405715942383
1753053334955,,-3.5511996746063232,
1753053334956,-1.3533225059509277,-2.629431962966919,9.323619842529297
1753053335554,,-3.512892484664917,
1753053335555,-0.9103952050209045,-3.7690720558166504,10.53029727935791
1753053335559,-2.1098902225494385,-4.999691486358643,14.210186004638672
1753053335609,-1.6238672733306885,-3.2351651191711426,9.299677848815918
1753053335656,-0.7140706777572632,-3.5248634815216064,10.061034202575684
1753053335657,,,12.979565620422363
1753053335706,,-3.7259764671325684,
1753053335707,-0.6709750294685364,,7.1903862953186035
1753053335756,-1.492186188697815,-3.8097734451293945,11.191097259521484
1753053335806,-0.8481459617614746,-3.994127035140991,
1753053335807,,,10.111311912536621
1753053335857,-1.4658499956130981,-2.978985548019409,7.250241279602051
1753053335906,-1.6741455793380737,-3.716399669647217,
1753053335907,-1.5544354915618896,,8.746617317199707
1753053335956,,-2.873640537261963,
1753053335957,-0.9247604012489319,,8.152854919433594
1753053336005,,-4.240729808807373,
1753053336006,-1.2527660131454468,-3.6589386463165283,10.216657638549805
1753053336057,-1.7076643705368042,-3.227982521057129,7.8296380043029785
1753053336109,,-3.9390604496002197,
1753053336110,-0.8505401611328125,,9.819219589233398
1753053336157,-1.2671312093734741,-3.8935704231262207,10.420164108276367
1753053336206,-0.03172317147254944,-2.9311013221740723,8.145672798156738
1753053336256,-1.5711948871612549,-4.654926776885986,10.123283386230469
1753053336307,-0.5392939448356628,-2.9023709297180176,8.684368133544922
1753053336359,,-3.2399535179138184,
1753053336360,-0.292691171169281,,9.318831443786621
1753053336406,-2.0428526401519775,-3.2591071128845215,7.563881874084473
1753053336457,,-3.620631456375122,
1753053336458,-1.4395138025283813,,8.976460456848145
1753053336506,-0.8098387122154236,-3.443460702896118,9.733028411865234
1753053336557,-0.25917232036590576,-3.773860454559326,9.041104316711426
1753053336609,-1.6789339780807495,-3.5871126651763916,8.399457931518555
1753053336655,,-3.737947463989258,
1753053336656,-1.4227544069290161,-4.080318450927734,10.228628158569336
1753053336706,,-3.1417911052703857,
1753053336707,-0.7906851172447205,,9.077016830444336
1753053336757,-0.8696937561035156,-3.579930067062378,9.910199165344238
1753053336806,,-3.6780924797058105,
1753053336807,-2.0189106464385986,-4.032433986663818,8.267777442932129
1753053336859,,-3.840898036956787,
1753053336860,-1.5496470928192139,,10.259753227233887
1753053336906,-1.7531541585922241,-3.225588321685791,
1753053336907,-1.6190788745880127,,8.152854919433594
1753053336957,-0.9702502489089966,-3.2806549072265625,9.294889450073242
1753053337006,-1.2144588232040405,-3.3189620971679688,9.553462982177734
1753053337057,,-3.7044286727905273,
1753053337058,-1.544858694076538,,8.330026626586914
1753053337109,,-3.309385299682617,
1753053337110,-0.9175778031349182,,8.839991569519043
1753053337159,-1.1953052282333374,-2.873640537261963,8.78731918334961
1753053337206,-0.37169981002807617,-3.6709096431732178,9.323619842529297
1753053337256,-1.4969745874404907,-3.2998085021972656,9.033921241760254
1753053337306,,-3.4338839054107666,
1753053337307,-0.3669114112854004,-3.3213562965393066,8.696338653564453
1753053337360,-1.5209165811538696,-3.0196869373321533,8.270171165466309
1753053337409,,-3.0795419216156006,
1753053337410,-1.0013748407363892,-3.2207999229431152,8.612542152404785
1753053337457,-0.761954665184021,-3.292625904083252,
1753053337458,-0.5895721912384033,,9.644442558288574
1753053337506,-0.21368250250816345,-2.7898435592651367,8.895057678222656
1753053337507,,,8.801684379577637
1753053337556,,-3.2830491065979004,
1753053337557,-0.4554968774318695,-3.153762102127075,9.1632080078125
1753053337609,-0.821809709072113,-3.582324266433716,9.469666481018066
1753053337657,,-2.279878616333008,
1753053337658,0.20051439106464386,,8.476072311401367
1753053337710,-0.9367313981056213,-3.8265328407287598,11.641206741333008
1753053337759,,-3.2399535179138184,
1753053337760,-0.5943605899810791,-3.445854902267456,9.167996406555176
1753053337810,-1.0851719379425049,-2.9981391429901123,10.073004722595215
1753053337811,,,8.490437507629395
1753053337859,,-2.6150667667388916,
1753053337860,-0.5823895931243896,-3.3859996795654297,9.25179386138916
1753053337910,-0.6326677799224854,-3.4075474739074707,10.264541625976562
1753053337960,-0.5632359385490417,-2.7275943756103516,8.624512672424316
1753053338010,-0.8242039084434509,-3.5942952632904053,10.944494247436523
1753053338061,-0.28311434388160706,-2.720411777496338,10.796053886413574
1753053338111,-0.9678560495376587,-2.9885623455047607,7.302913665771484
1753053338160,,-2.3349452018737793,
1753053338161,-2.363675594329834,,8.545504570007324
1753053338211,0.9163807034492493,-2.8880057334899902,9.893440246582031
1753053338260,-0.960673451423645,-3.6349966526031494,
1753053338261,,,8.502408981323242
1753053338311,-1.6214730739593506,-2.69646954536438,8.478466987609863
1753053338360,,-2.713229179382324,
1753053338361,-0.5728127360343933,,9.223063468933105
1753053338410,0.22445641458034515,-2.919130325317383,10.118494987487793
1753053338411,,,7.755417823791504
1753053338460,-0.3669114112854004,-3.757101058959961,
1753053338461,-1.5783774852752686,,11.057022094726562
1753053338509,,-2.5695769786834717,
1753053338510,-0.37648820877075195,-3.4147300720214844,7.405864238739014
1753053338560,,-2.603095769882202,
1753053338561,-0.6997054219245911,,7.539939880371094
1753053338609,,-3.2543187141418457,
1753053338610,-1.1761516332626343,,10.594941139221191
1753053338660,-0.6422445774078369,-3.448249101638794,8.581417083740234
1753053338710,-0.1825578808784485,-2.8401217460632324,10.578181266784668
1753053338760,0.2172738015651703,-3.4314894676208496,11.068992614746094
1753053338810,-0.7499836683273315,-3.4865562915802,8.782530784606934
1753053338859,,-2.5312697887420654,
1753053338860,0.030526071786880493,,6.184821605682373
1753053338910,,-3.491344690322876,
1753053338911,-1.8034324645996094,,11.997942924499512
1753053338960,,-3.132214307785034,
1753053338961,0.444722980260849,,10.24538803100586
1753053339010,,-2.76350736618042,
1753053339011,-1.5400702953338623,,7.5016326904296875
1753053339061,-0.41718965768814087,-2.4187421798706055,8.957306861877441
1753053339110,-0.7284358739852905,-3.2615013122558594,
1753053339111,-1.688510775566101,,9.048286437988281
1753053339160,-0.39564183354377747,-3.0579941272735596,9.5223388671875
1753053339210,-0.7212532758712769,-3.139396905899048,8.693944931030273
1753053339211,,,9.59177017211914
1753053339260,0.13108254969120026,-2.7012581825256348,9.68274974822998
1753053339311,-0.5632359385490417,-3.666121244430542,9.843161582946777
1753053339360,-0.5105634927749634,-2.8784289360046387,8.12173080444336
1753053339410,-0.292691171169281,-2.301426410675049,9.053074836730957
1753053339459,,-3.1729156970977783,
1753053339460,-1.0396820306777954,,10.24538803100586
1753053339509,,-3.134608507156372,
1753053339510,0.3705027103424072,,8.10018253326416
1753053339560,-0.09636662155389786,-2.7515363693237305,8.45931339263916
1753053339609,-0.6230909824371338,-2.8616695404052734,8.286931037902832
1753053339660,-1.1162965297698975,-3.156156301498413,8.971672058105469
1753053339710,-0.03411737456917763,-2.8353333473205566,9.120112419128418
1753053339759,,-3.644573450088501,
1753053339760,-1.731606364250183,,9.706692695617676
1753053339809,,-2.7898435592651367,
1753053339810,-0.09157821536064148,,9.203909873962402
1753053339859,-1.4155718088150024,-4.226364612579346,11.480795860290527
1753053339909,-0.02214636653661728,-2.457049608230591,7.755417823791504
1753053339910,,,9.366715431213379
1753053339959,-1.5065513849258423,-2.7994203567504883,9.079411506652832
1753053340009,,-3.338115692138672,
1753053340010,-0.9295487999916077,,9.43135929107666
1753053340060,-1.2886791229248047,-3.7403416633605957,8.94773006439209
1753053340061,,,10.240599632263184
1753053340109,,-2.404376983642578,
1753053340110,-0.19452889263629913,,8.667608261108398
1753053340159,-0.7164648771286011,-3.292625904083252,9.39784049987793
1753053340209,-0.9080010056495667,-3.156156301498413,8.473678588867188
1753053340259,-0.7906851172447205,-3.156156301498413,9.088988304138184
1753053340309,-0.1107318252325058,-3.050811529159546,9.543886184692383
1753053340358,-1.0444705486297607,-3.5296518802642822,8.909422874450684
1753053340408,-1.1713632345199585,-3.4745852947235107,10.18792724609375
1753053340409,,,10.503961563110352
1753053340458,0.06883329898118973,-2.7252001762390137,8.49283218383789
1753053340507,-1.4299370050430298,-3.026869535446167,
1753053340508,-0.32381579279899597,,9.821614265441895
1753053340558,-1.0348936319351196,-3.7858314514160156,8.91181755065918
1753053340607,,-3.0579941272735596,
1753053340608,-1.5640122890472412,,8.990825653076172
1753053340814,-0.37888240814208984,-2.9909565448760986,8.91421127319336
1753053340868,,-2.478597402572632,
1753053340869,-0.14903905987739563,,8.7298583984375
1753053340917,,-4.140173435211182,
1753053340922,-1.348534107208252,-4.075530052185059,
1753053340923,,,10.506355285644531
1753053341796,-0.5895721912384033,-2.6222493648529053,7.425017833709717
1753053341804,-0.2519897222518921,-2.9071593284606934,12.577340126037598
1753053341810,-1.348534107208252,-2.60548996925354,7.690774440765381
1753053341859,,-2.6126725673675537,
1753053341860,-0.4602852761745453,-3.0316579341888428,8.670002937316895
1753053341907,-0.3621230125427246,-3.754706859588623,10.85830307006836
1753053341957,-0.18734627962112427,-3.694851875305176,9.764153480529785
1753053342805,-1.4443022012710571,-3.3069911003112793,9.816825866699219
1753053342810,,-3.6373908519744873,
1753053342811,-0.2041056901216507,-3.2160115242004395,9.261370658874512
1753053342859,,-2.8329391479492188,
1753053342860,-0.3860650360584259,,9.55825138092041
1753053342907,-0.041299980133771896,-2.4402899742126465,8.543109893798828
1753053342957,-1.4131776094436646,-3.2160115242004395,9.852738380432129
1753053343802,-1.1162965297698975,-3.287837505340576,7.606977462768555
1753053343803,,,7.978078842163086
1753053343808,-0.618302583694458,-2.6437971591949463,7.537545680999756
1753053343809,,,9.254188537597656
1753053343857,-1.0181342363357544,-2.6174609661102295,8.555081367492676
1753053343904,,-2.646191358566284,
1753053343905,0.05446808785200119,-3.472191095352173,7.966107368469238
1753053344806,,-3.539228677749634,
1753053344807,-1.2503718137741089,-3.110666513442993,8.523956298828125
1753053344811,-1.14742112159729,-3.201646327972412,8.904634475708008
1753053344824,-0.6877344250679016,-3.0340521335601807,8.195950508117676
1753053344875,-0.9463081955909729,-3.8289270401000977,
1753053344876,,,9.88625717163086
1753053344927,-0.8792705535888672,-2.7539305686950684,10.106523513793945
1753053344928,,,8.286931037902832
1753053345563,-0.9702502489089966,-3.1034839153289795,6.7259111404418945
1753053345576,-0.6901286244392395,-3.1657330989837646,10.017938613891602
1753053345627,-1.1881226301193237,-2.8999767303466797,8.480860710144043
1753053345677,-1.4299370050430298,-3.3261446952819824,10.410587310791016
1753053345727,-1.0660183429718018,-3.555988073348999,9.345168113708496
1753053345779,-1.4419080018997192,-3.639785051345825,
1753053345780,-1.1617863178253174,,10.283695220947266
1753053345827,,-3.5631706714630127,
1753053345828,-0.9558850526809692,,9.474454879760742
1753053345878,-1.2791022062301636,-3.7666778564453125,11.751340866088867
1753053345928,,-2.3684639930725098,
1753053345929,-0.14903905987739563,-2.363675594329834,7.130531311035156
1753053345981,-2.2176294326782227,-3.5847184658050537,11.083357810974121
1753053346030,-0.8122329115867615,-3.1489737033843994,8.488043785095215
1753053346081,-1.0660183429718018,-2.7682957649230957,
1753053346082,-0.058059390634298325,,9.098565101623535
1753053346128,,-2.6581623554229736,
1753053346129,-0.8122329115867615,,7.089829921722412
1753053346182,-1.7004817724227905,-3.8313212394714355,10.542268753051758
1753053346231,-1.2838906049728394,-3.625419855117798,8.873510360717773
1753053346281,-1.1569979190826416,-3.558382272720337,10.4728364944458
1753053346330,-1.8944120407104492,-3.7403416633605957,9.452906608581543
1753053346378,-0.8936358094215393,-3.6493618488311768,10.717045783996582
1753053346431,-1.3389573097229004,-3.268683910369873,9.586981773376465
1753053346480,,-2.849698543548584,
1753053346481,-0.6590040326118469,-2.8808231353759766,9.03631591796875
1753053346531,-2.4211363792419434,-3.4745852947235107,7.968502044677734
1753053346581,-0.9989806413650513,-3.0172927379608154,8.567051887512207
1753053346628,-2.030881643295288,-3.4554316997528076,9.311649322509766
1753053346680,,-3.160944700241089,
1753053346681,-0.10833762586116791,-2.8544869422912598,9.292495727539062
1753053346730,,-4.034828186035156,
1753053346731,-1.245583415031433,,10.748169898986816
1753053346781,-0.30945056676864624,-3.227982521057129,8.988431930541992
1753053346831,,-4.034828186035156,
1753053346832,-2.4211363792419434,,10.456077575683594
1753053346878,-0.35254621505737305,-2.6557681560516357,
1753053346879,,,9.148842811584473
1753053346931,,-4.264671802520752,
1753053346932,-1.8465280532836914,,11.799224853515625
1753053346981,,-1.7699135541915894,
1753053346982,0.8110358119010925,,6.333261966705322
1753053347031,,-4.575918197631836,
1753053347032,-2.536058187484741,,11.136030197143555
1753053347081,,-1.8608932495117188,
1753053347082,0.4495113790035248,,4.8033671379089355
1753053347128,-1.1546037197113037,-3.3644518852233887,8.559869766235352
1753053347181,-1.8034324645996094,-2.852092742919922,7.025186538696289
1753053347231,-0.7763199210166931,-4.04201078414917,10.992378234863281
1753053347281,-0.5871779918670654,-3.66851544380188,9.697115898132324
1753053347331,0.36332011222839355,-2.825756549835205,9.24940013885498
1753053347378,0.38726213574409485,-0.8744821548461914,6.2183403968811035
1753053347430,,-1.5640122890472412,
1753053347431,-4.7171759605407715,-0.25438392162323,2.4857800006866455
1753053347481,0.6841431260108948,-5.852027416229248,14.45199966430664
1753053347531,1.9482816457748413,-2.2415714263916016,2.7036523818969727
1753053347581,-4.171298027038574,-3.8361096382141113,12.184691429138184
1753053347628,0.38965633511543274,-4.219182014465332,
1753053347629,-0.6374561786651611,,10.887033462524414
1753053347681,-1.427542805671692,-2.722805976867676,7.707533836364746
1753053347730,-0.4387374520301819,-3.134608507156372,11.473612785339355
1753053347780,-0.6925228238105774,-3.469796895980835,7.018003940582275
1753053347830,,-2.1505916118621826,
1753053347831,-1.080383539199829,-3.8361096382141113,5.27263069152832
1753053347878,-1.4778209924697876,-4.439448356628418,
1753053347879,,,12.16793155670166
1753053347930,0.04967968538403511,-3.2567129135131836,
1753053347931,,,10.080187797546387
1753053347980,,-3.3716344833374023,
1753053347981,-0.9534908533096313,,8.052298545837402
1753053348030,-0.44592007994651794,-3.1010897159576416,
1753053348031,,,9.100958824157715
1753053348080,,-3.2806549072265625,
1753053348081,-1.247977614402771,,8.8878755569458
1753053348128,-1.245583415031433,-3.180098295211792,9.050681114196777
1753053348180,,-3.5942952632904053,
1753053348181,-0.838569164276123,,9.206304550170898
1753053348230,-0.5512649416923523,-3.1920695304870605,8.440159797668457
1753053348279,-1.324592113494873,-3.4578258991241455,
1753053348280,,,8.794501304626465
1753053348329,,-2.69646954536438,
1753053348330,0.10235211998224258,,7.846397399902344
1753053348378,-1.3988122940063477,-3.1298201084136963,7.721899032592773
1753053348430,-1.202487826347351,-1.9207483530044556,5.088277339935303
1753053348478,-1.6382324695587158,-3.9270894527435303,10.757746696472168
1753053348529,-1.0516531467437744,-3.0436289310455322,6.615777969360352
1753053348578,-1.6095020771026611,-4.499303340911865,11.763311386108398
1753053348628,,-3.6302082538604736,
1753053348629,0.03531447425484657,-4.472967147827148,9.007585525512695
1753053348679,-1.5807716846466064,-4.061164855957031,10.994772911071777
1753053348728,,-4.22157621383667,
1753053348729,-0.8265981078147888,-4.635773181915283,10.80084228515625
1753053348778,-1.247977614402771,-2.9047651290893555,8.466495513916016
1753053348828,,-3.7475242614746094,
1753053348829,-0.3860650360584259,-3.1848866939544678,11.042656898498535
1753053348879,-0.8409633636474609,-3.354875087738037,8.176796913146973
1753053348929,-0.25438392162323,-3.0603883266448975,7.2574238777160645
1753053348978,,-3.4075474739074707,
1753053348979,-2.2655134201049805,,9.144054412841797
1753053349028,-0.5464765429496765,-2.6821043491363525,7.925405979156494
1753053349078,-1.2671312093734741,-3.838503837585449,
1753053349079,-0.579995334148407,,9.95090103149414
1753053349128,-0.4507084786891937,-2.8784289360046387,6.596624374389648
1753053349178,-2.1697452068328857,-3.599083662033081,
1753053349179,,,10.310030937194824
1753053349228,-0.9175778031349182,-3.1944637298583984,7.76020622253418
1753053349278,-1.6166846752166748,-4.202422618865967,11.358691215515137
1753053349328,-0.8337807655334473,-4.195240020751953,8.801684379577637
1753053349378,-1.8920178413391113,-2.6653449535369873,9.869498252868652
1753053349428,,-5.765836238861084,
1753053349429,-2.0931308269500732,-4.080318450927734,14.119206428527832
1753053349478,-1.3413515090942383,-2.1793220043182373,4.942230701446533
1753053349528,,-3.9821560382843018,
1753053349529,-1.5783774852752686,-3.8073792457580566,10.843937873840332
1753053349578,-1.5520412921905518,-3.4290952682495117,8.164826393127441
1753053349628,,-3.6972460746765137,
1753053349629,-0.7308300733566284,,9.37389850616455
1753053349678,-0.8936358094215393,-3.7427358627319336,9.972448348999023
1753053349728,-1.1737574338912964,-3.7044286727905273,8.710704803466797
1753053349778,-0.7763199210166931,-3.04602313041687,
1753053349780,-0.25438392162323,,9.292495727539062
1753053349828,,-3.402759075164795,
1753053349829,-2.181716203689575,-2.627037763595581,8.298901557922363
1753053349878,,-2.8209681510925293,
1753053349879,-0.42437225580215454,,8.918999671936035
1753053349929,-1.0133458375930786,-3.5942952632904053,8.150461196899414
1753053349977,,-3.8959646224975586,
1753053349978,-0.6087257862091064,-3.5919010639190674,9.692327499389648
1753053350028,,-3.4338839054107666,
1753053350029,0.016160860657691956,-4.5854949951171875,7.187992095947266
1753053350078,-2.2487540245056152,-3.0388405323028564,
1753053350079,,,10.939705848693848
1753053350128,-2.102707624435425,-4.468178749084473,10.53029727935791
1753053350129,,,11.64838981628418
1753053350178,-1.247977614402771,-2.895188331604004,8.521562576293945
1753053350227,,-4.2550950050354,
1753053350228,-1.3988122940063477,,11.583745956420898
1753053350278,-1.0755951404571533,-2.914341926574707,7.068282127380371
1753053350327,-2.1577742099761963,-4.063559055328369,9.6803560256958
1753053350328,,,9.905410766601562
1753053350377,,-2.938283920288086,
1753053350378,-0.2902969419956207,,9.21588134765625
1753053350428,-1.7794904708862305,-4.425083160400391,11.370662689208984
1753053350477,,-2.272696018218994,
1753053350478,-0.7475894689559937,,6.903081893920898
1753053350528,-1.4179660081863403,-4.602254390716553,12.361862182617188
1753053350577,,-2.521692991256714,
1753053350578,-0.15143325924873352,,7.010821342468262
1753053350627,,-3.381211280822754,
1753053350628,-1.0947487354278564,,9.261370658874512
1753053350691,-0.23283611238002777,-3.199252128601074,9.59177017211914
1753053350693,,-4.006097793579102,
1753053350694,-1.2599486112594604,,9.103353500366211
1753053350744,,-3.730764865875244,
1753053350745,-1.4562731981277466,-2.8999767303466797,9.462483406066895
1753053350791,0.008978256024420261,-3.1010897159576416,8.399457931518555
1753053350842,-1.7627309560775757,-3.4410665035247803,8.435371398925781
1753053350892,-0.8098387122154236,-3.175309896469116,7.709928035736084
1753053350941,-1.9063831567764282,-4.0779242515563965,
1753053350942,-1.0732009410858154,,10.73141098022461
1753053350992,-0.19452889263629913,-3.53204607963562,9.395445823669434
1753053351136,,-3.66851544380188,
1753053351137,-1.5592238903045654,-3.536834478378296,9.37389850616455
1753053351187,,-2.5456349849700928,
1753053351188,-0.982221245765686,,7.666832447052002
1753053351237,,-3.5224692821502686,
1753053351238,-1.389235496520996,,10.202292442321777
1753053351288,-0.3597288131713867,-3.3285388946533203,8.653243064880371
1753053351338,-1.3413515090942383,-3.3692402839660645,9.134477615356445
1753053351387,,-4.544793605804443,
1753053351388,-0.7260416746139526,,10.233416557312012
1753053351438,-0.7499836683273315,-2.0644004344940186,7.106589317321777
1753053351487,,-5.217564105987549,
1753053351488,-0.0077811554074287415,,14.382568359375
1753053351539,-0.943913996219635,-2.5504233837127686,3.824138641357422
1753053351808,-0.8457517623901367,-2.0189106464385986,7.700351238250732
1753053351818,-0.8960300087928772,-3.7403416633605957,
1753053351819,,,10.738593101501465
1753053351873,0.08319851011037827,-10.259753227233887,22.489336013793945
1753053351920,,1.371279001235962,
1753053351921,-0.6829460263252258,-0.3884592354297638,-2.5300726890563965
1753053352806,-3.491344690322876,-3.20404052734375,13.71458625793457
1753053352815,-1.3964180946350098,-3.6804866790771484,10.025120735168457
1753053352870,-1.1019313335418701,-4.027645587921143,10.705074310302734
1753053352917,,-3.9653966426849365,
1753053352918,-0.5464765429496765,,9.033921241760254
1753053352970,-0.314238965511322,-2.806602954864502,7.202357292175293
1753053353017,,-3.7834372520446777,
1753053353018,-1.2312182188034058,,10.398616790771484
1753053353068,,-3.450643301010132,
1753053353069,-0.8074445128440857,,8.406641006469727
1753053353117,-1.4083890914916992,-3.8337154388427734,
1753053353118,-1.2838906049728394,,9.361927032470703
1753053353166,,-2.6844985485076904,
1753053353167,-0.03411737456917763,,8.629301071166992
1753053353219,-1.1617863178253174,-4.044404983520508,10.075399398803711
1753053353267,,-3.493738889694214,
1753053353268,-1.2360066175460815,-3.333327293395996,9.330802917480469
1753053353317,-0.3645172119140625,-3.160944700241089,9.290101051330566
1753053353367,-1.2360066175460815,-3.536834478378296,10.611700057983398
1753053353417,,-3.1465795040130615,
1753053353418,-0.4387374520301819,,7.71471643447876
1753053353469,,-3.3740286827087402,
1753053353470,-1.0516531467437744,,9.12968921661377
1753053353518,-0.6039373874664307,-3.0196869373321533,7.6764092445373535
1753053353566,-1.1905168294906616,-3.5895068645477295,10.338761329650879
1753053353617,0.023343466222286224,-2.495356798171997,6.812102317810059
1753053353666,,-3.7403416633605957,
1753053353667,-1.7699135541915894,,9.5223388671875
1753053353719,,-3.714005470275879,
1753053353720,-1.547252893447876,,7.255029678344727
1753053353767,-0.6925228238105774,-3.251924514770508,9.409811019897461
1753053353818,-0.5512649416923523,-3.8792052268981934,10.788871765136719
1753053353867,,-4.336497783660889,
1753053353868,-0.8337807655334473,,11.033080101013184
1753053353918,-0.6063315868377686,-2.411559581756592,7.329249858856201
1753053353970,-2.143409013748169,-3.8720226287841797,11.13842487335205
1753053354018,-0.48901569843292236,-3.3500866889953613,6.888716697692871
1753053354067,,-3.04602313041687,
1753053354068,0.0975637212395668,,8.421006202697754
1753053354117,,-3.5272576808929443,
1753053354118,-0.5895721912384033,-3.862445831298828,8.701127052307129
1753053354167,-1.2312182188034058,-3.773860454559326,10.53029727935791
1753053354219,,-2.4618380069732666,
1753053354220,-0.6015431880950928,-4.6285905838012695,5.988496780395508
1753053354267,-1.9710265398025513,-2.3971943855285645,
1753053354268,-0.8289923667907715,,6.5295867919921875
1753053354318,-0.67815762758255,-4.853645324707031,11.401786804199219
1753053354366,,-3.022081136703491,
1753053354367,0.679354727268219,-3.4099416732788086,8.2127103805542
1753053354417,,-2.5719711780548096,
1753053354418,-0.2064998894929886,-4.420294761657715,10.049062728881836
1753053354470,-1.3174095153808594,-3.1441853046417236,
1753053354471,,,8.576628684997559
1753053354518,0.1885433793067932,-2.911947727203369,7.796119213104248
1753053354566,,-2.1338322162628174,
1753053354567,-0.14903905987739563,-2.538452386856079,4.949413299560547
1753053354617,-0.7428010702133179,-3.0555999279022217,
1753053354618,,,9.706692695617676
1753053354667,0.7416039705276489,-3.1034839153289795,8.145672798156738
1753053354766,,-2.4402899742126465,
1753053354767,-2.255936622619629,,6.012439250946045
1753053354775,-0.7260416746139526,-4.0779242515563965,9.780912399291992
1753053354829,,-3.1298201084136963,
1753053354830,-2.3277626037597656,,8.91421127319336
1753053354885,-1.1641805171966553,-4.978143692016602,11.270106315612793
1753053354927,0.6290764808654785,-3.6086604595184326,12.831125259399414
1753053354979,,-3.6828808784484863,
1753053354980,-0.7475894689559937,,8.772953987121582
1753053355028,,-1.0995371341705322,
1753053355029,-3.424306869506836,,1.6214730739593506
1753053355077,-0.2064998894929886,-6.254253387451172,20.054431915283203
1753053355127,,-6.141726016998291,
1753053355128,0.921169102191925,,11.179126739501953
1753053355188,-2.7754783630371094,-1.1929110288619995,6.852803707122803
1753053355236,-1.1665748357772827,-2.583942174911499,9.37629222869873
1753053355285,-1.4036006927490234,-3.1657330989837646,9.924564361572266
1753053355333,-0.4315548539161682,-3.225588321685791,7.30770206451416
1753053355383,-0.8577227592468262,-2.203263998031616,7.592612266540527
1753053355434,-0.656609833240509,-3.730764865875244,9.685144424438477
1753053355483,-0.1586158573627472,-3.175309896469116,8.686761856079102
1753053355535,-0.9870096445083618,-2.5528175830841064,8.365939140319824
1753053355583,-1.6980875730514526,-2.380434989929199,8.234258651733398
1753053355633,,-3.958214044570923,
1753053355634,-0.7260416746139526,,9.871891975402832
1753053355801,-0.11552023142576218,-3.3189620971679688,9.40023422241211
1753053355805,,-3.0843303203582764,
1753053355806,-1.2982559204101562,,8.909422874450684
1753053355855,,-3.3668460845947266,
1753053355856,-1.2120646238327026,-3.6756980419158936,9.507973670959473
1753053355903,-0.1538274586200714,-3.072359323501587,9.220669746398926
1753053355953,,-3.4865562915802,
1753053355954,-0.7978677153587341,,9.328408241271973
1753053356002,0.3082534670829773,-2.0476410388946533,
1753053356003,,,6.876745700836182
1753053356055,-0.0628477931022644,-3.311779499053955,10.393828392028809
1753053356056,,,9.706692695617676
1753053356103,-1.1617863178253174,-3.7834372520446777,7.085041522979736
1753053356792,-1.2599486112594604,-2.3564929962158203,
1753053356793,-0.1107318252325058,,7.860762596130371
1753053356801,,-3.1226375102996826,
1753053356802,-0.7092822790145874,,10.037092208862305
1753053356806,-0.4076128304004669,-3.2758665084838867,8.480860710144043
1753053356855,,-3.378817081451416,
1753053356856,-1.061229944229126,,9.49121379852295
1753053356904,0.7894880175590515,-2.1553800106048584,11.286865234375
1753053356954,-0.436343252658844,-0.702099621295929,5.524022102355957
1753053357003,-0.6685808300971985,-1.2623428106307983,5.765836238861084
1753053357056,-2.2439656257629395,-4.298190593719482,12.517484664916992
1753053357103,-1.125873327255249,-3.754706859588623,7.832032203674316
1753053357184,,-2.6629507541656494,
1753053357185,-0.32860419154167175,-0.9247604012489319,9.64923095703125
1753053357239,,-5.0930657386779785,
1753053357240,-0.9798270463943481,,12.251729011535645
1753053357288,0.8254010081291199,-6.3069257736206055,15.941193580627441
1753053357339,,-2.011728048324585,
1753053357340,2.5037364959716797,-4.884769916534424,0.03411737456917763
1753053357390,-3.4578258991241455,-4.690839767456055,
1753053357391,-2.8353333473205566,,14.832677841186523
1753053357480,,-3.7906198501586914,
1753053357481,0.7368155717849731,-3.994127035140991,7.994838237762451
1753053357486,-1.1522095203399658,-3.6900634765625,11.198280334472656
1753053357534,-0.5249287486076355,-2.847304344177246,7.674015045166016
1753053357582,-0.7667431235313416,-3.9151182174682617,11.53586196899414
1753053357632,-0.12749123573303223,-2.871246337890625,8.116942405700684
1753053357682,,-3.6565444469451904,
1753053357683,-0.24241292476654053,-3.405153274536133,10.43692398071289
1753053357732,-0.6901286244392395,-2.806602954864502,8.145672798156738
1753053357783,-1.8680758476257324,-5.169680118560791,
1753053357784,0.5404910445213318,,12.864644050598145
1753053357833,0.5596446394920349,-1.0301052331924438,4.645349979400635
1753053357882,,-5.945401191711426,
1753053357883,-2.76350736618042,0.961870551109314,17.265186309814453
1753053357932,,0.45908817648887634,
1753053357933,2.829347848892212,-5.636549472808838,-0.4207809567451477
1753053357986,-4.808155536651611,-0.7547720670700073,7.62373685836792
1753053358033,,-4.334103584289551,
1753053358034,1.2180501222610474,,8.701127052307129
1753053358082,,-2.2415714263916016,
1753053358083,-0.8768763542175293,,5.547964096069336
1753053358131,,-3.2854433059692383,
1753053358132,-1.1234791278839111,-3.3883938789367676,9.589376449584961
1753053358181,,-3.8528690338134766,
1753053358182,-0.46507367491722107,,10.247781753540039
1753053358231,0.17896658182144165,-2.162562608718872,
1753053358232,-1.0708067417144775,,6.706757545471191
1753053358283,-0.2783259451389313,-2.4187421798706055,
1753053358284,-1.3628993034362793,,8.612542152404785
1753053358331,,-4.386775970458984,
1753053358332,1.2635399103164673,,9.060257911682129
1753053358381,0.4950011968612671,-2.5264813899993896,
1753053358382,,,5.72513484954834
1753053358432,,-3.2375593185424805,
1753053358433,-0.8744821548461914,,10.98280143737793
1753053358481,,-3.8983588218688965,
1753053358482,-1.4107834100723267,-2.7539305686950684,10.535085678100586
1753053358533,,-2.689286947250366,
1753053358534,0.32022446393966675,,8.789712905883789
1753053358581,,-3.4745852947235107,
1753053358582,-0.4531026780605316,,10.06582260131836
1753053358631,,-2.543240785598755,
1753053358632,-1.1569979190826416,-2.476203203201294,7.0802531242370605
1753053358682,-1.0732009410858154,-3.6565444469451904,11.301230430603027
1753053358731,-0.8242039084434509,-2.581547975540161,
1753053358732,-0.5752069354057312,,6.242282390594482
1753053358782,,-3.5009214878082275,
1753053358783,-1.0851719379425049,,10.367491722106934
1753053358832,-0.8433575630187988,-3.4985272884368896,7.9876556396484375
1753053358882,,-3.1082723140716553,
1753053358883,-1.1569979190826416,,11.07378101348877
1753053358931,0.8948329091072083,-2.9478609561920166,8.12173080444336
1753053358981,-0.6206967830657959,-3.20404052734375,9.663596153259277
1753053359032,-0.761954665184021,-2.5456349849700928,7.053916931152344
1753053359081,-1.2527660131454468,-3.4362781047821045,11.03786849975586
1753053359131,-0.16819266974925995,-2.478597402572632,5.7538652420043945
1753053359181,-1.7052701711654663,-3.1848866939544678,9.440936088562012
1753053359231,-0.8337807655334473,-4.568735599517822,10.56381607055664
1753053359282,0.9786299467086792,-2.301426410675049,6.1752448081970215
1753053359331,-0.7715315222740173,-5.7107696533203125,15.96513557434082
1753053359381,2.0823569297790527,-3.6302082538604736,9.77133560180664
1753053359431,-2.9718029499053955,-2.294243812561035,6.630143165588379
1753053359482,-1.3628993034362793,-2.852092742919922,10.01075553894043
1753053359532,0.5692214369773865,-2.8616695404052734,6.093842029571533
1753053359581,-1.2000936269760132,-3.5895068645477295,10.180744171142578
1753053359631,-1.3198037147521973,-2.4235305786132812,5.437830448150635
1753053359681,,-3.199252128601074,
1753053359682,-0.6422445774078369,,10.283695220947266
1753053359731,0.08080431073904037,-3.515286684036255,9.543886184692383
1753053359782,-0.24001872539520264,-3.5248634815216064,9.761758804321289
1753053359833,-1.389235496520996,-3.421912670135498,10.477624893188477
1753053359881,,-3.1298201084136963,
1753053359882,-0.5273229479789734,-3.1082723140716553,8.842385292053223
1753053359931,-1.3317747116088867,-3.2782607078552246,9.100958824157715
1753053359981,-0.4315548539161682,-2.2894554138183594,6.421847343444824
1753053360032,-1.4730325937271118,-3.093907117843628,9.608530044555664
1753053360043,,-3.1034839153289795,
1753053360044,0.04010287672281265,,8.205527305603027
1753053360096,-1.0660183429718018,-3.3189620971679688,8.602965354919434
1753053360145,-1.0564415454864502,-3.132214307785034,8.64127254486084
1753053360196,-1.0396820306777954,-3.472191095352173,9.268553733825684
1753053360246,-0.35254621505737305,-3.271078109741211,
1753053360247,-1.1857284307479858,,10.274118423461914
1753053360296,-0.7044938206672668,-3.778648853302002,
1753053360297,,,10.116100311279297
1753053360346,-1.3748703002929688,-3.09151291847229,9.290101051330566
1753053360396,-1.6956933736801147,-4.013280391693115,10.901398658752441
1753053360445,-1.269525408744812,-3.247136116027832,9.239823341369629
1753053360496,-1.6573861837387085,-3.9438488483428955,10.870274543762207
1753053360546,,-3.029263734817505,
1753053360547,0.10953472554683685,,9.139266014099121
1753053360595,,-3.711611270904541,
1753053360596,-1.003769040107727,-2.3948001861572266,11.131241798400879
1753053360645,,-1.8225860595703125,
1753053360646,0.3010708689689636,-4.1641154289245605,6.869563102722168
1753053360695,-2.430713176727295,-2.5576059818267822,7.6979570388793945
1753053360747,,-2.2679076194763184,
1753053360748,-0.0077811554074287415,-2.2200236320495605,8.085817337036133
1753053360795,-1.4969745874404907,-4.999691486358643,11.035473823547363
1753053360846,-1.5257049798965454,-1.2312182188034058,4.4274773597717285
1753053360896,-1.4754267930984497,-4.408323764801025,15.41207504272461
1753053360945,,-2.229600429534912,
1753053360946,1.301847219467163,-4.777030944824219,5.449801445007324
1753053360995,-1.2384008169174194,-2.495356798171997,
1753053360996,,,8.416217803955078
1753053361045,-1.4179660081863403,-3.230376720428467,
1753053361046,,,8.160037994384766
1753053361095,-0.42676645517349243,-2.5073277950286865,
1753053361096,0.45190557837486267,,8.258200645446777
1753053361145,-0.9702502489089966,-3.2974143028259277,8.569446563720703
1753053361195,,-2.866457939147949,
1753053361196,-0.7763199210166931,,8.15764331817627
1753053361244,,-3.4626142978668213,
1753053361245,-0.19213469326496124,-2.5576059818267822,10.875062942504883
1753053361294,,-3.979761838912964,
1753053361295,0.13347674906253815,-2.765901565551758,12.024279594421387
1753053361344,,-2.538452386856079,
1753053361345,-0.6039373874664307,,6.769006729125977
1753053361394,-1.106719732284546,-2.2152352333068848,
1753053361395,0.5069721937179565,,8.564658164978027
1753053361445,,-3.819350242614746,
1753053361446,-0.7284358739852905,,8.875904083251953
1753053361494,,-2.648585557937622,
1753053361495,-0.596754789352417,,8.782530784606934
1753053361544,,-3.1633388996124268,
1753053361545,-0.5536591410636902,,8.207921981811523
1753053361594,-1.0444705486297607,-2.138620615005493,6.445789337158203
1753053361644,,-4.018068790435791,
1753053361645,-1.4658499956130981,,10.664372444152832
1753053361695,,-2.76350736618042,
1753053361696,-0.436343252658844,-3.160944700241089,7.389104843139648
1753053361745,-2.2415714263916016,-3.6756980419158936,9.110535621643066
1753053361794,-0.6087257862091064,-2.9981391429901123,8.10018253326416
1753053361844,,-3.7714662551879883,
1753053361845,-1.6621745824813843,,9.941324234008789
1753053361894,-0.9582792520523071,-3.1010897159576416,9.132083892822266
1753053361946,-0.943913996219635,-3.6756980419158936,9.673172950744629
1753053361997,-0.4554968774318695,-3.067570924758911,7.997232437133789
1753053362044,-1.4155718088150024,-3.934272050857544,10.111311912536621
1753053362093,0.4471171796321869,-2.7323827743530273,7.420229434967041
1753053362143,-1.7387889623641968,-3.953425645828247,
1753053362144,,,10.781688690185547
1753053362197,-1.0109516382217407,-3.5296518802642822,7.79372501373291
1753053362198,,,10.46325969696045
1753053362243,-1.5831658840179443,-3.1010897159576416,9.73781681060791
1753053362293,-1.5328876972198486,-2.8353333473205566,7.6333136558532715
1753053362343,-1.7411831617355347,-4.417900562286377,10.559027671813965
1753053362393,,-3.4985272884368896,
1753053362394,-0.4554968774318695,,8.346785545349121
1753053362445,-2.5264813899993896,-3.6517560482025146,9.472060203552246
1753053362493,-1.7507599592208862,-3.290231704711914,7.990049839019775
1753053362543,-0.8864531517028809,-4.053982257843018,12.007519721984863
1753053362594,-0.8649053573608398,-3.824138641357422,10.147225379943848
1753053362643,-0.44592007994651794,-3.333327293395996,
1753053362644,,,8.863933563232422
1753053362695,-1.8058266639709473,-3.3189620971679688,7.063493728637695
1753053362743,-0.7643488645553589,-3.2375593185424805,10.051457405090332
1753053362793,-0.37888240814208984,-2.5336639881134033,6.852803707122803
1753053362843,-1.7651251554489136,-4.2742486000061035,10.001178741455078
1753053362895,-1.7220295667648315,-2.8568811416625977,3.977367639541626
1753053362945,,-4.161721229553223,
1753053362946,-1.3652935028076172,-2.1553800106048584,
1753053362959,,,14.753669738769531
1753053362993,,-4.686051368713379,
1753053362997,-0.5392939448356628,,10.776900291442871
1753053363044,-1.7435773611068726,-4.08510684967041,9.773730278015137
1753053363094,,-3.5727474689483643,
1753053363099,-1.4395138025283813,-4.324526786804199,10.350732803344727
1753053363143,-0.5273229479789734,-4.480149745941162,12.122441291809082
1753053363195,,-2.9047651290893555,
1753053363196,-0.3884592354297638,-3.450643301010132,9.347561836242676
1753053363244,-0.055665191262960434,-3.9007530212402344,10.022727012634277
1753053363295,-2.2224178314208984,-3.0819361209869385,6.802525520324707
1753053363343,-0.26156654953956604,-3.8097734451293945,11.667543411254883
1753053363393,-1.4850035905838013,-3.1968579292297363,
1753053363395,-2.0931308269500732,,8.078635215759277
1753053363445,-0.6254851818084717,-3.639785051345825,10.717045783996582
1753053363493,-0.9558850526809692,-4.879981517791748,11.600505828857422
1753053363543,-1.0684125423431396,-1.8010382652282715,6.127360820770264
1753053363593,-2.8568811416625977,-4.666897773742676,13.283629417419434
1753053363643,,-2.382829189300537,
1753053363644,-0.4339490532875061,,4.197634220123291
1753053363695,,-2.1290438175201416,
1753053363696,-1.2000936269760132,,8.047510147094727
1753053363743,,-4.152144432067871,
1753053363744,-0.17298106849193573,,9.019556045532227
1753053363793,-0.8361749649047852,-3.333327293395996,8.990825653076172
1753053363843,,-3.7044286727905273,
1753053363844,-0.884058952331543,,9.577404975891113
1753053363893,-0.47465047240257263,-2.6366145610809326,8.33481502532959
1753053363945,,-5.217564105987549,
1753053363946,-0.5943605899810791,-4.875193119049072,13.448829650878906
1753053363993,-0.4387374520301819,-3.007715940475464,7.372345447540283
1753053364043,,-4.0300397872924805,
1753053364045,-2.0260932445526123,,12.656349182128906
1753053364093,,-2.981379747390747,
1753053364094,-0.15143325924873352,-3.9653966426849365,
1753053364095,,,9.75936508178711
1753053364143,-0.314238965511322,-2.8999767303466797,7.678803443908691
1753053364195,-1.18094003200531,-4.288613796234131,10.824784278869629
1753053364243,,-1.3724761009216309,
1753053364245,-1.2336124181747437,-4.3843817710876465,5.179256916046143
1753053364293,,-2.3971943855285645,
1753053364294,-2.6390087604522705,-2.124255418777466,8.555081367492676
1753053364343,,-4.944624900817871,
1753053364344,-1.7747019529342651,-5.638943672180176,8.811261177062988
1753053364393,-0.07960720360279083,-1.9255367517471313,6.498462200164795
1753053364445,-0.06763619929552078,-6.2183403968811035,14.890138626098633
1753053364493,-1.2551602125167847,-2.9023709297180176,5.8855462074279785
1753053364546,0.22924481332302094,-3.5679590702056885,13.77444076538086
1753053364593,-0.7595604658126831,-3.7834372520446777,9.677961349487305
1753053364643,-0.5752069354057312,-2.4187421798706055,6.8791399002075195
1753053364695,-0.058059390634298325,-2.5145103931427,7.925405979156494
1753053364743,-0.9989806413650513,-2.8999767303466797,7.346009254455566
1753053364793,-1.3724761009216309,-3.4745852947235107,8.454524993896484
1753053364843,-0.2711433470249176,-3.0196869373321533,9.761758804321289
1753053364893,-0.37648820877075195,-5.447407245635986,13.336301803588867
1753053364945,-0.2064998894929886,-2.3062148094177246,6.378751754760742
1753053364993,-1.4179660081863403,-2.6414029598236084,10.250176429748535
1753053365045,-1.547252893447876,-4.4945149421691895,7.757812023162842
1753053365093,,-1.8513164520263672,
1753053365096,-0.20889410376548767,,6.891110897064209
1753053365143,-0.5536591410636902,-5.164891719818115,12.795212745666504
1753053365195,-0.13706804811954498,-4.587889194488525,10.293272018432617
1753053365242,,-2.272696018218994,
1753053365243,-1.7651251554489136,-2.9047651290893555,8.437765121459961
1753053365293,-2.212841033935547,-4.338891983032227,14.940417289733887
1753053365343,-0.06524199992418289,-3.156156301498413,6.579864978790283
1753053365393,-0.6159083843231201,-3.1034839153289795,9.46487808227539
1753053365445,-0.09876082092523575,-3.553593873977661,11.222222328186035
1753053365493,-0.2974795699119568,-3.9007530212402344,9.416994094848633
1753053365543,0.03770867735147476,-1.9446903467178345,7.063493728637695
1753053365593,-1.4371196031570435,-2.5121161937713623,7.1041951179504395
1753053365643,0.023343466222286224,-3.5272576808929443,8.801684379577637
1753053365695,1.3305776119232178,-3.2327709197998047,6.3931169509887695
1753053365743,-2.1745336055755615,-1.6095020771026611,6.491279125213623
1753053365793,-1.896806240081787,-3.560776472091675,8.646060943603516
1753053365843,-0.8457517623901367,-2.8568811416625977,6.8144965171813965
1753053365893,-0.6374561786651611,-3.3740286827087402,8.488043785095215
1753053365945,,-3.5631706714630127,
1753053365946,-1.734000563621521,,9.91977596282959
1753053365993,0.8852560520172119,-2.916736125946045,9.946112632751465
1753053366043,-2.0667946338653564,-7.384316444396973,14.72254467010498
1753053366093,0.70090252161026,-2.3086090087890625,6.170456409454346
1753053366144,-4.743512153625488,-4.657320976257324,13.836689949035645
1753053366195,-2.0236990451812744,-5.576694488525391,16.364967346191406
1753053366243,0.6314706802368164,-2.0715830326080322,6.112995624542236
1753053366293,-2.3564929962158203,-2.607884168624878,7.999626636505127
1753053366343,,-3.2112231254577637,
1753053366344,-0.3381809890270233,-3.113060712814331,8.895057678222656
1753053366393,-1.2743138074874878,-3.230376720428467,7.0132155418396
1753053366445,-1.9063831567764282,-3.1705214977264404,9.34037971496582
1753053366493,0.4040215313434601,-3.04602313041687,8.547898292541504
1753053366543,,-3.4171242713928223,
1753053366544,-1.2958617210388184,,9.711481094360352
1753053366593,-1.4945803880691528,-3.20404052734375,7.946953773498535
1753053366643,-0.8960300087928772,-3.445854902267456,10.16877269744873
1753053366695,-0.6877344250679016,-3.534440279006958,10.144830703735352
1753053366743,-0.6829460263252258,-3.022081136703491,8.82083797454834
1753053366793,-1.3102269172668457,-3.737947463989258,10.532691955566406
1753053366843,-0.5321113467216492,-2.691681146621704,8.480860710144043
1753053366893,-1.1450269222259521,-3.8289270401000977,
1753053366894,,,10.688315391540527
1753053366945,,-3.4865562915802,
1753053366947,-0.6637924313545227,,8.622118949890137
1753053366993,-1.2886791229248047,-3.6110546588897705,10.305242538452148
1753053367043,,-3.0867245197296143,
1753053367044,-0.47225627303123474,-3.113060712814331,9.385869026184082
1753053367093,-1.4634557962417603,-3.596689462661743,10.683526992797852
1753053367143,0.31783026456832886,-3.445854902267456,9.622895240783691
1753053367195,-0.9534908533096313,-2.3756465911865234,9.390657424926758
1753053367243,,-2.823362350463867,
1753053367244,-0.536899745464325,-5.823297023773193,7.520786285400391
1753053367293,-2.1146786212921143,-1.348534107208252,3.97257924079895
1753053367343,-0.13946224749088287,-2.3708581924438477,11.004349708557129
1753053367393,,-5.81611442565918,
1753053367395,-0.35733461380004883,,
1753053367396,,,10.827178955078125
1753053367446,-3.0603883266448975,0.43993455171585083,0.49380409717559814
1753053367493,-2.054823637008667,-2.229600429534912,9.496002197265625
1753053367543,,-4.659715175628662,
1753053367545,0.166995570063591,-3.9653966426849365,9.021950721740723
1753053367595,,-3.8337154388427734,
1753053367596,-0.6494272351264954,-4.547187805175781,9.543886184692383
1753053367643,0.04728548228740692,-4.0779242515563965,11.796830177307129
1753053367695,-1.0995371341705322,-4.856039524078369,
1753053367696,,,13.307571411132812
1753053367746,-0.8936358094215393,-3.6733038425445557,7.542334079742432
1753053367796,-0.9798270463943481,-2.9023709297180176,11.519103050231934
1753053367846,-1.14742112159729,-3.4075474739074707,7.733870029449463
1753053367901,-1.8225860595703125,-3.402759075164795,
1753053367902,-1.3341689109802246,,8.753800392150879
1753053367945,,-3.7259764671325684,
1753053367946,0.07122749835252762,-2.44747257232666,12.139201164245605
1753053367996,-0.7475894689559937,-2.2918496131896973,6.254253387451172
1753053368046,-2.4642322063446045,-1.9207483530044556,6.505644798278809
1753053368096,,-4.83209753036499,
1753053368097,0.9714473485946655,,14.401721954345703
1753053368147,,-4.417900562286377,
1753053368148,0.9475052952766418,-3.9270894527435303,10.087369918823242
1753053368195,,-2.361281394958496,
1753053368196,-1.1450269222259521,-3.5679590702056885,7.920617580413818
1753053368246,-0.8984242081642151,-2.7922377586364746,9.450512886047363
1753053368296,,-2.653373956680298,
1753053368297,-0.5991489887237549,-3.0316579341888428,7.688380241394043
1753053368347,-1.592742681503296,-3.3285388946533203,8.258200645446777
1753053368397,-1.0492589473724365,-2.5959131717681885,6.943783283233643
1753053368445,,-1.9518729448318481,
1753053368446,-1.025316834449768,,7.357980251312256
1753053368497,1.567603588104248,-3.8935704231262207,9.711481094360352
1753053368546,,-4.039616584777832,
1753053368547,0.284311443567276,,7.937376976013184
1753053368596,,-3.555988073348999,
1753053368597,-2.16495680809021,-3.309385299682617,9.632472038269043
1753053368647,-0.28550854325294495,-3.886387825012207,12.845490455627441
1753053368695,,-3.800196647644043,
1753053368696,-0.6446388363838196,-5.179256916046143,9.108141899108887
1753053368746,,-2.7563247680664062,
1753053368748,-1.1522095203399658,-3.3716344833374023,9.677961349487305
1753053368797,-0.2041056901216507,-4.868010520935059,12.725780487060547
1753053368846,-0.5009866952896118,-2.7730841636657715,
1753053368847,-1.1617863178253174,,8.083423614501953
1753053368896,,-4.70759916305542,
1753053368897,-0.10354922711849213,,12.661137580871582
1753053368946,1.0480618476867676,-2.0045454502105713,5.648520469665527
1753053368997,-2.2224178314208984,-3.074753522872925,9.694721221923828
1753053369046,-0.7643488645553589,-1.4610615968704224,5.468955039978027
1753053369097,-0.9965864419937134,-3.534440279006958,9.40023422241211
1753053369147,-0.2064998894929886,-2.1936872005462646,6.757035732269287
1753053369202,-1.1402385234832764,-3.251924514770508,9.895833969116211
1753053369246,-1.4323312044143677,-3.9031472206115723,9.153631210327148
1753053369297,,-3.0340521335601807,
1753053369298,-0.9463081955909729,-4.415506362915039,9.754576683044434
1753053369346,-1.9303251504898071,-3.7690720558166504,9.577404975891113
1753053369398,-1.003769040107727,-2.873640537261963,8.7298583984375
1753053369445,-1.1593921184539795,-1.5711948871612549,3.862445831298828
1753053369497,-2.054823637008667,-4.690839767456055,
1753053369498,,,11.373056411743164
1753053369546,1.2108675241470337,-2.0715830326080322,4.92307710647583
1753053369596,-2.02848744392395,-3.3955764770507812,10.231022834777832
1753053369646,0.4423287510871887,-2.009333848953247,6.184821605682373
1753053369696,-0.2064998894929886,-4.700416564941406,11.887809753417969
1753053369746,0.4734533727169037,-2.607884168624878,5.904699802398682
1753053369795,-1.324592113494873,-3.8983588218688965,
1753053369796,,,13.211803436279297
1753053369845,,-3.7882256507873535,
1753053369846,-1.8896236419677734,-3.886387825012207,8.406641006469727
1753053369895,,-3.4578258991241455,
1753053369896,-1.0516531467437744,,12.117652893066406
1753053369945,-1.0348936319351196,-4.171298027038574,9.979631423950195
1753053369995,-1.2886791229248047,-3.400364875793457,9.428964614868164
1753053370045,-0.900818407535553,-3.8935704231262207,11.023503303527832
1753053370095,-1.2312182188034058,-2.787449359893799,7.405864238739014
1753053370144,,-3.7235822677612305,
1753053370145,-1.8920178413391113,-4.331709384918213,10.53029727935791
1753053370195,-1.18094003200531,-2.6390087604522705,7.008427143096924
1753053370244,,-4.444236755371094,
1753053370245,-2.057217836380005,,13.403339385986328
1753053370294,,-2.911947727203369,
1753053370295,0.04010287672281265,,6.278195381164551
1753053370344,-2.4618380069732666,-4.020462989807129,11.389816284179688
1753053370394,-0.46507367491722107,-3.5679590702056885,10.688315391540527
1753053370445,0.10474632680416107,-4.422688961029053,12.637195587158203
1753053370494,,-4.659715175628662,
1753053370495,-1.183334231376648,-5.567117691040039,9.728240013122559
1753053370544,0.5045779943466187,-2.0691888332366943,8.442553520202637
1753053370596,-0.8936358094215393,-2.914341926574707,10.25735855102539
1753053370644,-1.9183541536331177,-3.6828808784484863,9.337985038757324
1753053370695,0.4734533727169037,-1.8273744583129883,6.843226909637451
1753053370744,-2.1745336055755615,-2.897582530975342,8.265382766723633
1753053370794,-1.1426327228546143,-2.6437971591949463,6.148908615112305
1753053370844,-0.4842272996902466,-2.8856115341186523,9.151237487792969
1753053370894,-1.63344407081604,-3.9007530212402344,8.322843551635742
1753053370947,-0.5249287486076355,-2.674921751022339,8.624512672424316
1753053370994,-1.391629695892334,-4.733935356140137,
1753053370995,-1.5065513849258423,,12.297218322753906
1753053371044,-0.414795458316803,-2.890399932861328,7.640496253967285
1753053371094,-0.8026561141014099,-3.491344690322876,11.018714904785156
1753053371143,,-4.118625640869141,
1753053371144,-1.2743138074874878,,10.628459930419922
1753053371195,-0.32860419154167175,-2.1266496181488037,5.954977989196777
1753053371243,-0.19692309200763702,-2.0835540294647217,6.95814847946167
1753053371293,-1.956661343574524,-3.711611270904541,7.887098789215088
1753053371343,,-2.1745336055755615,
1753053371344,-0.15143325924873352,,6.136937618255615
1753053371393,,-3.886387825012207,
1753053371394,-1.1162965297698975,-2.8401217460632324,11.394604682922363
1753053371445,0.04249707981944084,-3.78104305267334,7.733870029449463
1753053371493,,-2.7922377586364746,
1753053371494,-2.2224178314208984,,8.557475090026855
1753053371543,-1.0660183429718018,-1.8632874488830566,6.282983779907227
1753053371594,-1.3293805122375488,-5.433042049407959,11.238981246948242
1753053371643,,-2.964620351791382,
1753053371644,0.020949264988303185,-4.70759916305542,5.8639984130859375
1753053371695,-2.0596120357513428,-4.396352767944336,13.159131050109863
1753053371744,,-3.0412347316741943,
1753053371746,-1.0851719379425049,,8.866327285766602
1753053371794,0.016160860657691956,-4.314949989318848,12.905345916748047
1753053371844,-1.9279309511184692,-3.53204607963562,8.104970932006836
1753053371895,-0.7811083197593689,-3.354875087738037,12.574945449829102
1753053371945,-0.6015431880950928,-3.582324266433716,9.122507095336914
1753053371994,-1.3724761009216309,-2.9765913486480713,9.187150001525879
1753053372044,,-3.6278140544891357,
1753053372045,-1.7220295667648315,,8.758588790893555
1753053372093,,-2.32297420501709,
1753053372094,-0.74040687084198,-2.5288755893707275,7.944559574127197
1753053372143,-1.6382324695587158,-3.642179250717163,8.844779968261719
1753053372195,,-3.134608507156372,
1753053372196,-0.7739257216453552,-2.3517045974731445,9.029132843017578
1753053372244,-0.41958385705947876,-3.8049850463867188,12.13441276550293
1753053372293,-0.2519897222518921,-2.3110032081604004,7.736264228820801
1753053372294,,,6.649296760559082
1753053372343,-2.478597402572632,-3.3716344833374023,10.128071784973145
1753053372393,-0.5392939448356628,-2.718017578125,7.978078842163086
1753053372445,-2.0907366275787354,-3.6062662601470947,10.46086597442627
1753053372493,,-2.8209681510925293,
1753053372494,-0.12749123573303223,-3.0436289310455322,7.820061206817627
1753053372543,-1.1953052282333374,-3.3716344833374023,10.305242538452148
1753053372593,-0.2759317457675934,-3.0579941272735596,8.964489936828613
1753053372643,-0.862511157989502,-3.4793736934661865,10.195109367370605
1753053372695,-1.245583415031433,-2.5049335956573486,7.889492988586426
1753053372744,-1.18094003200531,-3.7235822677612305,12.658742904663086
1753053372793,0.41359832882881165,-3.0125043392181396,7.968502044677734
1753053372843,0.38726213574409485,-3.4530375003814697,11.368268013000488
1753053372893,,-2.07397723197937,
1753053372894,-1.6047136783599854,-4.238335609436035,4.808155536651611
1753053372945,,-1.8441338539123535,
1753053372946,-1.8680758476257324,,8.835203170776367
1753053372993,,-3.8528690338134766,
1753053372994,0.05686229094862938,-4.6740803718566895,8.679579734802246
1753053373043,-0.1586158573627472,-1.7603367567062378,6.110601425170898
1753053373093,-0.7308300733566284,-3.9031472206115723,
1753053373094,-1.202487826347351,,11.152790069580078
1753053373143,-0.42437225580215454,-3.227982521057129,8.198345184326172
1753053373195,-0.8912416100502014,-2.8808231353759766,8.30129623413086
1753053373243,-0.19931729137897491,-3.3476924896240234,9.479243278503418
1753053373294,-1.6023194789886475,-3.180098295211792,7.784148216247559
1753053373343,-0.3669114112854004,-1.7962498664855957,6.812102317810059
1753053373393,-0.3405751883983612,-4.729146957397461,
1753053373394,-1.8920178413391113,,12.194268226623535
1753053373445,1.0552444458007812,-2.7922377586364746,6.579864978790283
1753053373493,-1.6430208683013916,-3.90554141998291,12.431293487548828
1753053373543,-0.8313865661621094,-2.7539305686950684,5.8616042137146
1753053373594,-1.370081901550293,-2.5504233837127686,11.380239486694336
1753053373643,-1.0301052331924438,-3.579930067062378,9.879075050354004
1753053373695,0.3489548861980438,-3.6302082538604736,9.124900817871094
1753053373742,,-2.2415714263916016,
1753053373743,,-3.618237257003784,
1753053373744,0.6769605278968811,,6.5511345863342285
1753053373793,-1.2958617210388184,-3.4961330890655518,11.43291187286377
1753053373843,0.0975637212395668,-2.7252001762390137,
1753053373894,-0.37888240814208984,-3.3069911003112793,10.503961563110352
1753053373946,,-3.00053334236145,
1753053373947,-0.7284358739852905,-3.383605480194092,8.023568153381348
1753053373993,-0.053270988166332245,-2.7252001762390137,10.738593101501465
1753053374043,-1.8848352432250977,-3.4865562915802,10.40579891204834
1753053374094,,-3.41951847076416,
1753053374096,0.6051344871520996,-3.0795419216156006,
1753053374097,,,10.693103790283203
1753053374143,-0.01735796220600605,-4.228758811950684,11.8040132522583
1753053374195,-0.5201402902603149,-2.3708581924438477,7.463325023651123
1753053374243,-0.32860419154167175,-2.9311013221740723,10.254964828491211
1753053374294,,-3.113060712814331,
1753053374295,-1.6837223768234253,-2.425924777984619,6.637325763702393
1753053374343,0.3345896899700165,-2.6198551654815674,11.289259910583496
1753053374394,0.23403321206569672,-2.741959571838379,6.503250598907471
1753053374445,-1.8154034614562988,-2.8353333473205566,
1753053374446,-0.47465047240257263,,9.098565101623535
1753053374493,,-3.311779499053955,
1753053374494,-0.2041056901216507,-3.335721492767334,8.205527305603027
1753053374543,,-2.6797101497650146,
1753053374544,-0.44352585077285767,-3.601477861404419,
1753053374545,,,7.911040782928467
1753053374594,,-3.7427358627319336,
1753053374595,-1.1976994276046753,-2.785055160522461,
1753053374596,,,10.199897766113281
1753053374643,,-3.57753586769104,
1753053374644,0.3776853084564209,,9.979631423950195
1753053374695,,-2.722805976867676,
1753053374696,-1.7028759717941284,-3.752312660217285,8.18876838684082
1753053374743,-1.5209165811538696,-2.5336639881134033,7.362768650054932
1753053374794,-0.9917980432510376,-3.8935704231262207,10.791265487670898
1753053374843,,-3.002927541732788,
1753053374844,-0.6542156338691711,-3.0795419216156006,7.776965618133545
1753053374894,0.04010287672281265,-3.089118719100952,11.416152000427246
1753053374946,-0.4100070297718048,-3.5057098865509033,8.760982513427734
1753053374994,-1.1330559253692627,-3.5919010639190674,10.396222114562988
1753053375043,,-2.7252001762390137,
1753053375044,0.04967968538403511,,9.191938400268555
1753053375094,,-2.6844985485076904,
1753053375095,0.6817489266395569,,9.962871551513672
1753053375143,-0.7643488645553589,-3.7259764671325684,9.366715431213379
1753053375196,,-2.543240785598755,
1753053375197,,-3.6110546588897705,
1753053375198,-1.0660183429718018,-3.7451300621032715,8.2127103805542
1753053375243,,-2.7108349800109863,
1753053375244,-0.5776011347770691,-2.210446834564209,9.984419822692871
1753053375294,-0.26156654953956604,-3.026869535446167,7.583035469055176
1753053375343,,-2.0596120357513428,
1753053375344,-0.49619829654693604,-2.5049335956573486,8.3707275390625
1753053375394,0.25079262256622314,-3.733159065246582,9.85034465789795
1753053375446,,-2.9933507442474365,
1753053375447,,-2.430713176727295,
1753053375448,0.04010287672281265,,9.395445823669434
1753053375494,-0.4411316514015198,-3.4338839054107666,8.30129623413086
1753053375543,,-2.6198551654815674,
1753053375544,-0.44352585077285767,-4.128202438354492,6.965331077575684
1753053375594,-2.1984755992889404,-3.536834478378296,9.993996620178223
1753053375643,,-4.501697540283203,
1753053375644,-1.0732009410858154,,11.430517196655273
1753053375695,-0.67815762758255,-2.6797101497650146,7.4800848960876465
1753053375743,,-2.758718967437744,
1753053375744,-0.8337807655334473,-3.7882256507873535,8.186373710632324
1753053375793,-1.1139023303985596,-4.425083160400391,11.854290962219238
1753053375843,0.24600422382354736,-4.0563764572143555,8.866327285766602
1753053375895,,-2.344521999359131,
1753053375897,-1.566406488418579,-1.1115081310272217,8.971672058105469
1753053375946,-2.1122844219207764,-4.2096052169799805,9.955689430236816
1753053375994,-1.3964180946350098,-2.5456349849700928,7.04673433303833
1753053376046,-1.1450269222259521,-2.890399932861328,9.819219589233398
1753053376094,1.5245078802108765,-3.0101101398468018,
1753053376096,-0.31184476613998413,,9.402628898620605
1753053376143,-0.821809709072113,-4.044404983520508,8.94533634185791
1753053376196,-2.102707624435425,-2.4402899742126465,7.616554260253906
1753053376244,,-4.17608642578125,
1753053376247,-1.489791989326477,-5.0499701499938965,11.701062202453613
1753053376294,-1.3078327178955078,-4.185663223266602,9.637260437011719
1753053376343,-0.6685808300971985,-4.724358558654785,16.099210739135742
1753053376394,0.9906009435653687,-3.1417911052703857,7.135319709777832
1753053376446,-3.4386723041534424,-5.162497520446777,11.942876815795898
1753053376494,-0.39803603291511536,-0.6446388363838196,4.595071792602539
1753053376547,,-3.230376720428467,
1753053376548,-4.532822132110596,-0.8481459617614746,10.745776176452637
1753053376593,,-3.309385299682617,
1753053376594,1.1390414237976074,,6.373963356018066
1753053376645,0.8445546627044678,-2.1529858112335205,6.225522994995117
1753053376695,-1.5520412921905518,-4.190451622009277,
1753053376696,-1.7148469686508179,,11.358691215515137
1753053376748,-0.058059390634298325,-2.6557681560516357,7.020398139953613
1753053376793,,-3.3405098915100098,
1753053376794,-1.1234791278839111,-2.5576059818267822,11.622053146362305
1753053376843,-1.9494787454605103,-3.639785051345825,8.622118949890137
1753053376893,-1.0492589473724365,-3.3045969009399414,10.391433715820312
1753053376946,-1.367687702178955,-3.8504748344421387,11.413758277893066
1753053376997,-0.7356184720993042,-3.62302565574646,9.304466247558594
1753053377047,-0.49380409717559814,-3.5176808834075928,11.224616050720215
1753053377097,-1.1665748357772827,-3.596689462661743,8.260594367980957
1753053377147,,-2.5264813899993896,
1753053377148,-1.6621745824813843,,8.784924507141113
1753053377196,,-3.4626142978668213,
1753053377197,-1.1402385234832764,-2.780266761779785,10.1568021774292
1753053377248,,-2.4355015754699707,
1753053377249,-0.0628477931022644,,7.966107368469238
1753053377297,,-3.4386723041534424,
1753053377298,-0.8433575630187988,,10.752958297729492
1753053377347,,-2.715623378753662,
1753053377348,0.18614917993545532,-3.9246952533721924,8.344391822814941
1753053377398,-0.6135141849517822,-2.852092742919922,9.833584785461426
1753053377447,-1.2838906049728394,-3.4985272884368896,7.923011779785156
1753053377498,-0.4124012291431427,-2.406771183013916,8.67718505859375
1753053377499,,,8.229470252990723
1753053377548,-0.8864531517028809,-3.582324266433716,9.900622367858887
1753053377597,-0.943913996219635,-2.433107376098633,6.692392349243164
1753053377647,-1.6956933736801147,-3.929483652114868,10.630853652954102
1753053377694,,-2.9526493549346924,
1753053377695,0.25079262256622314,-3.0579941272735596,8.725069999694824
1753053377745,,-3.0196869373321533,
1753053377746,-1.391629695892334,,8.231863975524902
1753053377794,-0.7451952695846558,-3.0819361209869385,7.666832447052002
1753053377845,-1.2000936269760132,-3.1681272983551025,
1753053377846,-0.5440823435783386,,10.295665740966797
1753053377894,,-3.512892484664917,
1753053377895,-0.8601169586181641,,8.605359077453613
1753053377945,,-3.465008497238159,
1753053377946,-0.9989806413650513,-3.273472309112549,10.396222114562988
1753053377994,,-3.7235822677612305,
1753053377995,-1.2000936269760132,-3.5033156871795654,9.903017044067383
1753053378045,-0.6925228238105774,-3.273472309112549,9.79288387298584
1753053378094,,-3.536834478378296,
1753053378095,-1.1426327228546143,,11.238981246948242
1753053378145,-0.07481880486011505,-2.938283920288086,8.796895980834961
1753053378195,-1.3533225059509277,-2.9957449436187744,9.496002197265625
1753053378245,,-2.8425159454345703,
1753053378246,-0.041299980133771896,,8.485649108886719
1753053378294,-0.5776011347770691,-2.8185739517211914,8.490437507629395
1753053378345,,-2.9670145511627197,
1753053378346,-1.2000936269760132,,6.991667747497559
1753053378394,,-2.6126725673675537,
1753053378395,-0.002992752008140087,,8.624512672424316
1753053378445,-1.0133458375930786,-3.4985272884368896,8.85435676574707
1753053378494,-0.4100070297718048,-3.1441853046417236,7.9397711753845215
1753053378545,-1.3724761009216309,-3.6756980419158936,11.286865234375
1753053378594,-0.74040687084198,-3.6278140544891357,9.112930297851562
1753053378595,,,10.362703323364258
1753053378645,,-3.2160115242004395,
1753053378646,-0.7260416746139526,-2.919130325317383,10.113706588745117
1753053378694,,-3.4314894676208496,
1753053378695,-1.1713632345199585,-3.5272576808929443,9.03631591796875
1753053378745,-0.10833762586116791,-2.943072557449341,9.730634689331055
1753053378794,,-3.6086604595184326,
1753053378795,-0.922366201877594,-2.7898435592651367,10.37228012084961
1753053378845,-0.17058686912059784,-2.3493103981018066,7.465719223022461
1753053378894,-1.4299370050430298,-3.2591071128845215,10.209474563598633
1753053378944,,-3.642179250717163,
1753053378945,-0.6925228238105774,-3.4985272884368896,8.835203170776367
1753053378994,0.12629413604736328,-3.0771477222442627,10.214262962341309
1753053379045,-0.6685808300971985,-3.2112231254577637,8.543109893798828
1753053379094,-0.07481880486011505,-2.3924059867858887,7.954136371612549
1753053379145,-1.0229226350784302,-3.97257924079895,10.520720481872559
1753053379194,-0.17058686912059784,-2.785055160522461,6.891110897064209
1753053379245,-0.9846154451370239,-3.230376720428467,10.745776176452637
1753053379294,-0.8649053573608398,-3.4171242713928223,8.049904823303223
1753053379345,-0.7068880796432495,-2.981379747390747,9.989208221435547
1753053379397,-1.2144588232040405,-3.824138641357422,10.070611000061035
1753053379445,-0.40043023228645325,-2.7515363693237305,9.16081428527832
1753053379494,-1.0516531467437744,-3.618237257003784,11.152790069580078
1753053379545,,-3.18249249458313,
1753053379547,-0.49619829654693604,,
1753053379548,-0.9941922426223755,,
1753053379549,,,8.868721961975098
1753053379594,,-3.5655648708343506,
1753053379595,-0.9367313981056213,,11.334749221801758
1753053379645,,-3.287837505340576,
1753053379646,-0.03172317147254944,,8.547898292541504
1753053379694,-0.07481880486011505,-2.718017578125,
1753053379695,-0.26156654953956604,,8.207921981811523
1753053379746,-1.3533225059509277,-3.6756980419158936,9.563039779663086
1753053379794,,-2.583942174911499,
1753053379795,0.43754035234451294,-3.383605480194092,7.547122478485107
1753053379845,-1.30543851852417,-3.599083662033081,9.505578994750977
1753053379894,,-3.6326024532318115,
1753053379895,-0.67815762758255,-3.3213562965393066,8.725069999694824
1753053379945,,-2.9095535278320312,
1753053379946,-0.5536591410636902,,9.46727180480957
1753053379994,,-3.618237257003784,
1753053379995,-1.1091139316558838,,8.710704803466797
1753053380045,-0.5201402902603149,-3.1058781147003174,10.017938613891602
1753053380094,-1.4395138025283813,-3.7858314514160156,
1753053380095,,,10.199897766113281
1753053380145,0.11671733111143112,-2.8999767303466797,8.447341918945312
1753053380194,-0.558447539806366,-3.2638955116271973,
1753053380195,-0.5105634927749634,,9.91738224029541
1753053380244,,-3.206434726715088,
1753053380245,-1.0324994325637817,-3.4554316997528076,7.781754016876221
1753053380294,,-2.698863983154297,
1753053380295,-0.0077811554074287415,,9.457695007324219
1753053380345,-0.6254851818084717,-3.1633388996124268,
1753053380346,,,7.49923849105835
1753053380394,-0.35733461380004883,-2.5983073711395264,7.638102054595947
1753053380445,-1.3964180946350098,-3.4362781047821045,9.472060203552246
1753053380494,,-3.0819361209869385,
1753053380495,-0.6254851818084717,-3.3261446952819824,7.968502044677734
1753053380545,,-3.469796895980835,
1753053380546,-0.7068880796432495,,10.702680587768555
1753053380595,-0.9702502489089966,-3.9246952533721924,9.179967880249023
1753053380646,-0.884058952331543,-2.8329391479492188,9.721057891845703
1753053380696,-1.391629695892334,-3.1681272983551025,9.577404975891113
1753053380745,-0.2998737692832947,-3.3213562965393066,9.045892715454102
1753053380795,-1.0420763492584229,-3.244741916656494,10.386645317077637
1753053380845,-0.21368250250816345,-3.316567897796631,7.7195048332214355
1753053380894,-0.6063315868377686,-2.631826162338257,8.509591102600098
1753053380945,-1.2431892156600952,-3.996521234512329,10.161590576171875
1753053380994,,-3.465008497238159,
1753053380995,-0.5009866952896118,,9.424176216125488
1753053381045,-1.1617863178253174,-4.044404983520508,10.664372444152832
1753053381094,,-3.450643301010132,
1753053381095,-0.35254621505737305,,8.203133583068848
1753053381145,,-3.5655648708343506,
1753053381146,-1.4730325937271118,,10.515932083129883
1753053381195,-1.2384008169174194,-4.183269023895264,9.97484302520752
1753053381245,,-2.5552117824554443,
1753053381246,-0.9750386476516724,-2.8616695404052734,8.394669532775879
1753053381295,-1.4155718088150024,-3.555988073348999,10.487201690673828
1753053381345,-0.21847090125083923,-3.24953031539917,
1753053381346,-1.3293805122375488,,7.844003200531006
1753053381394,,-2.7946319580078125,
1753053381395,-0.8313865661621094,,9.3427734375
1753053381445,-0.2519897222518921,-3.1968579292297363,
1753053381446,,,8.002020835876465
1753053381494,,-3.1872811317443848,
1753053381545,-0.6590040326118469,-2.7946319580078125,7.164050102233887
1753053381594,,-2.8137855529785156,
1753053381595,-0.9463081955909729,-3.843292236328125,6.699574947357178
1753053381645,,-3.862445831298828,
1753053381646,-1.5352818965911865,,9.864709854125977
1753053381694,,-3.469796895980835,
1753053381695,-0.6063315868377686,,7.920617580413818
1753053381745,,-3.4745852947235107,
1753053381746,-1.8177976608276367,,9.30925464630127
1753053381794,-1.5400702953338623,-4.140173435211182,9.764153480529785
1753053381846,,-3.0819361209869385,
1753053381847,-1.0229226350784302,-3.426701068878174,8.76337718963623
1753053381896,-1.9183541536331177,-4.3412861824035645,11.655572891235352
1753053381945,-0.1322796493768692,-3.330933094024658,8.432976722717285
1753053381995,-1.468244194984436,-3.3500866889953613,9.85034465789795
1753053382045,-0.7068880796432495,-3.9246952533721924,9.673172950744629
1753053382094,,-3.2638955116271973,
1753053382095,-0.3429693877696991,,8.777742385864258
1753053382145,-1.899200439453125,-3.603872060775757,8.768165588378906
1753053382194,,-3.2591071128845215,
1753053382195,-0.4770447015762329,-3.9630024433135986,7.767388820648193
1753053382245,-1.731606364250183,-3.6134488582611084,9.821614265441895
1753053382294,-0.5105634927749634,-3.3213562965393066,8.06427001953125
1753053382345,-1.3437457084655762,-3.618237257003784,9.031527519226074
1753053382394,,-3.6134488582611084,
1753053382395,-1.2767080068588257,,8.294113159179688
1753053382445,,-3.642179250717163,
1753053382446,-1.3006501197814941,,9.979631423950195
1753053382494,,-4.662109375,
1753053382495,-1.8273744583129883,,11.818378448486328
1753053382545,,-2.718017578125,
1753053382546,-0.6590040326118469,-3.776254653930664,7.997232437133789
1753053382594,,-3.488950490951538,
1753053382595,-1.7507599592208862,-2.823362350463867,10.6739501953125
1753053382644,,-3.6996402740478516,
1753053382645,-0.5345055460929871,,7.470507621765137
1753053382694,,-2.3253684043884277,
1753053382695,-0.7356184720993042,-3.206434726715088,7.341220855712891
1753053382745,,-3.8097734451293945,
1753053382746,-1.3581109046936035,,8.935759544372559
1753053382795,-0.7739257216453552,-2.804208755493164,7.192780494689941
1753053382845,-1.688510775566101,-4.202422618865967,9.965266227722168
1753053382894,,-3.7618894577026367,
1753053382895,-1.003769040107727,-4.211999416351318,8.452130317687988
1753053382945,-2.0476410388946533,-3.378817081451416,9.73542308807373
1753053382995,-1.4299370050430298,-3.9821560382843018,9.864709854125977
1753053383045,-1.4347254037857056,-3.2399535179138184,
1753053383046,,,9.136872291564941
1753053383094,,-4.480149745941162,
1753053383095,-1.9662381410598755,,11.234192848205566
1753053383147,-0.16579847037792206,-3.158550500869751,8.270171165466309
1753053383194,-1.6837223768234253,-3.958214044570923,10.305242538452148
1753053383244,-1.0851719379425049,-3.4985272884368896,8.088212013244629
1753053383293,-1.1761516332626343,-3.618237257003784,10.300454139709473
1753053383344,-1.0995371341705322,-4.039616584777832,9.12729549407959
1753053383393,-0.1801636815071106,-3.0101101398468018,8.093000411987305
1753053383444,-1.6597803831100464,-3.8768110275268555,9.687539100646973
1753053383493,-0.8026561141014099,-3.3883938789367676,8.241440773010254
1753053383544,-1.635838270187378,-3.666121244430542,8.849568367004395
1753053383594,-1.1761516332626343,-3.2160115242004395,7.0587053298950195
1753053383644,-1.635838270187378,-3.8815994262695312,10.568604469299316
1753053383694,-1.6597803831100464,-4.058770656585693,8.777742385864258
1753053383744,,-3.953425645828247,
1753053383745,-1.2767080068588257,,10.43931770324707
1753053383794,-0.9846154451370239,-4.006097793579102,10.338761329650879
1753053383844,-1.1330559253692627,-3.3931822776794434,8.85435676574707
1753053383905,,-4.087501049041748,
1753053383906,-2.1721394062042236,-3.292625904083252,11.028291702270508
1753053383953,-1.1617863178253174,-3.97257924079895,
1753053383954,,,8.365939140319824
1753053384005,-3.0196869373321533,-5.777807235717773,12.910134315490723
1753053384054,0.36571431159973145,-3.8337154388427734,11.885416030883789
1753053384104,-2.081159830093384,-3.4075474739074707,10.152013778686523
1753053384153,-1.755548357963562,-4.111443042755127,11.746552467346191
1753053384204,-0.8026561141014099,-2.1290438175201416,5.0715179443359375
1753053384253,-1.5544354915618896,-3.029263734817505,9.261370658874512
1753053384304,-0.41958385705947876,-2.583942174911499,6.077082633972168
1753053384353,-2.301426410675049,-3.7235822677612305,9.481637001037598
1753053384403,,-3.1968579292297363,
1753053384404,-1.247977614402771,-3.335721492767334,7.465719223022461
1753053384453,-1.1953052282333374,-3.6900634765625,10.793660163879395
1753053384504,-1.1091139316558838,-4.719570159912109,9.893440246582031
1753053384553,-0.19931729137897491,-3.3261446952819824,8.543109893798828
1753053384604,-1.3198037147521973,-3.6134488582611084,10.362703323364258
1753053384653,-1.6214730739593506,-3.6134488582611084,8.107365608215332
1753053384704,-1.6406266689300537,-3.1298201084136963,9.280524253845215
1753053384753,-1.3198037147521973,-3.5464112758636475,9.045892715454102
1753053384804,-1.0660183429718018,-3.335721492767334,8.76337718963623
1753053384853,-1.5975310802459717,-3.383605480194092,
1753053384854,,,8.839991569519043
1753053384904,-0.8409633636474609,-3.177704095840454,9.074623107910156
1753053384953,-1.5304933786392212,-3.4841620922088623,
1753053384954,,,9.30925464630127
1753053385004,-1.1091139316558838,-3.508104085922241,7.997232437133789
1753053385053,-1.511339783668518,-4.015674591064453,11.41136360168457
1753053385104,-0.3381809890270233,-3.0148985385894775,7.288548469543457
1753053385153,-1.592742681503296,-3.575141668319702,9.630077362060547
1753053385205,-0.5823895931243896,-3.838503837585449,9.21827507019043
1753053385253,-1.1378443241119385,-4.010886192321777,8.480860710144043
1753053385304,-2.0715830326080322,-3.512892484664917,9.25179386138916
1753053385305,,,10.123283386230469
1753053385353,-0.5776011347770691,-3.843292236328125,
1753053385354,,,9.031527519226074
1753053385404,-2.301426410675049,-3.977367639541626,9.496002197265625
1753053385453,-0.23762452602386475,-3.8337154388427734,9.357138633728027
1753053385504,-1.832162857055664,-3.5416228771209717,8.207921981811523
1753053385553,-0.8074445128440857,-3.3500866889953613,7.413046836853027
1753053395719,,-3.2207999229431152,
1753053395720,,-2.5695769786834717,
1753053395721,-1.3868412971496582,-3.0819361209869385,8.720281600952148
1753053395722,-0.7882909178733826,-3.4745852947235107,11.856685638427734
1753053395723,-0.6877344250679016,-2.962226152420044,9.30925464630127
1753053395727,-0.8170213103294373,-2.698863983154297,7.863156795501709
1753053395778,,-3.244741916656494,
1753053395779,-0.6446388363838196,-3.575141668319702,8.907029151916504
1753053395829,-2.0715830326080322,-4.106654644012451,9.452906608581543
1753053395830,,,9.620500564575195
1753053399157,,-2.962226152420044,
1753053399158,0.08798690885305405,,9.25179386138916
1753053399206,-1.1857284307479858,-2.9526493549346924,9.122507095336914
1753053399256,-0.7068880796432495,-3.6996402740478516,9.337985038757324
1753053399307,-2.100313425064087,-3.53204607963562,7.944559574127197
1753053399356,-0.6590040326118469,-3.2399535179138184,10.353126525878906
1753053399407,-0.702099621295929,-3.206434726715088,7.93019437789917
1753053399456,-0.6350619792938232,-3.273472309112549,8.624512672424316
1753053399507,-1.956661343574524,-3.5224692821502686,9.03631591796875
1753053399556,0.2795230448246002,-2.6844985485076904,9.385869026184082
1753053399606,,-3.1633388996124268,
1753053399607,-0.9127894043922424,-3.3883938789367676,9.428964614868164
1753053399656,-0.44352585077285767,-3.268683910369873,8.844779968261719
1753053399706,,-3.6996402740478516,
1753053399707,-1.932719349861145,-3.3213562965393066,9.486425399780273
1753053399756,0.3800795078277588,-2.425924777984619,8.782530784606934
1753053399807,-0.8361749649047852,-3.09151291847229,9.409811019897461
1753053399856,-0.5009866952896118,-3.0340521335601807,9.227851867675781
1753053399907,-1.1186907291412354,-2.780266761779785,7.753023624420166
1753053399956,-1.3964180946350098,-4.039616584777832,10.396222114562988
1753053400007,-0.2711433470249176,-3.5895068645477295,11.10490608215332
1753053400056,,-2.7994203567504883,
1753053400057,1.5628151893615723,-6.002861976623535,10.736199378967285
1753053400107,-2.670133352279663,-4.547187805175781,
1753053400108,,,8.523956298828125
1753053400156,,-4.135385036468506,
1753053400157,-1.0420763492584229,,13.968371391296387
1753053400208,1.3808557987213135,-1.1330559253692627,7.614160060882568
1753053400256,,-2.8856115341186523,
1753053400257,-2.1481974124908447,-2.497750997543335,9.888651847839355
1753053400307,-0.01735796220600605,-2.722805976867676,7.317278861999512
1753053400356,-1.2910733222961426,-2.9765913486480713,10.195109367370605
1753053400407,-1.003769040107727,-2.4211363792419434,6.493673324584961
1753053400456,,-2.7706899642944336,
1753053400457,-0.37169981002807617,,10.147225379943848
1753053400507,-0.6925228238105774,-3.139396905899048,8.571840286254883
1753053400556,,-2.9047651290893555,
1753053400557,-0.2998737692832947,,9.55825138092041
1753053400607,-0.6446388363838196,-3.910329818725586,10.468048095703125
1753053400656,,-2.56000018119812,
1753053400657,-0.18495208024978638,,8.758588790893555
1753053400707,-1.1186907291412354,-3.8337154388427734,11.143213272094727
1753053400756,-0.2232593148946762,-2.804208755493164,9.045892715454102
1753053400807,-0.9271546006202698,-3.4602200984954834,10.420164108276367
1753053400856,-0.40521863102912903,-2.3062148094177246,7.848791599273682
1753053400907,-1.1139023303985596,-3.934272050857544,11.459247589111328
1753053400956,0.1454477459192276,-2.6844985485076904,9.007585525512695
1753053401007,-1.0851719379425049,-3.3452982902526855,9.936535835266113
1753053401056,-0.6637924313545227,-2.5456349849700928,8.409034729003906
1753053401107,,-2.9718029499053955,
1753053401108,-0.4818331003189087,-2.3493103981018066,10.175955772399902
1753053401157,-0.4578910768032074,-3.2974143028259277,
1753053401158,-1.1186907291412354,,9.43375301361084
1753053401207,-1.544858694076538,-2.957437753677368,8.140884399414062
1753053401256,0.06404489278793335,-2.3732523918151855,9.12729549407959
1753053401307,-1.1234791278839111,-3.1729156970977783,8.112154006958008
1753053401356,-0.3621230125427246,-2.258330821990967,
1753053401357,,,7.642890453338623
1753053401407,-1.348534107208252,-3.6134488582611084,10.147225379943848
1753053401456,0.1885433793067932,-2.1960813999176025,7.949347972869873
1753053401507,-0.6159083843231201,-3.5176808834075928,11.25334644317627
1753053401556,-0.7260416746139526,-2.765901565551758,7.255029678344727
1753053401557,,,9.673172950744629
1753053401607,-1.8944120407104492,-3.7044286727905273,11.32038402557373
1753053401656,0.25079262256622314,-2.162562608718872,7.954136371612549
1753053401707,-1.5161281824111938,-3.4841620922088623,10.333972930908203
1753053407733,,-2.8377275466918945,
1753053407734,-0.228047713637352,-3.694851875305176,7.954136371612549
1753053407735,,,9.898228645324707
1753053407736,,-2.4881742000579834,
1753053407738,-0.5345055460929871,-2.0907366275787354,6.910264492034912
1753053407788,-0.8792705535888672,-3.354875087738037,9.112930297851562
1753053407839,-0.6206967830657959,-3.0627825260162354,10.82239055633545
1753053407888,-0.8649053573608398,-3.5895068645477295,10.424952507019043
1753053407939,-0.7882909178733826,-2.27748441696167,7.724293231964111
1753053407988,-0.9463081955909729,-3.5655648708343506,11.612476348876953
1753053408039,-0.4818331003189087,-2.5983073711395264,6.383540153503418
1753053408088,-0.49140989780426025,-2.2631192207336426,9.840767860412598
1753053408139,-0.7116764783859253,-3.9151182174682617,9.5007905960083
1753053408188,-0.4818331003189087,-3.115454912185669,8.964489936828613
1753053408239,-0.3429693877696991,-3.661332845687866,12.455235481262207
1753053408288,-0.21368250250816345,-2.8185739517211914,8.308478355407715
1753053408339,,-2.737171173095703,
1753053408340,-0.5776011347770691,,10.075399398803711
1753053408388,-0.9941922426223755,-2.4881742000579834,7.346009254455566
1753053408439,-0.25677812099456787,-1.8656816482543945,8.18876838684082
1753053408488,-1.0708067417144775,-2.8377275466918945,8.806472778320312
1753053408539,-1.0851719379425049,-2.761113166809082,7.8727335929870605
1753053408588,-0.9654618501663208,-3.3405098915100098,11.009138107299805
1753053408639,-0.7930793166160583,-3.9869444370269775,
1753053408688,-0.6494272351264954,-3.397970676422119,
1753053408689,-0.9271546006202698,,9.989208221435547
1753053408739,-1.611896276473999,-4.561553001403809,12.972383499145508
1753053408788,-0.7212532758712769,-4.092289447784424,10.266935348510742
1753053408839,-1.6502034664154053,-3.4362781047821045,10.017938613891602
1753053408888,-1.1186907291412354,-2.5935189723968506,
1753053408889,-0.6685808300971985,,7.997232437133789
1753053408939,-0.639850378036499,-2.583942174911499,8.629301071166992
1753053408988,-1.71245276927948,-3.24953031539917,9.007585525512695
1753053409039,,-2.3493103981018066,
1753053409040,-0.6637924313545227,,6.723516941070557
1753053409088,-1.204882025718689,-2.540846586227417,
1753053409089,-0.8601169586181641,,8.624512672424316
1753053409139,-1.875258445739746,-4.073135852813721,8.322843551635742
1753053409188,-0.9175778031349182,-2.301426410675049,7.867945194244385
1753053409239,-1.1091139316558838,-5.682039260864258,13.848661422729492
1753053409288,-0.6302735805511475,-3.4314894676208496,
1753053409289,,,7.3220672607421875
1753053409339,-2.014122247695923,-3.867234230041504,10.46325969696045
1753053409388,-1.9710265398025513,-3.9438488483428955,7.413046836853027
1753053409439,-2.7036523818969727,-3.958214044570923,8.318055152893066
1753053409440,,,6.575076580047607
1753053409488,-1.789067268371582,-4.336497783660889,10.468048095703125
1753053409539,-0.8505401611328125,-3.53204607963562,8.547898292541504
1753053409588,-2.0620062351226807,-3.9917328357696533,11.076175689697266
1753053409639,-0.8361749649047852,-3.5464112758636475,7.647678852081299
1753053409688,-1.2527660131454468,-3.599083662033081,9.25179386138916
1753053409739,-1.6262614727020264,-3.9246952533721924,8.284536361694336
1753053409788,-1.568800687789917,-3.6565444469451904,7.53275728225708
1753053409839,-2.27748441696167,-4.279036998748779,9.40023422241211
1753053409888,-1.4586673974990845,-4.0779242515563965,7.83921480178833
1753053409939,-2.2200236320495605,-4.015674591064453,10.717045783996582
1753053409988,,-4.4705729484558105,
1753053409989,-1.7986440658569336,,9.965266227722168
1753053410040,-1.1234791278839111,-3.4171242713928223,9.132083892822266
1753053410089,-2.4019827842712402,-4.52803373336792,9.979631423950195
1753053410139,-1.3581109046936035,-2.938283920288086,6.785766124725342
1753053410189,-2.540846586227417,-3.536834478378296,9.199121475219727
1753053410238,-1.9375077486038208,-3.8145618438720703,8.33720874786377
1753053410289,-1.8465280532836914,-4.149750232696533,9.428964614868164
1753053410338,-2.052429437637329,-4.6285905838012695,9.993996620178223
1753053410389,-1.1665748357772827,-3.378817081451416,8.772953987121582
1753053410438,-2.4163479804992676,-4.84406852722168,11.981184005737305
1753053410489,-1.080383539199829,-3.230376720428467,6.503250598907471
1753053410538,-1.544858694076538,-3.7906198501586914,9.903017044067383
1753053410589,-0.8601169586181641,-3.4123358726501465,7.00124454498291
1753053410638,-1.204882025718689,-3.795408248901367,8.772953987121582
1753053410689,-2.0189106464385986,-4.159327030181885,7.844003200531006
1753053410738,-0.3621230125427246,-3.603872060775757,9.304466247558594
1753053410789,-1.7603367567062378,-4.010886192321777,9.773730278015137
1753053410838,-0.778714120388031,-3.2351651191711426,9.371503829956055
1753053410889,,-2.8999767303466797,
1753053410890,0.33698388934135437,,10.951677322387695
1753053410939,,-3.115454912185669,
1753053410940,-1.5352818965911865,,7.097012519836426
1753053410989,-1.611896276473999,-3.5655648708343506,10.09934139251709
1753053411038,-0.6350619792938232,-3.005321741104126,7.7865424156188965
1753053411089,,-3.709217071533203,
1753053411090,-0.8936358094215393,,10.688315391540527
1753053411138,-0.8649053573608398,-4.101866245269775,10.25735855102539
1753053411189,-0.639850378036499,-1.8944120407104492,7.810484409332275
1753053411238,-1.8369512557983398,-3.287837505340576,10.357914924621582
1753053411289,-0.314238965511322,-2.540846586227417,7.638102054595947
1753053411338,-1.061229944229126,-2.8999767303466797,8.413823127746582
1753053411389,-1.3198037147521973,-3.5847184658050537,8.40424633026123
1753053411438,0.0736217051744461,-3.244741916656494,10.061034202575684
1753053411489,-1.4155718088150024,-2.9670145511627197,7.451354026794434
1753053411538,-0.8122329115867615,-2.564788579940796,8.418611526489258
1753053411589,-0.9271546006202698,-4.001309394836426,10.92294692993164
1753053411638,-0.21368250250816345,-3.139396905899048,8.327631950378418
1753053411689,-1.7794904708862305,-3.7666778564453125,
1753053411690,,,10.204686164855957
1753053411738,-1.0708067417144775,-3.1729156970977783,7.508815288543701
1753053411789,-1.2384008169174194,-3.843292236328125,11.957242012023926
1753053411838,-0.8074445128440857,-3.599083662033081,9.419387817382812
1753053411889,-0.922366201877594,-2.890399932861328,9.419387817382812
1753053411938,-1.449090600013733,-3.2638955116271973,9.012373924255371
1753053411988,,-2.603095769882202,
1753053411989,-0.5297171473503113,-2.852092742919922,8.394669532775879
1753053412038,-1.6789339780807495,-3.311779499053955,9.644442558288574
1753053412089,-0.5201402902603149,-2.962226152420044,8.021174430847168
1753053412138,-1.3437457084655762,-3.5464112758636475,10.434529304504395
1753053412189,-0.67815762758255,-3.1872811317443848,8.485649108886719
1753053412238,,-3.0819361209869385,
1753053412240,-0.9558850526809692,-3.575141668319702,9.625288963317871
1753053412289,-1.4730325937271118,-3.9438488483428955,
1753053412290,-1.9710265398025513,,10.04188060760498
1753053412338,-0.050876785069704056,-3.1250317096710205,9.993996620178223
1753053412389,-1.2384008169174194,-3.9199066162109375,11.10490608215332
1753053412438,0.5811924338340759,-2.6557681560516357,9.156025886535645
1753053412489,-0.7595604658126831,-3.488950490951538,11.277288436889648
1753053412538,-0.09397241473197937,-2.363675594329834,7.087435722351074
1753053412589,-0.7643488645553589,-2.4355015754699707,8.662819862365723
1753053412638,-1.18094003200531,-2.3110032081604004,6.311714172363281
1753053412689,-0.3860650360584259,-2.3349452018737793,8.97885513305664
1753053412738,-1.247977614402771,-3.3261446952819824,8.06427001953125
1753053412789,-0.44831427931785583,-2.6222493648529053,9.007585525512695
1753053412838,-0.8553285598754883,-3.819350242614746,11.947665214538574
1753053412889,,-3.2207999229431152,
1753053412890,-0.9846154451370239,,9.108141899108887
1753053412938,-0.8888474106788635,-3.2591071128845215,11.990760803222656
1753053412939,,,10.774506568908691
1753053412989,-0.7978677153587341,-3.819350242614746,10.420164108276367
1753053413038,-0.32860419154167175,-3.0436289310455322,
1753053413039,0.020949264988303185,,10.458471298217773
1753053413089,-0.2759317457675934,-3.244741916656494,8.921394348144531
1753053413138,,-2.205658197402954,
1753053413139,0.06404489278793335,,7.010821342468262
1753053413189,,-2.7275943756103516,
1753053413190,-1.4586673974990845,,8.758588790893555
1753053413238,-0.33339259028434753,-2.9095535278320312,7.441777229309082
1753053413289,-1.8177976608276367,-3.3452982902526855,9.639654159545898
1753053413338,-0.8074445128440857,-3.2782607078552246,9.060257911682129
1753053413389,,-3.642179250717163,
1753053413390,-1.2958617210388184,,10.793660163879395
1753053413439,-1.9518729448318481,-3.139396905899048,9.088988304138184
1753053413489,-0.19452889263629913,-3.5416228771209717,11.416152000427246
1753053413538,-2.0859482288360596,-3.958214044570923,10.329184532165527
1753053413589,-0.0077811554074287415,-2.8425159454345703,7.887098789215088
1753053413638,-1.2336124181747437,-3.4745852947235107,9.68274974822998
1753053413689,-1.5065513849258423,-3.110666513442993,6.215946197509766
1753053413738,-1.4059948921203613,-3.3931822776794434,9.203909873962402
1753053413789,-1.391629695892334,-4.125808238983154,8.567051887512207
1753053413838,-1.5879542827606201,-3.244741916656494,6.182427406311035
1753053413889,-2.8329391479492188,-5.107430934906006,11.10490608215332
1753053413938,-0.6925228238105774,-3.9677908420562744,8.681973457336426
1753053413989,-1.5017629861831665,-3.642179250717163,9.888651847839355
1753053414038,-1.3628993034362793,-3.646967649459839,7.997232437133789
1753053414089,-1.7842788696289062,-3.8768110275268555,9.687539100646973
1753053414138,-1.6406266689300537,-3.9630024433135986,9.242217063903809
1753053414189,-1.2384008169174194,-3.646967649459839,8.614935874938965
1753053414238,-2.138620615005493,-3.7475242614746094,8.059481620788574
1753053414289,-1.1761516332626343,-3.5511996746063232,8.073846817016602
1753053414338,-2.536058187484741,-4.149750232696533,8.78731918334961
1753053414389,-1.2288240194320679,-4.240729808807373,9.601346969604492
1753053414438,-1.789067268371582,-4.690839767456055,11.650784492492676
1753053414489,,-4.015674591064453,
1753053414490,-1.0229226350784302,,8.289324760437012
1753053414538,-1.8369512557983398,-3.666121244430542,10.13286018371582
1753053414589,-0.6206967830657959,-4.456207752227783,9.941324234008789
1753053414638,-1.1186907291412354,-3.694851875305176,8.126519203186035
1753053414689,-2.4833858013153076,-4.140173435211182,8.241440773010254
1753053414738,0.1693897694349289,-3.359663486480713,8.638877868652344
1753053414789,-2.3971943855285645,-4.149750232696533,7.690774440765381
1753053414838,-1.4873977899551392,-3.110666513442993,6.316502571105957
1753053414889,-2.143409013748169,-4.389170169830322,10.73141098022461
1753053414938,-1.913565754890442,-4.063559055328369,8.691550254821777
1753053414989,-1.5879542827606201,-4.006097793579102,10.152013778686523
1753053415038,-1.8273744583129883,-4.5854949951171875,10.396222114562988
1753053415090,-1.5496470928192139,-3.646967649459839,8.22228717803955
1753053415138,,-4.3173441886901855,
1753053415139,-2.0380642414093018,-3.661332845687866,10.324396133422852
1753053415189,-0.7164648771286011,-3.402759075164795,7.7195048332214355
1753053415238,-2.344521999359131,-3.90554141998291,8.629301071166992
1753053415289,-1.128267526626587,-3.469796895980835,8.140884399414062
1753053415338,,-3.9917328357696533,
1753053415339,-1.6502034664154053,,9.122507095336914
1753053415389,-0.9654618501663208,-3.311779499053955,7.709928035736084
1753053415438,-2.210446834564209,-4.087501049041748,9.610923767089844
1753053415489,-1.3293805122375488,-3.8720226287841797,7.724293231964111
1753053415538,-1.5592238903045654,-3.4362781047821045,8.31326675415039
1753053415589,-0.8505401611328125,-4.298190593719482,10.970830917358398
1753053415638,-0.6925228238105774,-3.5224692821502686,8.260594367980957
1753053415689,-1.5879542827606201,-4.049193859100342,9.721057891845703
1753053415738,-0.8792705535888672,-3.3692402839660645,8.22228717803955
1753053415789,-1.9614497423171997,-4.250306606292725,9.802460670471191
1753053415839,,-3.359663486480713,
1753053415840,-0.5919663906097412,,8.758588790893555
1753053415890,-1.511339783668518,-4.0779242515563965,9.697115898132324
1753053415938,,-3.8289270401000977,
1753053415939,-1.3198037147521973,-4.010886192321777,9.112930297851562
1753053415989,,-3.5942952632904053,
1753053415990,-1.2767080068588257,-3.1250317096710205,9.697115898132324
1753053416038,-0.5776011347770691,-3.9677908420562744,9.941324234008789
1753053416090,-1.789067268371582,-3.2830491065979004,7.4800848960876465
1753053416139,-1.9422961473464966,-2.986168146133423,6.737882137298584
1753053416189,-1.1139023303985596,-4.350862979888916,11.511919975280762
1753053416238,-0.314238965511322,-3.886387825012207,8.24622917175293
1753053416289,-1.9518729448318481,-2.9526493549346924,8.816049575805664
1753053416338,-1.4299370050430298,-3.4985272884368896,8.054693222045898
1753053416389,,-4.087501049041748,
1753053416390,-1.7842788696289062,,9.443329811096191
1753053416438,-1.224035620689392,-3.465008497238159,7.5902180671691895
1753053416489,-1.5257049798965454,-4.183269023895264,10.817602157592773
1753053416538,-1.2144588232040405,-3.9869444370269775,
1753053416539,-1.7747019529342651,,9.931747436523438
1753053416588,,-4.063559055328369,
1753053416589,-1.5735890865325928,-3.62302565574646,10.19032096862793
1753053416638,-1.813009262084961,-4.087501049041748,10.999561309814453
1753053416689,-0.5823895931243896,-3.9199066162109375,10.262146949768066
1753053416738,-1.0851719379425049,-4.073135852813721,11.272500038146973
1753053416788,-0.2519897222518921,-2.5743653774261475,7.3651628494262695
1753053416838,-1.6214730739593506,-3.0148985385894775,8.346785545349121
1753053416889,-0.6494272351264954,-2.9047651290893555,7.068282127380371
1753053416939,-1.4299370050430298,-3.3405098915100098,8.198345184326172
1753053416989,,-2.7084407806396484,
1753053416990,-0.7882909178733826,,7.427412033081055
1753053417038,,-3.3405098915100098,
1753053417039,-1.2623428106307983,,9.026739120483398
1753053417089,,-3.6373908519744873,
1753053417090,-0.8122329115867615,,9.00279712677002
1753053417138,,-4.049193859100342,
1753053417139,-1.2814964056015015,,9.768941879272461
1753053417189,-1.0564415454864502,-3.5895068645477295,10.051457405090332
1753053417238,-1.324592113494873,-4.475361347198486,12.670714378356934
1753053417289,-0.35254621505737305,-3.7427358627319336,9.438541412353516
1753053417338,,-4.006097793579102,
1753053417339,-0.5536591410636902,,10.482413291931152
1753053417389,-0.6063315868377686,-2.2679076194763184,6.321290969848633
1753053417438,-1.3868412971496582,-3.24953031539917,
1753053417439,-0.7164648771286011,,9.361927032470703
1753053417489,,-2.5743653774261475,
1753053417490,-0.3621230125427246,-3.838503837585449,4.9135003089904785
1753053417538,-0.9319429993629456,-2.5025393962860107,
1753053417539,-0.050876785069704056,,7.844003200531006
1753053417589,,-3.3692402839660645,
1753053417590,-0.8936358094215393,,7.417835235595703
1753053417638,-1.204882025718689,-3.2638955116271973,8.136096000671387
1753053417689,-1.2767080068588257,-4.068347454071045,9.989208221435547
1753053417738,-0.23762452602386475,-3.6517560482025146,
1753053417739,,,9.314043045043945
1753053417790,-2.0907366275787354,-4.671686172485352,9.893440246582031
1753053417838,,-3.0340521335601807,
1753053417839,-1.027711033821106,-4.834491729736328,6.235099792480469
1753053417889,,-4.4945149421691895,
1753053417890,-2.1769278049468994,,10.721834182739258
1753053417938,,-4.0779242515563965,
1753053417939,-0.8361749649047852,-3.206434726715088,11.157578468322754
1753053417989,,-2.8808231353759766,
1753053417990,-0.884058952331543,,6.02919864654541
1753053418038,,-3.1250317096710205,
1753053418039,-1.2814964056015015,,8.447341918945312
1753053418089,,-3.5416228771209717,
1753053418090,-1.6310498714447021,,7.097012519836426
1753053418138,-2.1912930011749268,-4.015674591064453,
1753053418139,,,8.715493202209473
1753053418189,-2.0045454502105713,-4.4705729484558105,
1753053418190,-1.1617863178253174,,9.8599214553833
1753053418238,-0.6973112225532532,-4.322132587432861,
1753053418239,-0.9989806413650513,,11.602899551391602
1753053418289,-1.5640122890472412,-3.848080635070801,
1753053418290,-2.100313425064087,,9.074623107910156
1753053418338,,-4.092289447784424,
1753053418339,-1.0085574388504028,-3.7906198501586914,9.941324234008789
1753053418389,,-3.843292236328125,
1753053418390,-1.468244194984436,,9.237428665161133
1753053418438,-1.0947487354278564,-3.733159065246582,
1753053418439,,,7.374739646911621
1753053418489,,-3.6373908519744873,
1753053418490,-2.344521999359131,,7.949347972869873
1753053418538,-0.9271546006202698,-3.3740286827087402,
1753053418539,,,8.571840286254883
1753053418589,,-4.140173435211182,
1753053418590,-2.009333848953247,,7.776965618133545
1753053418638,,-3.536834478378296,
1753053418639,-1.688510775566101,,8.203133583068848
1753053418689,-1.4059948921203613,-3.929483652114868,9.807249069213867
1753053418738,-1.2431892156600952,-3.666121244430542,
1753053418739,-1.425148606300354,,8.054693222045898
1753053418789,,-4.3843817710876465,
1753053418790,-2.081159830093384,,10.525508880615234
1753053418838,-0.6925228238105774,-3.8815994262695312,
1753053418839,-1.1953052282333374,,9.539097785949707
1753053418889,-1.5544354915618896,-3.579930067062378,8.399457931518555
1753053418938,-1.061229944229126,-3.244741916656494,7.580641269683838
1753053418989,-2.229600429534912,-3.824138641357422,8.926182746887207
1753053419036,-0.5823895931243896,-3.383605480194092,7.934982776641846
1753053419084,-1.8082208633422852,-3.6278140544891357,9.189544677734375
1753053419134,-0.67815762758255,-3.996521234512329,10.13286018371582
1753053419184,,-3.599083662033081,
1753053419185,-1.3341689109802246,-1.4778209924697876,9.496002197265625
1753053419234,-0.41958385705947876,-4.777030944824219,12.479177474975586
1753053422643,,-3.5847184658050537,
1753053422644,-3.1202433109283447,-2.344521999359131,5.411494255065918
1753053422649,,-3.7666778564453125,
1753053422650,-0.5680243372917175,,15.074492454528809
1753053422654,-4.413112163543701,1.1605892181396484,-1.68970787525177
1753053422710,-3.2399535179138184,-2.9047651290893555,10.554239273071289
1753053422757,,-3.714005470275879,
1753053422758,0.4423287510871887,,10.908581733703613
1753053422805,,-4.135385036468506,
1753053422806,-0.5201402902603149,-3.9917328357696533,11.957242012023926
1753053422857,-0.8984242081642151,-3.5655648708343506,9.97484302520752
1753053422906,-1.4969745874404907,-3.7283706665039062,9.203909873962402
1753053422957,-0.26156654953956604,-3.2112231254577637,9.050681114196777
1753053423030,,-3.1729156970977783,
1753053423031,-1.3820528984069824,-2.521692991256714,8.112154006958008
1753053423077,,-2.737171173095703,
1753053423078,-0.5153518915176392,,7.542334079742432
1753053423128,,-2.780266761779785,
1753053423129,-0.7691373229026794,,7.9876556396484375
1753053423179,-1.1426327228546143,-3.4362781047821045,8.658031463623047
1753053423228,-0.7356184720993042,-3.24953031539917,8.954913139343262
1753053423279,-0.6446388363838196,-3.800196647644043,10.817602157592773
1753053427069,-1.1330559253692627,-3.800196647644043,10.559027671813965
1753053427070,-2.4019827842712402,-4.015674591064453,7.207145690917969
1753053427071,-1.592742681503296,-3.5703532695770264,
1753053427076,-0.8361749649047852,-3.24953031539917,8.772953987121582
1753053427127,,-3.1298201084136963,
1753053427128,-0.7212532758712769,,8.64366626739502
1753053427178,-1.1713632345199585,-3.7475242614746094,9.237428665161133
1753053427227,,-2.828150749206543,
1753053427228,-0.4578910768032074,,8.15524959564209
1753053427278,-0.4818331003189087,-3.5511996746063232,10.812813758850098
1753053427279,,,7.9637131690979
1753053427327,-0.9319429993629456,-3.445854902267456,
1753053427328,,,9.620500564575195
1753053427391,-0.35254621505737305,-2.430713176727295,8.547898292541504
1753053427438,-0.8074445128440857,-2.828150749206543,8.772953987121582
1753053427488,-0.7691373229026794,-4.87758731842041,11.401786804199219
1753053427539,-1.8656816482543945,-2.272696018218994,5.23911190032959
1753053427588,-0.012569558806717396,-3.1250317096710205,12.574945449829102
1753053427639,,-3.139396905899048,
1753053427640,0.6003460884094238,,7.561487674713135
1753053429144,,-4.1210198402404785,
1753053429145,-1.0420763492584229,,10.693103790283203
1753053429150,-0.26156654953956604,-3.053205728530884,9.807249069213867
1753053429202,-0.37648820877075195,-3.4554316997528076,10.104129791259766
1753053429252,-0.9989806413650513,-3.5224692821502686,9.610923767089844
1753053429301,-0.5632359385490417,-3.512892484664917,9.414599418640137
1753053429352,,-3.115454912185669,
1753053429353,-0.9319429993629456,,9.03631591796875
1753053429401,,-3.354875087738037,
1753053429402,-0.44352585077285767,-3.18249249458313,9.946112632751465
1753053429452,,-3.2207999229431152,
1753053429453,-0.6446388363838196,,8.686761856079102
1753053432043,-0.3429693877696991,-3.153762102127075,9.931747436523438
1753053432048,-1.0947487354278564,-3.8768110275268555,10.482413291931152
1753053432099,,-3.067570924758911,
1753053432100,-0.7835025191307068,-3.488950490951538,8.418611526489258
1753053432150,-0.8792705535888672,-3.2782607078552246,8.792107582092285
1753053432199,-1.6310498714447021,-3.6373908519744873,8.720281600952148
1753053432250,-1.4969745874404907,-3.7858314514160156,8.863933563232422
1753053432299,-1.789067268371582,-3.6900634765625,
1753053432300,,,8.55268669128418
1753053432350,-1.4826093912124634,-4.178480625152588,10.161590576171875
1753053432351,,,8.681973457336426
1753053433288,,-4.3173441886901855,
1753053433289,-2.689286947250366,,9.46727180480957
1753053433292,-1.6406266689300537,-4.1641154289245605,8.839991569519043
1753053433344,-2.27748441696167,-4.144961833953857,8.85435676574707
1753053433393,,-3.560776472091675,
1753053433394,-0.46746787428855896,,8.236652374267578
1753053433461,,-3.9486372470855713,
1753053433462,-2.167351007461548,,9.452906608581543
1753053433465,-1.0516531467437744,-3.488950490951538,8.61972427368164
1753053433513,-2.143409013748169,-4.020462989807129,8.744223594665527
1753053433565,-1.2767080068588257,-3.824138641357422,9.61571216583252
1753053433614,-1.7507599592208862,-4.441842555999756,9.625288963317871
1753053433664,,-3.426701068878174,
1753053433665,-1.789067268371582,,7.733870029449463
1753053433713,-0.9510966539382935,-3.7283706665039062,10.434529304504395
1753053433763,,-4.226364612579346,
1753053433764,-1.9949685335159302,-4.125808238983154,7.920617580413818
1753053438594,-1.2384008169174194,-3.469796895980835,7.369951248168945
1753053438595,-1.5065513849258423,-4.0970778465271,8.485649108886719
1753053438596,-0.8313865661621094,-3.3883938789367676,8.993220329284668
1753053438645,-0.8553285598754883,-3.4171242713928223,9.333196640014648
1753053438695,-1.0372878313064575,-3.737947463989258,10.252570152282715
1753053438746,-0.8265981078147888,-3.575141668319702,8.653243064880371
1753053438792,-0.702099621295929,-3.666121244430542,9.639654159545898
1753053438842,-0.5345055460929871,-3.359663486480713,9.347561836242676
1753053438890,-0.9989806413650513,-3.714005470275879,9.247005462646484
1753053438941,,-3.5895068645477295,
1753053438942,-1.104325532913208,,8.926182746887207
1753053438990,-1.1186907291412354,-3.158550500869751,8.514379501342773
1753053439041,,-4.2311530113220215,
1753053439042,-0.8649053573608398,,10.688315391540527
1753053439190,-1.6741455793380737,-3.5942952632904053,7.877521991729736
1753053439242,,-3.6756980419158936,
1753053439243,-1.0564415454864502,-4.0779242515563965,8.902240753173828
1753053439291,,-3.3405098915100098,
1753053439292,-1.2958617210388184,-3.8768110275268555,7.997232437133789
1753053439342,,-4.4274773597717285,
1753053439343,-1.7747019529342651,-4.178480625152588,9.687539100646973
1753053439391,,-3.5416228771209717,
1753053439392,-1.3533225059509277,-3.7666778564453125,7.571064472198486
1753053439443,-0.7260416746139526,-3.575141668319702,10.238204956054688
1753053439492,-2.014122247695923,-4.508880138397217,10.046669006347656
1753053439543,-1.367687702178955,-3.6709096431732178,8.720281600952148
1753053439592,-1.688510775566101,-4.298190593719482,9.960477828979492
1753053443597,,-3.953425645828247,
1753053443598,-1.061229944229126,-3.421912670135498,9.788095474243164
1753053443599,,,9.816825866699219
1753053443604,-0.9463081955909729,-3.3022027015686035,11.047445297241211
1753053443655,,-3.177704095840454,
1753053443656,-1.3389573097229004,-3.292625904083252,8.930971145629883
1753053443705,0.18375498056411743,-2.646191358566284,9.021950721740723
1753053444811,,-2.938283920288086,
1753053444812,-0.6925228238105774,-3.536834478378296,8.24622917175293
1753053444816,-0.4387374520301819,-3.1968579292297363,10.276512145996094
1753053444817,,,8.830414772033691
1753053444868,-1.3724761009216309,-3.6756980419158936,10.846332550048828
1753053444918,,-2.6126725673675537,
1753053444919,0.5285200476646423,-2.7275943756103516,8.777742385864258
1753053469275,-1.2910733222961426,-3.62302565574646,
1753053469276,0.6913257241249084,,
1753053469278,-0.6590040326118469,,
1753053469279,-0.9558850526809692,,
1753053469280,-1.0564415454864502,,10.88942813873291
1753053469281,,,10.04188060760498
1753053469282,,,8.31326675415039
1753053469283,,,10.084976196289062
1753053469284,,,9.175179481506348
1753053469285,,-3.311779499053955,
1753053469286,,-2.4211363792419434,
1753053469287,-0.7068880796432495,-4.101866245269775,9.596558570861816
1753053469337,-0.7260416746139526,-3.244741916656494,8.442553520202637
1753053469388,-0.7978677153587341,-2.8137855529785156,7.513603687286377
1753053469437,-1.832162857055664,-3.867234230041504,
1753053469438,-1.568800687789917,,10.927735328674316
1753053469488,,-3.1729156970977783,
1753053469489,-0.5536591410636902,-2.6366145610809326,8.265382766723633
1753053469569,-1.5304933786392212,-3.6278140544891357,9.625288963317871
1753053469611,-0.4818331003189087,-2.7563247680664062,7.781754016876221
1753053469659,-1.6262614727020264,-3.646967649459839,9.644442558288574
1753053469710,-0.3621230125427246,-3.1058781147003174,8.7298583984375
1753053469759,-1.18094003200531,-3.5176808834075928,8.902240753173828
1753053469810,-0.6302735805511475,-3.09151291847229,9.821614265441895
1753053469859,,-3.7235822677612305,
1753053469860,-1.4730325937271118,-3.9917328357696533,8.710704803466797
1753053474274,,-3.5655648708343506,
1753053474275,,-3.0819361209869385,
1753053474276,-1.4778209924697876,-2.8808231353759766,
1753053474277,-1.7411831617355347,,9.740211486816406
1753053474278,,-4.13059663772583,
1753053474326,,-3.6996402740478516,
1753053474375,-1.832162857055664,-4.116231441497803,9.692327499389648
1753053474426,-1.6454150676727295,-4.1641154289245605,8.940547943115234
1753053474475,,-3.3644518852233887,
1753053474476,-1.18094003200531,-4.049193859100342,8.466495513916016
1753053474526,-2.0045454502105713,-4.43705415725708,10.137648582458496
1753053474575,,-3.421912670135498,
1753053474576,-1.6597803831100464,,7.7434468269348145
1753053475535,,-4.34607458114624,
1753053475536,-1.8848352432250977,-3.891176223754883,
1753053475537,-1.1713632345199585,,10.16637897491455
1753053475542,-2.095525026321411,-4.082712650299072,8.988431930541992
1753053475593,-1.1905168294906616,-3.445854902267456,
1753053475594,,,8.873510360717773
1753053475644,,-3.18249249458313,
1753053475645,-0.8409633636474609,,8.964489936828613
1753053489047,0.05446808785200119,-3.3500866889953613,
1753053489048,-0.558447539806366,,9.304466247558594
1753053489050,,-3.599083662033081,
1753053489051,-1.2527660131454468,-3.642179250717163,
1753053489052,-0.7691373229026794,,10.740987777709961
1753053489056,-0.8361749649047852,-1.999756932258606,5.205593109130859
1753053489108,0.0017956512747332454,-2.866457939147949,8.806472778320312
1753053489157,,-3.2974143028259277,
1753053489158,-0.39564183354377747,,10.415375709533691
1753053489208,,-2.866457939147949,
1753053489209,-0.44831427931785583,,8.610147476196289
1753053489257,,-3.1633388996124268,
1753053489258,-0.5345055460929871,-3.316567897796631,9.879075050354004
1753053489308,,-2.919130325317383,
1753053489309,-0.6590040326118469,,8.701127052307129
1753053489357,,-3.2782607078552246,
1753053489358,-0.7691373229026794,,9.711481094360352
1753053489409,-0.041299980133771896,-3.2112231254577637,10.003573417663574
1753053489458,-0.5201402902603149,-3.488950490951538,
1753053489459,,,10.43931770324707
1753053489508,-0.49140989780426025,-2.8425159454345703,9.074623107910156
1753053489557,-0.74040687084198,-2.780266761779785,8.998008728027344
1753053489608,-0.5249287486076355,-3.4171242713928223,9.855133056640625
1753053489657,-0.35733461380004883,-2.6222493648529053,8.12173080444336
1753053489658,,,9.237428665161133
1753053489708,-0.7595604658126831,-3.5416228771209717,9.960477828979492
1753053489757,,-2.80899715423584,
1753053489758,-0.7308300733566284,,8.116942405700684
1753053489808,,-3.666121244430542,
1753053489809,-0.6111199855804443,,10.8319673538208
1753053489857,-0.37648820877075195,-2.9095535278320312,8.758588790893555
1753053489908,-0.7308300733566284,-3.953425645828247,11.578957557678223
1753053489957,-0.32860419154167175,-3.0436289310455322,9.539097785949707
1753053490008,-0.5871779918670654,-2.914341926574707,9.247005462646484
1753053490057,-0.8122329115867615,-3.2207999229431152,
1753053490058,,,9.55825138092041
1753053490108,-0.37169981002807617,-2.382829189300537,7.226299285888672
1753053490157,-0.7212532758712769,-3.2974143028259277,
1753053490158,,,9.821614265441895
1753053490208,,-2.536058187484741,
1753053490209,-0.778714120388031,,6.311714172363281
1753053490257,-0.8122329115867615,-3.244741916656494,
1753053490258,-0.2759317457675934,,9.835979461669922
1753053490308,-0.30466216802597046,-2.627037763595581,7.9397711753845215
1753053490309,,,8.830414772033691
1753053490357,-0.9271546006202698,-3.709217071533203,10.152013778686523
1753053490408,-0.6159083843231201,-3.139396905899048,8.533533096313477
1753053490457,-1.1330559253692627,-3.7714662551879883,10.645218849182129
1753053490508,-0.639850378036499,-2.895188331604004,8.160037994384766
1753053490557,,-3.661332845687866,
1753053490558,-1.324592113494873,,10.491990089416504
1753053490608,-0.4291606545448303,-3.1250317096710205,8.547898292541504
1753053490657,-1.348534107208252,-3.4410665035247803,
1753053490658,,,9.242217063903809
1753053490708,-1.0516531467437744,-3.4362781047821045,9.496002197265625
1753053490757,-1.3341689109802246,-3.661332845687866,9.16081428527832
1753053490808,-1.204882025718689,-3.6517560482025146,
1753053490809,,,9.668384552001953
1753053490857,-1.2384008169174194,-3.3500866889953613,9.529520988464355
1753053490908,-1.0468647480010986,-3.8959646224975586,9.922170639038086
1753053490957,-0.7595604658126831,-3.0771477222442627,8.437765121459961
1753053491008,-1.3628993034362793,-3.848080635070801,9.68274974822998
1753053491057,-0.8601169586181641,-2.8137855529785156,
1753053491058,,,7.369951248168945
1753053491108,,-3.6278140544891357,
1753053491109,-1.2958617210388184,,10.185532569885254
1753053491157,-1.1953052282333374,-3.067570924758911,
1753053491158,,,7.159261703491211
1753053491209,-1.4347254037857056,-3.5847184658050537,9.922170639038086
1753053491258,-0.2950853705406189,-3.177704095840454,8.562263488769531
1753053491308,-1.5065513849258423,-3.4410665035247803,8.476072311401367
1753053491357,-1.4969745874404907,-3.752312660217285,9.831191062927246
1753053491408,-1.0133458375930786,-3.139396905899048,8.193556785583496
1753053491457,-0.5728127360343933,-3.1633388996124268,9.601346969604492
1753053491508,-0.4387374520301819,-3.1202433109283447,8.811261177062988
1753053491557,-1.2527660131454468,-3.6996402740478516,10.04188060760498
1753053491608,-0.4578910768032074,-2.943072557449341,8.691550254821777
1753053491657,-0.7451952695846558,-3.4745852947235107,10.554239273071289
1753053491708,-0.5249287486076355,-2.804208755493164,8.069058418273926
1753053491757,,-3.666121244430542,
1753053491758,-1.4107834100723267,,10.003573417663574
1753053491808,-0.7164648771286011,-3.0867245197296143,8.849568367004395
1753053491857,-1.2814964056015015,-3.6709096431732178,9.64923095703125
1753053491908,-0.6685808300971985,-3.1920695304870605,9.146449089050293
1753053491957,,-3.383605480194092,
1753053491958,-1.3341689109802246,-3.5942952632904053,9.424176216125488
1753053492008,-0.6925228238105774,-3.560776472091675,9.812037467956543
1753053492057,,-3.5655648708343506,
1753053492058,-1.2575544118881226,,9.266159057617188
1753053492108,-1.1139023303985596,-3.465008497238159,10.032303810119629
1753053492157,-0.9127894043922424,-3.225588321685791,8.950124740600586
1753053492208,-1.1426327228546143,-3.642179250717163,9.658807754516602
1753053492257,-0.7260416746139526,-2.828150749206543,8.03075122833252
1753053492308,-1.2862848043441772,-3.2399535179138184,9.017162322998047
1753053492357,-0.41958385705947876,-2.981379747390747,8.140884399414062
1753053492358,,,7.255029678344727
1753053492409,-1.2623428106307983,-3.1489737033843994,9.30925464630127
1753053492457,-0.558447539806366,-3.0101101398468018,7.9397711753845215
1753053492508,-1.0755951404571533,-3.134608507156372,
1753053492509,-1.30543851852417,,9.156025886535645
1753053492557,,-3.268683910369873,
1753053492558,-0.5345055460929871,,9.098565101623535
1753053492608,-0.8984242081642151,-2.7898435592651367,8.183979988098145
1753053492657,-1.1857284307479858,-3.5464112758636475,9.601346969604492
1753053492708,-0.7499836683273315,-2.8329391479492188,7.6764092445373535
1753053492758,,-3.4745852947235107,
1753053492759,-0.5249287486076355,-2.5504233837127686,10.932523727416992
1753053492807,,-3.335721492767334,
1753053492808,-1.4107834100723267,,8.825626373291016
1753053492858,-1.544858694076538,-3.3883938789367676,9.730634689331055
1753053492907,-0.13706804811954498,-3.0867245197296143,10.592546463012695
1753053492958,-1.1617863178253174,-3.09151291847229,8.136096000671387
1753053493007,,-2.095525026321411,
1753053493008,-1.1761516332626343,,6.1536970138549805
1753053493058,-1.2575544118881226,-4.422688961029053,11.756129264831543
1753053493107,-0.3669114112854004,-3.311779499053955,8.016386032104492
1753053493158,-1.0229226350784302,-2.871246337890625,
1753053493159,,,9.510367393493652
1753053493207,-0.960673451423645,-3.824138641357422,10.084976196289062
1753053493258,-1.3150153160095215,-3.6709096431732178,
1753053493259,,,9.136872291564941
1753053493307,-0.7978677153587341,-3.737947463989258,11.588534355163574
1753053493358,-0.74040687084198,-2.93349552154541,8.160037994384766
1753053493407,-1.7842788696289062,-3.694851875305176,
1753053493408,,,12.287641525268555
1753053493458,0.025737667456269264,-2.9957449436187744,7.575852870941162
1753053493507,-1.5640122890472412,-3.53204607963562,10.559027671813965
1753053493558,-0.44831427931785583,-2.986168146133423,7.83921480178833
1753053493607,,-3.488950490951538,
1753053493608,-1.7172411680221558,,9.476848602294922
1753053493658,,-2.9478609561920166,
1753053493659,-0.18974047899246216,,8.768165588378906
1753053493707,-1.4826093912124634,-3.378817081451416,9.606135368347168
1753053493758,-1.0085574388504028,-3.488950490951538,8.97885513305664
1753053493807,,-3.3931822776794434,
1753053493808,-0.9367313981056213,,9.610923767089844
1753053493858,,-3.579930067062378,
1753053493859,-1.0229226350784302,,10.00836181640625
1753053493907,,-3.048417329788208,
1753053493908,-1.247977614402771,,8.327631950378418
1753053493958,-1.2000936269760132,-4.092289447784424,
1753053493959,-0.3860650360584259,,11.4448823928833
1753053494007,-0.7691373229026794,-2.8808231353759766,
1753053494008,-1.6837223768234253,,7.3651628494262695
1753053494058,-1.4634557962417603,-4.322132587432861,12.115259170532227
1753053494108,,-3.421912670135498,
1753053494109,-1.0708067417144775,-3.8097734451293945,8.969278335571289
1753053498690,-0.922366201877594,-3.00053334236145,9.821614265441895
1753053498692,,-2.7275943756103516,
1753053498693,0.5333084464073181,-3.09151291847229,
1753053498697,-0.6063315868377686,-3.824138641357422,9.625288963317871
1753053498748,,-4.0779242515563965,
1753053498749,-1.7603367567062378,,11.578957557678223
1753053498799,,-2.344521999359131,
1753053498800,0.7344213724136353,,10.70746898651123
1753053498848,,-2.890399932861328,
1753053498849,-1.0372878313064575,-2.2870612144470215,10.85590934753418
1753053498899,,-2.076371431350708,
1753053498900,-0.5728127360343933,-2.3684639930725098,7.154473304748535
1753053498948,0.0975637212395668,-2.631826162338257,10.740987777709961
1753053499030,-0.5392939448356628,-2.521692991256714,
1753053499031,,,6.895899295806885
1753053499035,-0.7260416746139526,-3.0867245197296143,10.185532569885254
1753053499082,,-2.009333848953247,
1753053499083,0.5620388388633728,-2.631826162338257,7.360374450683594
1753053499133,-0.4818331003189087,-3.9677908420562744,11.650784492492676
1753053499181,,-2.430713176727295,
1753053499182,-0.1562216579914093,-3.709217071533203,7.097012519836426
1753053499233,-0.2950853705406189,-3.005321741104126,11.741764068603516
1753053499282,0.15023615956306458,-3.1968579292297363,10.664372444152832
1753053499455,,-2.646191358566284,
1753053499456,-0.9702502489089966,-3.90554141998291,8.174403190612793
1753053499465,,-2.009333848953247,
1753053499466,-0.10833762586116791,,8.629301071166992
1753053499517,0.5428852438926697,-2.4450783729553223,8.883087158203125
1753053499567,-0.38127660751342773,-2.8999767303466797,8.289324760437012
1753053499618,-0.6302735805511475,-2.057217836380005,8.160037994384766
1753053499667,-0.08439560979604721,-2.852092742919922,9.16081428527832
1753053499717,,-2.65097975730896,
1753053499718,-0.7978677153587341,-2.449866771697998,8.658031463623047
1753053499767,-0.3477577865123749,-2.890399932861328,9.390657424926758
1753053499817,,-3.450643301010132,
1753053499818,-0.40043023228645325,-3.00053334236145,10.721834182739258
1753053499867,-0.5201402902603149,-3.268683910369873,11.07138729095459
1753053499917,,-3.134608507156372,
1753053499918,-0.1562216579914093,,11.01392650604248
1753053499966,,-2.5073277950286865,
1753053499967,0.08798690885305405,-2.722805976867676,9.773730278015137
1753053500018,-0.23283611238002777,-3.3883938789367676,11.01392650604248
1753053500067,-0.5249287486076355,-1.8704700469970703,6.766612529754639
1753053500118,-0.4578910768032074,-2.6366145610809326,10.635642051696777
1753053500167,0.08798690885305405,-2.4642322063446045,7.954136371612549
1753053500217,-1.0229226350784302,-2.718017578125,
1753053500218,-0.8792705535888672,,8.792107582092285
1753053500267,0.0017956512747332454,-2.65097975730896,9.898228645324707
1753053500317,,-2.627037763595581,
1753053500318,-0.18974047899246216,,8.614935874938965
1753053500366,,-3.115454912185669,
1753053500367,-0.10354922711849213,-2.7898435592651367,10.343549728393555
1753053500418,-0.21847090125083923,-2.6605565547943115,9.06983470916748
1753053500466,,-2.607884168624878,
1753053500467,0.08798690885305405,-2.603095769882202,10.123283386230469
1753053500517,,-3.2207999229431152,
1753053500518,-0.2950853705406189,-3.0101101398468018,9.448118209838867
1753053500566,,-2.296638011932373,
1753053500567,-0.39564183354377747,-2.670133352279663,8.289324760437012
1753053500617,,-2.9478609561920166,
1753053500618,0.04010287672281265,-2.785055160522461,10.147225379943848
1753053500666,-0.4531026780605316,-2.785055160522461,
1753053500667,-0.32860419154167175,,9.68274974822998
1753053500718,0.34656068682670593,-2.4833858013153076,9.12729549407959
1753053500719,,,8.466495513916016
1753053500767,,-2.497750997543335,
1753053500768,0.020949264988303185,,
1753053500793,-0.25677812099456787,-2.6557681560516357,8.294113159179688
1753053500843,-0.9175778031349182,-3.1872811317443848,
1753053500844,,,9.941324234008789
1753053500894,-0.6159083843231201,-2.0428526401519775,7.71471643447876
1753053500943,,-1.9853917360305786,
1753053500944,-0.08918401598930359,,7.944559574127197
1753053500994,-0.639850378036499,-3.3931822776794434,9.936535835266113
1753053501043,-0.4387374520301819,-2.7467479705810547,7.662044048309326
1753053501094,-0.8601169586181641,-2.919130325317383,11.157578468322754
1753053501143,-0.3429693877696991,-3.2591071128845215,10.276512145996094
1753053501194,-0.11312603205442429,-2.895188331604004,10.827178955078125
1753053501243,0.011372458189725876,-3.5272576808929443,10.602123260498047
1753053501244,,,12.062586784362793
1753053501295,,-3.005321741104126,
1753053501297,-0.5536591410636902,,10.544662475585938
1753053501344,-0.4100070297718048,-3.201646327972412,10.994772911071777
1753053501394,,-2.1051018238067627,
1753053501395,-0.13706804811954498,,8.351573944091797
1753053501443,,-2.603095769882202,
1753053501444,-0.5728127360343933,-2.6174609661102295,9.333196640014648
1753053501494,,-2.4355015754699707,
1753053501495,-0.6590040326118469,,8.509591102600098
1753053501543,,-2.722805976867676,
1753053501544,-0.11791443079710007,,9.031527519226074
1753053501594,,-2.5695769786834717,
1753053501595,-0.14664486050605774,,9.510367393493652
1753053501643,,-3.024475336074829,
1753053501644,-0.5536591410636902,-3.2974143028259277,9.304466247558594
1753053501694,-0.5201402902603149,-2.7275943756103516,
1753053501695,,,9.625288963317871
1753053501743,-0.5057750940322876,-3.0771477222442627,10.13286018371582
1753053501794,-0.2998737692832947,-2.670133352279663,
1753053501795,,,9.840767860412598
1753053501989,-0.4339490532875061,-2.7467479705810547,9.084199905395508
1753053502041,-0.40043023228645325,-2.670133352279663,
1753053502042,-0.596754789352417,,8.145672798156738
1753053502091,,-2.689286947250366,
1753053502092,-0.44352585077285767,-2.6222493648529053,10.702680587768555
1753053502141,0.11192893236875534,-2.8999767303466797,8.969278335571289
1753053502191,-0.67815762758255,-3.244741916656494,11.301230430603027
1753053502241,0.17896658182144165,-3.067570924758911,10.381856918334961
1753053502291,,-2.7754783630371094,
1753053502292,-0.7547720670700073,,9.208698272705078
1753053503794,-0.30945056676864624,-2.588730573654175,7.925405979156494
1753053503798,-1.5161281824111938,-3.5703532695770264,10.377068519592285
1753053503850,,-4.250306606292725,
1753053503852,-0.35733461380004883,-2.8856115341186523,13.575721740722656
1753053503899,,-3.9630024433135986,
1753053503902,0.7823054194450378,-3.469796895980835,11.799224853515625
1753053503950,,-3.1441853046417236,
1753053503951,-0.8984242081642151,-4.020462989807129,9.553462982177734
1753053504000,-1.1234791278839111,-2.387617588043213,8.140884399414062
1753053504051,-0.17537526786327362,-3.311779499053955,9.744999885559082
1753053504100,-0.5488707423210144,-2.9765913486480713,6.65169095993042
1753053505029,,-3.311779499053955,
1753053505030,-0.9894038438796997,-3.158550500869751,10.228628158569336
1753053505037,-0.4100070297718048,-1.9231425523757935,6.364386558532715
1753053505038,,,9.112930297851562
1753053505089,,-2.938283920288086,
1753053505090,-0.884058952331543,-3.1250317096710205,8.31326675415039
1753053505138,,-2.1481974124908447,
1753053505139,-0.314238965511322,,7.288548469543457
1753053528271,,-4.087501049041748,
1753053528272,-1.0372878313064575,-2.938283920288086,
1753053528273,-2.9909565448760986,,
1753053528277,-2.2008697986602783,,
1753053528278,-0.9558850526809692,,10.76492977142334
1753053528279,,,9.740211486816406
1753053528280,,,7.982867240905762
1753053528281,,,9.749788284301758
1753053528283,,-3.953425645828247,
1753053528284,,-3.316567897796631,
1753053528285,-0.17537526786327362,-4.800972938537598,
1753053528329,,-3.2974143028259277,
1753053528330,0.09277531504631042,-2.93349552154541,10.027515411376953
1753053528381,-0.9750386476516724,-3.6900634765625,9.630077362060547
1753053528430,,-3.3500866889953613,
1753053528431,0.1885433793067932,,9.52473258972168
1753053528489,-0.40043023228645325,-3.1872811317443848,9.907805442810059
1753053528492,-0.3429693877696991,-3.536834478378296,9.75936508178711
1753053528540,-0.960673451423645,-3.359663486480713,
1753053528541,-0.2902969419956207,,9.46727180480957
1753053528591,0.31783026456832886,-2.828150749206543,9.55825138092041
1753053528641,-0.228047713637352,-3.287837505340576,9.424176216125488
1753053528690,,-3.9007530212402344,
1753053528691,-0.4866214990615845,,9.783307075500488
1753053528741,-0.6590040326118469,-3.134608507156372,8.183979988098145
1753053528790,0.47584760189056396,-3.512892484664917,
1753053528791,,,10.022727012634277
1753053528841,-1.2862848043441772,-3.843292236328125,9.00279712677002
1753053531062,0.04967968538403511,-3.0436289310455322,
1753053531063,-0.9558850526809692,,8.456918716430664
1753053531111,-0.3381809890270233,-3.5416228771209717,9.438541412353516
1753053531162,-0.5345055460929871,-3.3261446952819824,8.614935874938965
1753053531210,,-3.5272576808929443,
1753053531211,-0.8936358094215393,,8.662819862365723
1753053531262,-1.7220295667648315,-3.7187938690185547,8.112154006958008
1753053531311,-1.2527660131454468,-3.934272050857544,8.523956298828125
1753053533268,,-3.6996402740478516,
1753053533270,-1.4107834100723267,-3.8959646224975586,8.480860710144043
1753053533319,-2.7994203567504883,-4.647744178771973,8.67718505859375
1753053533369,-3.029263734817505,-4.4705729484558105,7.293336868286133
1753053533370,,,8.868721961975098
1753053533420,-1.9518729448318481,-4.207211017608643,9.965266227722168
1753053533469,-2.3780407905578613,-4.149750232696533,8.672396659851074
1753053533520,-1.9662381410598755,-3.8289270401000977,8.102577209472656
1753053534458,,-3.8337154388427734,
1753053534459,-2.0045454502105713,,8.217498779296875
1753053534465,-1.9087773561477661,-4.259883403778076,8.868721961975098
1753053534466,,,8.634089469909668
1753053534514,-1.4299370050430298,-3.7618894577026367,8.413823127746582
1753053534563,-2.301426410675049,-4.269460201263428,9.141660690307617
1753053548690,,-3.737947463989258,
1753053548691,-1.4155718088150024,,
1753053548692,-1.425148606300354,,
1753053548693,0.05925649031996727,,8.768165588378906
1753053548694,-1.449090600013733,-3.7666778564453125,9.931747436523438
1753053548695,-1.9231425523757935,-3.5033156871795654,10.1568021774292
1753053548696,-1.932719349861145,-3.7618894577026367,8.629301071166992
1753053548747,-1.9422961473464966,-4.326920986175537,
1753053548748,-1.899200439453125,,9.084199905395508
1753053548799,,-3.7283706665039062,
1753053548800,-2.081159830093384,,7.709928035736084
1753053548848,-2.3971943855285645,-4.43705415725708,9.179967880249023
1753053548899,-1.8465280532836914,-4.202422618865967,8.796895980834961
1753053548948,-2.3971943855285645,-4.34607458114624,8.523956298828125
1753053548992,-2.1098902225494385,-4.154538631439209,8.543109893798828
1753053549040,,-3.8720226287841797,
1753053549041,-2.0236990451812744,,8.471283912658691
1753053549090,-1.8944120407104492,-3.891176223754883,8.18876838684082
1753053549141,,-4.408323764801025,
1753053549142,-2.3924059867858887,-4.595071792602539,8.830414772033691
1753053549191,-2.0907366275787354,-4.216787815093994,9.136872291564941
1753053550697,-1.731606364250183,-3.7618894577026367,8.303689956665039
1753053550707,-0.7068880796432495,-3.354875087738037,9.112930297851562
1753053550758,-1.0755951404571533,-3.4123358726501465,9.496002197265625
1753053550803,-1.0660183429718018,-3.402759075164795,9.112930297851562
1753053550852,-0.9750386476516724,-3.426701068878174,9.725846290588379
1753053550903,-0.922366201877594,-2.8377275466918945,8.710704803466797
1753053550952,-0.2232593148946762,-2.5743653774261475,9.333196640014648
1753053551003,-0.0077811554074287415,-2.5312697887420654,9.46727180480957
1753053551151,-0.21368250250816345,-2.722805976867676,9.261370658874512
1753053551157,-0.37169981002807617,-2.7994203567504883,9.52473258972168
1753053551208,,-2.957437753677368,
1753053551209,-0.3621230125427246,-2.828150749206543,9.91738224029541
1753053551259,,-2.583942174911499,
1753053551260,0.025737667456269264,,9.237428665161133
1753053551308,,-2.5983073711395264,
1753053551309,-0.16101007163524628,-2.674921751022339,9.103353500366211
1753053551359,,-2.7994203567504883,
1753053551360,-0.40043023228645325,-2.8185739517211914,9.208698272705078
1753053551408,,-2.5552117824554443,
1753053551409,-0.3669114112854004,,9.199121475219727
1753053551459,,-2.607884168624878,
1753053551460,-0.32381579279899597,,9.165602684020996
1753053551508,,-2.6414029598236084,
1753053551509,0.06883329898118973,,9.644442558288574
1753053551560,-0.5871779918670654,-3.1729156970977783,9.701904296875
1753053551609,-0.2232593148946762,-2.866457939147949,10.032303810119629
1753053551659,,-2.7036523818969727,
1753053551660,-0.26156654953956604,-2.866457939147949,9.28531265258789
1753053551708,,-2.6222493648529053,
1753053551709,0.23163901269435883,-2.5025393962860107,9.75936508178711
1753053551759,,-2.234388828277588,
1753053551760,-0.19931729137897491,,8.935759544372559
1753053551808,,-2.5935189723968506,
1753053551809,-0.18495208024978638,-2.6174609661102295,9.639654159545898
1753053551860,-0.10833762586116791,-2.6222493648529053,9.25179386138916
1753053551908,,-2.564788579940796,
1753053551909,-0.37169981002807617,,9.357138633728027
1753053551959,,-2.761113166809082,
1753053551960,-0.20889410376548767,-2.7754783630371094,9.874286651611328
1753053552008,,-2.6797101497650146,
1753053552009,-0.40521863102912903,-2.780266761779785,9.189544677734375
1753053552059,,-2.8425159454345703,
1753053552060,-0.5105634927749634,-2.876034736633301,9.601346969604492
1753053552108,,-2.6414029598236084,
1753053552109,-0.2711433470249176,-2.411559581756592,9.606135368347168
1753053552159,,-2.205658197402954,
1753053552160,-0.041299980133771896,,9.122507095336914
1753053552208,,-2.564788579940796,
1753053552209,-0.11791443079710007,-2.823362350463867,9.371503829956055
1753053552259,-0.8984242081642151,-3.0101101398468018,
1753053552260,-0.6925228238105774,,9.721057891845703
1753053552308,0.1693897694349289,-2.607884168624878,9.563039779663086
1753053552359,-0.4770447015762329,-2.919130325317383,9.768941879272461
1753053552408,,-2.2008697986602783,
1753053552409,-0.002992752008140087,,8.78731918334961
1753053552459,,-1.8800468444824219,
1753053552460,-0.6685808300971985,-2.143409013748169,8.169614791870117
1753053552508,,-2.3540987968444824,
1753053552509,-0.16579847037792206,,9.452906608581543
1753053552560,-0.37169981002807617,-2.5025393962860107,
1753053552561,-0.4291606545448303,,9.366715431213379
1753053552608,,-2.4163479804992676,
1753053552609,-0.19931729137897491,,9.428964614868164
1753053552659,,-2.5073277950286865,
1753053552660,-0.6829460263252258,-2.5456349849700928,8.825626373291016
1753053552708,,-2.718017578125,
1753053552709,0.1454477459192276,,10.137648582458496
1753053552759,,-2.358887195587158,
1753053552760,-0.1801636815071106,-2.358887195587158,9.390657424926758
1753053552809,,-2.588730573654175,
1753053552810,-0.8122329115867615,,8.85435676574707
1753053552859,,-2.65097975730896,
1753053552860,-0.07481880486011505,,9.879075050354004
1753053552908,,-2.603095769882202,
1753053552909,-0.12270283699035645,-2.9526493549346924,9.045892715454102
1753053552959,,-3.206434726715088,
1753053552960,-0.6733692288398743,,9.721057891845703
1753053553008,,-2.6126725673675537,
1753053553009,-0.5440823435783386,,9.247005462646484
1753053553059,,-2.8377275466918945,
1753053553060,-0.21847090125083923,,9.203909873962402
1753053553108,,-2.5791537761688232,
1753053553109,-0.40521863102912903,,8.97885513305664
1753053553159,,-2.7754783630371094,
1753053553160,-0.40521863102912903,-2.866457939147949,9.424176216125488
1753053553208,,-2.8425159454345703,
1753053553209,-0.4866214990615845,-2.93349552154541,9.199121475219727
1753053553259,,-3.0388405323028564,
1753053553260,-0.5680243372917175,,9.539097785949707
1753053553308,-0.6254851818084717,-3.1010897159576416,10.003573417663574
1753053553359,,-2.7706899642944336,
1753053553360,-0.1801636815071106,-2.607884168624878,9.266159057617188
1753053553408,,-2.80899715423584,
1753053553409,-0.4100070297718048,-2.9670145511627197,9.156025886535645
1753053553459,,-3.1202433109283447,
1753053553460,-0.46746787428855896,,9.85034465789795
1753053553508,,-2.722805976867676,
1753053553509,-0.002992752008140087,,9.290101051330566
1753053553559,,-3.230376720428467,
1753053553560,-0.4770447015762329,-3.1872811317443848,9.835979461669922
1753053553609,-0.12749123573303223,-2.9095535278320312,9.606135368347168
1753053553661,-0.28550854325294495,-2.7323827743530273,9.481637001037598
1753053553709,-0.03651157766580582,-2.7467479705810547,9.323619842529297
1753053553759,,-2.8137855529785156,
1753053553760,-0.4626794755458832,-2.9287071228027344,9.28531265258789
1753053553761,,,9.409811019897461
1753053553809,-0.2998737692832947,-3.053205728530884,9.424176216125488
1753053553859,,-3.3261446952819824,
1753053553860,-1.061229944229126,-3.2782607078552246,9.395445823669434
1753053553908,,-2.9287071228027344,
1753053553909,,-2.9047651290893555,
1753053553960,-0.7595604658126831,-3.005321741104126,9.40023422241211
1753053554008,,-2.895188331604004,
1753053554009,-0.14185644686222076,,9.472060203552246
1753053554060,-0.5632359385490417,-2.6653449535369873,8.648454666137695
1753053554109,,-3.110666513442993,
1753053554110,-0.4531026780605316,-2.8377275466918945,9.414599418640137
1753053554158,,-2.823362350463867,
1753053554159,-0.3621230125427246,-3.1920695304870605,9.337985038757324
1753053554210,-0.4531026780605316,-3.225588321685791,9.697115898132324
1753053554258,,-3.177704095840454,
1753053554259,-0.5728127360343933,,9.658807754516602
1753053554309,,-2.9526493549346924,
1753053554310,-0.558447539806366,,9.065046310424805
1753053554358,,-2.847304344177246,
1753053554359,-0.5153518915176392,-3.0627825260162354,9.060257911682129
1753053554409,,-3.1298201084136963,
1753053554410,-0.7212532758712769,-3.029263734817505,9.136872291564941
1753053554458,,-2.80899715423584,
1753053554459,-0.44831427931785583,,9.00279712677002
1753053554509,,-2.7036523818969727,
1753053554510,-0.4770447015762329,-2.7084407806396484,8.849568367004395
1753053554560,-0.778714120388031,-3.2830491065979004,9.582193374633789
1753053554609,,-3.330933094024658,
1753053554610,-0.6302735805511475,-2.852092742919922,9.706692695617676
1753053554658,,-3.287837505340576,
1753053554659,-1.1234791278839111,,9.09377670288086
1753053554709,-0.9463081955909729,-3.493738889694214,
1753053554710,,,9.831191062927246
1753053554758,-0.6637924313545227,-2.8999767303466797,9.060257911682129
1753053554809,,-3.201646327972412,
1753053554810,-0.5345055460929871,-3.053205728530884,9.869498252868652
1753053554858,,-3.0627825260162354,
1753053554859,-0.922366201877594,,9.170391082763672
1753053554909,,-3.230376720428467,
1753053554910,-0.7308300733566284,,9.620500564575195
1753053554958,,-2.689286947250366,
1753053554959,-0.37648820877075195,-2.9239187240600586,9.06983470916748
1753053555009,,-3.3883938789367676,
1753053555010,-1.003769040107727,,9.40023422241211
1753053555059,-0.15143325924873352,-2.583942174911499,8.55268669128418
1753053555109,,-2.9718029499053955,
1753053555110,-0.8601169586181641,,8.868721961975098
1753053555158,,-3.0627825260162354,
1753053555159,-0.41958385705947876,-3.072359323501587,8.811261177062988
1753053555210,-0.7451952695846558,-3.1441853046417236,9.845556259155273
1753053555258,,-3.3692402839660645,
1753053555259,-0.8265981078147888,,9.084199905395508
1753053555309,,-3.0101101398468018,
1753053555310,-0.5345055460929871,,9.314043045043945
1753053555358,,-3.560776472091675,
1753053555359,-0.8744821548461914,-3.2638955116271973,10.128071784973145
1753053555410,,-3.115454912185669,
1753053555411,-0.6063315868377686,,9.414599418640137
1753053555458,,-3.1489737033843994,
1753053555459,,-3.2399535179138184,
1753053555460,-0.884058952331543,,9.428964614868164
1753053555509,,-3.1968579292297363,
1753053555510,-0.7643488645553589,-3.048417329788208,9.314043045043945
1753053555558,,-2.627037763595581,
1753053555559,-0.041299980133771896,,9.203909873962402
1753053555609,,-2.8616695404052734,
1753053555610,-0.42437225580215454,-3.0867245197296143,8.993220329284668
1753053555658,,-2.938283920288086,
1753053555659,-0.5153518915176392,,9.031527519226074
1753053558952,-1.0372878313064575,-3.4362781047821045,9.419387817382812
1753053558953,,,9.1847562789917
1753053558955,-1.104325532913208,-3.450643301010132,9.06983470916748
1753053559002,,-3.201646327972412,
1753053559003,-0.37169981002807617,,9.170391082763672
1753053559053,-1.1713632345199585,-3.6709096431732178,
1753053559054,-0.8122329115867615,,9.912593841552734
1753053559103,-0.3477577865123749,-2.7706899642944336,8.634089469909668
1753053559153,-0.9846154451370239,-3.4554316997528076,9.692327499389648
1753053559201,-0.3860650360584259,-2.804208755493164,8.605359077453613
1753053559250,,-3.1250317096710205,
1753053559251,-0.5632359385490417,-3.6326024532318115,9.443329811096191
1753053559300,-1.0324994325637817,-3.536834478378296,9.361927032470703
1753053559350,-0.4578910768032074,-2.718017578125,8.49522590637207
1753053559400,-0.4578910768032074,-3.2974143028259277,9.314043045043945
1753053559450,,-2.8616695404052734,
1753053559451,-0.7595604658126831,-2.9239187240600586,8.634089469909668
1753053563925,,-3.316567897796631,
1753053563926,-0.7164648771286011,-2.430713176727295,
1753053563927,,,9.788095474243164
1753053563976,-0.37169981002807617,-2.9670145511627197,8.988431930541992
1753053564023,-1.0995371341705322,-3.4171242713928223,9.189544677734375
1753053564072,,-2.9670145511627197,
1753053564073,-0.6111199855804443,,9.108141899108887
1753053564123,,-3.2638955116271973,
1753053564124,-0.8361749649047852,-3.292625904083252,9.385869026184082
1753053564172,,-2.9095535278320312,
1753053564173,-0.3429693877696991,-3.1298201084136963,9.37629222869873
1753053564223,-0.8984242081642151,-3.5942952632904053,9.95090103149414
1753053565199,-0.2663549482822418,-2.895188331604004,8.442553520202637
1753053565204,-0.7739257216453552,-3.421912670135498,9.744999885559082
1753053565255,-0.37169981002807617,-3.134608507156372,8.844779968261719
1753053565256,,,9.821614265441895
1753053565306,-1.5400702953338623,-3.603872060775757,9.654019355773926
1753053567817,-0.37648820877075195,-2.7946319580078125,
1753053567818,-0.23762452602386475,,9.40023422241211
1753053567821,-1.204882025718689,-3.555988073348999,9.5007905960083
1753053567871,-0.9463081955909729,-3.5176808834075928,9.567828178405762
1753053567922,-0.8696937561035156,-3.4602200984954834,9.5007905960083
1753053567972,-0.922366201877594,-3.244741916656494,8.61972427368164
1753053568022,,-3.4410665035247803,
1753053568023,-1.1761516332626343,,9.405022621154785
1753053568072,-0.7882909178733826,-3.512892484664917,10.185532569885254
1753053568123,-0.6350619792938232,-2.8808231353759766,8.231863975524902
1753053568172,-1.6310498714447021,-3.891176223754883,9.788095474243164
1753053568222,-0.639850378036499,-3.1058781147003174,
1753053568223,-0.7691373229026794,,9.09377670288086
1753053568271,,-3.4745852947235107,
1753053568272,-0.9654618501663208,,9.428964614868164
1753053568322,,-3.029263734817505,
1753053568323,-0.23762452602386475,,9.108141899108887
1753053568371,,-3.6804866790771484,
1753053568372,-1.18094003200531,-3.599083662033081,9.697115898132324
1753053568422,,-3.292625904083252,
1753053568423,-0.778714120388031,,8.839991569519043
1753053568471,,-3.6517560482025146,
1753053568472,-1.1234791278839111,-3.153762102127075,10.262146949768066
1753053568522,-0.21847090125083923,-2.588730573654175,
1753053568523,,,7.944559574127197
1753053568571,,-3.134608507156372,
1753053568572,-0.8122329115867615,,8.667608261108398
1753053568622,,-3.9007530212402344,
1753053568623,-1.2192472219467163,,9.869498252868652
1753053568672,-0.8026561141014099,-3.115454912185669,
1753053568673,,,8.696338653564453
1753053568722,-1.0420763492584229,-3.421912670135498,9.242217063903809
1753053568771,-0.9989806413650513,-3.3931822776794434,9.52473258972168
1753053568822,-1.3389573097229004,-3.5942952632904053,9.409811019897461
1753053568856,-0.8313865661621094,-3.2782607078552246,8.926182746887207
1753053568859,,-3.618237257003784,
1753053568860,-1.061229944229126,,9.75936508178711
1753053568925,,-3.3883938789367676,
1753053568926,-1.1522095203399658,-2.9957449436187744,9.677961349487305
1753053568993,,-3.024475336074829,
1753053568994,-0.6494272351264954,-3.3213562965393066,9.156025886535645
1753053569059,,-3.685275077819824,
1753053569060,-1.0708067417144775,,9.543886184692383
1753053569126,-0.8265981078147888,-3.244741916656494,9.68274974822998
1753053569193,,-3.230376720428467,
1753053569194,-0.7739257216453552,-3.244741916656494,9.117718696594238
1753053569259,,-3.3213562965393066,
1753053569260,-0.8505401611328125,-3.579930067062378,9.156025886535645
1753053569326,,-3.603872060775757,
1753053569327,-1.1378443241119385,,9.476848602294922
1753053569393,,-2.919130325317383,
1753053569394,-0.6302735805511475,-3.359663486480713,8.265382766723633
1753053569459,,-3.1250317096710205,
1753053569460,-0.6350619792938232,-3.3261446952819824,9.074623107910156
1753053569526,,-3.5847184658050537,
1753053569527,-1.5352818965911865,,9.654019355773926
1753053569593,,-2.7994203567504883,
1753053569594,-0.11791443079710007,-3.2207999229431152,8.883087158203125
1753053569659,,-3.560776472091675,
1753053569660,-0.8936358094215393,-3.6565444469451904,9.687539100646973
1753053569726,,-3.3883938789367676,
1753053569727,-0.9367313981056213,,9.381080627441406
1753053569794,-0.5871779918670654,-3.153762102127075,9.28531265258789
1753053569859,,-3.6326024532318115,
1753053569860,-1.3341689109802246,-3.397970676422119,9.596558570861816
1753053569926,-0.7835025191307068,-3.110666513442993,8.830414772033691
1753053569927,,,8.97885513305664
1753053569993,-1.18094003200531,-3.445854902267456,9.122507095336914
1753053570060,,-2.8377275466918945,
1753053570061,-0.35254621505737305,,9.045892715454102
1753053570126,-0.9080010056495667,-3.268683910369873,8.935759544372559
1753053570192,-0.6829460263252258,-2.9670145511627197,9.041104316711426
1753053570260,-0.4578910768032074,-2.9718029499053955,9.294889450073242
1753053570326,,-2.890399932861328,
1753053570327,-0.6254851818084717,-3.0340521335601807,8.749011993408203
1753053570393,-0.7116764783859253,-3.115454912185669,9.381080627441406
1753053570460,,-2.8808231353759766,
1753053570461,-0.19931729137897491,-2.847304344177246,9.831191062927246
1753053570526,,-2.9526493549346924,
1753053570527,-0.21847090125083923,,9.644442558288574
1753053570593,-0.2998737692832947,-2.698863983154297,8.921394348144531
1753053570660,,-2.5791537761688232,
1753053570661,-0.28550854325294495,,9.37629222869873
1753053570726,0.08798690885305405,-2.722805976867676,
1753053570727,,,9.318831443786621
1753053570793,-0.28550854325294495,-2.5695769786834717,9.610923767089844
1753053570860,,-2.449866771697998,
1753053570861,0.3321954905986786,-2.4211363792419434,9.95090103149414
1753053570926,,-2.7275943756103516,
1753053570927,-0.12270283699035645,,9.687539100646973
1753053570993,-0.055665191262960434,-2.674921751022339,9.481637001037598
1753053571060,0.2890998423099518,-2.1912930011749268,
1753053571061,0.6003460884094238,,9.050681114196777
1753053571126,,-2.9095535278320312,
1753053571127,-0.06524199992418289,,9.97484302520752
1753053571193,-0.35733461380004883,-2.785055160522461,9.510367393493652
1753053571260,,-2.11946702003479,
1753053571261,0.619499683380127,,9.337985038757324
1753053571326,-0.2232593148946762,-2.1960813999176025,
1753053571327,,,8.739435195922852
1753053571393,0.4902127981185913,-2.521692991256714,10.022727012634277
1753053571460,,-2.737171173095703,
1753053571461,-0.49140989780426025,,9.448118209838867
1753053571526,,-2.205658197402954,
1753053571527,-0.02214636653661728,,8.284536361694336
1753053571593,0.3274070918560028,-2.095525026321411,9.481637001037598
1753053571660,,-2.65097975730896,
1753053571661,0.40880993008613586,,10.755352973937988
1753053571726,-0.6350619792938232,-2.6222493648529053,
1753053571727,0.10235211998224258,,9.773730278015137
1753053571793,0.8637082576751709,-1.6837223768234253,8.169614791870117
1753053571860,,-3.0819361209869385,
1753053571861,0.3321954905986786,,11.301230430603027
1753053571926,,-2.2679076194763184,
1753053571927,-0.17058686912059784,,9.807249069213867
1753053571993,0.882861852645874,-2.5695769786834717,10.123283386230469
1753053572060,-0.42437225580215454,-2.962226152420044,
1753053572061,-0.74040687084198,,9.835979461669922
1753053572126,0.10714052617549896,-1.913565754890442,
1753053572127,0.41359832882881165,,8.193556785583496
1753053572192,,-2.6414029598236084,
1753053572193,1.0648212432861328,-2.0428526401519775,11.425728797912598
1753053572260,,-2.564788579940796,
1753053572261,-0.922366201877594,-3.560776472091675,7.796119213104248
1753053572327,0.7535749673843384,-2.3349452018737793,7.398681640625
1753053572393,0.8637082576751709,-1.975814938545227,10.19032096862793
1753053572460,,-2.473809003829956,
1753053572461,-0.07960720360279083,-1.932719349861145,10.62127685546875
1753053572526,,-2.5983073711395264,
1753053572527,0.15981295704841614,,9.754576683044434
1753053572593,-0.37648820877075195,-2.6653449535369873,9.055469512939453
1753053572660,,-2.4450783729553223,
1753053572661,0.2890998423099518,-3.1489737033843994,9.232640266418457
1753053572725,,-2.5504233837127686,
1753053572726,-0.6637924313545227,-2.871246337890625,8.073846817016602
1753053572793,,-2.363675594329834,
1753053572794,0.5524620413780212,,10.353126525878906
1753053572860,0.011372458189725876,-3.311779499053955,10.937312126159668
1753053572861,,,9.084199905395508
1753053575190,,-3.2591071128845215,
1753053575191,-1.468244194984436,-2.876034736633301,8.85435676574707
1753053575195,-0.6733692288398743,-3.139396905899048,9.64923095703125
1753053575263,,-3.0867245197296143,
1753053575264,-0.33339259028434753,,10.34833812713623
1753053575330,-0.228047713637352,-2.847304344177246,10.310030937194824
1753053575397,-1.1091139316558838,-3.1729156970977783,8.025962829589844
1753053575463,,-3.0340521335601807,
1753053575464,-0.9080010056495667,-3.3500866889953613,7.068282127380371
1753053580695,-1.14742112159729,-3.579930067062378,
1753053580696,-1.0708067417144775,,9.112930297851562
1753053580759,-0.060453593730926514,-2.387617588043213,
1753053580826,-0.01735796220600605,-2.6797101497650146,
1753053580827,,,10.25735855102539
1753053580892,-0.3477577865123749,-2.3301568031311035,8.298901557922363
1753053580958,,-2.9765913486480713,
1753053580959,0.5141547918319702,-2.823362350463867,11.018714904785156
1753053581046,-0.07960720360279083,-2.095525026321411,8.241440773010254
1753053581114,,-2.9718029499053955,
1753053581115,-0.596754789352417,,8.720281600952148
1753053581181,,-2.2248120307922363,
1753053581182,-0.07960720360279083,-2.521692991256714,8.145672798156738
1753053581248,-0.2711433470249176,-2.9287071228027344,9.567828178405762
1753053589328,-0.5153518915176392,-2.823362350463867,9.486425399780273
1753053589329,-0.6877344250679016,-2.162562608718872,
1753053589330,0.07841010391712189,,
1753053589331,-0.07481880486011505,,
1753053589332,-1.5209165811538696,,7.887098789215088
1753053589333,,-3.1633388996124268,7.891887187957764
1753053589334,,-3.3069911003112793,
1753053589395,0.06404489278793335,-3.292625904083252,
1753053589396,,,10.851120948791504
1753053589462,-0.7116764783859253,-3.4075474739074707,8.394669532775879
1753053589529,-0.21847090125083923,-2.741959571838379,8.485649108886719
1753053589625,-0.08439560979604721,-2.3684639930725098,7.9876556396484375
1753053589629,-0.2472013235092163,-3.5703532695770264,11.16236686706543
1753053589693,,-2.7323827743530273,
1753053589694,-0.2472013235092163,,7.542334079742432
1753053589760,0.5476736426353455,-2.7994203567504883,9.098565101623535
1753053589827,-1.0564415454864502,-3.575141668319702,
1753053589828,,,11.492766380310059
1753053589893,,-2.7898435592651367,
1753053589894,-0.5057750940322876,-3.6373908519744873,8.413823127746582
1753053589956,,-1.856104850769043,
1753053589957,-0.4100070297718048,-2.1769278049468994,6.493673324584961
1753053590020,,-2.8185739517211914,
1753053590021,-0.2519897222518921,-2.3684639930725098,10.774506568908691
1753053590088,-0.6494272351264954,-3.330933094024658,10.247781753540039
1753053590153,,-3.2830491065979004,
1753053590154,-0.6925228238105774,-2.981379747390747,10.3148193359375
1753053590220,0.36092591285705566,-2.6844985485076904,8.76337718963623
1753053590288,-0.7643488645553589,-3.53204607963562,10.669161796569824
1753053590354,-0.9415197968482971,-3.450643301010132,10.305242538452148
1753053590420,,-3.0579941272735596,
1753053590421,0.016160860657691956,,9.740211486816406
1753053590488,-0.9750386476516724,-3.311779499053955,9.385869026184082
1753053590554,-0.0077811554074287415,-2.919130325317383,8.605359077453613
1753053590620,,-3.153762102127075,
1753053590621,-1.0372878313064575,-3.024475336074829,8.413823127746582
1753053590687,,-2.9095535278320312,
1753053590688,-0.40043023228645325,-3.5176808834075928,8.739435195922852
1753053590754,-0.4100070297718048,-2.7515363693237305,8.543109893798828
1753053590820,,-3.6326024532318115,
1753053590821,-0.7739257216453552,-3.2543187141418457,10.750564575195312
1753053590888,-0.4531026780605316,-2.7275943756103516,8.930971145629883
1753053590954,-0.5153518915176392,-2.344521999359131,7.494450092315674
1753053591020,,-2.93349552154541,
1753053591021,-0.5105634927749634,-3.335721492767334,8.547898292541504
1753053591088,-0.922366201877594,-3.2782607078552246,10.448894500732422
1753053591154,-0.74040687084198,-3.4075474739074707,11.478401184082031
1753053591220,,-2.430713176727295,
1753053591221,0.1215057373046875,-2.387617588043213,8.830414772033691
1753053591288,-0.5392939448356628,-4.183269023895264,12.302006721496582
1753053591354,-0.9654618501663208,-3.5703532695770264,11.914146423339844
1753053591420,,-2.588730573654175,
1753053591421,-0.1801636815071106,-2.3349452018737793,7.149684906005859
1753053591487,-0.8601169586181641,-3.2974143028259277,8.447341918945312
1753053591488,,,7.101800918579102
1753053591554,-1.3868412971496582,-3.5511996746063232,8.538321495056152
1753053591620,,-3.053205728530884,
1753053591621,-1.688510775566101,-3.4362781047821045,5.765836238861084
1753053591688,-0.4770447015762329,-3.5176808834075928,11.55980396270752
1753053591754,-1.8800468444824219,-3.7666778564453125,10.329184532165527
1753053591820,-0.7164648771286011,-3.3405098915100098,9.984419822692871
1753053591888,-0.7356184720993042,-3.354875087738037,8.514379501342773
1753053591954,-1.4586673974990845,-2.5552117824554443,6.474519729614258
1753053592020,,-3.4602200984954834,
1753053592021,-0.6446388363838196,-3.493738889694214,8.485649108886719
1753053592088,-1.5352818965911865,-3.0436289310455322,9.199121475219727
1753053592154,-0.7116764783859253,-2.986168146133423,8.902240753173828
1753053592220,,-4.389170169830322,
1753053592221,-1.9087773561477661,-4.034828186035156,9.654019355773926
1753053592288,-1.0372878313064575,-2.698863983154297,7.642890453338623
1753053592354,-0.7499836683273315,-3.0101101398468018,6.699574947357178
1753053592420,,-4.489726543426514,
1753053592421,-1.2144588232040405,-3.244741916656494,13.494318962097168
1753053592488,-1.0133458375930786,-4.207211017608643,10.94688892364502
1753053592554,0.22685061395168304,-3.5272576808929443,9.764153480529785
1753053592620,,-4.197634220123291,
1753053592621,-0.7308300733566284,-3.469796895980835,9.831191062927246
1753053598445,-0.6111199855804443,-2.7084407806396484,7.8056960105896
1753053598450,,-3.096301317214966,
1753053598452,,-1.5209165811538696,
1753053598453,-1.3868412971496582,-0.6542156338691711,
1753053598454,-0.40521863102912903,,7.192780494689941
1753053598455,-0.21847090125083923,-3.206434726715088,9.43375301361084
1753053598523,-0.6206967830657959,-3.18249249458313,8.504802703857422
1753053598590,,-2.80899715423584,
1753053598591,-0.6925228238105774,-2.6222493648529053,8.480860710144043
1753053598653,-0.7930793166160583,-3.00053334236145,8.51916790008545
1753053598717,-0.821809709072113,-2.7563247680664062,7.604583263397217
1753053598783,,-2.9765913486480713,
1753053598784,-0.16101007163524628,-3.5033156871795654,8.739435195922852
1753053598850,-1.0468647480010986,-3.618237257003784,8.916605949401855
1753053599307,,-3.685275077819824,
1753053599308,-1.104325532913208,,9.352350234985352
1753053599376,,-3.7666778564453125,
1753053599377,-1.14742112159729,-3.7666778564453125,8.270171165466309
1753053599442,,-3.5224692821502686,
1753053599443,-0.7835025191307068,-4.1880574226379395,7.618948459625244
1753053600937,-1.4969745874404907,-4.025251388549805,8.85435676574707
1753053600942,-1.4203602075576782,-4.001309394836426,9.481637001037598
1753053601010,-1.688510775566101,-4.52803373336792,
1753053601011,,,8.859145164489746
1753053601078,-2.0859482288360596,-3.9630024433135986,9.673172950744629
1753053601143,-1.3533225059509277,-3.9438488483428955,
1753053601144,,,8.758588790893555
1753053601244,-1.027711033821106,-3.6134488582611084,8.648454666137695
1753053601248,-2.2487540245056152,-4.250306606292725,7.820061206817627
1753053601313,,-4.053982257843018,
1753053601314,-2.253542423248291,,8.710704803466797
1753053601379,,-4.0779242515563965,
1753053601380,-0.8553285598754883,,9.61571216583252
1753053601446,,-4.666897773742676,
1753053601447,-1.9183541536331177,,10.357914924621582
1753053602210,-0.8409633636474609,-4.063559055328369,9.189544677734375
1753053602215,-1.9710265398025513,-4.75308895111084,8.423399925231934
1753053602288,-1.3964180946350098,-4.240729808807373,7.800907611846924
1753053602350,-1.6789339780807495,-4.092289447784424,8.61972427368164
1753053602417,-1.5496470928192139,-4.015674591064453,8.624512672424316
1753053602483,-2.081159830093384,-4.365228176116943,9.55825138092041
1753053602550,-1.688510775566101,-3.7858314514160156,7.4800848960876465
1753053602617,,-4.901529312133789,
1753053602618,-2.8999767303466797,-5.040393352508545,9.21827507019043
1753053602683,,-4.058770656585693,
1753053602684,-1.6741455793380737,,7.9637131690979
1753053605629,-2.344521999359131,-5.155314922332764,
1753053605630,-1.9279309511184692,-4.202422618865967,9.725846290588379
1753053605631,-1.4730325937271118,,
1753053605634,,-2.5456349849700928,
1753053605635,0.3274070918560028,,8.265382766723633
1753053605703,,-2.914341926574707,
1753053605704,-0.3477577865123749,,11.109694480895996
1753053605770,-1.2384008169174194,-3.694851875305176,10.616488456726074
1753053605861,-0.8936358094215393,-2.564788579940796,6.101024627685547
1753053605864,0.9020155072212219,-2.7898435592651367,8.217498779296875
1753053605928,-1.2862848043441772,-2.2200236320495605,6.52719259262085
1753053605995,-2.1529858112335205,-3.450643301010132,7.331644058227539
1753053606062,-2.718017578125,-4.2550950050354,
1753053606063,0.14065934717655182,,9.00279712677002
1753053610777,,-3.666121244430542,
1753053610778,-0.4626794755458832,-3.225588321685791,11.416152000427246
1753053610779,-1.449090600013733,-3.78104305267334,9.361927032470703
1753053610780,-1.0947487354278564,-3.4985272884368896,9.232640266418457
1753053610784,-1.324592113494873,-3.5511996746063232,9.75936508178711
1753053610849,-0.07003039866685867,-2.9095535278320312,9.424176216125488
1753053610916,-2.981379747390747,-3.024475336074829,7.5902180671691895
1753053614340,,-3.3022027015686035,
1753053614341,-0.02214636653661728,-3.067570924758911,9.505578994750977
1753053614402,,-3.757101058959961,
1753053614403,-2.0715830326080322,,8.361150741577148
1753053614469,,-3.6996402740478516,
1753053614470,-0.6446388363838196,-3.555988073348999,9.045892715454102
1753053614536,0.36571431159973145,-3.1058781147003174,
1753053614537,,,10.238204956054688
1753053614604,-0.5153518915176392,-2.3110032081604004,7.8296380043029785
1753053614700,-0.7739257216453552,-4.2742486000061035,9.783307075500488
1753053614765,-1.5065513849258423,-3.402759075164795,9.52473258972168
1753053614831,,-3.9438488483428955,
1753053614832,-1.4395138025283813,,8.442553520202637
1753053614898,-0.6350619792938232,-3.5895068645477295,9.481637001037598
1753053614965,-1.9039889574050903,-4.3173441886901855,
1753053614966,,,10.175955772399902
1753053616725,-0.4770447015762329,-3.1729156970977783,9.381080627441406
1753053616726,,,10.98040771484375
1753053616730,-0.08439560979604721,-3.2638955116271973,10.19032096862793
1753053616731,,,9.352350234985352
1753053616799,-0.9127894043922424,-3.134608507156372,9.998785018920898
1753053616866,-0.44352585077285767,-2.583942174911499,
1753053616867,-0.5488707423210144,,8.136096000671387
1753053616933,,-2.5935189723968506,
1753053616934,0.8206126093864441,,9.065046310424805
1753053616998,,-3.0340521335601807,
1753053616999,-0.9798270463943481,,9.280524253845215
1753053619548,,-3.5272576808929443,
1753053619549,-0.08918401598930359,-3.2112231254577637,8.452130317687988
1753053619550,-0.5249287486076355,-3.646967649459839,9.352350234985352
1753053619619,-3.18249249458313,-4.619013786315918,8.557475090026855
1753053619688,-0.44831427931785583,-3.694851875305176,8.183979988098145
1753053619740,-0.5919663906097412,-4.073135852813721,10.228628158569336
1753053619803,,-3.709217071533203,
1753053619805,-2.143409013748169,-3.800196647644043,6.589441776275635
1753053619872,-0.8505401611328125,-3.5033156871795654,8.385092735290527
1753053619937,,-3.5895068645477295,
1753053619938,-1.568800687789917,-3.6756980419158936,8.686761856079102
1753053620003,,-3.6134488582611084,
1753053620004,-1.2192472219467163,,8.892663955688477
1753053620051,,-3.5895068645477295,
1753053620052,-1.0420763492584229,,8.897452354431152
1753053620116,-1.5161281824111938,-3.5511996746063232,8.102577209472656
1753053620117,,,9.098565101623535
1753053620182,,-2.9957449436187744,
1753053620183,-0.5009866952896118,-2.8377275466918945,8.796895980834961
1753053620250,0.8541314601898193,-2.411559581756592,10.295665740966797
1753053620316,-2.0045454502105713,-3.0867245197296143,7.240664482116699
1753053620382,,-3.5176808834075928,
1753053620383,-1.5783774852752686,-3.469796895980835,9.424176216125488
1753053620450,-1.5161281824111938,-3.3213562965393066,8.318055152893066
1753053620634,,-2.603095769882202,
1753053620635,1.002571940422058,-2.847304344177246,9.366715431213379
1753053620703,-0.2663549482822418,-3.0148985385894775,9.28531265258789
1753053620771,-0.9080010056495667,-3.005321741104126,8.830414772033691
1753053620836,,-3.067570924758911,
1753053620837,-0.67815762758255,-2.890399932861328,8.839991569519043
1753053620903,-0.4770447015762329,-2.866457939147949,9.879075050354004
1753053620970,-0.9175778031349182,-3.273472309112549,9.366715431213379
1753053621036,-0.2663549482822418,-3.0340521335601807,9.03631591796875
1753053621103,-0.5057750940322876,-2.938283920288086,8.150461196899414
1753053621170,-0.4818331003189087,-2.7084407806396484,8.547898292541504
1753053621171,,,8.624512672424316
1753053621236,-0.9080010056495667,-3.177704095840454,
1753053621237,,,9.55825138092041
1753053621303,-0.9175778031349182,-3.3692402839660645,8.203133583068848
1753053621369,,-2.986168146133423,
1753053621370,0.4710591733455658,-3.0148985385894775,10.377068519592285
1753053621436,,-3.24953031539917,
1753053621437,-0.6590040326118469,,10.4728364944458
1753053621503,-0.8888474106788635,-2.6605565547943115,8.327631950378418
1753053621570,-0.7691373229026794,-2.9909565448760986,10.032303810119629
1753053621636,-1.2336124181747437,-2.3684639930725098,8.145672798156738
1753053621703,0.34177228808403015,-3.158550500869751,10.333972930908203
1753053621770,-0.8601169586181641,-2.80899715423584,
1753053621771,-1.3868412971496582,,8.480860710144043
1753053621836,,-2.9718029499053955,
1753053621837,0.11192893236875534,-2.852092742919922,9.165602684020996
1753053621903,,-2.4355015754699707,
1753053621904,0.31783026456832886,-2.3110032081604004,10.04188060760498
1753053621971,-0.5297171473503113,-2.93349552154541,10.089764595031738
1753053622037,-0.6446388363838196,-2.339733600616455,8.806472778320312
1753053622103,,-2.449866771697998,
1753053622104,0.1454477459192276,-2.339733600616455,9.409811019897461
1753053622171,-0.4818331003189087,-2.6653449535369873,9.610923767089844
1753053622237,0.06883329898118973,-1.975814938545227,8.873510360717773
1753053622303,,-2.521692991256714,
1753053622304,0.09277531504631042,,10.367491722106934
1753053622371,-0.8984242081642151,-2.6366145610809326,8.91181755065918
1753053622437,0.619499683380127,-2.607884168624878,10.271723747253418
1753053622504,,-2.3684639930725098,
1753053622505,-0.5536591410636902,,8.011597633361816
1753053622571,0.04967968538403511,-2.6844985485076904,9.352350234985352
1753053623775,-0.5057750940322876,-2.583942174911499,10.075399398803711
1753053623843,,-2.93349552154541,
1753053623844,0.375291109085083,-2.7706899642944336,11.028291702270508
1753053623910,,-2.536058187484741,
1753053623911,-0.7835025191307068,-2.425924777984619,10.34833812713623
1753053623976,-0.11312603205442429,-3.18249249458313,11.86147403717041
1753053624072,,-2.741959571838379,
1753053624073,-0.32860419154167175,-2.7323827743530273,9.95090103149414
1753053624077,-0.4626794755458832,-3.201646327972412,9.970054626464844
1753053624142,,-3.225588321685791,
1753053624143,-1.0468647480010986,-2.986168146133423,9.079411506652832
1753053624208,-1.5065513849258423,-3.5224692821502686,10.037092208862305
1753053624276,-2.052429437637329,-3.2591071128845215,8.150461196899414
1753053634374,,-3.5272576808929443,
1753053634375,-1.6549919843673706,-2.765901565551758,
1753053634376,-1.0564415454864502,,
1753053634377,-3.6804866790771484,,8.873510360717773
1753053634440,-1.468244194984436,-3.757101058959961,8.749011993408203
1753053634504,-1.3868412971496582,-3.4075474739074707,
1753053634505,,,8.351573944091797
1753053634570,,-3.599083662033081,
1753053634571,-1.0468647480010986,-3.886387825012207,9.582193374633789
1753053634638,-1.5352818965911865,-3.2543187141418457,8.126519203186035
1753053634704,-0.8792705535888672,-3.273472309112549,7.901463985443115
1753053634770,-1.7699135541915894,-3.824138641357422,8.667608261108398
1753053634838,-1.8369512557983398,-3.9390604496002197,8.112154006958008
1753053634904,-1.2671312093734741,-4.2550950050354,9.893440246582031
1753053634970,,-4.063559055328369,
1753053634971,-1.6023194789886475,,9.922170639038086
1753053635038,,-4.1210198402404785,
1753053635039,-1.2623428106307983,-4.207211017608643,10.027515411376953
1753053635104,,-3.9821560382843018,
1753053635105,-1.7603367567062378,,8.859145164489746
1753053635171,-0.5536591410636902,-3.508104085922241,8.385092735290527
1753053635238,-1.875258445739746,-3.9246952533721924,9.481637001037598
1753053635239,,,8.543109893798828
1753053635304,-1.8465280532836914,-3.4793736934661865,8.595782279968262
1753053635305,,,9.960477828979492
1753053635371,-1.5400702953338623,-3.8576574325561523,7.810484409332275
1753053635438,-1.2192472219467163,-3.737947463989258,
1753053635439,-0.7978677153587341,,9.103353500366211
1753053635504,,-4.087501049041748,
1753053635505,-2.3349452018737793,,8.916605949401855
1753053635571,-1.3006501197814941,-3.9821560382843018,9.175179481506348
1753053635639,-1.5209165811538696,-4.298190593719482,10.381856918334961
1753053635704,-1.1953052282333374,-3.4362781047821045,8.87829875946045
1753053635770,,-3.910329818725586,
1753053635771,-1.755548357963562,,8.940547943115234
1753053635837,,-3.603872060775757,
1753053635838,-1.688510775566101,,7.887098789215088
1753053635903,-0.5345055460929871,-3.2591071128845215,8.303689956665039
1753053635970,,-3.7618894577026367,
1753053635971,-1.449090600013733,,9.52473258972168
1753053636038,,-3.5655648708343506,
1753053636039,-2.0236990451812744,,8.442553520202637
1753053636103,,-3.6565444469451904,
1753053636104,-1.8082208633422852,-3.800196647644043,9.060257911682129
1753053636173,-1.391629695892334,-3.2543187141418457,8.734646797180176
1753053636238,-2.1912930011749268,-3.4410665035247803,8.385092735290527
1753053636303,-1.1665748357772827,-3.201646327972412,7.489661693572998
1753053636304,,,7.7865424156188965
1753053636371,-1.3820528984069824,-3.3261446952819824,8.64366626739502
1753053636438,-2.5312697887420654,-4.43705415725708,8.85435676574707
1753053636504,-1.4155718088150024,-3.9438488483428955,9.347561836242676
1753053636570,,-3.5655648708343506,
1753053636571,-0.8265981078147888,-3.819350242614746,9.084199905395508
1753053636638,-1.0851719379425049,-3.737947463989258,9.831191062927246
1753053636704,-1.391629695892334,-3.1250317096710205,8.399457931518555
1753053636771,-1.8417396545410156,-3.3883938789367676,8.15524959564209
1753053636838,-1.8225860595703125,-3.6373908519744873,7.815272808074951
1753053636904,-1.1186907291412354,-3.4075474739074707,8.40424633026123
1753053636971,-1.688510775566101,-3.9151182174682617,9.203909873962402
1753053637038,-1.9279309511184692,-4.211999416351318,9.09377670288086
1753053637104,-0.9989806413650513,-3.5033156871795654,8.749011993408203
1753053637171,-2.0476410388946533,-4.202422618865967,9.37629222869873
1753053637237,,-4.073135852813721,
1753053637238,-1.6454150676727295,-3.5655648708343506,9.606135368347168
1753053637304,,-3.5224692821502686,
1753053637305,-1.4634557962417603,-3.709217071533203,8.964489936828613
1753053637370,,-4.015674591064453,
1753053637371,-1.8608932495117188,-3.685275077819824,9.443329811096191
1753053637437,,-3.2160115242004395,
1753053637438,-1.0181342363357544,-3.7283706665039062,8.049904823303223
1753053637505,-1.8273744583129883,-4.073135852813721,9.711481094360352
1753053637571,-2.033275842666626,-3.62302565574646,8.839991569519043
1753053637637,,-3.824138641357422,
1753053637638,-1.5257049798965454,-4.092289447784424,8.164826393127441
1753053637705,-1.3724761009216309,-4.049193859100342,9.64923095703125
1753053637765,-1.2336124181747437,-3.469796895980835,8.399457931518555
1753053637830,-1.6597803831100464,-4.13059663772583,8.753800392150879
1753053637895,,-3.8576574325561523,
1753053637896,-1.6310498714447021,,9.146449089050293
1753053637963,-1.348534107208252,-3.646967649459839,
1753053637964,-1.224035620689392,,9.041104316711426
1753053647987,,-4.298190593719482,
1753053647990,,-3.8097734451293945,
1753053647991,-2.2822728157043457,-2.986168146133423,
1753053647992,-1.2862848043441772,,9.261370658874512
1753053647993,,,8.543109893798828
1753053647994,-1.0708067417144775,-3.0388405323028564,
1753053648061,,-3.6996402740478516,
1753053648062,-0.32381579279899597,,10.429740905761719
1753053648129,-1.932719349861145,-2.8137855529785156,7.74823522567749
1753053649060,,-3.072359323501587,
1753053649061,-0.9319429993629456,-3.4314894676208496,7.226299285888672
1753053649065,-1.425148606300354,-3.714005470275879,8.897452354431152
1753053649135,-0.9798270463943481,-3.201646327972412,8.8878755569458
1753053649201,,-3.599083662033081,
1753053649202,-1.4634557962417603,,9.041104316711426
1753053650541,-1.5257049798965454,-3.843292236328125,9.347561836242676
1753053650545,-1.2767080068588257,-3.6804866790771484,9.563039779663086
1753053650613,,-3.5416228771209717,
1753053650614,-1.3437457084655762,-3.4075474739074707,9.09377670288086
1753053650680,-2.0236990451812744,-3.62302565574646,
1753053650681,-2.0667946338653564,,8.55268669128418
1753053650747,-1.8608932495117188,-4.13059663772583,9.333196640014648
1753053650813,-1.5735890865325928,-3.752312660217285,9.146449089050293
1753053650880,-0.7164648771286011,-3.3022027015686035,8.969278335571289
1753053650881,,,8.648454666137695
1753053650947,-1.6502034664154053,-3.560776472091675,8.902240753173828
1753053651037,-1.2958617210388184,-3.4171242713928223,9.06983470916748
1753053651101,-1.813009262084961,-3.9007530212402344,8.926182746887207
1753053651168,,-3.8145618438720703,
1753053651169,-1.6597803831100464,-3.8720226287841797,8.667608261108398
1753053651234,,-3.8049850463867188,
1753053651235,-1.4730325937271118,,9.117718696594238
1753053651329,,-3.8289270401000977,
1753053651330,-1.6645687818527222,-3.618237257003784,9.256582260131836
1753053651334,-1.1139023303985596,-3.3740286827087402,8.590993881225586
1753053651398,,-4.34607458114624,
1753053651399,-2.0907366275787354,,9.242217063903809
1753053651465,-0.8649053573608398,-3.3405098915100098,8.76337718963623
1753053651532,,-3.9438488483428955,
1753053651533,-1.8273744583129883,-3.953425645828247,9.16081428527832
1753053651598,-1.0947487354278564,-3.445854902267456,9.060257911682129
1753053651664,,-3.512892484664917,
1753053651665,-1.5975310802459717,-3.646967649459839,8.907029151916504
1753053651732,,-3.9007530212402344,
1753053651733,-1.4826093912124634,,9.428964614868164
1753053651798,,-3.397970676422119,
1753053651799,-0.9319429993629456,,8.705916404724121
1753053651890,-1.6597803831100464,-3.9438488483428955,9.084199905395508
1753053651893,-1.2096704244613647,-3.402759075164795,8.85435676574707
1753053651957,,-3.5176808834075928,
1753053651958,-1.3198037147521973,-3.843292236328125,8.634089469909668
1753053652025,-1.5209165811538696,-3.9869444370269775,9.357138633728027
1753053652091,,-3.62302565574646,
1753053652092,-1.3150153160095215,-3.6709096431732178,9.12729549407959
1753053652157,,-3.737947463989258,
1753053652158,-1.3724761009216309,,8.964489936828613
1753053652224,,-3.4793736934661865,
1753053652225,-1.3581109046936035,,8.672396659851074
1753053652291,,-3.6804866790771484,
1753053652292,-1.2000936269760132,,9.199121475219727
1753053652358,-1.2767080068588257,-3.4554316997528076,8.921394348144531
1753053652424,,-3.6756980419158936,
1753053652425,-1.1139023303985596,,9.366715431213379
1753053652491,,-3.4554316997528076,
1753053652492,-1.2958617210388184,-3.445854902267456,8.964489936828613
1753053652557,,-3.752312660217285,
1753053652558,-1.511339783668518,-3.9151182174682617,8.844779968261719
1753053652624,-1.1378443241119385,-3.599083662033081,9.419387817382812
1753053652692,-1.5209165811538696,-3.230376720428467,8.3707275390625
1753053655080,-1.1234791278839111,-3.4554316997528076,
1753053655081,-1.425148606300354,,8.97885513305664
1753053655083,-1.2336124181747437,-3.599083662033081,8.993220329284668
1753053655153,-1.7363947629928589,-3.7906198501586914,9.275735855102539
1753053655218,-1.8225860595703125,-3.2399535179138184,8.749011993408203
1753053655285,-1.6837223768234253,-3.316567897796631,8.471283912658691
1753053655353,-1.6310498714447021,-3.383605480194092,8.303689956665039
1753053655447,,-3.9821560382843018,
1753053655448,-2.0189106464385986,,8.394669532775879
1753053655451,-2.272696018218994,-4.087501049041748,
1753053655452,-2.1481974124908447,,8.169614791870117
1753053655517,,-4.350862979888916,
1753053655518,-1.7794904708862305,-4.408323764801025,8.547898292541504
1753053655582,-2.3349452018737793,-5.3564276695251465,8.423399925231934
1753053655648,-2.5456349849700928,-4.523245334625244,8.03075122833252
1753053655716,,-6.452971935272217,
1753053655717,-2.205658197402954,,8.409034729003906
1753053655782,-2.722805976867676,-6.457760334014893,7.618948459625244
1753053655849,-2.7754783630371094,-6.050746440887451,6.709151744842529
1753053655916,-1.5831658840179443,-5.777807235717773,8.040328025817871
1753053655917,,,6.800131320953369
1753053656011,,-6.395511150360107,
1753053656012,-2.823362350463867,-6.505644798278809,7.331644058227539
1753053656016,-2.2918496131896973,-6.452971935272217,7.398681640625
1753053656080,,-6.271012783050537,
1753053656081,-2.124255418777466,,7.111377716064453
1753053656147,-2.80899715423584,-6.223128795623779,7.053916931152344
1753053656214,,-6.151302814483643,
1753053656215,-2.8999767303466797,,6.575076580047607
1753053656280,-2.6653449535369873,-6.47212553024292,6.948571681976318
1753053656347,-3.024475336074829,-6.352415561676025,6.8336501121521
1753053656414,,-7.018003940582275,
1753053656415,-3.2207999229431152,,6.800131320953369
1753053658007,-3.848080635070801,-6.467337131500244,6.565499782562256
1753053658011,,-6.323685169219971,
1753053658012,-2.6653449535369873,,6.862380504608154
1753053658079,,-5.911882400512695,
1753053658080,-2.689286947250366,-5.887940406799316,7.1257429122924805
1753053658147,-2.8999767303466797,-5.9070940017700195,
1753053666998,-2.852092742919922,-6.112995624542236,
1753053666999,-2.785055160522461,,7.408258438110352
1753053667000,-2.6366145610809326,-6.203975200653076,
1753053667001,-2.65097975730896,-6.160879611968994,7.164050102233887
1753053667002,-2.492962598800659,-6.093842029571533,7.197568893432617
1753053667066,-2.5983073711395264,-6.251859188079834,7.034763336181641
1753053667132,-2.583942174911499,-6.208763599395752,
1753053667133,-2.6174609661102295,,7.111377716064453
1753053668187,,-6.127360820770264,
1753053668188,-2.3971943855285645,,
1753053668190,,,7.269394874572754
1753053668191,-2.5743653774261475,-6.242282390594482,7.073070526123047
1753053668252,,-6.2614359855651855,
1753053668253,-2.516904592514038,,7.106589317321777
1753053668320,-2.454655408859253,-6.122572422027588,7.202357292175293
1753053668386,,-6.146514415740967,
1753053668387,,-6.294954776763916,
1753053668388,-2.4690206050872803,,7.173626899719238
1753053668453,-2.449866771697998,-6.184821605682373,7.255029678344727
1753053668520,-2.473809003829956,-6.232705593109131,7.111377716064453
1753053668586,-2.516904592514038,-6.2853779792785645,7.044340133666992
1753053668652,,-6.2183403968811035,
1753053668653,-2.4163479804992676,,7.116166114807129
1753053668720,-2.3540987968444824,-6.1752448081970215,7.231087684631348
1753053668721,,,7.1257429122924805
1753053668786,-2.4833858013153076,-6.1082072257995605,7.2119340896606445
1753053668853,-2.4355015754699707,-6.180033206939697,7.21672248840332
1753053668920,,-6.232705593109131,
1753053668921,-2.4355015754699707,-6.184821605682373,7.154473304748535
1753053668986,-2.5312697887420654,-6.242282390594482,7.09222412109375
1753053669052,,-6.079476833343506,
1753053669053,-2.5504233837127686,-6.180033206939697,7.159261703491211
1753053669120,,-6.1321492195129395,
1753053669121,-2.4211363792419434,,7.264606475830078
1753053669186,-2.4642322063446045,-6.0651116371154785,7.264606475830078
1753053669253,-2.516904592514038,-6.208763599395752,7.187992095947266
1753053669320,,-6.189610004425049,
1753053669321,-2.4642322063446045,,7.135319709777832
1753053669386,-2.540846586227417,-6.170456409454346,7.106589317321777
1753053669453,-2.4881742000579834,-6.122572422027588,7.187992095947266
1753053669520,-2.449866771697998,-6.16566801071167,
1753053669521,-2.4594438076019287,,7.27418327331543
1753053669586,-2.4642322063446045,-6.127360820770264,7.235876083374023
1753053669653,-2.497750997543335,-6.25664758682251,7.187992095947266
1753053669720,,-6.146514415740967,
1753053669721,-2.4594438076019287,,7.135319709777832
1753053669785,,-6.247070789337158,
1753053669786,-2.5025393962860107,-6.25664758682251,7.144896507263184
1753053669855,,-6.089053630828857,
1753053669856,-2.473809003829956,,7.187992095947266
1753053669920,,-6.1752448081970215,
1753053669921,-2.4450783729553223,-6.1082072257995605,7.226299285888672
1753053669986,-2.4594438076019287,-6.146514415740967,7.259818077087402
1753053670052,,-6.184821605682373,
1753053670053,-2.4833858013153076,-6.117784023284912,7.173626899719238
1753053670120,-2.4881742000579834,-6.1752448081970215,7.130531311035156
1753053670121,,,7.140108108520508
1753053670186,-2.4642322063446045,-6.160879611968994,7.130531311035156
1753053670253,-2.4355015754699707,-6.156091213226318,7.221510887145996
1753053670320,,-6.180033206939697,
1753053670321,-2.430713176727295,,7.2119340896606445
1753053670386,-2.473809003829956,-6.1991868019104,7.202357292175293
1753053670453,-2.473809003829956,-6.184821605682373,7.116166114807129
1753053670520,-2.425924777984619,-6.103418827056885,
1753053670521,-2.4594438076019287,,7.221510887145996
1753053670586,-2.4642322063446045,-6.098630428314209,7.197568893432617
1753053670653,-2.430713176727295,-6.156091213226318,7.298125267028809
1753053670721,-2.473809003829956,-6.2183403968811035,7.116166114807129
1753053670786,-2.5073277950286865,-6.194398403167725,7.135319709777832
1753053670853,-2.4355015754699707,-6.1082072257995605,7.149684906005859
1753053670920,,-6.141726016998291,
1753053670921,-2.4163479804992676,,7.293336868286133
1753053670986,-2.4594438076019287,-6.151302814483643,7.250241279602051
1753053671053,-2.497750997543335,-6.2614359855651855,7.178415298461914
1753053671120,-2.4833858013153076,-6.151302814483643,7.068282127380371
1753053671186,-2.4833858013153076,-6.136937618255615,7.173626899719238
1753053671253,-2.449866771697998,-6.156091213226318,
1753053671254,,,7.259818077087402
1753053671320,,-6.213551998138428,
1753053671321,-2.473809003829956,-6.156091213226318,7.18320369720459
1753053671386,-2.497750997543335,-6.213551998138428,7.1257429122924805
1753053671453,-2.4690206050872803,-6.170456409454346,7.159261703491211
1753053671520,-2.4355015754699707,-6.1082072257995605,
1753053671521,,,7.240664482116699
1753053671586,-2.4211363792419434,-6.103418827056885,7.269394874572754
1753053671653,-2.4594438076019287,-6.156091213226318,7.192780494689941
1753053671719,,-6.141726016998291,
1753053671720,-2.4402899742126465,-6.089053630828857,7.173626899719238
1753053671786,-2.229600429534912,-6.122572422027588,7.389104843139648
1753053671853,-2.56000018119812,-6.103418827056885,
1753053671854,-2.646191358566284,,7.149684906005859
1753053671920,-2.5456349849700928,-6.117784023284912,7.192780494689941
1753053671987,-2.4450783729553223,-6.1321492195129395,7.221510887145996
1753053672053,-2.4211363792419434,-6.1752448081970215,7.235876083374023
1753053672120,-2.540846586227417,-6.208763599395752,7.154473304748535
1753053672187,-2.478597402572632,-6.170456409454346,7.140108108520508
1753053672253,-2.478597402572632,-6.146514415740967,7.154473304748535
1753053672320,-2.449866771697998,-6.1321492195129395,7.226299285888672
1753053672387,-2.4402899742126465,-6.117784023284912,7.255029678344727
1753053672453,-2.473809003829956,-6.156091213226318,
1753053672454,,,7.231087684631348
1753053672520,-2.5121161937713623,-6.1991868019104,7.173626899719238
1753053672587,,-6.180033206939697,
1753053672588,-2.4642322063446045,,7.130531311035156
1753053672653,-2.4642322063446045,-6.223128795623779,7.192780494689941
1753053672719,,-6.1082072257995605,
1753053672720,-2.4163479804992676,-6.1991868019104,7.1688385009765625
1753053672786,,-6.151302814483643,
1753053672787,-2.382829189300537,,7.283760070800781
1753053672853,-2.4163479804992676,-6.16566801071167,7.269394874572754
1753053672920,-2.56000018119812,-6.180033206939697,7.097012519836426
1753053672987,-2.536058187484741,-6.141726016998291,7.159261703491211
1753053673053,-2.516904592514038,-6.122572422027588,7.154473304748535
1753053673120,-2.382829189300537,-6.122572422027588,7.269394874572754
1753053673187,-2.430713176727295,-6.223128795623779,7.221510887145996
1753053673254,-2.4402899742126465,-6.213551998138428,7.202357292175293
1753053674487,-2.5264813899993896,-6.1991868019104,
1753053674488,-2.56000018119812,,7.130531311035156
1753053674556,-2.315791606903076,-1.5400702953338623,8.011597633361816
1753053674623,-0.778714120388031,-1.104325532913208,8.18876838684082
1753053676637,-0.9798270463943481,-1.3724761009216309,8.567051887512207
1753053676707,-1.4155718088150024,-2.986168146133423,
1753053676708,,,8.950124740600586
1753053676772,-1.14742112159729,-3.00053334236145,9.122507095336914
1753053676838,,-3.2160115242004395,
1753053676839,-1.3198037147521973,,9.539097785949707
1753053676905,,-2.890399932861328,
1753053676906,-1.5304933786392212,-2.852092742919922,9.21827507019043
1753053676971,-1.1330559253692627,-2.722805976867676,9.519944190979004
1753053676972,,,9.381080627441406
1753053677038,-1.4155718088150024,-2.7754783630371094,9.227851867675781
1753053677105,,-2.27748441696167,
1753053677106,-1.2767080068588257,,9.381080627441406
1753053677171,,-1.7172411680221558,
1753053677172,-0.23283611238002777,,8.744223594665527
1753053677237,,-1.7794904708862305,
1753053677238,-0.639850378036499,-1.899200439453125,8.734646797180176
1753053677306,-0.7643488645553589,-2.1098902225494385,8.816049575805664
1753053677371,,-3.0867245197296143,
1753053677372,-0.6206967830657959,-3.4171242713928223,9.37629222869873
1753053677438,,-3.9821560382843018,
1753053677439,-1.5017629861831665,,8.710704803466797
1753053677506,-1.2431892156600952,-4.791396141052246,9.668384552001953
1753053677571,,-4.331709384918213,
1753053677572,-1.204882025718689,-4.43705415725708,8.557475090026855
1753053677638,,-4.820126533508301,
1753053677639,-0.26156654953956604,-5.394734859466553,8.902240753173828
1753053677706,-1.4586673974990845,-5.155314922332764,8.270171165466309
1753053677771,,-5.978919982910156,
1753053677772,-0.6015431880950928,,9.151237487792969
1753053677838,,-5.72513484954834,
1753053677839,-1.1522095203399658,,8.547898292541504
1753053677906,-1.6310498714447021,-6.146514415740967,8.557475090026855
1753053677971,,-5.097854137420654,
1753053677972,-2.234388828277588,-6.342838764190674,7.389104843139648
1753053678038,-0.7930793166160583,-6.34762716293335,
1753053678039,-2.0715830326080322,,7.398681640625
1753053678106,-1.425148606300354,-7.161655902862549,7.595006465911865
1753053678171,,-7.5447282791137695,
1753053678172,-0.08439560979604721,-6.496067523956299,9.548674583435059
1753053678238,,-5.126584529876709,
1753053678239,-1.27191960811615,-5.720346450805664,8.686761856079102
1753053678306,-0.702099621295929,-5.059546947479248,8.308478355407715
1753053678371,,-4.777030944824219,
1753053678372,-1.3772644996643066,-4.872798919677734,6.996456146240234
1753053678438,,-4.298190593719482,
1753053678439,-0.5009866952896118,,8.308478355407715
1753053678506,-1.731606364250183,-5.207987308502197,8.782530784606934
1753053678571,,-5.366004467010498,
1753053678572,0.2603694200515747,-5.447407245635986,9.366715431213379
1753053678638,0.3082534670829773,-5.562329292297363,9.989208221435547
1753053678705,,-5.169680118560791,
1753053678706,0.5141547918319702,-4.815338134765625,9.041104316711426
1753053678771,,-5.37558126449585,
1753053678772,0.7439981698989868,,9.553462982177734
1753053678838,,-4.13059663772583,
1753053678839,0.7918822169303894,,9.697115898132324
1753053678906,0.4854243993759155,-3.8097734451293945,9.203909873962402
1753053678971,,-3.3883938789367676,
1753053678972,-0.5009866952896118,-2.3780407905578613,9.304466247558594
1753053679038,-0.5632359385490417,-2.1577742099761963,9.088988304138184
1753053679106,1.3952209949493408,-1.3964180946350098,8.696338653564453
1753053679172,,-0.16101007163524628,
1753053679173,0.8541314601898193,-0.28072014451026917,8.873510360717773
1753053679238,,-0.9750386476516724,
1753053679239,2.8173768520355225,,9.49121379852295
1753053679306,0.40880993008613586,-1.0564415454864502,9.462483406066895
1753053679374,,-2.6557681560516357,
1753053679375,-0.6159083843231201,-2.5935189723968506,9.055469512939453
1753053679439,,-2.847304344177246,
1753053679440,-0.74040687084198,,9.706692695617676
1753053679506,0.8206126093864441,-2.363675594329834,9.09377670288086
1753053679571,,-2.670133352279663,
1753053679572,0.2603694200515747,,10.152013778686523
1753053679638,0.025737667456269264,-1.9614497423171997,
1753053679639,,,9.692327499389648
1753053679706,0.43275195360183716,-2.1912930011749268,9.831191062927246
1753053679771,,-2.646191358566284,
1753053679772,0.08319851011037827,,10.032303810119629
1753053679838,0.016160860657691956,-2.7467479705810547,9.5007905960083
1753053679904,,-2.80899715423584,
1753053679905,-0.2232593148946762,-2.5312697887420654,9.888651847839355
1753053679972,,-2.3493103981018066,
1753053679973,0.8254010081291199,-2.320580005645752,9.088988304138184
1753053680038,,-2.6557681560516357,
1753053680039,0.5093663930892944,-3.1250317096710205,8.950124740600586
1753053680105,,-3.2543187141418457,
1753053680106,-0.639850378036499,,10.43931770324707
1753053680172,,-2.670133352279663,
1753053680173,-0.24241292476654053,-2.93349552154541,8.653243064880371
1753053680238,,-2.5073277950286865,
1753053680239,1.227626919746399,,8.691550254821777
1753053680305,-0.414795458316803,-2.7994203567504883,10.089764595031738
1753053680306,,,8.950124740600586
1753053680373,0.24600422382354736,-3.048417329788208,9.55825138092041
1753053680439,0.05446808785200119,-2.9909565448760986,8.930971145629883
1753053680505,,-3.0627825260162354,
1753053680506,-0.10354922711849213,-3.3931822776794434,9.443329811096191
1753053680572,,-2.718017578125,
1753053680573,-0.3669114112854004,-2.689286947250366,9.117718696594238
1753053680638,,-2.6557681560516357,
1753053680639,0.40880993008613586,-2.627037763595581,9.567828178405762
1753053680705,0.31783026456832886,-2.9478609561920166,
1753053680706,,,9.673172950744629
1753053680772,,-2.981379747390747,
1753053680773,-0.5728127360343933,-3.1633388996124268,9.443329811096191
1753053680838,,-2.9239187240600586,
1753053680839,-0.5488707423210144,-2.938283920288086,8.998008728027344
1753053680905,,-3.244741916656494,
1753053680906,-0.5009866952896118,,9.333196640014648
1753053680972,,-3.2638955116271973,
1753053680973,,-3.2782607078552246,
1753053681038,-0.4339490532875061,-3.426701068878174,
1753053681039,-0.6206967830657959,,9.831191062927246
1753053681105,-0.20889410376548767,-2.7467479705810547,8.940547943115234
1753053681172,,-3.335721492767334,
1753053681173,-0.74040687084198,-3.3452982902526855,9.361927032470703
1753053681238,,-3.244741916656494,
1753053681239,-1.1186907291412354,,9.390657424926758
1753053681306,-1.1330559253692627,-3.5655648708343506,8.792107582092285
1753053681372,,-3.618237257003784,
1753053681373,-1.0995371341705322,-3.2974143028259277,9.012373924255371
1753053681438,,-3.287837505340576,
1753053681439,-1.0324994325637817,-3.3069911003112793,9.486425399780273
1753053681505,,-3.450643301010132,
1753053681506,-1.027711033821106,,9.52473258972168
1753053681572,,-3.1920695304870605,
1753053681573,-0.9319429993629456,-3.244741916656494,8.988431930541992
1753053681638,,-3.3261446952819824,
1753053681639,-0.9798270463943481,,8.830414772033691
1753053681706,-1.5161281824111938,-3.9821560382843018,10.329184532165527
1753053682693,,-3.354875087738037,
1753053682694,-1.324592113494873,,8.054693222045898
1753053682759,,-3.24953031539917,
1753053682760,-0.8170213103294373,-3.1250317096710205,9.869498252868652
1753053682826,-1.3772644996643066,-3.273472309112549,9.30925464630127
1753053682938,,-2.9957449436187744,
1753053682939,-0.639850378036499,,9.045892715454102
1753053682943,-1.1522095203399658,-3.206434726715088,8.868721961975098
1753053683008,-1.5161281824111938,-3.3261446952819824,9.539097785949707
1753053683073,,-3.024475336074829,
1753053683074,-0.8792705535888672,,9.831191062927246
1753053683140,-0.596754789352417,-2.7323827743530273,9.46727180480957
1753053683207,-0.33339259028434753,-3.1250317096710205,9.673172950744629
1753053683279,-0.41958385705947876,-2.8808231353759766,9.28531265258789
1753053683342,,-3.024475336074829,
1753053683343,-0.8649053573608398,-2.847304344177246,9.227851867675781
1753053683409,,-2.674921751022339,
1753053683410,-0.7691373229026794,-2.5935189723968506,9.716269493103027
1753053683475,,-2.7563247680664062,
1753053683476,-0.35254621505737305,-2.521692991256714,10.290877342224121
1753053683542,,-2.5504233837127686,
1753053683543,0.08319851011037827,-2.5025393962860107,10.362703323364258
1753053683610,-0.10833762586116791,-2.7754783630371094,9.936535835266113
1753053683675,,-2.3684639930725098,
1753053683676,-0.3190273642539978,-2.272696018218994,9.19433307647705
1753053683806,-0.12270283699035645,-2.4402899742126465,9.405022621154785
1753053683809,-0.1562216579914093,-2.4450783729553223,9.744999885559082
1753053683872,,-3.4554316997528076,
1753053683873,-0.8744821548461914,,9.620500564575195
1753053683939,-1.813009262084961,-3.5942952632904053,8.681973457336426
1753053684006,-1.2958617210388184,-3.886387825012207,9.840767860412598
1753053684073,-1.875258445739746,-3.7427358627319336,8.935759544372559
1753053684139,-1.2144588232040405,-3.5464112758636475,8.796895980834961
1753053684206,0.03531447425484657,-2.7323827743530273,
1753053684207,0.27473464608192444,,8.701127052307129
1753053684273,-2.761113166809082,-4.398746967315674,9.438541412353516
1753053684339,-3.005321741104126,-4.666897773742676,9.725846290588379
1753053684406,-1.9039889574050903,-5.260659694671631,11.10490608215332
1753053684473,,-2.765901565551758,
1753053684474,-1.5735890865325928,,6.512827396392822
1753053684539,,-2.890399932861328,
1753053684540,0.4183867573738098,-2.7946319580078125,7.8727335929870605
1753053684605,-2.3732523918151855,-3.5895068645477295,9.428964614868164
1753053684673,,-3.886387825012207,
1753053684674,0.11671733111143112,-3.177704095840454,11.507131576538086
1753053684740,,-2.694075345993042,
1753053684741,-0.01735796220600605,,10.602123260498047
1753053684806,,-2.2679076194763184,
1753053684807,0.4231751561164856,-2.181716203689575,8.562263488769531
1753053684870,0.595557689666748,-2.1960813999176025,9.903017044067383
1753053684935,-0.8505401611328125,-2.938283920288086,9.084199905395508
1753053685001,0.6961141228675842,-2.2487540245056152,9.519944190979004
1753053685068,0.47584760189056396,-3.2399535179138184,10.386645317077637
1753053685135,-0.4100070297718048,-3.3931822776794434,11.01392650604248
1753053685201,1.2515689134597778,-2.229600429534912,10.520720481872559
1753053685202,,,8.102577209472656
1753053685268,0.11671733111143112,-1.30543851852417,7.614160060882568
1753053685335,1.591545581817627,-2.3924059867858887,
1753053685336,,,10.16637897491455
1753053685400,-0.8265981078147888,-4.183269023895264,
1753053685401,,,11.181520462036133
1753053685467,,-0.9894038438796997,
1753053685468,-1.4299370050430298,-1.8896236419677734,6.330867767333984
1753053685535,,-2.6174609661102295,
1753053685536,1.7591396570205688,,9.658807754516602
1753053685600,,-3.7858314514160156,
1753053685601,-0.40043023228645325,-2.0859482288360596,13.829507827758789
1753053685668,-0.11791443079710007,-3.0771477222442627,10.65479564666748
1753053685735,1.0073603391647339,-2.205658197402954,
1753053685736,,,9.352350234985352
1753053685801,,-2.0428526401519775,
1753053685802,0.1454477459192276,,8.15524959564209
1753053685868,0.5859808921813965,-2.6366145610809326,9.61571216583252
1753053685935,0.4279635548591614,-2.1290438175201416,8.782530784606934
1753053686000,,-2.454655408859253,
1753053686001,0.0065840547904372215,-2.425924777984619,8.806472778320312
1753053686068,0.5764040350914001,-2.1960813999176025,10.434529304504395
1753053686135,0.3082534670829773,-2.5935189723968506,10.142436981201172
1753053686201,,-2.536058187484741,
1753053686202,-0.0077811554074287415,,8.8878755569458
1753053686268,-0.16579847037792206,-2.272696018218994,7.968502044677734
1753053686269,,,7.346009254455566
1753053686335,0.18375498056411743,-2.646191358566284,
1753053686336,0.8780734539031982,,10.362703323364258
1753053686401,0.03531447425484657,-2.627037763595581,
1753053686402,-0.3190273642539978,,8.758588790893555
1753053686468,0.48063600063323975,-2.56000018119812,9.567828178405762
1753053686535,,-2.2822728157043457,
1753053686536,0.70090252161026,,10.295665740966797
1753053686601,,-2.540846586227417,
1753053686602,0.5093663930892944,,10.113706588745117
1753053686668,0.7535749673843384,-2.1146786212921143,9.00279712677002
1753053686735,0.8589198589324951,-1.9949685335159302,8.907029151916504
1753053686801,0.0736217051744461,-2.5552117824554443,9.366715431213379
1753053686868,0.49978959560394287,-2.3493103981018066,9.601346969604492
1753053686935,0.322618693113327,-2.9765913486480713,10.899004936218262
1753053687001,0.5524620413780212,-2.8856115341186523,11.583745956420898
1753053687068,0.6051344871520996,-2.56000018119812,8.868721961975098
1753053687135,,-1.688510775566101,
1753053687136,-1.1426327228546143,,6.881534099578857
1753053687201,1.0935516357421875,-2.6174609661102295,10.750564575195312
1753053687267,-0.4818331003189087,-2.2822728157043457,7.446565628051758
1753053687335,0.4902127981185913,-2.2918496131896973,10.28130054473877
1753053687401,0.6242880821228027,-2.540846586227417,10.353126525878906
1753053687467,,-2.5983073711395264,
1753053687468,0.03531447425484657,-2.4594438076019287,10.290877342224121
1753053687535,,-2.564788579940796,
1753053687536,0.9498994946479797,,10.16637897491455
1753053687601,1.026513934135437,-2.143409013748169,9.773730278015137
1753053687667,,-2.387617588043213,
1753053687668,0.9929951429367065,-2.7946319580078125,9.275735855102539
1753053687735,-0.3477577865123749,-2.895188331604004,
1753053687736,,,9.5007905960083
1753053687801,0.8206126093864441,-2.3924059867858887,10.276512145996094
1753053687867,,-2.2152352333068848,
1753053687868,0.49978959560394287,-2.866457939147949,8.964489936828613
1753053687935,0.9594763517379761,-2.0620062351226807,9.256582260131836
1753053688000,0.5045779943466187,-2.095525026321411,9.893440246582031
1753053688001,,,9.563039779663086
1753053688067,0.3513490855693817,-2.138620615005493,
1753053688068,,,9.639654159545898
1753053688135,,-2.181716203689575,
1753053688136,0.08798690885305405,,8.85435676574707
1753053688201,0.4423287510871887,-2.162562608718872,
1753053688202,,,8.725069999694824
1753053688268,-0.06524199992418289,-2.828150749206543,9.898228645324707
1753053688335,,-2.2487540245056152,
1753053688336,0.2124854028224945,,8.825626373291016
1753053688401,0.6817489266395569,-2.3971943855285645,9.179967880249023
1753053688468,1.1558008193969727,-2.2487540245056152,9.898228645324707
1753053688535,0.5428852438926697,-2.9765913486480713,12.436081886291504
1753053688601,-0.7356184720993042,-2.4642322063446045,8.930971145629883
1753053688667,,-2.5121161937713623,
1753053688668,0.3944447338581085,-2.100313425064087,9.19433307647705
1753053689105,0.5333084464073181,-2.449866771697998,10.142436981201172
1753053689107,0.6769605278968811,-2.095525026321411,7.934982776641846
1753053689172,,-2.847304344177246,
1753053689173,-0.6206967830657959,-2.033275842666626,10.827178955078125
1753053689238,,-0.821809709072113,
1753053689239,0.43275195360183716,-2.4833858013153076,7.010821342468262
1753053689304,,-4.800972938537598,
1753053689305,0.284311443567276,-3.53204607963562,14.68663215637207
1753053689372,-2.6797101497650146,-1.0755951404571533,5.176862716674805
1753053689438,3.736750364303589,-3.8337154388427734,12.364255905151367
1753053689504,,-3.5176808834075928,
1753053689505,-1.9853917360305786,-2.804208755493164,11.851897239685059
1753053689572,1.4143747091293335,-2.0189106464385986,9.041104316711426
1753053689638,0.06883329898118973,-2.5073277950286865,
1753053689639,-0.11791443079710007,,8.916605949401855
1753053689705,0.17896658182144165,-3.072359323501587,11.713033676147461
1753053689772,0.9882067441940308,-2.1529858112335205,
1753053689773,,,9.084199905395508
1753053689838,,-3.0148985385894775,
1753053689839,0.284311443567276,,11.291653633117676
1753053689905,-0.8649053573608398,-2.7754783630371094,9.275735855102539
1753053689972,1.6585832834243774,-2.6605565547943115,9.534309387207031
1753053690038,0.882861852645874,-4.925471305847168,15.955558776855469
1753053690105,-0.8505401611328125,-4.872798919677734,13.034632682800293
1753053690171,,-2.8808231353759766,
1753053690172,1.5340847969055176,-3.335721492767334,13.17349624633789
1753053690237,,-2.5456349849700928,
1753053690238,2.0464439392089844,-1.0899603366851807,13.068151473999023
1753053690304,-0.2998737692832947,-1.027711033821106,
1753053690305,1.912368655204773,,9.893440246582031
1753053690372,0.25079262256622314,-2.4211363792419434,6.599018573760986
1753053690438,,-2.181716203689575,
1753053690439,0.27473464608192444,,12.637195587158203
1753053690505,1.0983400344848633,-1.8225860595703125,
1753053690506,,,7.422623634338379
1753053690572,,-1.3198037147521973,
1753053690573,-0.09876082092523575,,9.970054626464844
1753053690638,1.1893197298049927,-2.6797101497650146,
1753053690639,0.3321954905986786,,12.244545936584473
1753053690705,-0.314238965511322,-2.315791606903076,10.85590934753418
1753053690772,0.8158242106437683,-2.143409013748169,10.487201690673828
1753053690838,0.4471171796321869,-1.4873977899551392,8.236652374267578
1753053690905,0.6961141228675842,-1.3533225059509277,9.46727180480957
1753053690972,,-2.344521999359131,
1753053690973,0.5859808921813965,,8.983643531799316
1753053691038,0.9498994946479797,-1.856104850769043,9.519944190979004
1753053691105,0.9690531492233276,-2.5025393962860107,9.989208221435547
1753053691172,,-2.6222493648529053,
1753053691173,0.13587094843387604,,10.214262962341309
1753053691238,,-1.6310498714447021,
1753053691239,1.0887632369995117,,8.926182746887207
1753053691305,1.0121487379074097,-2.3062148094177246,10.171167373657227
1753053691372,,-1.7507599592208862,
1753053691373,0.13108254969120026,-1.4155718088150024,7.006032943725586
1753053691438,,-2.2200236320495605,
1753053691439,0.7727286219596863,-1.9231425523757935,9.419387817382812
1753053691505,0.15981295704841614,-2.7706899642944336,9.505578994750977
1753053691572,1.0073603391647339,-2.0476410388946533,
1753053691573,1.0360907316207886,,8.270171165466309
1753053691639,0.5045779943466187,-2.5983073711395264,10.549450874328613
1753053691705,0.5333084464073181,-2.8808231353759766,11.109694480895996
1753053691706,,,11.880627632141113
1753053691772,1.2994530200958252,-2.8616695404052734,10.477624893188477
1753053691839,0.7583633661270142,-2.852092742919922,10.396222114562988
1753053691905,0.4279635548591614,-2.210446834564209,9.46727180480957
1753053691971,,-2.1098902225494385,
1753053691972,1.4431051015853882,-1.932719349861145,10.022727012634277
1753053692039,0.882861852645874,-2.3780407905578613,9.529520988464355
1753053692105,1.3952209949493408,-1.7268179655075073,9.778518676757812
1753053692172,1.2611457109451294,-0.03172317147254944,5.631761074066162
1753053692239,5.570708751678467,-4.31255578994751,15.136741638183594
1753053692305,-0.7691373229026794,-1.5975310802459717,10.592546463012695
1753053692372,0.2555810213088989,-0.9127894043922424,1.8441338539123535
1753053692439,,-3.9246952533721924,
1753053692440,-2.516904592514038,,12.014702796936035
1753053692505,,-3.603872060775757,
1753053692506,3.71280837059021,-2.718017578125,12.934076309204102
1753053692572,1.0169371366500854,-2.7754783630371094,9.122507095336914
1753053692639,0.2124854028224945,-1.3102269172668457,7.891887187957764
1753053692704,,-3.7044286727905273,
1753053692705,0.9690531492233276,-1.9949685335159302,11.009138107299805
1753053692771,,-2.1721394062042236,
1753053692772,-2.871246337890625,,8.76337718963623
1753053692839,2.9227216243743896,-2.1529858112335205,9.979631423950195
1753053692905,-0.3621230125427246,-1.6837223768234253,11.334749221801758
1753053692972,1.5580267906188965,-1.9853917360305786,8.567051887512207
1753053693039,,-1.003769040107727,
1753053693040,-0.4818331003189087,,7.470507621765137
1753053693105,0.5716156363487244,-2.0428526401519775,8.303689956665039
1753053693172,0.2555810213088989,-2.253542423248291,8.662819862365723
1753053693239,0.3561375141143799,-2.057217836380005,10.247781753540039
1753053693305,1.0791864395141602,-2.3110032081604004,10.295665740966797
1753053693372,0.0736217051744461,-2.1338322162628174,9.88386344909668
1753053693439,0.8445546627044678,-2.2200236320495605,9.984419822692871
1753053693505,0.8110358119010925,-2.229600429534912,10.812813758850098
1753053693571,,-1.9806033372879028,
1753053693572,0.11192893236875534,-1.9662381410598755,8.485649108886719
1753053693639,0.6625953316688538,-2.3110032081604004,9.989208221435547
1753053693705,0.45669397711753845,-1.7076643705368042,8.533533096313477
1753053693772,0.8780734539031982,-2.205658197402954,10.40579891204834
1753053693839,-0.1322796493768692,-2.1051018238067627,8.792107582092285
1753053693905,0.9738415479660034,-1.7699135541915894,7.915829181671143
1753053693971,,-2.5025393962860107,
1753053693972,0.5380968451499939,-1.875258445739746,11.16236686706543
1753053694039,-0.16579847037792206,-2.234388828277588,9.189544677734375
1753053694105,0.9738415479660034,-1.7938556671142578,7.757812023162842
1753053694172,1.1510124206542969,-2.4355015754699707,11.550227165222168
1753053700782,,-2.2487540245056152,
1753053700783,0.5668272376060486,-2.3493103981018066,8.801684379577637
1753053700784,0.2795230448246002,,
1753053700785,0.40880993008613586,-1.8800468444824219,8.22228717803955
1753053700850,0.5524620413780212,-1.6406266689300537,7.915829181671143
1753053700917,,-1.8704700469970703,
1753053700918,0.8684966564178467,,9.304466247558594
1753053705737,,-2.1960813999176025,
1753053705738,0.36571431159973145,-1.9710265398025513,
1753053705741,0.9115923047065735,,9.668384552001953
1753053705742,,,10.549450874328613
1753053705802,,-1.4299370050430298,
1753053705803,1.591545581817627,,8.533533096313477
1753053705868,1.2611457109451294,-2.5504233837127686,9.687539100646973
1753053707302,-0.42437225580215454,-2.1481974124908447,7.149684906005859
1753053707367,0.5907692909240723,-2.670133352279663,
1753053707368,,,9.409811019897461
1753053707434,,-2.124255418777466,
1753053707435,-1.30543851852417,-2.521692991256714,7.9397711753845215
1753053707500,2.1805191040039062,-2.27748441696167,
1753053707501,,,9.79288387298584
1753053707567,-0.38127660751342773,-2.5935189723968506,
1753053707568,,,9.788095474243164
1753053707633,0.983418345451355,-2.253542423248291,
1753053707634,2.3481132984161377,,10.865486145019531
1753053707700,-0.02214636653661728,-2.162562608718872,7.824849605560303
1753053707767,0.3800795078277588,-2.5743653774261475,10.424952507019043
1753053707834,1.3377602100372314,-2.3732523918151855,9.764153480529785
1753053707900,,-2.7563247680664062,
1753053707901,0.5859808921813965,,10.578181266784668
1753053707967,,-3.5511996746063232,
1753053707968,0.05925649031996727,-2.2439656257629395,9.462483406066895
1753053708034,-0.40521863102912903,-2.9718029499053955,11.258134841918945
1753053708100,0.33698388934135437,-1.9662381410598755,
1753053708101,0.4471171796321869,,8.969278335571289
1753053708168,0.5285200476646423,-3.24953031539917,11.454459190368652
1753053708234,-1.5304933786392212,-3.7666778564453125,9.347561836242676
1753053708300,,-3.8289270401000977,
1753053708302,-1.4155718088150024,,8.868721961975098
1753053708368,-1.4634557962417603,-4.614225387573242,9.213486671447754
1753053708434,-2.3540987968444824,-3.7235822677612305,7.336432456970215
1753053708500,,-2.9670145511627197,
1753053708501,0.6721721291542053,,9.946112632751465
1753053708568,-2.454655408859253,-2.6222493648529053,6.192004203796387
1753053708634,-1.0085574388504028,-3.426701068878174,8.059481620788574
1753053708700,-1.875258445739746,-4.561553001403809,
1753053708701,-1.4969745874404907,,9.031527519226074
1753053708768,-0.09876082092523575,-3.5224692821502686,9.026739120483398
1753053708834,-1.247977614402771,-4.049193859100342,9.37629222869873
1753053708900,,-3.8576574325561523,
1753053708901,-2.0045454502105713,,9.381080627441406
1753053708968,-0.37169981002807617,-2.7515363693237305,8.8878755569458
1753053709034,0.3992331326007843,-3.00053334236145,10.3148193359375
1753053709100,,-2.9957449436187744,
1753053709101,-0.1322796493768692,,11.16236686706543
1753053709168,0.801459014415741,-2.876034736633301,
1753053709169,,,10.908581733703613
1753053709234,,-2.2918496131896973,
1753053709235,0.557250440120697,,9.46727180480957
1753053709300,,-2.411559581756592,
1753053709301,0.46148237586021423,,11.186308860778809
1753053709367,,-2.785055160522461,
1753053709368,0.7966706156730652,,8.485649108886719
1753053709434,-0.6350619792938232,-2.0476410388946533,7.911040782928467
1753053709500,,-2.631826162338257,
1753053709501,0.06404489278793335,,9.812037467956543
1753053709567,,-3.005321741104126,
1753053709568,-1.1617863178253174,-3.067570924758911,7.796119213104248
1753053709634,0.17896658182144165,-2.095525026321411,8.55268669128418
1753053709700,,-2.9239187240600586,
1753053709701,1.6873136758804321,,10.803236961364746
1753053709767,,-3.560776472091675,
1753053709768,-1.9853917360305786,-2.741959571838379,10.827178955078125
1753053709834,0.2364274114370346,-1.7651251554489136,7.729081630706787
1753053709900,0.08798690885305405,-1.8225860595703125,9.783307075500488
1753053709968,-0.5201402902603149,-1.391629695892334,8.112154006958008
1753053710034,0.8924387097358704,-2.033275842666626,9.366715431213379
1753053710100,,-2.411559581756592,
1753053710101,-2.186504602432251,-2.4690206050872803,6.124966621398926
1753053710167,,-2.3732523918151855,
1753053710168,1.4287399053573608,-2.7994203567504883,8.835203170776367
1753053710234,0.1885433793067932,-3.134608507156372,11.741764068603516
1753053710300,,-2.5983073711395264,
1753053710301,-0.02693476900458336,,8.00680923461914
1753053710368,1.1222820281982422,-2.583942174911499,10.659584045410156
1753053710434,0.3800795078277588,-2.205658197402954,10.219051361083984
1753053710500,2.05123233795166,-0.639850378036499,7.250241279602051
1753053710568,,-6.400299549102783,
1753053710569,-3.776254653930664,-8.51677417755127,11.545438766479492
1753053710634,-8.842385292053223,-4.087501049041748,-3.360860586166382
1753053710700,,-9.01476764678955,
1753053710701,9.4014310836792,,30.00473403930664
1753053710768,4.704007625579834,-2.8808231353759766,6.910264492034912
1753053710834,4.215590476989746,-3.953425645828247,9.663596153259277
1753053710900,,-1.9901801347732544,
1753053710901,-1.7699135541915894,,8.91181755065918
1753053710967,,-1.4155718088150024,
1753053710968,-1.2336124181747437,-1.71245276927948,5.473743438720703
1753053711033,,-1.7938556671142578,
1753053711034,1.4335283041000366,-1.9279309511184692,8.035539627075195
1753053711101,,-1.932719349861145,
1753053711102,-0.32381579279899597,,6.862380504608154
1753053711168,-0.4531026780605316,-2.2200236320495605,9.031527519226074
1753053711234,0.2795230448246002,-2.583942174911499,10.357914924621582
1753053711300,,-2.65097975730896,
1753053711301,0.4854243993759155,,10.329184532165527
1753053711368,0.09277531504631042,-2.7036523818969727,10.784083366394043
1753053711434,1.060032844543457,-2.3684639930725098,9.91738224029541
1753053711500,-0.6829460263252258,-3.1729156970977783,9.318831443786621
1753053711568,-0.13706804811954498,-2.9239187240600586,6.761824131011963
1753053711634,0.9642647504806519,-2.8856115341186523,12.062586784362793
1753053711700,,-1.9614497423171997,
1753053711701,0.29867666959762573,-3.268683910369873,7.4322004318237305
1753053711767,,-2.804208755493164,
1753053711768,0.025737667456269264,-2.8568811416625977,11.25334644317627
1753053711834,-0.42437225580215454,-2.1051018238067627,9.697115898132324
1753053711900,,-3.029263734817505,
1753053711901,0.9498994946479797,,9.366715431213379
1753053711968,-1.0085574388504028,-2.866457939147949,9.199121475219727
1753053712034,0.6051344871520996,-3.115454912185669,8.926182746887207
1753053712100,1.4287399053573608,-2.5695769786834717,
1753053712101,0.839766263961792,,11.962030410766602
1753053712168,0.5524620413780212,-2.2152352333068848,5.98610258102417
1753053712234,0.6338648796081543,-2.6366145610809326,9.773730278015137
1753053712300,,-2.9909565448760986,
1753053712301,0.030526071786880493,,8.983643531799316
1753053712367,,-3.354875087738037,
1753053712368,-0.2711433470249176,-3.4602200984954834,10.477624893188477
1753053712434,-0.4387374520301819,-2.6653449535369873,9.079411506652832
1753053712500,1.2372037172317505,-2.871246337890625,10.353126525878906
1753053712568,0.1215057373046875,-2.962226152420044,10.616488456726074
1753053712634,0.05925649031996727,-2.603095769882202,9.960477828979492
1753053712700,,-2.5456349849700928,
1753053712701,-0.40043023228645325,-2.387617588043213,9.141660690307617
1753053712768,-0.39564183354377747,-2.780266761779785,8.265382766723633
1753053712834,-0.8936358094215393,-3.09151291847229,7.7865424156188965
1753053712900,,-2.694075345993042,
1753053712901,0.2795230448246002,-3.067570924758911,10.084976196289062
1753053712968,0.46627077460289,-3.4554316997528076,10.616488456726074
1753053713034,-1.2288240194320679,-3.6756980419158936,8.844779968261719
1753053713100,,-3.776254653930664,
1753053713101,-1.1139023303985596,,8.567051887512207
1753053713168,-1.1905168294906616,-3.737947463989258,9.175179481506348
1753053713233,-2.2679076194763184,-4.006097793579102,7.369951248168945
1753053713301,-1.0564415454864502,-3.848080635070801,9.668384552001953
1753053713367,-0.8936358094215393,-4.0300397872924805,9.845556259155273
1753053713434,-1.2431892156600952,-3.555988073348999,9.88386344909668
1753053713500,-1.1857284307479858,-4.666897773742676,9.457695007324219
1753053713567,,-3.618237257003784,
1753053713568,-0.778714120388031,,8.926182746887207
1753053713634,-0.2663549482822418,-3.9007530212402344,10.630853652954102
1753053713700,,-3.177704095840454,
1753053713701,-1.956661343574524,-3.6086604595184326,7.235876083374023
1753053713767,,-3.8768110275268555,
1753053713768,-0.9798270463943481,-3.776254653930664,8.629301071166992
1753053713834,-2.253542423248291,-4.216787815093994,9.5007905960083
1753053713900,,-4.058770656585693,
1753053713901,-1.2767080068588257,,8.523956298828125
1753053713967,,-3.3740286827087402,
1753053713968,-1.4538789987564087,-3.4314894676208496,9.452906608581543
1753053714034,-0.33339259028434753,-3.9917328357696533,9.519944190979004
1753053714035,,,10.745776176452637
1753053714100,-0.5201402902603149,-3.6134488582611084,9.189544677734375
1753053714168,-1.3198037147521973,-3.7475242614746094,8.753800392150879
1753053714234,,-4.484938144683838,
1753053714235,-2.382829189300537,,8.409034729003906
1753053714300,-2.1098902225494385,-4.671686172485352,
1753053714301,,,9.050681114196777
1753053714367,,-4.1641154289245605,
1753053714368,-1.3868412971496582,-3.225588321685791,9.256582260131836
1753053714433,,-3.5176808834075928,
1753053714434,-0.6302735805511475,-3.5895068645477295,9.03631591796875
1753053714500,,-3.579930067062378,
1753053714501,-0.6877344250679016,-3.97257924079895,8.658031463623047
1753053714567,,-4.140173435211182,
1753053714568,-1.4443022012710571,-3.953425645828247,9.208698272705078
1753053714634,-1.0516531467437744,-3.6804866790771484,8.930971145629883
1753053714701,-1.544858694076538,-3.886387825012207,8.97885513305664
1753053715920,-0.9127894043922424,-3.4314894676208496,
1753053715921,-0.2759317457675934,,8.509591102600098
1753053715923,-0.6015431880950928,-3.0436289310455322,5.344456672668457
1753053715991,-1.27191960811615,-4.125808238983154,10.525508880615234
1753053716054,2.7694928646087646,-4.2550950050354,14.681843757629395
1753053716121,0.7727286219596863,-2.871246337890625,6.599018573760986
1753053716188,,-2.497750997543335,
1753053716189,0.11671733111143112,,7.934982776641846
1753053717824,-0.8696937561035156,-3.0101101398468018,
1753053717825,-0.3381809890270233,,8.509591102600098
1753053717829,,-2.186504602432251,
1753053717830,-0.8170213103294373,,7.350797653198242
1753053717897,,-2.5312697887420654,
1753053717898,-0.228047713637352,-2.670133352279663,9.663596153259277
1753053717964,,-2.4355015754699707,
1753053717965,-0.13706804811954498,,9.21827507019043
1753053718031,,-2.3349452018737793,
1753053718032,-1.2575544118881226,-2.387617588043213,8.318055152893066
1753053718098,0.31783026456832886,-2.876034736633301,10.88942813873291
1753053718164,,-2.7706899642944336,
1753053718165,-0.6015431880950928,,8.42818832397461
1753053718399,0.5476736426353455,-3.1058781147003174,10.185532569885254
1753053718403,0.5380968451499939,-3.2112231254577637,10.630853652954102
1753053718468,,-2.689286947250366,
1753053718469,-0.08439560979604721,-2.5312697887420654,8.806472778320312
1753053718533,,-4.619013786315918,
1753053718534,0.4183867573738098,,12.857461929321289
1753053718600,,-1.3006501197814941,
1753053718601,0.020949264988303185,-3.0867245197296143,4.683657169342041
1753053718668,-2.339733600616455,-4.705204963684082,12.196661949157715
1753053719638,,-2.143409013748169,
1753053719639,-0.639850378036499,-2.1290438175201416,7.360374450683594
1753053719644,0.5141547918319702,-2.8568811416625977,10.34833812713623
1753053719713,0.9355342984199524,-3.158550500869751,12.790424346923828
1753053719779,-0.6829460263252258,-4.882375717163086,14.820707321166992
1753053719846,1.3856441974639893,-3.4985272884368896,8.03075122833252
1753053719911,-1.956661343574524,-0.5153518915176392,4.793790340423584
1753053719977,0.3321954905986786,-2.0428526401519775,8.231863975524902
1753053720043,,-3.316567897796631,
1753053720044,1.5292962789535522,-2.718017578125,13.977948188781738
1753053720145,,-3.1633388996124268,
1753053720146,0.7966706156730652,,8.255805969238281
1753053720157,-0.8457517623901367,-3.2543187141418457,9.208698272705078
1753053720221,,-2.847304344177246,
1753053720222,-0.8074445128440857,,9.170391082763672
1753053720288,,-3.7283706665039062,
1753053720289,-2.0476410388946533,-3.5655648708343506,8.112154006958008
1753053720354,,-4.087501049041748,
1753053720355,-0.49619829654693604,,10.94688892364502
1753053720420,,-3.867234230041504,
1753053720421,-1.8800468444824219,,6.757035732269287
1753053720488,0.0736217051744461,-3.110666513442993,10.147225379943848
1753053720555,-1.1522095203399658,-3.5703532695770264,10.477624893188477
1753053722450,-0.5009866952896118,-3.6134488582611084,
1753053722451,-1.061229944229126,,10.70746898651123
1753053722454,-1.813009262084961,-4.250306606292725,8.94533634185791
1753053722519,-0.922366201877594,-3.555988073348999,9.40023422241211
1753053722585,-1.5975310802459717,-3.465008497238159,8.00680923461914
1753053722652,,-3.4554316997528076,
1753053722653,-1.1426327228546143,,9.203909873962402
1753053722718,-0.7116764783859253,-3.383605480194092,
1753053722719,,,9.165602684020996
1753053724268,,-4.202422618865967,
1753053724269,-1.8082208633422852,,9.3427734375
1753053724272,-0.38127660751342773,-2.5456349849700928,
1753053724275,0.2555810213088989,,
1753053724276,,,9.864709854125977
1753053724341,-0.3477577865123749,-1.731606364250183,6.407482147216797
1753053724407,,-1.568800687789917,
1753053724408,0.36571431159973145,-1.6549919843673706,7.944559574127197
1753053724475,0.6290764808654785,-2.2439656257629395,9.122507095336914
1753053724541,0.1693897694349289,-1.7938556671142578,8.806472778320312
1753053724608,,-2.1146786212921143,
1753053724609,0.7535749673843384,-2.124255418777466,10.664372444152832
1753053724673,,-2.425924777984619,
1753053724674,0.6386532783508301,-2.536058187484741,10.645218849182129
1753053724739,,-2.516904592514038,
1753053724740,0.3705027103424072,,10.214262962341309
1753053724806,,-2.607884168624878,
1753053724807,0.45669397711753845,-2.4402899742126465,10.19032096862793
1753053724874,0.5428852438926697,-2.3349452018737793,9.136872291564941
1753053724940,1.0456676483154297,-2.1721394062042236,9.984419822692871
1753053725004,,-2.2152352333068848,
1753053725005,-0.20889410376548767,-2.7515363693237305,8.777742385864258
1753053725068,,-2.1769278049468994,
1753053725069,0.6147112846374512,-2.2487540245056152,8.500014305114746
1753053725137,,-2.5264813899993896,
1753053725138,-0.3908534348011017,-2.7084407806396484,9.457695007324219
1753053725201,0.0975637212395668,-1.755548357963562,
1753053725202,,,7.317278861999512
1753053725268,0.7200561761856079,-2.56000018119812,
1753053725269,,,10.870274543762207
1753053725336,-0.2232593148946762,-2.7898435592651367,10.271723747253418
1753053725402,,-2.363675594329834,
1753053725403,0.1215057373046875,,8.58620548248291
1753053726282,,-2.4019827842712402,
1753053726283,0.7104793787002563,-2.5264813899993896,9.529520988464355
1753053726286,-0.03651157766580582,-1.3341689109802246,5.540781497955322
1753053726352,-0.7068880796432495,-2.516904592514038,6.139331817626953
1753053726418,1.514931082725525,-1.899200439453125,9.1847562789917
1753053726484,0.6003460884094238,-3.0867245197296143,12.713809967041016
1753053726550,,-3.493738889694214,
1753053726551,1.0983400344848633,-3.3500866889953613,10.511143684387207
1753053726618,0.43754035234451294,-2.938283920288086,9.270947456359863
1753053729274,,-2.5695769786834717,
1753053729275,0.2124854028224945,-2.449866771697998,8.907029151916504
1753053729276,0.9163807034492493,,
1753053729278,0.26994624733924866,-2.943072557449341,10.333972930908203
1753053729342,,-3.7235822677612305,
1753053729343,-1.3150153160095215,,10.3148193359375
1753053729409,-0.21847090125083923,-3.359663486480713,8.136096000671387
1753053729476,,-2.5456349849700928,
1753053729477,-1.0229226350784302,,9.577404975891113
1753053729542,-0.2759317457675934,-3.512892484664917,
1753053729543,,,12.31637191772461
1753053729872,-1.14742112159729,-3.1058781147003174,8.863933563232422
1753053729877,-0.28550854325294495,-1.511339783668518,6.421847343444824
1753053729945,,-3.330933094024658,
1753053729946,0.04967968538403511,-2.3301568031311035,12.11047077178955
1753053730012,,-2.583942174911499,
1753053730013,-0.6637924313545227,-3.110666513442993,6.713940143585205
1753053741887,,-2.8568811416625977,
1753053741888,,-2.8329391479492188,
1753053741889,-0.24241292476654053,-2.5121161937713623,9.156025886535645
1753053741890,-0.07960720360279083,-1.367687702178955,8.902240753173828
1753053741891,-0.8888474106788635,-2.3924059867858887,8.926182746887207
1753053741961,-1.2096704244613647,-4.116231441497803,8.49522590637207
1753053741976,0.011372458189725876,-3.8145618438720703,11.080964088439941
1753053742043,,-3.6709096431732178,
1753053742044,0.15981295704841614,-2.9526493549346924,9.630077362060547
1753053742109,,-2.4690206050872803,
1753053742110,0.4471171796321869,-3.1872811317443848,9.5007905960083
1753053742177,-0.6446388363838196,-3.273472309112549,8.341997146606445
1753053742244,,-4.1641154289245605,
1753053742245,-1.30543851852417,,10.468048095703125
1753053742309,,-3.4171242713928223,
1753053742310,-0.7116764783859253,-3.838503837585449,9.869498252868652
1753053742377,-1.3628993034362793,-3.2351651191711426,8.33720874786377
1753053742444,-0.42437225580215454,-3.6565444469451904,
1753053742445,,,8.816049575805664
1753053742509,,-4.006097793579102,
1753053742510,-2.4594438076019287,,8.035539627075195
1753053742576,-2.425924777984619,-4.619013786315918,
1753053742577,,,9.203909873962402
1753053742644,-1.6980875730514526,-5.059546947479248,9.017162322998047
1753053742709,,-3.862445831298828,
1753053742710,-1.449090600013733,-3.934272050857544,8.883087158203125
1753053742777,-1.932719349861145,-4.068347454071045,9.031527519226074
1753053742844,-1.468244194984436,-3.62302565574646,8.00680923461914
1753053742910,-1.7411831617355347,-4.619013786315918,9.639654159545898
1753053742976,-1.8800468444824219,-4.006097793579102,8.85435676574707
1753053743048,,-4.475361347198486,
1753053743049,-2.713229179382324,,8.236652374267578
1753053743111,-2.521692991256714,-3.709217071533203,7.408258438110352
1753053743176,-1.1330559253692627,-3.9486372470855713,9.97484302520752
1753053743244,,-4.111443042755127,
1753053743245,-2.181716203689575,,8.03075122833252
1753053743310,-1.8848352432250977,-4.207211017608643,8.94533634185791
1753053743376,-2.181716203689575,-4.389170169830322,8.67718505859375
1753053743444,-2.5073277950286865,-4.154538631439209,8.883087158203125
1753053743510,-2.4450783729553223,-4.1880574226379395,8.94533634185791
1753053743577,,-4.125808238983154,
1753053743578,-1.9518729448318481,-4.087501049041748,8.988431930541992
1753053743644,-1.3389573097229004,-3.579930067062378,9.357138633728027
1753053743710,-0.7451952695846558,-3.096301317214966,
1753053743711,-0.4100070297718048,,8.260594367980957
1753053743777,-0.6111199855804443,-3.0196869373321533,8.868721961975098
1753053743844,-1.2814964056015015,-4.006097793579102,9.237428665161133
1753053743911,-1.7363947629928589,-3.929483652114868,
1753053743912,,,9.553462982177734
1753053743978,-0.39564183354377747,-3.354875087738037,9.409811019897461
1753053744044,-1.1665748357772827,-3.6086604595184326,8.94533634185791
1753053744110,-1.4873977899551392,-4.039616584777832,9.476848602294922
1753053744178,-1.2336124181747437,-3.4075474739074707,8.42818832397461
1753053744243,,-3.2207999229431152,
1753053744244,-0.7499836683273315,,9.275735855102539
1753053744309,,-3.714005470275879,
1753053744310,-1.6980875730514526,,9.141660690307617
1753053744376,,-3.5224692821502686,
1753053744377,-1.0564415454864502,-3.488950490951538,9.213486671447754
1753053744443,,-3.1489737033843994,
1753053744444,,-3.0388405323028564,
1753053744445,-0.8984242081642151,-3.2207999229431152,8.576628684997559
1753053744509,,-3.8049850463867188,
1753053744510,-0.8505401611328125,,9.333196640014648
1753053744576,-1.224035620689392,-3.5847184658050537,8.830414772033691
1753053744577,,,8.926182746887207
1753053744645,-1.0995371341705322,-3.8145618438720703,9.390657424926758
1753053744710,,-2.9526493549346924,
1753053744711,-1.2958617210388184,-3.0148985385894775,8.648454666137695
1753053744778,-1.3533225059509277,-3.603872060775757,8.533533096313477
1753053744845,-1.1953052282333374,-3.7906198501586914,9.060257911682129
1753053744910,-1.7507599592208862,-4.087501049041748,
1753053744911,,,9.299677848815918
1753053744977,-1.3437457084655762,-4.1210198402404785,9.548674583435059
1753053745044,,-3.5655648708343506,
1753053745045,-1.4778209924697876,-3.6326024532318115,8.801684379577637
1753053745110,,-3.8337154388427734,
1753053745111,-1.6502034664154053,,9.045892715454102
1753053745177,,-3.776254653930664,
1753053745178,-1.30543851852417,-3.579930067062378,9.06983470916748
1753053745244,-1.5209165811538696,-3.6565444469451904,8.624512672424316
1753053745310,-1.5352818965911865,-3.555988073348999,8.969278335571289
1753053745311,,,8.648454666137695
1753053745377,-0.9463081955909729,-3.445854902267456,9.007585525512695
1753053745444,,-3.8289270401000977,
1753053745445,-1.5161281824111938,,9.055469512939453
1753053745510,,-3.3500866889953613,
1753053745511,-1.30543851852417,,8.930971145629883
1753053745577,-1.5161281824111938,-3.1250317096710205,8.710704803466797
1753053745644,,-4.2742486000061035,
1753053745645,-1.3198037147521973,,9.088988304138184
1753053745710,,-4.034828186035156,
1753053745711,-1.9662381410598755,,8.7298583984375
1753053745777,-1.5592238903045654,-4.350862979888916,9.045892715454102
1753053745844,,-4.125808238983154,
1753053745845,-1.9470845460891724,,8.926182746887207
1753053745910,,-4.1641154289245605,
1753053745911,-1.8656816482543945,,8.624512672424316
1753053745977,-2.516904592514038,-3.958214044570923,8.624512672424316
1753053746044,,-4.269460201263428,
1753053746045,-2.210446834564209,-4.211999416351318,8.720281600952148
1753053746110,-1.8896236419677734,-3.886387825012207,8.567051887512207
1753053746177,-2.4690206050872803,-3.5033156871795654,8.088212013244629
1753053746245,-1.4059948921203613,-3.7858314514160156,9.223063468933105
1753053746310,,-3.9630024433135986,
1753053746311,-1.7938556671142578,,9.031527519226074
1753053746377,-1.8034324645996094,-3.426701068878174,8.629301071166992
1753053746445,-1.611896276473999,-3.6278140544891357,9.606135368347168
1753053746510,,-3.067570924758911,
1753053746511,-1.4873977899551392,,8.782530784606934
1753053746576,-1.7076643705368042,-3.2351651191711426,
1753053746577,-1.8656816482543945,,9.122507095336914
1753053746644,,-3.9007530212402344,
1753053746645,-1.6980875730514526,-3.800196647644043,8.835203170776367
1753053746710,,-3.493738889694214,
1753053746711,-2.3732523918151855,,8.581417083740234
1753053746776,,-3.5176808834075928,
1753053746777,-2.406771183013916,-3.599083662033081,9.132083892822266
1753053746844,,-3.5942952632904053,
1753053746845,-2.143409013748169,,8.710704803466797
1753053746910,-2.1051018238067627,-3.862445831298828,
1753053746911,-2.5121161937713623,,8.681973457336426
1753053746977,-2.876034736633301,-3.4123358726501465,8.974066734313965
1753053747044,,-3.8145618438720703,
1753053747045,-2.3110032081604004,-3.6804866790771484,8.581417083740234
1753053747110,-2.4642322063446045,-3.5464112758636475,
1753053747111,,,8.46170711517334
1753053747177,-2.0859482288360596,-3.445854902267456,8.662819862365723
1753053747245,,-3.694851875305176,
1753053747310,-2.1290438175201416,-3.579930067062378,9.472060203552246
1753053747377,-2.3780407905578613,-2.713229179382324,8.590993881225586
1753053747445,-1.4443022012710571,-2.607884168624878,8.969278335571289
1753053747510,,-2.081159830093384,
1753053747511,-3.1202433109283447,,6.982090473175049
1753053747577,-2.1098902225494385,-3.330933094024658,9.510367393493652
1753053747644,,-3.2974143028259277,
1753053747645,-2.3540987968444824,-3.0771477222442627,8.447341918945312
1753053747710,,-4.211999416351318,
1753053747711,-2.698863983154297,,8.7298583984375
1753053747777,-1.7651251554489136,-4.125808238983154,8.64366626739502
1753053747845,-0.9654618501663208,-3.7475242614746094,8.653243064880371
1753053747910,,-4.5423994064331055,
1753053747911,-1.6932991743087769,,7.542334079742432
1753053747976,,-5.878363609313965,
1753053747977,-2.2439656257629395,-5.638943672180176,7.638102054595947
1753053748045,-1.0708067417144775,-5.705981254577637,8.859145164489746
1753053748110,,-6.089053630828857,
1753053748111,-1.0899603366851807,,8.365939140319824
1753053748177,-2.1481974124908447,-5.988496780395508,8.112154006958008
1753053748244,,-6.160879611968994,
1753053748245,-2.0428526401519775,-6.38114595413208,6.785766124725342
1753053748310,,-6.280589580535889,
1753053748311,-2.536058187484741,,6.809708118438721
1753053748377,-2.7036523818969727,-6.457760334014893,7.159261703491211
1753053748445,-2.80899715423584,-6.0651116371154785,6.115389823913574
1753053748510,,-6.740276336669922,
1753053748511,-2.1290438175201416,,6.752247333526611
1753053748577,-1.999756932258606,-6.869563102722168,6.9246296882629395
1753053748578,,,7.192780494689941
1753053748645,-1.8656816482543945,-7.717110633850098,7.369951248168945
1753053748710,,-6.424241542816162,
1753053748711,-2.301426410675049,-6.812102317810059,6.488884925842285
1753053748777,-1.5257049798965454,-6.840832710266113,6.522404193878174
1753053748845,-1.956661343574524,-6.232705593109131,6.345232963562012
1753053748910,-1.2910733222961426,-6.376357555389404,
1753053748911,,,7.925405979156494
1753053748977,-2.3110032081604004,-6.706757545471191,6.986878871917725
1753053749045,-3.0340521335601807,-6.587047576904297,7.178415298461914
1753053749110,,-6.548740386962891,
1753053749111,-2.2822728157043457,,7.240664482116699
1753053749177,-1.4586673974990845,-6.4146647453308105,6.943783283233643
1753053749245,-1.492186188697815,-6.654085159301758,7.044340133666992
1753053749310,-3.158550500869751,-5.993285179138184,6.3931169509887695
1753053749378,-2.9957449436187744,-6.098630428314209,6.843226909637451
1753053749444,-1.7794904708862305,-6.352415561676025,7.810484409332275
1753053749511,-2.938283920288086,-6.491279125213623,7.068282127380371
1753053749577,,-6.338050365447998,
1753053749578,-2.6797101497650146,,6.761824131011963
1753053749644,-1.5496470928192139,-6.271012783050537,
1753053749645,,,6.943783283233643
1753053749711,,-7.161655902862549,
1753053749712,-2.5983073711395264,,7.417835235595703
1753053749777,,-6.596624374389648,
1753053749778,-2.6414029598236084,,6.723516941070557
1753053749844,-2.2822728157043457,-6.91265869140625,7.053916931152344
1753053749911,,-6.539163589477539,
1753053749912,-2.646191358566284,,6.7714009284973145
1753053749977,,-6.831255912780762,
1753053749978,-2.4594438076019287,,6.469731330871582
1753053750044,-2.4594438076019287,-7.496844291687012,5.559935092926025
1753053750045,,,5.71316385269165
1753053750111,-2.957437753677368,-7.448959827423096,6.1536970138549805
1753053750177,-3.1010897159576416,-7.008427143096924,5.8424506187438965
1753053750244,-1.611896276473999,-7.568670272827148,6.014833450317383
1753053750310,-2.272696018218994,-7.132925510406494,5.866392612457275
1753053750377,,-7.683591842651367,
1753053750378,-3.383605480194092,-7.281365871429443,5.823297023773193
1753053750444,-3.225588321685791,-7.0802531242370605,5.780201435089111
1753053750445,,,5.880757808685303
1753053750511,,-6.91265869140625,
1753053750512,-3.158550500869751,,6.019621849060059
1753053750577,,-6.917447090148926,
1753053750578,-3.292625904083252,,5.612607479095459
1753053750644,-2.627037763595581,-7.515997886657715,6.369174957275391
1753053750645,,,5.947795391082764
1753053750711,,-7.13771390914917,
1753053750712,-3.469796895980835,,5.650914669036865
1753053750777,-3.273472309112549,-7.2574238777160645,
1753053750778,,,5.856815814971924
1753053750844,-3.1010897159576416,-7.2574238777160645,5.2678422927856445
1753053750911,-3.3022027015686035,-7.530363082885742,
1753053750912,,,5.521627902984619
1753053750977,-3.2830491065979004,-7.161655902862549,5.636549472808838
1753053751044,,-7.180809497833252,
1753053751045,-3.2638955116271973,,5.603030681610107
1753053751111,,-7.827243804931641,
1753053751112,-3.230376720428467,,5.603030681610107
1753053751177,-3.316567897796631,-7.118560314178467,5.559935092926025
1753053751245,-3.134608507156372,-7.592612266540527,5.564723491668701
1753053751310,-2.7946319580078125,-7.635707855224609,5.828085422515869
1753053751378,-3.3261446952819824,-7.113771915435791,5.4881086349487305
1753053751445,,-7.3005194664001465,
1753053751446,-3.378817081451416,,5.507262229919434
1753053751504,-2.981379747390747,-7.3436150550842285,5.282207489013672
1753053751505,,,5.507262229919434
1753053751512,-3.1872811317443848,-7.04673433303833,5.784989833831787
1753053751578,,-7.362768650054932,
1753053751579,-3.292625904083252,-7.621342658996582,5.938218593597412
1753053751646,,-7.405864238739014,
1753053751647,-3.0867245197296143,,5.6221842765808105
1753053751714,,-7.3867106437683105,
1753053751715,-3.0819361209869385,-7.391499042510986,5.349245071411133
1753053751780,,-7.549516677856445,
1753053751781,-3.383605480194092,,5.449801445007324
1753053751846,-3.560776472091675,-6.927023887634277,5.109825134277344
1753053751911,,-8.061875343322754,
1753053751912,-3.6900634765625,-7.650073051452637,5.4210710525512695
1753053751978,-3.445854902267456,-7.381922245025635,
1753053751979,,,5.3779754638671875
1753053752046,-3.053205728530884,-7.185597896575928,5.5790886878967285
1753053752112,-3.3500866889953613,-7.338826656341553,5.674856662750244
1753053752178,,-7.271789073944092,
1753053752179,-3.737947463989258,,5.727529048919678
1753053752247,,-7.142502307891846,
1753053752248,-3.6326024532318115,-7.176021099090576,
1753053752249,,,5.813720226287842
1753053752312,-3.2591071128845215,-7.391499042510986,5.248688697814941
1753053752379,-3.335721492767334,-7.35319185256958,5.4210710525512695
1753053752446,-3.1968579292297363,-7.616554260253906,5.301361083984375
1753053752512,-3.330933094024658,-7.4537482261657715,5.416282653808594
1753053752579,,-7.26221227645874,
1753053752580,-2.9239187240600586,-7.372345447540283,5.464166641235352
1753053752647,-3.134608507156372,-7.324461460113525,5.564723491668701
1753053752712,,-7.391499042510986,
1753053752713,-3.335721492767334,,5.6892218589782715
1753053752782,-2.8377275466918945,-7.061099529266357,5.828085422515869
1753053752847,-3.096301317214966,-7.429806232452393,6.579864978790283
1753053752912,,-7.04673433303833,
1753053752913,-3.2160115242004395,-7.219116687774658,6.220734596252441
1753053752979,,-6.8360443115234375,
1753053752980,-3.3692402839660645,,5.837662220001221
1753053753047,-3.5655648708343506,-7.290942668914795,6.1967926025390625
1753053753112,,-6.931812286376953,
1753053753113,-3.153762102127075,,5.923853397369385
1753053753179,,-6.850409507751465,
1753053753180,-3.4841620922088623,,5.761047840118408
1753053753247,,-7.113771915435791,
1753053753248,-3.5655648708343506,,6.101024627685547
1753053753312,,-7.0802531242370605,
1753053753313,-3.3022027015686035,,6.0435638427734375
1753053753381,-2.689286947250366,-7.075464725494385,5.976525783538818
1753053753446,-2.713229179382324,-7.223905086517334,6.0866594314575195
1753053753512,,-6.888716697692871,
1753053753513,-3.2112231254577637,,5.914276599884033
1753053753579,-3.3213562965393066,-6.8360443115234375,
1753053753580,,,5.818508625030518
1753053753647,-3.153762102127075,-6.950965881347656,6.053140640258789
1753053753712,,-6.91265869140625,
1753053753713,-3.18249249458313,,5.9525837898254395
1753053753779,,-6.850409507751465,
1753053753780,,-6.931812286376953,
1753053753781,-3.7235822677612305,,5.976525783538818
1753053753847,-3.9007530212402344,-7.003638744354248,5.823297023773193
1753053753913,-2.7706899642944336,-7.243058681488037,6.326079368591309
1753053753979,-3.110666513442993,-7.0132155418396,5.847239017486572
1753053754047,-3.4985272884368896,-7.26221227645874,5.737105846405029
1753053754112,,-7.070676326751709,
1753053754113,-3.733159065246582,,5.574300289154053
1753053754179,-3.3931822776794434,-6.898293495178223,5.727529048919678
1753053754247,-3.311779499053955,-7.176021099090576,6.172850608825684
1753053754312,,-6.874351501464844,
1753053754313,-3.465008497238159,,6.187215805053711
1753053754380,,-6.874351501464844,
1753053754381,-3.402759075164795,-6.812102317810059,5.899911403656006
1753053754447,-3.2638955116271973,-6.984484672546387,6.096236228942871
1753053754512,,-6.840832710266113,
1753053754513,-3.5033156871795654,,5.938218593597412
1753053754579,,-6.960542678833008,
1753053754580,-3.3452982902526855,,6.0435638427734375
1753053754646,,-6.91265869140625,
1753053754647,-3.354875087738037,-6.9940619468688965,5.89512300491333
1753053754712,-3.292625904083252,-6.917447090148926,
1753053754713,-3.00053334236145,,6.081871032714844
1753053754779,,-7.094618320465088,
1753053754780,-2.9718029499053955,-7.085041522979736,6.067505836486816
1753053754847,-3.096301317214966,-7.209539890289307,6.124966621398926
1753053754912,,-7.195174694061279,
1753053754913,-3.1489737033843994,,6.053140640258789
1753053754979,-3.2543187141418457,-7.041945934295654,5.780201435089111
1753053755047,-3.3022027015686035,-6.8791399002075195,6.000467777252197
1753053755112,-2.7563247680664062,-6.419453144073486,
1753053755113,-2.9526493549346924,,6.316502571105957
1753053755179,-3.359663486480713,-6.366780757904053,5.6461262702941895
1753053755247,-4.073135852813721,-7.132925510406494,6.321290969848633
1753053755312,,-6.927023887634277,
1753053755313,-3.1872811317443848,-7.372345447540283,6.52719259262085
1753053755380,,-7.2334818840026855,
1753053755381,-3.1058781147003174,,6.484096527099609
1753053755447,-3.53204607963562,-6.548740386962891,5.746682643890381
1753053755512,-3.7714662551879883,-5.921459197998047,5.823297023773193
1753053755513,,,6.733093738555908
1753053755579,,-6.610989570617676,
1753053755580,-3.00053334236145,,6.752247333526611
1753053755647,-3.0627825260162354,-6.845621109008789,6.469731330871582
1753053755712,-3.2591071128845215,-6.745064735412598,
1753053755713,,,5.636549472808838
1753053755779,-3.7618894577026367,-6.1321492195129395,6.259041786193848
1753053755847,-4.53761100769043,-6.4817023277282715,5.373187065124512
1753053755912,,-7.477690696716309,
1753053755913,-1.3389573097229004,,7.992444038391113
1753053755979,,-6.850409507751465,
1753053755980,-1.9853917360305786,,6.934206485748291
1753053756046,,-6.706757545471191,
1753053756047,-3.709217071533203,,5.626972675323486
1753053756112,-3.776254653930664,-6.845621109008789,
1753053756113,-3.9917328357696533,,5.569511890411377
1753053756180,-3.3931822776794434,-6.936600685119629,6.129755020141602
1753053756181,,,6.187215805053711
1753053756245,,-6.654085159301758,
1753053756246,-3.5847184658050537,,5.603030681610107
1753053756312,,-7.415441036224365,
1753053756313,-3.2974143028259277,,6.464942932128906
1753053756382,-2.1912930011749268,-6.955754280090332,6.637325763702393
1753053756445,-1.999756932258606,-6.907870292663574,
1753053756446,,,6.627748966217041
1753053756512,,-6.462548732757568,
1753053756513,-2.823362350463867,-6.634931564331055,5.976525783538818
1753053756580,-3.3261446952819824,-6.874351501464844,6.464942932128906
1753053756645,-3.402759075164795,-6.984484672546387,6.474519729614258
1753053756646,,,6.780977725982666
1753053756712,-1.8704700469970703,-6.8360443115234375,
1753053756713,-2.1051018238067627,,7.0156097412109375
1753053756780,-2.6797101497650146,-6.582259178161621,6.158485412597656
1753053756846,-2.93349552154541,-7.070676326751709,6.627748966217041
1753053756912,,-6.7259111404418945,
1753053756913,-3.1010897159576416,-6.8360443115234375,6.402693748474121
1753053756980,-2.6844985485076904,-6.6828155517578125,6.431424140930176
1753053757045,,-6.673238754272461,
1753053757046,-2.7084407806396484,-6.615777969360352,6.531980991363525
1753053757112,,-6.82167911529541,
1753053757113,-3.1633388996124268,,6.536769390106201
1753053757182,-2.536058187484741,-6.745064735412598,6.65169095993042
1753053757245,-2.65097975730896,-6.476913928985596,6.522404193878174
1753053757312,-2.866457939147949,-6.73069953918457,6.603806972503662
1753053757379,,-6.610989570617676,
1753053757380,-3.1872811317443848,,6.680421352386475
1753053757446,-2.6366145610809326,-6.5295867919921875,6.627748966217041
1753053757512,,-6.342838764190674,
1753053757513,-2.56000018119812,,6.5942301750183105
1753053757580,-2.8568811416625977,-6.673238754272461,6.752247333526611
1753053757646,,-6.366780757904053,
1753053757712,,-6.433818340301514,
1753053757713,-2.6222493648529053,,6.876745700836182
1753053757780,-2.80899715423584,-6.323685169219971,6.599018573760986
1753053757846,-2.871246337890625,-6.443395137786865,6.905476093292236
1753053757913,-2.583942174911499,-5.892728805541992,6.354809761047363
1753053757980,-2.9047651290893555,-6.649296760559082,7.082647323608398
1753053758046,,-6.505644798278809,
1753053758047,-2.8425159454345703,,7.097012519836426
1753053758112,,-6.309319972991943,
1753053758113,-2.3732523918151855,-6.314108371734619,6.919841289520264
1753053758180,,-6.361992359161377,
1753053758181,-2.2152352333068848,,7.025186538696289
1753053758245,,-6.448183536529541,
1753053758246,-2.938283920288086,,6.876745700836182
1753053758312,,-6.553528785705566,
1753053758313,-2.890399932861328,-6.433818340301514,6.9677252769470215
1753053758380,-2.3253684043884277,-6.467337131500244,
1753053758381,-2.1769278049468994,,7.106589317321777
1753053758445,-2.6126725673675537,-6.400299549102783,6.766612529754639
1753053758512,,-6.563105583190918,
1753053758513,-2.7515363693237305,-6.491279125213623,6.804919719696045
1753053758580,,-6.25664758682251,
1753053758581,-2.253542423248291,-6.309319972991943,6.828861713409424
1753053758646,-2.3301568031311035,-6.467337131500244,6.9006876945495605
1753053758712,-2.785055160522461,-6.610989570617676,
1753053758713,,,6.881534099578857
1753053758780,-2.7946319580078125,-6.47212553024292,6.7714009284973145
1753053758846,-2.5791537761688232,-6.51522159576416,6.728305339813232
1753053758913,-2.722805976867676,-6.630143165588379,
1753053758914,-2.6366145610809326,,6.8336501121521
1753053758980,-2.8568811416625977,-6.582259178161621,
1753053758981,,,6.766612529754639
1753053759046,-2.80899715423584,-6.390722751617432,6.622960567474365
1753053759112,,-6.452971935272217,
1753053759113,-2.785055160522461,-6.405087947845459,6.699574947357178
1753053759180,-3.206434726715088,-6.476913928985596,6.718728542327881
1753053759181,,,6.723516941070557
1753053759246,,-6.558317184448242,
1753053759247,-2.890399932861328,,6.675632953643799
1753053759312,,-6.47212553024292,
1753053759313,-2.780266761779785,-6.524798393249512,6.689998149871826
1753053759380,,-6.534375190734863,
1753053759381,-2.8568811416625977,,6.7474589347839355
1753053759446,-2.9287071228027344,-6.567893981933594,
1753053759447,-2.8568811416625977,,6.9006876945495605
1753053759512,,-6.452971935272217,
1753053759513,-2.785055160522461,-6.486490726470947,6.761824131011963
1753053759580,-2.7275943756103516,-6.452971935272217,6.709151744842529
1753053759646,-2.9239187240600586,-6.47212553024292,6.7043633460998535
1753053759712,,-6.400299549102783,
1753053759713,-2.80899715423584,,6.74267053604126
1753053759780,,-6.452971935272217,
1753053759781,-2.895188331604004,,6.828861713409424
1753053759846,,-6.4817023277282715,
1753053759847,-2.871246337890625,,6.780977725982666
1753053759913,-2.8999767303466797,-6.385934352874756,
1753053759914,,,6.891110897064209
1753053759980,,-6.294954776763916,
1753053759981,-2.8137855529785156,-6.271012783050537,6.8575921058654785
1753053760046,-2.7898435592651367,-6.424241542816162,
1753053760047,,,6.910264492034912
1753053760112,,-6.3284735679626465,
1753053760113,-3.0867245197296143,,6.699574947357178
1753053760180,,-6.34762716293335,
1753053760181,-2.9718029499053955,-6.405087947845459,6.728305339813232
1753053760246,,-6.429029941558838,
1753053760247,-2.895188331604004,,6.895899295806885
1753053760312,,-6.419453144073486,
1753053760313,-2.8856115341186523,-6.400299549102783,6.6612677574157715
1753053760380,,-6.491279125213623,
1753053760381,-2.780266761779785,,6.876745700836182
1753053760446,-2.296638011932373,-6.548740386962891,7.044340133666992
1753053760512,,-6.433818340301514,
1753053760513,-2.583942174911499,,6.780977725982666
1753053760580,,-6.476913928985596,
1753053760581,-2.8425159454345703,,6.737882137298584
1753053760646,-2.689286947250366,-6.524798393249512,6.809708118438721
1753053760712,-2.6174609661102295,-6.429029941558838,
1753053760713,-2.4450783729553223,,6.948571681976318
1753053760780,,-6.3284735679626465,
1753053760781,-2.536058187484741,,6.881534099578857
1753053760846,-2.962226152420044,-6.534375190734863,6.828861713409424
1753053760847,,,6.74267053604126
1753053760914,-2.761113166809082,-6.409876346588135,6.852803707122803
1753053760980,-2.430713176727295,-6.376357555389404,
1753053760981,,,7.00124454498291
1753053761046,-2.6653449535369873,-6.266224384307861,6.7714009284973145
1753053761112,,-6.400299549102783,
1753053761113,-2.9047651290893555,,6.876745700836182
1753053761180,,-6.294954776763916,
1753053761181,-2.8616695404052734,,6.7714009284973145
1753053761246,-2.5791537761688232,-6.443395137786865,
1753053761247,,,7.111377716064453
1753053761313,-2.627037763595581,-6.227917194366455,6.824073314666748
1753053761380,,-6.275801181793213,
1753053761381,-2.8377275466918945,,6.819284915924072
1753053761446,-2.804208755493164,-6.51522159576416,7.154473304748535
1753053761512,,-6.3715691566467285,
1753053761513,-2.694075345993042,,6.824073314666748
1753053761580,,-6.323685169219971,
1753053761581,-2.7036523818969727,-6.266224384307861,6.848015308380127
1753053761646,-2.7036523818969727,-6.448183536529541,6.895899295806885
1753053761712,,-6.510433197021484,
1753053761713,-2.674921751022339,,6.934206485748291
1753053761781,-2.5983073711395264,-6.38114595413208,6.919841289520264
1753053761846,-2.588730573654175,-6.38114595413208,6.919841289520264
1753053761913,-2.473809003829956,-6.524798393249512,7.049128532409668
1753053761980,,-6.2853779792785645,
1753053761981,-2.492962598800659,,6.8336501121521
1753053762046,,-6.314108371734619,
1753053762047,-2.6414029598236084,-6.338050365447998,6.919841289520264
1753053762112,,-6.405087947845459,
1753053762113,-2.65097975730896,,6.982090473175049
1753053762180,,-6.036381244659424,
1753053762181,-2.516904592514038,,6.876745700836182
1753053762246,-2.871246337890625,-6.223128795623779,
1753053762247,-2.8999767303466797,,6.804919719696045
1753053762313,,-6.701969146728516,
1753053762314,-2.7323827743530273,,7.197568893432617
1753053762379,,-6.51522159576416,
1753053762380,-2.387617588043213,-6.452971935272217,7.178415298461914
1753053762446,,-6.3715691566467285,
1753053762447,-2.6174609661102295,,6.919841289520264
1753053762513,,-6.180033206939697,
1753053762514,-2.6366145610809326,-6.112995624542236,6.637325763702393
1753053762579,,-6.644508361816406,
1753053762580,-2.761113166809082,-6.587047576904297,7.192780494689941
1753053762646,,-6.491279125213623,
1753053762647,-2.301426410675049,,7.020398139953613
1753053762713,,-6.280589580535889,
1753053762714,-2.4450783729553223,,6.95814847946167
1753053762779,,-6.405087947845459,
1753053762780,-2.473809003829956,-6.275801181793213,6.986878871917725
1753053762847,-2.607884168624878,-6.314108371734619,6.7714009284973145
1753053762913,,-6.323685169219971,
1753053762914,-2.4355015754699707,,6.948571681976318
1753053762979,-2.3971943855285645,-6.601412773132324,7.207145690917969
1753053763046,-2.4450783729553223,-6.3284735679626465,6.962936878204346
1753053763113,-2.516904592514038,-6.242282390594482,6.915052890777588
1753053763179,,-6.462548732757568,
1753053763180,-2.5264813899993896,-6.366780757904053,7.029974937438965
1753053763246,,-6.25664758682251,
1753053763247,-2.5695769786834717,-6.294954776763916,6.881534099578857
1753053763313,,-6.400299549102783,
1753053763314,-2.521692991256714,,7.154473304748535
1753053763379,,-6.170456409454346,
1753053763380,-2.4450783729553223,,6.9677252769470215
1753053763445,-2.5791537761688232,-6.433818340301514,7.068282127380371
1753053763513,-2.5073277950286865,-6.314108371734619,6.95814847946167
1753053763579,-2.473809003829956,-6.333261966705322,
1753053763580,,,7.025186538696289
1753053763646,-2.4450783729553223,-6.452971935272217,7.101800918579102
1753053763713,,-6.299743175506592,
1753053763714,-2.5312697887420654,,6.886322498321533
1753053763779,-2.521692991256714,-6.4146647453308105,7.044340133666992
1753053763846,-2.4642322063446045,-6.366780757904053,
1753053763847,,,6.910264492034912
1753053763913,,-6.318896770477295,
1753053763914,-2.315791606903076,,7.063493728637695
1753053763979,-2.3301568031311035,-6.29016637802124,6.929418087005615
1753053764047,,-6.16566801071167,
1753053764048,-2.564788579940796,-6.098630428314209,6.780977725982666
1753053764113,,-6.117784023284912,
1753053764114,-2.895188331604004,,6.68520975112915
1753053764179,-2.698863983154297,-6.78816032409668,7.312490463256836
1753053764246,,-6.543951988220215,
1753053764247,-2.1721394062042236,,7.379528045654297
1753053764313,,-6.1082072257995605,
1753053764314,-2.516904592514038,-6.146514415740967,6.757035732269287
1753053764379,-2.93349552154541,-6.395511150360107,6.809708118438721
1753053764446,,-6.620566368103027,
1753053764447,-2.5312697887420654,,7.1688385009765625
1753053764513,-2.406771183013916,-6.299743175506592,6.991667747497559
1753053764579,,-6.38114595413208,
1753053764580,-2.478597402572632,,6.977302074432373
1753053764647,-2.627037763595581,-6.38114595413208,6.8336501121521
1753053764713,-2.631826162338257,-6.400299549102783,7.00124454498291
1753053764714,,,6.95814847946167
1753053764779,-2.3493103981018066,-6.251859188079834,6.915052890777588
1753053764846,-2.4211363792419434,-6.338050365447998,
1753053764847,,,6.982090473175049
1753053764913,,-6.491279125213623,
1753053764914,-2.6414029598236084,,7.039551734924316
1753053764979,,-6.323685169219971,
1753053764980,-2.492962598800659,,6.938994884490967
1753053765047,,-6.34762716293335,
1753053765048,-2.4211363792419434,-6.242282390594482,7.116166114807129
1753053765113,,-6.385934352874756,
1753053765114,-2.430713176727295,,7.077858924865723
1753053765179,,-6.1991868019104,
1753053765180,-2.3924059867858887,,6.891110897064209
1753053765246,,-6.299743175506592,
1753053765247,-2.5121161937713623,-6.280589580535889,7.020398139953613
1753053765313,-2.536058187484741,-6.25664758682251,6.991667747497559
1753053765314,,,7.077858924865723
1753053765379,,-6.457760334014893,
1753053765380,-2.497750997543335,,7.164050102233887
1753053765446,-2.4019827842712402,-6.390722751617432,
1753053765447,,,7.029974937438965
1753053765514,-2.4019827842712402,-6.443395137786865,7.120954513549805
1753053765579,,-6.2183403968811035,
1753053765580,-2.5983073711395264,-6.275801181793213,6.761824131011963
1753053765646,-2.5743653774261475,-6.457760334014893,
1753053765647,-2.6126725673675537,,7.049128532409668
1753053765713,-2.4881742000579834,-6.47212553024292,
1753053765714,,,7.192780494689941
1753053765779,,-6.491279125213623,
1753053765780,-2.4642322063446045,-6.419453144073486,7.135319709777832
1753053765846,-2.4690206050872803,-6.2614359855651855,6.824073314666748
1753053765912,,-6.304531574249268,
1753053765913,-2.497750997543335,,7.025186538696289
1753053765979,-2.497750997543335,-6.299743175506592,6.915052890777588
1753053766047,,-6.429029941558838,
1753053766048,-2.478597402572632,,7.116166114807129
1753053766113,,-6.400299549102783,
1753053766114,-2.3062148094177246,,7.149684906005859
1753053766179,-2.320580005645752,-6.266224384307861,6.996456146240234
1753053766246,,-6.271012783050537,
1753053766247,-2.4355015754699707,-6.318896770477295,7.0156097412109375
1753053766314,-2.363675594329834,-6.266224384307861,6.991667747497559
1753053766379,-2.4211363792419434,-6.338050365447998,7.140108108520508
1753053766446,-2.4450783729553223,-6.338050365447998,
1753053766447,,,7.039551734924316
1753053766513,-2.3684639930725098,-6.304531574249268,7.09222412109375
1753053766579,,-6.38114595413208,
1753053766580,-2.3971943855285645,,7.192780494689941
1753053766646,-2.387617588043213,-6.314108371734619,7.00124454498291
1753053766713,-2.4211363792419434,-6.266224384307861,7.020398139953613
1753053766779,-2.4690206050872803,-6.376357555389404,7.097012519836426
1753053766846,,-6.433818340301514,
1753053766847,-2.497750997543335,,7.187992095947266
1753053766913,,-6.385934352874756,
1753053766914,-2.540846586227417,,7.144896507263184
1753053766979,-2.7898435592651367,-6.280589580535889,6.881534099578857
1753053767047,,-6.266224384307861,
1753053767048,-3.072359323501587,-6.242282390594482,6.5942301750183105
1753053767113,-2.876034736633301,-6.1752448081970215,
1753053767114,,,6.871957302093506
1753053767179,,-6.007650852203369,
1753053767180,-2.7467479705810547,,6.498462200164795
1753053767246,,-6.500856399536133,
1753053767247,-3.330933094024658,,6.943783283233643
1753053767313,-2.7563247680664062,-6.7259111404418945,7.494450092315674
1753053767378,,-6.1991868019104,
1753053767379,-2.536058187484741,,6.7474589347839355
1753053767446,-3.4602200984954834,-6.323685169219971,
1753053767447,-3.5176808834075928,,6.436212539672852
1753053767513,-3.421912670135498,-6.47212553024292,6.531980991363525
1753053767579,-2.521692991256714,-6.366780757904053,6.982090473175049
1753053767646,,-6.3715691566467285,
1753053767647,-2.473809003829956,-6.476913928985596,7.0587053298950195
1753053767713,-3.134608507156372,-6.419453144073486,
1753053767714,-3.1872811317443848,,6.689998149871826
1753053767779,-2.9909565448760986,-6.3715691566467285,6.675632953643799
1753053767847,-2.780266761779785,-6.419453144073486,6.795342922210693
1753053767848,,,6.795342922210693
1753053767912,,-6.3715691566467285,
1753053767913,-2.8568811416625977,-6.429029941558838,6.915052890777588
1753053767979,-2.7994203567504883,-6.510433197021484,6.962936878204346
1753053768048,,-6.333261966705322,
1753053768049,-2.943072557449341,-6.3715691566467285,6.752247333526611
1753053768112,,-6.390722751617432,
1753053768113,-2.890399932861328,-6.361992359161377,6.843226909637451
1753053768179,-2.962226152420044,-6.3715691566467285,6.77618932723999
1753053768247,-3.0388405323028564,-6.357203960418701,
1753053768248,-3.0388405323028564,,6.8336501121521
1753053768312,,-6.352415561676025,
1753053768313,-2.6557681560516357,-6.352415561676025,7.00124454498291
1753053768379,-2.7898435592651367,-6.237493991851807,6.766612529754639
1753053768447,-2.9478609561920166,-6.314108371734619,
1753053768448,-2.957437753677368,,6.828861713409424
1753053768513,-3.0148985385894775,-6.448183536529541,6.962936878204346
1753053768580,-2.7563247680664062,-6.4146647453308105,
1753053768581,-2.8425159454345703,,6.9006876945495605
1753053768646,,-6.3715691566467285,
1753053768647,-2.9718029499053955,-6.304531574249268,6.733093738555908
1753053768712,,-6.299743175506592,
1753053768713,-2.8616695404052734,-6.34762716293335,6.8144965171813965
1753053768779,,-6.4146647453308105,
1753053768780,-2.6605565547943115,-6.452971935272217,6.95814847946167
1753053768847,,-6.457760334014893,
1753053768848,-2.866457939147949,,6.852803707122803
1753053768913,-2.8999767303466797,-6.448183536529541,6.838438510894775
1753053768979,,-6.318896770477295,
1753053768980,-2.761113166809082,-6.29016637802124,6.761824131011963
1753053769047,-2.780266761779785,-6.2853779792785645,6.809708118438721
1753053769114,-2.876034736633301,-6.38114595413208,
1753053769115,,,6.943783283233643
1753053769180,-2.7275943756103516,-6.361992359161377,6.876745700836182
1753053769247,,-6.25664758682251,
1753053769248,-2.9047651290893555,,6.670844554901123
1753053769312,,-6.314108371734619,
1753053769313,-2.914341926574707,-6.29016637802124,6.8575921058654785
1753053769380,-2.5552117824554443,-6.553528785705566,7.130531311035156
1753053769447,-2.7467479705810547,-6.280589580535889,
1753053769448,-2.7706899642944336,,6.905476093292236
1753053769512,-2.919130325317383,-6.294954776763916,6.895899295806885
1753053769580,-2.938283920288086,-6.357203960418701,6.8144965171813965
1753053769647,,-6.462548732757568,
1753053769648,-2.9047651290893555,,6.982090473175049
1753053769712,,-6.2853779792785645,
1753053769713,-2.718017578125,-6.376357555389404,6.86716890335083
1753053769780,-2.7706899642944336,-6.376357555389404,6.881534099578857
1753053769847,-2.8856115341186523,-6.280589580535889,6.77618932723999
1753053769912,,-6.242282390594482,
1753053769913,-2.80899715423584,-6.203975200653076,6.886322498321533
1753053769979,,-6.318896770477295,
1753053769980,-2.852092742919922,-6.385934352874756,6.977302074432373
1753053770047,-2.847304344177246,-6.491279125213623,
1753053770048,,,7.006032943725586
1753053770114,-2.80899715423584,-6.184821605682373,6.699574947357178
1753053770179,,-6.280589580535889,
1753053770180,-2.689286947250366,-6.357203960418701,6.962936878204346
1753053770247,-2.785055160522461,-6.419453144073486,7.073070526123047
1753053770312,,-6.390722751617432,
1753053770313,-2.804208755493164,,7.00124454498291
1753053770380,-2.9765913486480713,-6.3715691566467285,6.780977725982666
1753053770447,,-6.376357555389404,
1753053770448,-2.871246337890625,,6.809708118438721
1753053770512,,-6.342838764190674,
1753053770513,-2.7706899642944336,-6.400299549102783,6.905476093292236
1753053770580,-2.627037763595581,-6.419453144073486,6.86716890335083
1753053770647,,-6.361992359161377,
1753053770648,-2.765901565551758,,6.86716890335083
1753053770712,,-6.333261966705322,
1753053770713,-2.7084407806396484,-6.3284735679626465,6.934206485748291
1753053770780,,-6.405087947845459,
1753053770781,-2.8377275466918945,,6.86716890335083
1753053770847,-2.7946319580078125,-6.342838764190674,6.910264492034912
1753053770913,-2.5504233837127686,-6.294954776763916,7.053916931152344
1753053770979,,-6.366780757904053,
1753053770980,-2.65097975730896,-6.352415561676025,6.876745700836182
1753053771047,-2.4881742000579834,-6.232705593109131,6.919841289520264
1753053771114,-2.698863983154297,-6.361992359161377,6.991667747497559
1753053771179,,-6.223128795623779,
1753053771180,-2.670133352279663,-6.318896770477295,6.905476093292236
1753053771247,,-6.534375190734863,
1753053771248,-2.674921751022339,-6.4386067390441895,7.154473304748535
1753053771312,,-6.299743175506592,
1753053771313,-2.6174609661102295,-6.34762716293335,6.86716890335083
1753053771379,,-6.342838764190674,
1753053771380,-2.7467479705810547,-6.448183536529541,6.919841289520264
1753053771447,-2.5695769786834717,-6.591835975646973,7.120954513549805
1753053771512,,-6.405087947845459,
1753053771513,-2.536058187484741,-6.520009994506836,6.828861713409424
1753053771580,-2.430713176727295,-6.223128795623779,6.919841289520264
1753053771648,-2.6605565547943115,-6.577470779418945,6.948571681976318
1753053771714,-2.4881742000579834,-6.357203960418701,6.790554523468018
1753053771781,-2.4402899742126465,-6.457760334014893,7.116166114807129
1753053771847,-2.7275943756103516,-6.333261966705322,6.828861713409424
1753053771912,,-6.357203960418701,
1753053771913,-2.473809003829956,-6.323685169219971,6.938994884490967
1753053771979,,-6.390722751617432,
1753053771980,-2.4594438076019287,-6.376357555389404,7.049128532409668
1753053772047,,-6.242282390594482,
1753053772048,-2.4355015754699707,,6.9006876945495605
1753053772114,-2.6222493648529053,-6.5295867919921875,7.164050102233887
1753053772179,,-6.333261966705322,
1753053772180,-2.406771183013916,-6.385934352874756,6.977302074432373
1753053772247,,-6.352415561676025,
1753053772248,-2.473809003829956,-6.2614359855651855,7.049128532409668
1753053772312,,-6.376357555389404,
1753053772313,-2.5025393962860107,-6.376357555389404,7.039551734924316
1753053772380,-2.5504233837127686,-6.251859188079834,6.919841289520264
1753053772447,,-6.342838764190674,
1753053772448,-2.631826162338257,,6.962936878204346
1753053772512,,-6.4817023277282715,
1753053772513,-2.4355015754699707,-6.38114595413208,7.235876083374023
1753053772580,-2.4690206050872803,-6.275801181793213,6.895899295806885
1753053772647,-2.4402899742126465,-6.385934352874756,
1753053772648,,,7.101800918579102
1753053772713,-2.5121161937713623,-6.51522159576416,7.025186538696289
1753053772779,,-6.242282390594482,
1753053772780,-2.3301568031311035,-6.352415561676025,6.86716890335083
1753053772847,-2.56000018119812,-6.51522159576416,7.197568893432617
1753053772848,,,6.991667747497559
1753053772913,-2.4163479804992676,-6.409876346588135,6.962936878204346
1753053772980,-2.4211363792419434,-6.2183403968811035,6.915052890777588
1753053773046,,-6.385934352874756,
1753053773047,-2.6174609661102295,-6.352415561676025,6.9677252769470215
1753053773114,-2.4019827842712402,-6.338050365447998,7.0156097412109375
1753053773180,-2.4594438076019287,-6.376357555389404,
1753053773181,,,7.09222412109375
1753053773247,,-6.496067523956299,
1753053773248,-2.4833858013153076,,7.1257429122924805
1753053773312,,-6.318896770477295,
1753053773313,-2.5025393962860107,-6.500856399536133,6.848015308380127
1753053773380,-2.5073277950286865,-6.433818340301514,7.087435722351074
1753053773446,,-6.443395137786865,
1753053773447,-2.4833858013153076,-6.567893981933594,6.943783283233643
1753053773513,-2.497750997543335,-6.055534839630127,6.728305339813232
1753053773579,,-6.385934352874756,
1753053773580,-2.5121161937713623,,7.140108108520508
1753053773646,-2.588730573654175,-6.409876346588135,7.049128532409668
1753053773748,-2.3301568031311035,-6.271012783050537,7.0156097412109375
1753053773753,-2.4833858013153076,-6.3284735679626465,7.020398139953613
1753053773817,-2.5791537761688232,-6.2853779792785645,6.852803707122803
1753053773884,,-6.563105583190918,
1753053773885,-2.627037763595581,-6.443395137786865,7.111377716064453
1753053773950,-2.3732523918151855,-6.429029941558838,7.049128532409668
1753053774017,-2.258330821990967,-6.3715691566467285,7.044340133666992
1753053774083,-2.3780407905578613,-6.213551998138428,6.871957302093506
1753053774168,-2.6414029598236084,-6.2183403968811035,6.862380504608154
1753053774231,-2.689286947250366,-6.563105583190918,7.178415298461914
1753053774298,-2.301426410675049,-6.4386067390441895,
1753053774299,,,7.221510887145996
1753053774365,,-6.227917194366455,
1753053774366,-2.2679076194763184,-6.16566801071167,7.053916931152344
1753053774431,-2.7515363693237305,-6.390722751617432,6.9246296882629395
1753053774432,,,7.0156097412109375
1753053774498,-2.6174609661102295,-6.467337131500244,6.982090473175049
1753053774565,,-6.4146647453308105,
1753053774566,-2.4019827842712402,-6.314108371734619,7.144896507263184
1753053776527,,-6.419453144073486,
1753053776528,-2.4642322063446045,-6.376357555389404,7.063493728637695
1753053776531,-2.411559581756592,-6.184821605682373,6.919841289520264
1753053776599,,-6.227917194366455,
1753053776601,-2.516904592514038,-6.29016637802124,
1753053776603,-2.583942174911499,,
1753053776604,-2.6174609661102295,,6.905476093292236
1753053776663,-2.6557681560516357,-6.318896770477295,7.0156097412109375
1753053776729,-2.6605565547943115,-6.299743175506592,7.0156097412109375
1753053776795,,-6.433818340301514,
1753053776796,-2.4881742000579834,,7.197568893432617
1753053776863,-2.4594438076019287,-6.333261966705322,7.0587053298950195
1753053776929,-2.631826162338257,-6.361992359161377,6.876745700836182
1753053776992,-2.536058187484741,-6.299743175506592,6.953360080718994
1753053777060,-2.5025393962860107,-6.376357555389404,7.09222412109375
1753053777127,-2.5264813899993896,-6.323685169219971,7.020398139953613
1753053778199,-2.5504233837127686,-6.223128795623779,7.006032943725586
1753053778200,,,7.00124454498291
1753053778203,-2.5073277950286865,-6.29016637802124,7.053916931152344
1753053778269,-2.521692991256714,-6.247070789337158,6.991667747497559
1753053778334,,-6.25664758682251,
1753053778336,,-6.309319972991943,
1753053778337,-2.607884168624878,-6.237493991851807,6.977302074432373
1753053778401,,-6.156091213226318,
1753053778402,-2.718017578125,,7.039551734924316
1753053778467,-2.5264813899993896,-6.424241542816162,7.063493728637695
1753053778734,,-6.5295867919921875,
1753053778735,-2.986168146133423,,7.116166114807129
1753053778739,-3.5511996746063232,-6.548740386962891,6.785766124725342
1753053778802,-3.848080635070801,-6.950965881347656,6.010045051574707
1753053778869,,-7.180809497833252,
1753053778870,-3.3883938789367676,,5.880757808685303
1753053781183,,-6.812102317810059,
1753053781184,-3.450643301010132,-6.740276336669922,6.134543418884277
1753053781186,-3.359663486480713,-6.582259178161621,6.024410247802734
1753053781250,-3.512892484664917,-6.73069953918457,6.268618583679199
1753053781318,-3.579930067062378,-6.663661956787109,6.019621849060059
1753053785795,,-6.8791399002075195,
1753053785796,,-6.8360443115234375,
1753053785797,-3.383605480194092,-6.658873558044434,
1753053785798,,,6.297348976135254
1753053785803,,-7.559093475341797,
1753053785804,11.513117790222168,-11.227010726928711,9.012373924255371
1753053785810,-0.07960720360279083,-12.251729011535645,
1753053785811,,,-7.289745807647705
1753053785873,,-7.621342658996582,
1753053785874,6.540360450744629,-5.217564105987549,-4.397550106048584
1753053785914,,-6.864774703979492,
1753053785915,6.856395244598389,,1.4323312044143677
1753053785940,-5.076306343078613,-5.629366874694824,3.9223008155822754
1753053786009,-5.655703067779541,-7.506421089172363,24.431032180786133
1753053786010,,,28.60651969909668
1753053786073,2.9466638565063477,-2.184110403060913,2.4857800006866455
1753053786140,3.6529531478881836,3.8373067378997803,6.089053630828857
1753053786206,-1.4514847993850708,1.2874820232391357,6.163273811340332
1753053786272,-0.35494041442871094,1.9027918577194214,6.292560577392578
1753053786340,-5.524022102355957,0.08559270948171616,7.726687431335449
1753053786388,-5.440224647521973,1.8070237636566162,3.24953031539917
1753053786427,,2.714426279067993,
1753053786428,-1.0947487354278564,3.5284547805786133,14.174272537231445
1753053786446,-3.3429040908813477,2.652176856994629,6.1752448081970215
1753053786511,,3.183689594268799,
1753053786512,-3.4123358726501465,4.519654273986816,7.061099529266357
1753053786557,1.1773487329483032,4.189254283905029,11.574169158935547
1753053786619,,4.004900932312012,
1753053786620,-0.641047477722168,,
1753053786621,-0.8194155097007751,,11.01632022857666
1753053786686,,4.954201698303223,
1753053786687,0.49380409717559814,4.525639533996582,10.144830703735352
1753053786725,,2.9538464546203613,
1753053786727,,2.5037364959716797,
1753053786728,-1.2407950162887573,,7.885901927947998
1753053786760,-0.6350619792938232,2.8197710514068604,9.542689323425293
1753053786766,0.39564183354377747,3.4997243881225586,
1753053786788,0.5237316489219666,3.315370798110962,9.282918930053711
1753053786828,,3.1022868156433105,
1753053786829,-0.0077811554074287415,2.810194253921509,9.687539100646973
1753053786853,-0.5943605899810791,2.896385431289673,8.502408981323242
1753053787068,-0.4626794755458832,3.008913040161133,8.624512672424316
1753053787080,-0.3166331648826599,3.0867245197296143,9.167996406555176
1753053787081,,,8.85675048828125
1753053787108,0.353743314743042,3.3285388946533203,8.8878755569458
1753053787180,0.9642647504806519,3.535637378692627,9.224260330200195
1753053787240,-0.32022446393966675,2.214038133621216,10.499173164367676
1753053787256,-0.2232593148946762,3.047220230102539,8.40304946899414
1753053787303,0.166995570063591,3.5715503692626953,8.692748069763184
1753053787348,,3.6086604595184326,
1753053787349,1.0995371341705322,3.268683910369873,9.106945037841797
1753053787433,0.6697779297828674,3.332130193710327,9.418190956115723
1753053787500,0.7356184720993042,3.2339680194854736,9.211092948913574
1753053787567,1.590348482131958,4.565144062042236,7.615356922149658
1753053787634,,2.6557681560516357,
1753053787635,1.2132617235183716,,8.034342765808105
1753053787701,0.6302735805511475,2.890399932861328,9.418190956115723
1753053787702,,,9.45410442352295
1753053787767,,2.935889720916748,
1753053787768,0.7679402232170105,3.071162223815918,9.371503829956055
1753053787835,0.578798234462738,3.113060712814331,
1753053787837,0.838569164276123,,9.147645950317383
1753053787900,,3.6326024532318115,
1753053787901,0.7056909799575806,3.7415387630462646,8.455721855163574
1753053787968,1.2970588207244873,3.401561975479126,9.624092102050781
1753053788035,1.4323312044143677,3.575141668319702,9.00160026550293
1753053788100,2.2858641147613525,4.153341293334961,8.013991355895996
1753053788142,2.2415714263916016,3.8325183391571045,9.196727752685547
1753053788167,2.937086820602417,4.379593372344971,6.1082072257995605
1753053788236,2.2894554138183594,3.953425645828247,9.078214645385742
1753053788301,2.629431962966919,4.117428302764893,8.58620548248291
1753053788340,1.7004817724227905,3.3668460845947266,9.86111831665039
1753053788367,,3.0986955165863037,
1753053788368,1.4083890914916992,3.1705214977264404,11.232995986938477
1753053788433,0.5345055460929871,2.787449359893799,9.657610893249512
1753053788501,0.7966706156730652,3.095104217529297,9.221866607666016
1753053788568,0.436343252658844,2.5959131717681885,9.685144424438477
1753053788634,0.7978677153587341,3.1705214977264404,
1753053788635,,,9.606135368347168
1753053788701,0.3274070918560028,2.9299042224884033,8.746617317199707
1753053788768,0.5464765429496765,3.052008628845215,8.82323169708252
1753053788834,0.2783259451389313,2.8149826526641846,7.5231804847717285
1753053788900,0.6075286865234375,2.5719711780548096,9.9401273727417
1753053788968,-0.15502455830574036,1.8920178413391113,9.229048728942871
1753053789034,0.27712884545326233,2.3098061084747314,9.788095474243164
1753053789101,0.6482301354408264,2.3074119091033936,9.916184425354004
1753053789168,0.4854243993759155,2.081159830093384,9.79647445678711
1753053789234,0.6769605278968811,3.444657802581787,8.350377082824707
1753053789301,0.37409400939941406,2.741959571838379,9.145252227783203
1753053789368,-0.10833762586116791,3.183689594268799,7.83921480178833
1753053789433,0.1538274586200714,2.9023709297180176,9.156025886535645
1753053789501,0.7894880175590515,2.9897594451904297,9.412205696105957
1753053789568,0.44831427931785583,2.7958290576934814,9.461286544799805
1753053789634,0.5117605924606323,2.360084295272827,9.28531265258789
1753053789701,0.3824737071990967,2.2691047191619873,9.525930404663086
1753053789767,,2.147000312805176,
1753053789768,0.353743314743042,2.1493945121765137,9.46727180480957
1753053789834,0.34416648745536804,2.1721394062042236,9.651625633239746
1753053789901,0.49380409717559814,2.235585927963257,9.821614265441895
1753053789970,0.4866214990615845,2.5899276733398438,9.55705451965332
1753053790035,-0.15502455830574036,3.0184898376464844,8.745420455932617
1753053790101,0.518943190574646,3.1501708030700684,10.408193588256836
1753053790168,-0.5548562407493591,2.7563247680664062,9.28531265258789
1753053790236,0.2902969419956207,2.667739152908325,9.643245697021484
1753053790302,0.2998737692832947,2.76350736618042,9.34397029876709
1753053790367,,2.7347769737243652,
1753053790368,0.25677812099456787,,9.383475303649902
1753053790434,0.08918401598930359,2.7060465812683105,9.41100788116455
1753053790502,0.2579752206802368,2.8365304470062256,9.255385398864746
1753053790568,0.1885433793067932,2.871246337890625,9.025542259216309
1753053790634,,2.7886464595794678,
1753053790635,0.1586158573627472,2.8341362476348877,9.430161476135254
1753053790701,,2.757521867752075,
1753053790702,0.06643909960985184,2.8221652507781982,9.683947563171387
1753053790769,0.08319851011037827,2.7347769737243652,9.43255615234375
1753053790770,,,9.28650951385498
1753053790836,0.041299980133771896,2.565985679626465,9.416994094848633
1753053790901,0.013766659423708916,2.478597402572632,9.497200012207031
1753053790967,,2.757521867752075,
1753053790968,0.36810851097106934,2.7742812633514404,9.779715538024902
1753053791038,0.23523031175136566,2.562394380569458,9.239823341369629
1753053791101,0.718859076499939,2.870049238204956,9.371503829956055
1753053791168,,3.1513679027557373,
1753053791169,1.006163239479065,3.312976598739624,9.231443405151367
1753053791236,-0.6733692288398743,2.472611904144287,9.326014518737793
1753053791302,,2.5121161937713623,
1753053791303,-0.5716156363487244,,9.643245697021484
1753053791369,-0.557250440120697,2.631826162338257,9.21588134765625
1753053791435,2.0213048458099365,3.339312791824341,11.074978828430176
1753053791502,,2.3924059867858887,
1753053791503,-0.6805518269538879,2.118269920349121,8.432976722717285
1753053791569,-0.3800795078277588,2.62823486328125,9.430161476135254
1753053791645,0.801459014415741,2.6844985485076904,9.496002197265625
1753053791703,0.3381809890270233,2.343324899673462,9.424176216125488
1753053791770,,2.433107376098633,
1753053791771,0.36571431159973145,2.2595279216766357,9.807249069213867
1753053791836,-0.3214215636253357,1.8166005611419678,
1753053791837,,,9.444527626037598
1753053791902,,2.1589713096618652,
1753053791903,-0.04010287672281265,,9.640851974487305
1753053791971,0.12868833541870117,2.321777105331421,9.213486671447754
1753053792037,,2.2391772270202637,
1753053792038,0.37409400939941406,2.321777105331421,9.140463829040527
1753053792102,-0.041299980133771896,1.8309657573699951,10.01075553894043
1753053792171,-0.1346738487482071,1.8154034614562988,10.466851234436035
1753053792237,,2.07397723197937,
1753053792238,-0.13587094843387604,,9.45410442352295
1753053792302,,1.9039889574050903,
1753053792303,-0.3693056106567383,1.9219454526901245,10.078990936279297
1753053792369,,1.9602526426315308,
1753053792370,-0.38965633511543274,1.9303251504898071,9.278130531311035
1753053792435,-0.35254621505737305,1.876455545425415,9.212289810180664
1753053792502,0.31543606519699097,1.8608932495117188,10.13166332244873
1753053792571,0.07841010391712189,2.02848744392395,10.029909133911133
1753053792637,-0.2974795699119568,2.3469161987304688,9.232640266418457
1753053792703,0.002992752008140087,2.452261209487915,9.360730171203613
1753053792704,,,9.196727752685547
1753053792781,,2.381632089614868,
1753053792782,-0.24121582508087158,2.4199392795562744,9.470863342285156
1753053792838,-0.13946224749088287,2.494159698486328,9.030330657958984
1753053792901,,2.6773159503936768,
1753053792903,,2.472611904144287,
1753053792904,-0.4315548539161682,2.610278367996216,9.509170532226562
1753053792969,-0.26755204796791077,2.601898670196533,9.603741645812988
1753053793035,-0.48901569843292236,2.7299885749816895,9.422979354858398
1753053793102,-0.24480712413787842,2.714426279067993,9.510367393493652
1753053793168,-0.47465047240257263,2.586336374282837,9.79647445678711
1753053793234,-0.47225627303123474,2.7072436809539795,9.803657531738281
1753053793273,-0.7667431235313416,3.243544816970825,9.16201114654541
1753053793302,-0.8792705535888672,3.465008497238159,8.786121368408203
1753053793369,-1.1653777360916138,4.239532470703125,8.259397506713867
1753053793431,-1.6717513799667358,3.9653966426849365,7.681197643280029
1753053793434,-0.6326677799224854,3.4386723041534424,8.563461303710938
1753053793501,,3.4087445735931396,
1753053793502,-0.8146271109580994,3.3883938789367676,9.211092948913574
1753053793564,-0.5692214369773865,2.9550435543060303,10.36988639831543
1753053793568,-0.444722980260849,2.9909565448760986,8.594585418701172
1753053793634,-0.6865373253822327,3.0544028282165527,
1753053793635,-0.5165489912033081,,9.091382026672363
1753053793701,-0.5476736426353455,3.1848866939544678,9.402628898620605
1753053793768,-0.3992331326007843,2.943072557449341,9.4014310836792
1753053793835,-0.718859076499939,3.202843427658081,9.208698272705078
1753053793901,-0.7152677774429321,3.093907117843628,9.788095474243164
1753053793968,-0.8684966564178467,3.601477861404419,8.502408981323242
1753053794034,,3.400364875793457,
1753053794035,-0.6350619792938232,3.666121244430542,9.102156639099121
1753053794081,-0.8206126093864441,3.581127166748047,9.120112419128418
1753053794144,-0.8134300112724304,3.469796895980835,8.868721961975098
1753053794251,,3.0412347316741943,
1753053794252,-0.6494272351264954,3.0567970275878906,9.61212158203125
1753053794305,-0.6326677799224854,3.022081136703491,9.4014310836792
1753053794348,-0.43754035234451294,3.156156301498413,9.102156639099121
1753053794411,-0.33099839091300964,3.0795419216156006,9.452906608581543
1753053794477,,3.09151291847229,
1753053794478,-0.2256535142660141,,9.420584678649902
1753053794543,,3.230376720428467,
1753053794544,0.08559270948171616,,9.111733436584473
1753053794610,,3.3728315830230713,
1753053794611,0.29867666959762573,,8.749011993408203
1753053794677,,3.2567129135131836,
1753053794679,0.19572599232196808,,9.449316024780273
1753053794743,,3.3022027015686035,
1753053794744,0.23523031175136566,,9.083003044128418
1753053794810,0.13108254969120026,3.247136116027832,9.139266014099121
1753053794879,0.2256535142660141,3.359663486480713,8.871115684509277
1753053794942,,3.2603042125701904,
1753053794943,0.08439560979604721,,9.336788177490234
1753053795009,,3.1633388996124268,
1753053795010,0.3058592677116394,,9.534309387207031
1753053795077,0.48063600063323975,3.1920695304870605,9.223063468933105
1753053795099,0.41958385705947876,3.18249249458313,
1753053795100,,,9.257779121398926
1753053795141,0.4471171796321869,3.1669301986694336,9.10574722290039
1753053795211,0.43993455171585083,3.2363622188568115,
1753053795212,,,9.041104316711426
1753053795277,,3.066373825073242,
1753053795280,0.2759317457675934,,9.393052101135254
1753053795344,0.3693056106567383,3.18249249458313,8.644864082336426
1753053795411,,3.089118719100952,
1753053795412,0.4471171796321869,,9.363123893737793
1753053795477,,2.9730000495910645,
1753053795478,0.4423287510871887,,9.12729549407959
1753053795547,0.29867666959762573,2.9107506275177,9.426570892333984
1753053795611,0.3824737071990967,2.9718029499053955,9.21947193145752
1753053795678,,2.9311013221740723,
1753053795679,0.24241292476654053,,9.369110107421875
1753053795745,,2.9227216243743896,
1753053795746,0.414795458316803,2.913144826889038,9.205106735229492
1753053795813,0.3130418658256531,2.9538464546203613,9.245808601379395
1753053795879,0.29867666959762573,2.961029052734375,9.382277488708496
1753053795945,,2.935889720916748,
1753053795946,0.15741875767707825,2.93349552154541,9.206304550170898
1753053796013,,2.8832173347473145,
1753053796014,0.2783259451389313,2.937086820602417,9.378686904907227
1753053796078,0.28790274262428284,2.938283920288086,9.226655006408691
1753053796145,0.26396074891090393,2.8353333473205566,9.241020202636719
1753053796211,0.5428852438926697,2.670133352279663,9.651625633239746
1753053796278,,2.6844985485076904,
1753053796279,0.497395396232605,,9.575011253356934
1753053796344,0.5045779943466187,2.7252001762390137,9.326014518737793
1753053796411,,2.6880898475646973,
1753053796412,0.4902127981185913,,9.43135929107666
1753053796480,,2.7994203567504883,
1753053796481,0.4315548539161682,2.780266761779785,9.098565101623535
1753053796545,,2.7946319580078125,
1753053796546,0.345363587141037,,9.335591316223145
1753053796612,0.5129576921463013,2.7084407806396484,9.424176216125488
1753053796680,,2.7754783630371094,
1753053796681,,,9.25299072265625
1753053796745,0.5117605924606323,2.7455508708953857,9.303269386291504
1753053796811,,2.7072436809539795,
1753053796812,0.406415730714798,2.7252001762390137,9.384672164916992
1753053796879,0.4471171796321869,2.761113166809082,9.311649322509766
1753053796948,,2.672527551651001,
1753053796949,0.44352585077285767,,9.475651741027832
1753053797013,,2.7024552822113037,
1753053797014,0.4040215313434601,2.67372465133667,9.21947193145752
1753053797080,0.414795458316803,2.7299885749816895,9.260173797607422
1753053797149,0.47584760189056396,2.6150667667388916,9.324816703796387
1753053797214,0.39205053448677063,2.6593594551086426,8.996811866760254
1753053797250,0.5668272376060486,2.603095769882202,9.353547096252441
1753053797277,0.6661866307258606,2.235585927963257,10.293272018432617
1753053797345,,2.295440912246704,
1753053797346,0.657806932926178,,10.001178741455078
1753053797411,,2.3540987968444824,
1753053797412,0.45429977774620056,,
1753053797413,,,9.560646057128906
1753053797479,,2.5145103931427,
1753053797480,0.5428852438926697,2.606687068939209,9.317634582519531
1753053797545,,2.385223388671875,
1753053797546,0.3190273642539978,,9.428964614868164
1753053797613,,2.382829189300537,
1753053797614,0.38486793637275696,2.321777105331421,9.134477615356445
1753053797679,,2.1481974124908447,
1753053797680,0.11312603205442429,2.0608091354370117,9.779715538024902
1753053797744,,2.1517887115478516,
1753053797745,0.16579847037792206,,9.485228538513184
1753053797813,0.12030863761901855,2.0715830326080322,9.961674690246582
1753053797879,0.06763619929552078,2.210446834564209,9.479243278503418
1753053797945,,2.1721394062042236,
1753053797948,0.005386953707784414,,9.713874816894531
1753053798012,0.05686229094862938,2.366069793701172,9.527127265930176
1753053798078,-0.166995570063591,2.1948843002319336,10.153210639953613
