timestamp,AccX,AccY,AccZ
1753063230099,-1.225232720375061,4.291007995605469,8.087015151977539
1753063230149,-0.801459014415741,4.065953254699707,9.503185272216797
1753063230198,-0.21607670187950134,4.475361347198486,8.472481727600098
1753063230248,-0.49978959560394287,,
1753063230249,-1.24917471408844,4.046799659729004,10.70986270904541
1753063230299,-1.1378443241119385,4.275445461273193,10.560225486755371
1753063230350,-0.1538274586200714,4.462193489074707,7.201159954071045
1753063230383,-0.23044191300868988,4.768651008605957,5.896320343017578
1753063230429,-2.9969420433044434,,
1753063230430,,3.180098295211792,9.117718696594238
1753063230481,0.20769700407981873,6.079476833343506,7.75900936126709
1753063230529,-1.7950527667999268,,
1753063230530,-0.9259575009346008,4.846462726593018,10.110115051269531
1753063230580,-0.6290764808654785,4.012083530426025,9.379883766174316
1753063230629,-1.876455545425415,,
1753063230630,-2.876034736633301,4.200028419494629,8.684368133544922
1753063230681,-1.5496470928192139,5.539584159851074,8.502408981323242
1753063230728,-0.44352585077285767,,
1753063230729,1.1210849285125732,,
1753063230731,,4.44782829284668,6.797737121582031
1753063230780,0.03770867735147476,4.0563764572143555,10.110115051269531
1753063230821,-0.046088382601737976,3.7020344734191895,9.955689430236816
1753063230897,-0.7846996188163757,4.065953254699707,7.923011779785156
1753063230932,-1.0432734489440918,4.322132587432861,9.430161476135254
1753063230986,-0.7571662664413452,,
1753063230987,-0.5237316489219666,4.302978992462158,10.014347076416016
1753063231030,-0.42676645517349243,,
1753063231031,,4.361637115478516,7.420229434967041
1753063231081,-1.6573861837387085,5.054758548736572,
1753063231082,,,8.322843551635742
1753063231130,-1.370081901550293,,
1753063231131,-1.4287399053573608,4.581903457641602,7.659649848937988
1753063231181,-1.4778209924697876,4.507683277130127,7.295731067657471
1753063231230,-0.7380126714706421,,
1753063231231,-0.14664486050605774,,
1753063231232,,4.308964729309082,9.10574722290039
1753063231282,-0.30226796865463257,,
1753063231283,,3.553593873977661,8.860342025756836
1753063231325,-1.9470845460891724,,
1753063231326,,2.9538464546203613,6.2650275230407715
1753063231381,0.03770867735147476,,
1753063231382,,1.63344407081604,6.1070098876953125
1753063231432,-4.352060317993164,,
1753063231433,,0.8457517623901367,7.095815181732178
1753063231460,-3.6086604595184326,0.921169102191925,7.53275728225708
1753063231483,-3.601477861404419,,
1753063231484,,0.3250128924846649,7.118560314178467
1753063231531,-4.3173441886901855,-2.390011787414551,4.015674591064453
1753063231580,-11.970410346984863,,
1753063231581,-13.120823860168457,-9.330802917480469,2.05123233795166
1753063231629,-10.144830703735352,-5.2450971603393555,6.5044474601745605
1753063231680,-10.063427925109863,,
1753063231681,,-7.033565998077393,3.618237257003784
1753063231730,-13.538612365722656,,
1753063231731,-14.624382972717285,-6.997653007507324,4.763862609863281
1753063231778,-16.794727325439453,,
1753063231779,,-9.03511905670166,1.3652935028076172
1753063231780,-13.090896606445312,-6.540360450744629,-8.780136108398438
1753063231830,-6.789357662200928,,
1753063231831,,-7.362768650054932,-0.10594342648983002
1753063231880,-11.198280334472656,,
1753063231881,,-9.169194221496582,6.859986305236816
1753063231928,-2.4881742000579834,-6.352415561676025,
1753063231929,,,17.30349349975586
1753063231931,5.90589714050293,-3.599083662033081,12.323554992675781
1753063231981,-5.324106216430664,-5.055955410003662,-4.053982257843018
1753063232030,-5.546766757965088,,
1753063232031,,0.6123170852661133,-8.180388450622559
1753063232081,-15.080477714538574,-11.543045043945312,1.809417963027954
1753063232106,-26.32125473022461,-15.08167552947998,-1.1965023279190063
1753063232148,-10.114903450012207,-11.243769645690918,1.9602526426315308
1753063232181,-3.935469150543213,-9.157222747802734,0.9127894043922424
1753063232225,-12.737751960754395,-9.200318336486816,8.33601188659668
1753063232226,,,0.15143325924873352
1753063232281,-19.757551193237305,-10.779294967651367,
1753063232282,,-5.115810394287109,-1.854907751083374
1753063232334,-0.08559270948171616,0.2495955228805542,4.024054527282715
1753063232388,-10.505158424377441,-6.937798023223877,
1753063232389,,-8.960898399353027,-5.264250755310059
1753063232437,-4.3209357261657715,-9.663596153259277,-2.932298421859741
1753063232468,-5.0463786125183105,,
1753063232469,,-10.42615032196045,-3.200449228286743
1753063232487,-1.9387048482894897,,
1753063232488,,-8.206725120544434,-4.235941410064697
1753063232534,10.940903663635254,-6.1991868019104,0.16340427100658417
1753063232584,5.338471412658691,-8.004414558410645,-1.5723919868469238
1753063232634,-12.677896499633789,-9.869498252868652,-6.243479251861572
1753063232683,-5.890334606170654,,
1753063232684,-0.9367313981056213,-8.885480880737305,-4.61781644821167
1753063232733,-3.7618894577026367,,
1753063232734,,-11.916540145874023,-0.12389993667602539
1753063232783,-4.013280391693115,,
1753063232784,-3.4075474739074707,-8.341997146606445,-2.74076247215271
1753063232833,-0.7164648771286011,,
1753063232834,,-9.867103576660156,-2.7503392696380615
1753063232883,-1.1857284307479858,,
1753063232884,-1.8369512557983398,-9.819219589233398,-2.757521867752075
1753063232935,-4.4825439453125,,
1753063232936,-3.177704095840454,-5.349245071411133,-4.31135892868042
1753063232983,-2.6868927478790283,,
1753063232984,,-9.316437721252441,-2.386420488357544
1753063233034,-2.7730841636657715,-6.812102317810059,-4.095880508422852
1753063233084,-2.3517045974731445,-9.768941879272461,-4.2515034675598145
1753063233134,-5.191227912902832,-7.144896507263184,-2.9538464546203613
1753063233184,-5.2678422927856445,-5.207987308502197,-1.0767922401428223
1753063233233,-3.2375593185424805,,
1753063233234,-4.561553001403809,-5.6892218589782715,-3.5069069862365723
1753063233283,3.559579372406006,,
1753063233284,-3.6493618488311768,0.08798690885305405,-4.045602321624756
1753063233334,3.111863613128662,,
1753063233335,-0.6039373874664307,-15.622764587402344,-2.9107506275177
1753063233384,-3.354875087738037,-10.108918190002441,-7.18440055847168
1753063233385,,,-2.5324668884277344
1753063233436,-1.0372878313064575,-5.741894245147705,0.5129576921463013
1753063233483,-0.8457517623901367,,
1753063233484,-0.6997054219245911,-13.506290435791016,-11.972804069519043
1753063233535,1.7232266664505005,-13.125612258911133,-5.190030574798584
1753063233584,-0.5656301379203796,,
1753063233585,,-6.062717437744141,-4.153341293334961
1753063233635,-0.7882909178733826,-8.976460456848145,-7.050325393676758
1753063233684,-1.7076643705368042,-6.809708118438721,-5.836465358734131
1753063233733,-0.9534908533096313,,
1753063233734,-1.2000936269760132,-7.71471643447876,-5.958569526672363
1753063233784,-1.1689690351486206,-7.865550994873047,-6.102221488952637
1753063233835,-1.0109516382217407,,
1753063233836,-0.7571662664413452,-7.693168640136719,
1753063233838,,,-5.989694118499756
1753063233885,-0.6877344250679016,-7.913434982299805,-5.896320343017578
1753063233936,-0.900818407535553,,
1753063233937,-0.6542156338691711,-7.820061206817627,-5.908291339874268
1753063233983,-0.6853402256965637,,
1753063233984,-0.6590040326118469,-7.9397711753845215,-5.625775337219238
1753063234034,0.04010287672281265,,
1753063234035,,-8.485649108886719,-5.745485305786133
1753063234083,0.3800795078277588,,
1753063234084,0.3321954905986786,-7.9397711753845215,-5.391143798828125
1753063234134,-0.0628477931022644,,
1753063234135,-0.9750386476516724,-8.432976722717285,-5.858013153076172
1753063234184,-1.4203602075576782,-7.674015045166016,-6.016030311584473
1753063234235,-1.1737574338912964,-7.899069786071777,-6.140528678894043
1753063234286,-1.5879542827606201,-8.004414558410645,-6.243479251861572
1753063234336,-0.6877344250679016,,
1753063234337,-0.09876082092523575,,
1753063234338,,-7.0371575355529785,-4.964975833892822
1753063234389,-0.5345055460929871,-8.06666374206543,-5.75985050201416
1753063234439,0.6051344871520996,-8.497620582580566,-5.869984149932861
1753063234490,-0.49140989780426025,-8.224681854248047,-7.426215171813965
1753063234536,0.3082534670829773,-9.378686904907227,
1753063234537,,,-7.89547872543335
1753063234584,0.4471171796321869,,
1753063234585,0.2172738015651703,-8.449736595153809,-8.867524147033691
1753063234636,0.3321954905986786,-7.1712327003479,-7.991246700286865
1753063234686,2.9706058502197266,-5.2271409034729,-5.9753289222717285
1753063234687,,,-7.7661919593811035
1753063234736,0.19812019169330597,-5.705981254577637,-8.963293075561523
1753063234785,1.4095861911773682,,
1753063234786,0.7344213724136353,-3.1920695304870605,-7.991246700286865
1753063234835,0.7679402232170105,,
1753063234836,2.295440912246704,-1.899200439453125,-5.448604583740234
1753063234886,2.74076247215271,,
1753063234887,2.3959972858428955,-1.104325532913208,-6.152499675750732
1753063234937,1.5292962789535522,,
1753063234938,0.011372458189725876,-1.5496470928192139,-6.885125637054443
1753063234985,0.10235211998224258,-3.1010897159576416,-10.864288330078125
1753063235040,1.6250643730163574,-2.2152352333068848,-7.48846435546875
1753063235086,-0.35733461380004883,,
1753063235087,-0.07003039866685867,-5.615001678466797,-14.187440872192383
1753063235137,0.41359832882881165,,
1753063235138,,-3.8768110275268555,-9.106945037841797
1753063235185,0.983418345451355,,
1753063235186,1.591545581817627,-3.642179250717163,-8.867524147033691
1753063235235,1.5292962789535522,,
1753063235236,0.8732850551605225,-3.661332845687866,-8.283339500427246
1753063235285,-0.03172317147254944,,
1753063235286,0.29388827085494995,-3.6278140544891357,-9.715071678161621
1753063235337,0.7679402232170105,-3.958214044570923,-9.178771018981934
1753063235387,0.9786299467086792,-3.6373908519744873,-9.446921348571777
1753063235436,1.4574702978134155,-3.493738889694214,
1753063235437,,,-8.747814178466797
1753063235487,1.5628151893615723,-3.2830491065979004,-8.671199798583984
1753063235488,,,-8.489240646362305
1753063235536,1.2563573122024536,-2.9239187240600586,-7.660846710205078
1753063235586,0.8206126093864441,,
1753063235587,0.8349778652191162,-3.575141668319702,-7.900267124176025
1753063235588,,,-8.077438354492188
1753063235635,0.36092591285705566,-4.149750232696533,
1753063235636,,,-7.239467620849609
1753063235686,0.619499683380127,,
1753063235687,,-4.772242546081543,-6.966528415679932
1753063235735,1.7016788721084595,,
1753063235736,,-6.16566801071167,-8.283339500427246
1753063235786,-0.2472013235092163,,
1753063235787,-0.21368250250816345,-6.4386067390441895,-7.277774810791016
1753063235835,-0.3621230125427246,,
1753063235836,-1.0324994325637817,-8.7083101272583,-9.964069366455078
1753063235886,-1.0468647480010986,,
1753063235887,-1.7220295667648315,-6.73069953918457,-7.36396598815918
1753063235938,-1.8082208633422852,-6.141726016998291,-8.661623001098633
1753063235987,-0.4866214990615845,,
1753063235988,-0.3429693877696991,-6.500856399536133,-7.105391979217529
1753063236036,0.030526071786880493,-6.898293495178223,-7.009624004364014
1753063236085,0.1215057373046875,-6.486490726470947,
1753063236086,,,-6.621763229370117
1753063236135,-0.6446388363838196,,
1753063236136,,-6.816890716552734,-7.431003570556641
1753063236187,-0.49619829654693604,,
1753063236188,-0.4578910768032074,-6.448183536529541,-7.019200801849365
1753063236236,-0.40521863102912903,-6.855197906494141,-7.201159954071045
1753063236288,-0.37169981002807617,-6.553528785705566,-7.359177589416504
1753063236337,-0.4291606545448303,-6.845621109008789,
1753063236338,,,-6.942586421966553
1753063236388,-0.4387374520301819,-6.721122741699219,
1753063236389,,,-6.952163219451904
1753063236438,-1.1426327228546143,-7.032369136810303,-7.502829551696777
1753063236487,-0.5871779918670654,,
1753063236488,,-6.323685169219971,-6.846818447113037
1753063236537,-1.2288240194320679,-6.223128795623779,-7.852383136749268
1753063236587,-0.639850378036499,,
1753063236588,,-6.1082072257995605,-7.335235595703125
1753063236635,-0.7882909178733826,,
1753063236636,-0.19931729137897491,-6.745064735412598,
1753063236637,,,-7.478887557983398
1753063236688,0.15981295704841614,-6.644508361816406,-6.588244438171387
1753063236736,-0.596754789352417,,
1753063236737,-0.4578910768032074,-6.654085159301758,-7.1436991691589355
1753063236787,-0.2998737692832947,-6.615777969360352,
1753063236788,,-6.452971935272217,
1753063236789,,,-7.1436991691589355
1753063236836,-0.922366201877594,-6.275801181793213,
1753063236837,,,-8.019977569580078
1753063236886,-1.0995371341705322,,
1753063236887,-1.3150153160095215,,
1753063236888,,-6.467337131500244,-7.794922351837158
1753063236941,-0.7212532758712769,-6.237493991851807,-7.5650787353515625
1753063236986,0.4710591733455658,-7.0802531242370605,-7.617751121520996
1753063237036,0.3034650683403015,-6.534375190734863,
1753063237037,,,-8.015189170837402
1753063237086,-0.2472013235092163,,
1753063237087,,-6.050746440887451,-7.550713539123535
1753063237136,-0.8505401611328125,-5.729923248291016,-7.70394229888916
1753063237188,-0.884058952331543,-5.868786811828613,-7.6081743240356445
1753063237235,-0.5776011347770691,-6.184821605682373,
1753063237236,,,-7.416638374328613
1753063237288,-0.5009866952896118,-6.141726016998291,-7.277774810791016
1753063237336,-0.6206967830657959,,
1753063237337,-0.9032126069068909,-6.002861976623535,-7.110180377960205
1753063237387,-1.0516531467437744,,
1753063237388,,-6.194398403167725,-8.110957145690918
1753063237437,-0.7978677153587341,,
1753063237438,-0.8122329115867615,-5.983708381652832,-6.913856029510498
1753063237489,-0.7835025191307068,,
1753063237490,,-6.227917194366455,-7.234679222106934
1753063237536,-1.4730325937271118,,
1753063237537,,-6.625354766845703,-8.225878715515137
1753063237587,-1.1857284307479858,,
1753063237588,,-6.979696273803711,-7.847594738006592
1753063237635,-1.6262614727020264,-6.496067523956299,
1753063237636,,-6.318896770477295,-8.240243911743164
1753063237687,-0.041299980133771896,,
1753063237688,0.8637082576751709,-6.208763599395752,-6.233902454376221
1753063237733,1.3186066150665283,,
1753063237736,0.375291109085083,-6.208763599395752,
1753063237737,,-6.950965881347656,-5.185242176055908
1753063237786,-1.3006501197814941,,
1753063237787,,-8.248623847961426,-8.082226753234863
1753063237835,-1.932719349861145,-8.06666374206543,-7.407061576843262
1753063237887,-0.9271546006202698,-7.209539890289307,-8.326435089111328
1753063237936,-0.8457517623901367,,
1753063237938,,-6.031592845916748,-7.244256019592285
1753063237986,-1.468244194984436,,
1753063237987,-0.32381579279899597,-5.184045314788818,-9.202713012695312
1753063238036,-0.3860650360584259,,
1753063238037,-1.4586673974990845,-5.648520469665527,-8.728660583496094
1753063238090,-1.5017629861831665,,
1753063238091,-0.8888474106788635,-5.131372928619385,-8.087015151977539
1753063238138,-1.4347254037857056,,
1753063238139,-2.65097975730896,-3.9390604496002197,
1753063238140,,,-8.125322341918945
1753063238189,-3.00053334236145,,
1753063238190,-2.646191358566284,-4.379593372344971,
1753063238191,,,-8.355165481567383
1753063238238,-2.4355015754699707,,
1753063238239,,-4.3843817710876465,-9.810839653015137
1753063238287,-1.5304933786392212,-4.13059663772583,-8.934561729431152
1753063238288,,,-8.436568260192871
1753063238337,-2.2008697986602783,-5.586271286010742,-10.52910041809082
1753063238387,-1.3437457084655762,,
1753063238388,-1.6262614727020264,-3.8337154388427734,-8.723872184753418
1753063238436,-1.7507599592208862,,
1753063238437,-1.7651251554489136,-5.1361613273620605,-9.317634582519531
1753063238489,-1.511339783668518,,
1753063238490,-1.611896276473999,-3.3644518852233887,-8.982446670532227
1753063238491,,,-10.2561616897583
1753063238538,-1.9039889574050903,,
1753063238539,-1.104325532913208,-2.6126725673675537,
1753063238540,,,-8.632892608642578
1753063238587,-0.6111199855804443,,
1753063238588,,-1.3724761009216309,-8.666411399841309
1753063238636,2.803011655807495,-1.2431892156600952,
1753063238637,,-0.40043023228645325,-9.279327392578125
1753063238688,-0.35254621505737305,-1.2527660131454468,-9.245808601379395
1753063238738,-2.4642322063446045,,
1753063238739,-1.913565754890442,-1.2527660131454468,-9.049484252929688
1753063238787,-1.568800687789917,-0.6063315868377686,
1753063238788,,,-9.279327392578125
1753063238839,-1.2527660131454468,-0.778714120388031,
1753063238840,,,-8.532336235046387
1753063238888,-2.0667946338653564,,
1753063238889,-1.5304933786392212,-0.8313865661621094,-9.255385398864746
1753063238937,-1.9949685335159302,,
1753063238938,-2.320580005645752,-1.5017629861831665,-11.027094841003418
1753063238987,-1.5304933786392212,-1.8656816482543945,
1753063238988,,-2.229600429534912,-9.011177062988281
1753063239037,-1.3341689109802246,-2.2152352333068848,-9.791686058044434
1753063239038,,,-9.600150108337402
1753063239088,-2.0715830326080322,,
1753063239089,,-3.0101101398468018,-9.700706481933594
1753063239137,-0.7068880796432495,-3.201646327972412,
1753063239138,,,-10.308834075927734
1753063239191,-0.02214636653661728,-2.6414029598236084,-10.141240119934082
1753063239236,-0.3669114112854004,-1.9901801347732544,-9.873088836669922
1753063239288,-0.3621230125427246,,
1753063239289,,-1.7172411680221558,-8.738237380981445
1753063239336,-0.4626794755458832,,
1753063239337,-1.204882025718689,0.18375498056411743,-10.414178848266602
1753063239338,,,-9.537900924682617
1753063239387,-1.8608932495117188,,
1753063239388,,-0.6733692288398743,-8.436568260192871
1753063239436,-0.42437225580215454,-2.9909565448760986,
1753063239437,,,-11.616067886352539
1753063239487,-2.852092742919922,,
1753063239488,,-2.8377275466918945,-8.42699146270752
1753063239536,-0.055665191262960434,,
1753063239537,,-2.7467479705810547,-10.04068374633789
1753063239588,-3.1250317096710205,-1.8513164520263672,-10.849923133850098
1753063239636,-0.17058686912059784,-1.6262614727020264,-9.743802070617676
1753063239687,-1.7507599592208862,,
1753063239688,,-2.0907366275787354,-9.801262855529785
1753063239735,-1.7603367567062378,,
1753063239736,-1.8800468444824219,-2.2008697986602783,-9.94970417022705
1753063239787,-1.9614497423171997,,
1753063239788,-1.7794904708862305,-2.095525026321411,-9.245808601379395
1753063239836,-1.8034324645996094,,
1753063239837,,-1.913565754890442,-9.317634582519531
1753063239887,-1.7938556671142578,,
1753063239888,,-2.0045454502105713,-9.691129684448242
1753063239937,-1.468244194984436,-1.9375077486038208,-8.996811866760254
1753063239987,-1.4107834100723267,-2.124255418777466,-9.379883766174316
1753063240037,-0.9175778031349182,-2.1960813999176025,-10.06462574005127
1753063240038,,,-9.695918083190918
1753063240087,-1.0708067417144775,,
1753063240088,-1.2431892156600952,-1.2336124181747437,-8.838793754577637
1753063240137,-1.9375077486038208,,
1753063240138,-1.9470845460891724,-2.167351007461548,-10.414178848266602
1753063240190,-1.4969745874404907,-2.6653449535369873,-9.92097282409668
1753063240235,-1.8513164520263672,-1.9087773561477661,
1753063240236,,,-8.7669677734375
1753063240287,-2.210446834564209,,
1753063240288,-2.914341926574707,-1.6262614727020264,-9.049484252929688
1753063240324,-2.8329391479492188,-0.6494272351264954,-7.574655532836914
1753063240327,-1.0708067417144775,-0.9798270463943481,-6.679224014282227
1753063240387,-0.2759317457675934,,
1753063240388,,-1.3724761009216309,-8.225878715515137
1753063240437,-1.5735890865325928,-3.096301317214966,-10.538677215576172
1753063240489,-2.4355015754699707,-3.2543187141418457,-9.786897659301758
1753063240538,-1.1234791278839111,,
1753063240539,,-2.785055160522461,-8.316858291625977
1753063240589,-1.6980875730514526,-3.0101101398468018,-8.422203063964844
1753063240636,-1.4299370050430298,,
1753063240637,,-0.7930793166160583,-8.130110740661621
1753063240689,-2.5073277950286865,-3.4841620922088623,
1753063240690,,,-10.778097152709961
1753063240735,-2.473809003829956,,
1753063240736,-1.975814938545227,,
1753063240737,,-1.9806033372879028,-9.892242431640625
1753063240788,-1.7172411680221558,-2.0428526401519775,-9.700706481933594
1753063240840,-2.009333848953247,-2.8616695404052734,-10.687117576599121
1753063240889,-1.5352818965911865,,
1753063240890,-1.5496470928192139,-3.0148985385894775,-9.011177062988281
1753063240941,-1.5831658840179443,-2.296638011932373,-9.739013671875
1753063240942,,,-9.619303703308105
1753063240988,-2.4402899742126465,-2.866457939147949,
1753063240989,,-2.9095535278320312,-9.61451530456543
1753063241038,-1.4012064933776855,-2.076371431350708,
1753063241039,,,-8.158841133117676
1753063241089,-2.3110032081604004,-2.828150749206543,-9.806051254272461
1753063241138,-1.8082208633422852,,
1753063241139,-1.731606364250183,-2.272696018218994,-8.12053394317627
1753063241189,-1.6741455793380737,,
1753063241190,-2.1098902225494385,-2.4881742000579834,-9.686341285705566
1753063241240,-1.7076643705368042,-3.3069911003112793,-9.64803409576416
1753063241288,-1.4299370050430298,-3.354875087738037,-9.576208114624023
1753063241337,-2.1338322162628174,-2.521692991256714,
1753063241338,,,-8.55148983001709
1753063241390,-1.0133458375930786,,
1753063241391,,-2.1577742099761963,-8.436568260192871
1753063241438,-2.167351007461548,,
1753063241439,-1.5304933786392212,-2.1912930011749268,-8.982446670532227
1753063241491,-2.0236990451812744,-2.2870612144470215,-9.988011360168457
1753063241492,,,-10.821192741394043
1753063241538,-1.856104850769043,,
1753063241539,-1.6980875730514526,-2.852092742919922,-9.542689323425293
1753063241590,-1.2575544118881226,,
1753063241591,-0.8505401611328125,-3.1058781147003174,-8.450933456420898
1753063241638,-2.785055160522461,-3.3069911003112793,
1753063241639,,,-10.327987670898438
1753063241692,-0.960673451423645,-2.6557681560516357,-7.823652744293213
1753063241738,-1.7172411680221558,,
1753063241739,-1.8082208633422852,-3.354875087738037,-9.537900924682617
1753063241790,-2.1338322162628174,,
1753063241791,,-3.1202433109283447,-9.106945037841797
1753063241838,-1.7842788696289062,-2.7946319580078125,-8.867524147033691
1753063241888,-1.8417396545410156,,
1753063241889,,-2.65097975730896,-8.85794734954834
1753063241938,-1.813009262084961,-2.8999767303466797,-9.226655006408691
1753063241988,-2.100313425064087,,
1753063241989,-1.9231425523757935,-2.866457939147949,-9.585784912109375
1753063242038,-1.9614497423171997,-2.8856115341186523,-9.700706481933594
1753063242087,-1.956661343574524,,
1753063242088,-1.8800468444824219,-3.0819361209869385,-9.327211380004883
1753063242138,-2.0620062351226807,,
1753063242139,,-2.162562608718872,-8.9249849319458
1753063242188,-1.5735890865325928,-2.7275943756103516,-8.886677742004395
1753063242239,-1.8417396545410156,,
1753063242241,,-2.9287071228027344,-9.030330657958984
1753063242286,-1.5065513849258423,-3.2112231254577637,
1753063242287,,-3.0196869373321533,-9.106945037841797
1753063242340,-1.6597803831100464,,
1753063242341,,-3.536834478378296,-9.241020202636719
1753063242388,-0.9175778031349182,,
1753063242389,,-3.5033156871795654,-8.264185905456543
1753063242437,-1.4873977899551392,,
1753063242438,-1.5831658840179443,-3.838503837585449,-9.21707820892334
1753063242439,,,-9.049484252929688
1753063242489,-1.669357180595398,-4.216787815093994,-9.169194221496582
1753063242537,-1.5831658840179443,-3.6278140544891357,
1753063242538,,,-9.049484252929688
1753063242588,-1.5257049798965454,,
1753063242589,,-4.101866245269775,-9.561842918395996
1753063242638,-1.5257049798965454,-3.752312660217285,-9.30805778503418
1753063242689,-1.568800687789917,-3.6373908519744873,-8.867524147033691
1753063242738,-1.7842788696289062,,
1753063242739,-1.6741455793380737,-4.001309394836426,-9.5809965133667
1753063242787,-1.2527660131454468,-3.230376720428467,-8.273762702941895
1753063242836,-1.669357180595398,,
1753063242837,-1.8944120407104492,-3.4171242713928223,-8.944138526916504
1753063242888,-1.6406266689300537,-3.90554141998291,-8.958504676818848
1753063242889,,,-8.326435089111328
1753063242938,-1.4538789987564087,,
1753063242939,-1.8177976608276367,-3.5272576808929443,-8.795698165893555
1753063242988,-1.7172411680221558,-3.8145618438720703,
1753063242989,,-3.5703532695770264,-9.2841157913208
1753063243037,-1.3341689109802246,,
1753063243038,-1.6262614727020264,-3.666121244430542,-8.867524147033691
1753063243091,-1.5879542827606201,,
1753063243092,-1.3724761009216309,-3.4123358726501465,-8.58500862121582
1753063243138,-1.1665748357772827,-4.34607458114624,
1753063243139,,,-9.628880500793457
1753063243189,-1.7076643705368042,-3.843292236328125,-9.006388664245605
1753063243190,,,-9.394248962402344
1753063243238,-1.1378443241119385,-3.397970676422119,
1753063243239,,,-8.446145057678223
1753063243287,-1.956661343574524,,
1753063243288,-1.4395138025283813,-3.8337154388427734,-9.015965461730957
1753063243337,-1.5544354915618896,,
1753063243338,-1.8608932495117188,-3.5033156871795654,-8.489240646362305
1753063243391,-1.688510775566101,,
1753063243392,-1.3581109046936035,-3.752312660217285,-9.030330657958984
1753063243438,-1.6502034664154053,-3.8815994262695312,-9.351153373718262
1753063243491,-1.5400702953338623,,
1753063243492,-1.4107834100723267,-3.7618894577026367,-9.355941772460938
1753063243538,-1.5592238903045654,-4.039616584777832,
1753063243539,,-4.020462989807129,-9.403825759887695
1753063243589,-1.4969745874404907,-3.929483652114868,
1753063243590,,,-9.011177062988281
1753063243638,-1.2527660131454468,-3.62302565574646,-8.604162216186523
1753063243691,-1.6214730739593506,-3.378817081451416,
1753063243692,,,-8.326435089111328
1753063243740,-1.1186907291412354,,
1753063243741,,-4.053982257843018,-8.723872184753418
1753063243788,-1.5592238903045654,-3.819350242614746,-9.020753860473633
1753063243838,-1.204882025718689,-3.7618894577026367,-8.987235069274902
1753063243889,-1.688510775566101,-3.6996402740478516,-8.9249849319458
1753063243938,-0.9654618501663208,-3.7187938690185547,-8.379107475280762
1753063243988,-1.348534107208252,-3.9246952533721924,-8.996811866760254
1753063243989,,,-9.09257984161377
1753063244041,-1.3006501197814941,,
1753063244042,-0.9032126069068909,-3.8289270401000977,-8.901042938232422
1753063244087,-1.7268179655075073,,
1753063244088,-1.8273744583129883,-3.9486372470855713,-9.063849449157715
1753063244149,-1.3293805122375488,,
1753063244153,-0.8744821548461914,,
1753063244154,-1.1330559253692627,-3.7714662551879883,-8.67598819732666
1753063244186,-1.8848352432250977,,
1753063244187,,-3.824138641357422,-9.279327392578125
1753063244238,-1.2575544118881226,-3.134608507156372,
1753063244239,,,-7.972093105316162
1753063244288,-1.8848352432250977,-4.0779242515563965,-9.801262855529785
1753063244339,-1.5640122890472412,-3.709217071533203,
1753063244340,,-3.536834478378296,-8.723872184753418
1753063244388,-1.544858694076538,-3.5224692821502686,-8.987235069274902
1753063244439,-1.3437457084655762,-4.441842555999756,-9.94970417022705
1753063244486,-1.3868412971496582,,
1753063244489,-1.2814964056015015,,
1753063244490,,,-8.130110740661621
1753063244538,-1.5544354915618896,,
1753063244539,-1.913565754890442,-3.6134488582611084,-9.576208114624023
1753063244587,-1.128267526626587,-3.5847184658050537,-8.412626266479492
1753063244638,-1.0660183429718018,,
1753063244639,-1.4299370050430298,-4.101866245269775,-9.059061050415039
1753063244687,-1.6789339780807495,-3.1202433109283447,-8.781332969665527
1753063244738,-1.425148606300354,-3.800196647644043,-8.805274963378906
1753063244739,,,-8.288127899169922
1753063244787,-1.7411831617355347,,
1753063244788,-2.2152352333068848,-4.259883403778076,-9.437344551086426
1753063244841,-1.7747019529342651,,
1753063244842,-1.2767080068588257,-3.6804866790771484,-9.202713012695312
1753063244887,-0.9175778031349182,-4.192845821380615,-9.169194221496582
1753063244938,-1.999756932258606,,
1753063244939,,-4.245518207550049,-9.30805778503418
1753063244985,-0.6159083843231201,,
1753063244986,-1.2192472219467163,-4.034828186035156,-8.64246940612793
1753063245038,-1.7411831617355347,-3.6565444469451904,-9.063849449157715
1753063245087,-1.27191960811615,-3.5176808834075928,-8.201936721801758
1753063245138,-1.128267526626587,,
1753063245139,-1.3964180946350098,-4.178480625152588,-8.623315811157227
1753063245140,,,-9.236231803894043
1753063245187,-1.449090600013733,,
1753063245188,-1.104325532913208,-4.068347454071045,-8.901042938232422
1753063245238,-1.30543851852417,,
1753063245239,,-3.709217071533203,-9.09257984161377
1753063245287,-1.3533225059509277,-3.7044286727905273,
1753063245288,,,-9.06863784790039
1753063245338,-0.960673451423645,-3.891176223754883,
1753063245339,,-4.039616584777832,-9.25059700012207
1753063245386,-1.3868412971496582,,
1753063245387,-1.2958617210388184,-4.101866245269775,-9.140463829040527
1753063245438,-1.18094003200531,,
1753063245439,,-4.073135852813721,-8.714295387268066
1753063245487,-1.5257049798965454,,
1753063245488,,-3.8959646224975586,-8.695141792297363
1753063245537,-1.2767080068588257,,
1753063245538,,-4.087501049041748,-8.790909767150879
1753063245587,-0.9319429993629456,,
1753063245588,-0.9846154451370239,-4.398746967315674,-8.89146614074707
1753063245637,-1.1139023303985596,-4.518456935882568,-8.872312545776367
1753063245691,-1.1713632345199585,-4.370016574859619,-9.011177062988281
1753063245738,-1.1139023303985596,,
1753063245739,,-4.197634220123291,-8.996811866760254
1753063245787,-1.7986440658569336,,
1753063245788,,-3.5942952632904053,-9.207501411437988
1753063245838,-1.2958617210388184,-3.287837505340576,
1753063245839,,,-8.465298652648926
1753063245889,-1.468244194984436,-3.4410665035247803,-8.743025779724121
1753063245939,-1.6837223768234253,-3.2830491065979004,-8.910619735717773
1753063245940,,,-9.130887031555176
1753063245986,-2.02848744392395,,
1753063245987,,-2.8808231353759766,-9.652822494506836
1753063246039,-2.516904592514038,,
1753063246040,-2.5695769786834717,-2.363675594329834,-10.069414138793945
1753063246088,-1.8034324645996094,,
1753063246089,-1.3820528984069824,-2.258330821990967,-8.738237380981445
1753063246139,-1.568800687789917,-3.1968579292297363,
1753063246140,,-3.6517560482025146,-8.628104209899902
1753063246187,-1.2767080068588257,-3.97257924079895,-8.982446670532227
1753063246239,-1.3006501197814941,-3.9438488483428955,-9.18355941772461
1753063246288,-1.4012064933776855,-4.149750232696533,
1753063246289,,,-9.039907455444336
1753063246339,-1.3628993034362793,-3.9821560382843018,-8.929773330688477
1753063246390,-1.5400702953338623,,
1753063246391,-1.3198037147521973,-3.618237257003784,-8.565855026245117
1753063246392,,,-8.6089506149292
1753063246439,-1.1761516332626343,-3.929483652114868,-8.685564994812012
1753063246491,-1.592742681503296,,
1753063246492,-1.3581109046936035,-3.709217071533203,-9.073426246643066
1753063246538,-1.4873977899551392,,
1753063246539,-1.688510775566101,,
1753063246541,,-3.7187938690185547,-9.164405822753906
1753063246587,-1.3533225059509277,,
1753063246588,-1.2527660131454468,-3.7906198501586914,-8.867524147033691
1753063246640,-1.3198037147521973,-3.6756980419158936,-8.910619735717773
1753063246687,-1.4059948921203613,,
1753063246688,-1.247977614402771,-3.819350242614746,-8.819640159606934
1753063246739,-1.3437457084655762,,
1753063246740,-1.4778209924697876,-3.575141668319702,-8.412626266479492
1753063246791,-1.4012064933776855,-3.843292236328125,-8.9249849319458
1753063246842,-1.3964180946350098,-3.8815994262695312,-8.834005355834961
1753063246890,-1.6166846752166748,,
1753063246891,-1.71245276927948,-4.058770656585693,-9.06863784790039
1753063246939,-1.5544354915618896,-3.9869444370269775,
1753063246940,,,-9.00160026550293
1753063246986,-1.568800687789917,,
1753063246987,-1.5544354915618896,-3.9390604496002197,-9.083003044128418
1753063247039,-1.3150153160095215,-3.8720226287841797,-8.776544570922852
1753063247090,-1.6023194789886475,-3.867234230041504,-8.9680814743042
1753063247091,,,-8.910619735717773
1753063247139,-1.3341689109802246,,
1753063247140,-1.3772644996643066,-3.9007530212402344,-8.987235069274902
1753063247187,-1.4730325937271118,,
1753063247188,,-3.910329818725586,-8.877100944519043
1753063247239,-1.4059948921203613,,
1753063247240,-1.4969745874404907,-4.044404983520508,-8.948927879333496
1753063247288,-1.4155718088150024,-3.9390604496002197,
1753063247289,,-3.929483652114868,-9.030330657958984
1753063247339,-1.3724761009216309,-3.838503837585449,
1753063247340,,-3.800196647644043,-8.637681007385254
1753063247386,-1.3581109046936035,,
1753063247387,-1.2384008169174194,-3.5847184658050537,-8.546701431274414
1753063247437,-1.2192472219467163,,
1753063247438,,-4.173692226409912,-9.00160026550293
1753063247486,-1.4059948921203613,-4.475361347198486,-9.135675430297852
1753063247537,-1.2144588232040405,,
1753063247538,,-4.049193859100342,-8.958504676818848
1753063247587,-1.4586673974990845,,
1753063247588,,-3.9151182174682617,-8.848370552062988
1753063247639,-0.9415197968482971,,
1753063247640,,-4.063559055328369,-8.89146614074707
1753063247687,-1.3341689109802246,,
1753063247688,-1.2144588232040405,-3.886387825012207,-8.795698165893555
1753063247739,-0.9463081955909729,-3.757101058959961,-8.331223487854004
1753063247740,,,-8.21151351928711
1753063247787,-0.9798270463943481,-4.0970778465271,-8.747814178466797
1753063247843,-1.7459715604782104,-4.43705415725708,-9.389460563659668
1753063247890,-1.0229226350784302,,
1753063247891,-1.1713632345199585,-3.862445831298828,-8.862735748291016
1753063247939,-1.4347254037857056,-3.910329818725586,
1753063247940,,-4.015674591064453,-9.231443405151367
1753063247987,-1.1139023303985596,-4.264671802520752,-9.145252227783203
1753063248039,-1.104325532913208,,
1753063248040,-1.204882025718689,-4.245518207550049,-9.106945037841797
1753063248088,-1.2814964056015015,,
1753063248089,,-3.977367639541626,-9.020753860473633
1753063248139,-1.247977614402771,-3.838503837585449,-8.666411399841309
1753063248140,,,-8.671199798583984
1753063248188,-1.367687702178955,-3.7714662551879883,-8.652046203613281
1753063248241,-1.468244194984436,-3.7714662551879883,-8.843582153320312
1753063248242,,,-8.671199798583984
1753063248286,-1.1665748357772827,,
1753063248287,-1.2144588232040405,-3.7475242614746094,
1753063248288,,-3.7235822677612305,-8.939350128173828
1753063248338,-1.391629695892334,-3.819350242614746,-9.073426246643066
1753063248385,-1.3868412971496582,,
1753063248386,-1.3293805122375488,-3.62302565574646,-9.106945037841797
1753063248437,-1.2288240194320679,,
1753063248438,,-3.6517560482025146,-8.89146614074707
1753063248488,-1.568800687789917,,
1753063248489,,-3.8720226287841797,-9.245808601379395
1753063248539,-1.8082208633422852,-3.421912670135498,
1753063248540,,,-9.437344551086426
1753063248588,-1.731606364250183,-3.0196869373321533,
1753063248589,,,-9.221866607666016
1753063248638,-1.7028759717941284,,
1753063248639,,-2.847304344177246,-8.752602577209473
1753063248688,-1.7507599592208862,-2.8999767303466797,-9.226655006408691
1753063248738,-1.7076643705368042,-2.7946319580078125,
1753063248739,,,-8.920196533203125
1753063248786,-1.5304933786392212,,
1753063248787,-1.0708067417144775,-2.8616695404052734,
1753063248788,,-2.689286947250366,-9.121310234069824
1753063248838,-1.0851719379425049,,
1753063248839,,-2.521692991256714,-9.130887031555176
1753063248887,-1.8848352432250977,,
1753063248888,,-2.7323827743530273,-8.752602577209473
1753063248938,-1.6310498714447021,,
1753063248939,-1.7651251554489136,-3.421912670135498,-9.394248962402344
1753063248987,-2.0620062351226807,-3.977367639541626,-9.566631317138672
1753063249040,-1.3628993034362793,,
1753063249041,,-3.378817081451416,-9.150040626525879
1753063249087,-1.6549919843673706,,
1753063249088,,-2.722805976867676,-9.054272651672363
1753063249137,-1.4730325937271118,,
1753063249138,-1.7459715604782104,-3.0627825260162354,-9.652822494506836
1753063249187,-1.4826093912124634,-3.2591071128845215,
1753063249188,,,-9.676764488220215
1753063249238,-1.4107834100723267,,
1753063249239,,-2.7036523818969727,-8.97765827178955
1753063249287,-1.6789339780807495,-2.4450783729553223,
1753063249288,,-2.890399932861328,-8.992023468017578
1753063249338,-2.473809003829956,,
1753063249339,,-3.24953031539917,-10.069414138793945
1753063249387,-1.7699135541915894,-3.5511996746063232,-10.318410873413086
1753063249437,-1.731606364250183,,
1753063249438,-1.7842788696289062,-3.8097734451293945,-11.074978828430176
1753063249489,-1.1186907291412354,-3.0196869373321533,
1753063249490,,-3.1298201084136963,-9.997588157653809
1753063249539,-1.367687702178955,-2.943072557449341,-10.327987670898438
1753063249587,-2.0907366275787354,,
1753063249591,,-1.8082208633422852,
1753063249592,,,-9.150040626525879
1753063249601,-2.1098902225494385,-1.2767080068588257,-8.905831336975098
1753063249650,-1.8704700469970703,-0.7499836683273315,-8.843582153320312
1753063249701,-2.5983073711395264,-0.01735796220600605,-8.958504676818848
1753063249702,,,-8.594585418701172
1753063249751,-1.975814938545227,-0.6015431880950928,-8.790909767150879
1753063249801,-2.0715830326080322,-1.544858694076538,-9.724648475646973
1753063249850,-1.688510775566101,,
1753063249851,-1.6549919843673706,-2.4211363792419434,-9.983222961425781
1753063249902,-1.5975310802459717,-3.2112231254577637,
1753063249903,,-3.6278140544891357,-10.193912506103516
1753063249952,-2.272696018218994,,
1753063249953,-1.6502034664154053,-4.2550950050354,-10.28010368347168
1753063250001,-1.1569979190826416,,
1753063250002,-1.2336124181747437,-3.5464112758636475,-8.656834602355957
1753063250055,-1.592742681503296,-2.4690206050872803,
1753063250056,,-1.999756932258606,-8.273762702941895
1753063250100,-1.6406266689300537,,
1753063250101,-1.6549919843673706,-1.6645687818527222,-9.03511905670166
1753063250161,-1.635838270187378,-0.9127894043922424,-8.192359924316406
1753063250199,-1.2575544118881226,,
1753063250200,-1.511339783668518,-1.3006501197814941,-8.561066627502441
1753063250251,-1.9183541536331177,,
1753063250253,-2.081159830093384,-2.210446834564209,-10.169970512390137
1753063250254,,,-10.174758911132812
1753063250301,-1.6932991743087769,-2.6557681560516357,-10.361506462097168
1753063250302,,,-10.543465614318848
1753063250351,-1.8896236419677734,-2.7946319580078125,
1753063250352,,,-10.849923133850098
1753063250400,-1.9183541536331177,,
1753063250401,-1.5400702953338623,-2.957437753677368,-10.797250747680664
1753063250452,-1.5257049798965454,-2.7898435592651367,-9.786897659301758
1753063250453,,,-9.408614158630371
1753063250500,-1.544858694076538,,
1753063250501,-1.6262614727020264,-2.3780407905578613,-8.929773330688477
1753063250552,-1.3341689109802246,-2.492962598800659,-8.747814178466797
1753063250553,,,-8.474875450134277
1753063250601,-1.30543851852417,,
1753063250602,-1.544858694076538,-2.497750997543335,-8.714295387268066
1753063250653,-1.7699135541915894,-2.5312697887420654,-9.140463829040527
1753063250704,-1.3389573097229004,,
1753063250705,-1.6789339780807495,-2.3780407905578613,-8.872312545776367
1753063250754,-1.6502034664154053,-2.5456349849700928,-9.446921348571777
1753063250801,-1.6741455793380737,-2.1481974124908447,-9.403825759887695
1753063250802,,,-9.94970417022705
1753063250853,-1.6406266689300537,,
1753063250854,,-2.56000018119812,
1753063250855,,-2.536058187484741,-10.418967247009277
1753063250901,-1.2623428106307983,-2.1769278049468994,
1753063250902,,,-9.724648475646973
1753063250956,-1.7076643705368042,-2.449866771697998,-10.059837341308594
1753063251003,-1.8082208633422852,,
1753063251004,-1.6837223768234253,-2.4211363792419434,-9.868300437927246
1753063251053,-1.3724761009216309,-2.0428526401519775,-8.455721855163574
1753063251100,-1.8082208633422852,,
1753063251101,,-2.3540987968444824,-9.2841157913208
1753063251153,-1.5161281824111938,-2.430713176727295,-8.853158950805664
1753063251201,-1.9518729448318481,,
1753063251202,,-3.0101101398468018,-9.604938507080078
1753063251255,-1.5640122890472412,-2.536058187484741,
1753063251256,,,-8.972869873046875
1753063251300,-1.7172411680221558,,
1753063251301,-2.02848744392395,-2.8808231353759766,-9.303269386291504
1753063251352,-1.7507599592208862,,
1753063251353,-1.3964180946350098,-3.158550500869751,-9.27453899383545
1753063251401,-1.30543851852417,-2.095525026321411,
1753063251402,,-2.2822728157043457,-8.398261070251465
1753063251452,-1.7076643705368042,,
1753063251454,-2.1912930011749268,-2.7994203567504883,-9.710283279418945
1753063251500,-1.611896276473999,,
1753063251501,,-3.0101101398468018,-9.231443405151367
1753063251551,-1.6166846752166748,,
1753063251552,-1.731606364250183,-3.053205728530884,-10.059837341308594
1753063251600,-1.8513164520263672,-2.9478609561920166,-9.327211380004883
1753063251671,-1.2671312093734741,-2.80899715423584,-9.236231803894043
1753063251675,-2.301426410675049,,
1753063251676,,-2.6366145610809326,-9.944915771484375
1753063251726,-1.18094003200531,,
1753063251727,-0.9989806413650513,-2.516904592514038,
1753063251728,,,-9.044695854187012
1753063251773,-1.8656816482543945,,
1753063251774,-2.3493103981018066,-2.607884168624878,-9.82999324798584
1753063251823,-1.755548357963562,-2.6174609661102295,-8.575431823730469
1753063251875,-1.348534107208252,,
1753063251876,,-2.536058187484741,-9.154829025268555
1753063251923,-1.7172411680221558,,
1753063251924,-1.635838270187378,-3.0340521335601807,-9.087791442871094
1753063251975,-1.7268179655075073,-3.139396905899048,
1753063251976,,-3.359663486480713,-8.814851760864258
1753063252023,-1.9518729448318481,,
1753063252024,,-3.287837505340576,-9.121310234069824
1753063252075,-1.6837223768234253,-3.110666513442993,-8.944138526916504
1753063252076,,,-9.25059700012207
1753063252124,-2.301426410675049,-2.8425159454345703,
1753063252125,,-2.8185739517211914,-9.260173797607422
1753063252338,-2.497750997543335,-2.6126725673675537,-9.446921348571777
1753063252344,-1.789067268371582,-3.2830491065979004,-9.322422981262207
1753063252395,-2.27748441696167,,
1753063252396,-1.9662381410598755,-3.488950490951538,-9.686341285705566
1753063252447,-1.4778209924697876,,
1753063252448,,-2.866457939147949,-9.044695854187012
1753063252497,-1.7938556671142578,,
1753063252498,,-3.1633388996124268,-9.370306968688965
1753063252546,-1.6214730739593506,-2.8377275466918945,-9.260173797607422
1753063252547,,,-9.34157657623291
1753063252597,-1.9614497423171997,,
1753063252598,,-3.1633388996124268,-9.351153373718262
1753063252646,-1.5209165811538696,-3.153762102127075,-8.953716278076172
1753063252696,-1.3293805122375488,,
1753063252697,-1.544858694076538,-3.225588321685791,-8.838793754577637
1753063252767,-1.511339783668518,,
1753063252768,,-3.072359323501587,-8.805274963378906
1753063252771,-1.4730325937271118,-3.1298201084136963,-8.762179374694824
1753063252772,,,-9.15961742401123
1753063252819,-1.6789339780807495,,
1753063252820,-1.8800468444824219,-3.579930067062378,-9.37509536743164
1753063252869,-1.7938556671142578,,
1753063252870,-1.4059948921203613,-3.5033156871795654,-9.102156639099121
1753063252919,-1.5879542827606201,,
1753063252920,-1.7699135541915894,-3.1920695304870605,-9.111733436584473
1753063252972,-1.6214730739593506,-3.1250317096710205,-9.00160026550293
1753063253019,-1.5065513849258423,,
1753063253020,-1.6980875730514526,-3.5224692821502686,-9.202713012695312
1753063253922,-1.7076643705368042,,
1753063253923,-1.4730325937271118,-3.953425645828247,-9.552266120910645
1753063253931,-1.8034324645996094,,
1753063253932,,-4.006097793579102,-9.255385398864746
1753063253983,-1.7028759717941284,-3.800196647644043,-8.637681007385254
1753063253984,,,-8.604162216186523
1753063254035,-1.3102269172668457,-3.800196647644043,-8.992023468017578
1753063254036,,,-9.044695854187012
1753063254083,-1.4634557962417603,,
1753063254084,,-4.135385036468506,-9.193136215209961
1753063255659,-1.6549919843673706,-3.9007530212402344,-9.150040626525879
1753063255711,-1.1522095203399658,-4.393958568572998,-8.723872184753418
1753063255761,-1.027711033821106,-4.1210198402404785,-8.589797019958496
1753063255811,-1.4778209924697876,-3.953425645828247,-8.776544570922852
1753063255860,-1.3293805122375488,-4.049193859100342,-8.771756172180176
1753063255911,-1.0755951404571533,,
1753063255912,,-4.422688961029053,-8.58500862121582
1753063255960,-1.4443022012710571,,
1753063255961,,-4.709993362426758,-9.255385398864746
1753063256602,-1.18094003200531,-4.3173441886901855,-8.82442855834961
1753063256609,-1.492186188697815,-4.451419353485107,-9.241020202636719
1753063256661,-1.2288240194320679,,
1753063256662,-1.14742112159729,-4.0300397872924805,-8.455721855163574
1753063256712,-1.2527660131454468,,
1753063256713,-1.2192472219467163,-4.135385036468506,-8.671199798583984
1753063256760,-1.18094003200531,,
1753063256761,-1.2144588232040405,-4.8488569259643555,-9.245808601379395
1753063256812,-1.4299370050430298,-4.3412861824035645,-9.102156639099121
1753063256861,-1.27191960811615,-3.6565444469451904,-8.441356658935547
1753063256912,-1.0995371341705322,-4.580706596374512,
1753063256913,,-4.566341400146484,-8.89146614074707
1753063256961,-1.4395138025283813,,
1753063256962,,-3.7235822677612305,-8.455721855163574
1753063257011,-1.2144588232040405,,
1753063257012,-1.0229226350784302,-3.4985272884368896,-8.168417930603027
1753063257060,-1.7028759717941284,-4.575918197631836,-9.403825759887695
1753063257111,-1.449090600013733,-3.977367639541626,
1753063257112,,-3.9630024433135986,-8.795698165893555
1753063257161,-1.1665748357772827,,
1753063257162,-1.5735890865325928,-4.101866245269775,-9.025542259216309
1753063257212,-1.6597803831100464,-4.465784549713135,
1753063257213,,,-9.150040626525879
1753063257262,-1.027711033821106,,
1753063257263,-1.2384008169174194,-4.2311530113220215,-8.49402904510498
1753063258326,-1.2814964056015015,-4.101866245269775,
1753063258327,,,-8.652046203613281
1753063258331,-1.8896236419677734,-0.9702502489089966,-7.330447196960449
1753063258384,-1.3820528984069824,-0.2950853705406189,
1753063258385,,-0.314238965511322,-7.071873188018799
1753063258432,-1.8225860595703125,,
1753063258433,-2.3924059867858887,-1.1905168294906616,-8.259397506713867
1753063258484,-1.7938556671142578,-4.087501049041748,-10.308834075927734
1753063258485,,,-9.782109260559082
1753063258533,-1.247977614402771,-5.054758548736572,-9.193136215209961
1753063258584,-1.0420763492584229,,
1753063258585,-0.8505401611328125,-8.30129623413086,-12.003929138183594
1753063258633,-0.1322796493768692,-8.234258651733398,
1753063258634,,,-9.988011360168457
1753063258696,-0.6877344250679016,,
1753063258697,-1.2862848043441772,-6.103418827056885,-8.350377082824707
1753063258746,-0.8936358094215393,,
1753063258747,,-2.4211363792419434,-5.142146587371826
1753063258794,-0.7499836683273315,-0.5871779918670654,-3.935469150543213
1753063258795,,,-3.973776340484619
1753063258845,-0.67815762758255,-0.6302735805511475,-4.2993879318237305
1753063258895,0.9546879529953003,-1.3150153160095215,-6.248267650604248
1753063258945,-5.1361613273620605,-1.3150153160095215,-14.25926685333252
1753063262107,-2.3732523918151855,,
1753063262108,0.04489128291606903,-4.719570159912109,-9.312846183776855
1753063262109,,,-12.616844177246094
1753063262113,-1.2288240194320679,,
1753063262114,,-3.752312660217285,-8.422203063964844
1753063262166,-1.7411831617355347,,
1753063262167,-1.6980875730514526,-3.6565444469451904,
1753063262170,,-3.9917328357696533,
1753063262171,,,-8.982446670532227
1753063262215,-0.9750386476516724,-4.3412861824035645,-8.489240646362305
1753063262267,-0.8074445128440857,-5.040393352508545,-8.398261070251465
1753063262315,-1.688510775566101,-4.499303340911865,-9.834781646728516
1753063262366,-1.8273744583129883,,
1753063262367,,-3.977367639541626,-9.413402557373047
1753063263368,-1.3772644996643066,,
1753063263381,-1.27191960811615,-3.642179250717163,-8.053496360778809
1753063263382,,,-8.853158950805664
1753063263418,-1.1617863178253174,,
1753063263420,-1.0660183429718018,-4.039616584777832,-8.46051025390625
1753063263468,-1.1713632345199585,-4.499303340911865,-8.805274963378906
1753063263517,-1.6166846752166748,-4.049193859100342,-8.805274963378906
1753063263568,-1.003769040107727,,
1753063263569,,-4.43705415725708,-8.886677742004395
1753063263617,-1.5544354915618896,-4.144961833953857,-8.838793754577637
1753063263667,-1.247977614402771,,
1753063263668,-1.3772644996643066,-4.350862979888916,-9.044695854187012
1753063263747,-1.3006501197814941,-4.025251388549805,-8.723872184753418
1753063263752,-1.30543851852417,-4.135385036468506,-8.73344898223877
1753063263800,-1.2000936269760132,,
1753063263801,-1.2192472219467163,-4.034828186035156,-8.570643424987793
1753063263849,-1.2910733222961426,,
1753063263850,-1.1665748357772827,-4.34607458114624,-8.972869873046875
1753063263900,-1.0995371341705322,,
1753063263901,-1.4155718088150024,-4.84406852722168,-9.715071678161621
1753063263950,-1.6023194789886475,,
1753063263951,-1.6071078777313232,,
1753063263952,,-3.244741916656494,-8.106168746948242
1753063264001,-1.4299370050430298,,
1753063264002,,-3.862445831298828,-9.202713012695312
1753063268594,-1.1569979190826416,,
1753063268595,-1.003769040107727,,
1753063268596,-1.18094003200531,-4.40353536605835,
1753063268597,,-3.8289270401000977,-8.738237380981445
1753063268598,,,-8.886677742004395
1753063268599,-1.4873977899551392,-4.0779242515563965,-9.078214645385742
1753063268652,-1.5735890865325928,-3.694851875305176,-8.728660583496094
1753063268703,-1.4347254037857056,-3.709217071533203,
1753063268704,,-3.7187938690185547,-8.752602577209473
1753063281821,-1.3389573097229004,-4.020462989807129,
1753063281822,,-4.106654644012451,-8.929773330688477
1753063281823,,,-8.9680814743042
1753063281824,-1.6262614727020264,,
1753063281825,-1.635838270187378,-4.082712650299072,
1753063281826,-1.0181342363357544,,-9.140463829040527
1753063281829,-0.5345055460929871,-4.116231441497803,-9.140463829040527
1753063281881,-0.6733692288398743,-4.13059663772583,-8.929773330688477
1753063281930,-0.5440823435783386,,
1753063281931,-0.7595604658126831,-4.279036998748779,-9.030330657958984
1753063281932,,,-9.533112525939941
1753063282012,-1.1234791278839111,,
1753063282013,,-4.8488569259643555,-9.360730171203613
1753063282017,-0.39564183354377747,-4.547187805175781,-8.422203063964844
1753063282064,-0.40521863102912903,,
1753063282065,-0.6685808300971985,-4.058770656585693,-8.417414665222168
1753063282114,-0.2472013235092163,,
1753063282115,,-3.4554316997528076,-8.154052734375
1753063282167,-0.08439560979604721,-3.8337154388427734,-7.7661919593811035
1753063282214,-0.14664486050605774,-4.149750232696533,-7.976881504058838
1753063282266,-0.2759317457675934,-4.57112979888916,-8.039131164550781
1753063282314,-0.2472013235092163,-4.75308895111084,-6.521206855773926
1753063285620,-0.5105634927749634,,
1753063285622,3.1525650024414062,-6.338050365447998,
1753063285623,,-6.395511150360107,
1753063285624,,-9.297284126281738,
1753063285626,,,-8.58500862121582
1753063285627,,,-5.10383939743042
1753063285628,,,-5.913079738616943
1753063285674,-0.1322796493768692,-7.659649848937988,-6.090250492095947
1753063285724,0.1885433793067932,-7.865550994873047,
1753063285725,,-7.817667007446289,-5.98490571975708
1753063285773,-0.02693476900458336,-7.664438247680664,-5.956175327301025
1753063285774,,,-5.960963726043701
1753063285824,0.15502455830574036,-7.788936614990234,-5.8651957511901855
1753063285874,-0.041299980133771896,-7.70274543762207,
1753063285875,,,-6.013636112213135
1753063286849,-0.02693476900458336,,
1753063286850,-0.08918401598930359,-7.736264228820801,-5.922656536102295
1753063286855,0.2555810213088989,-7.865550994873047,-5.908291339874268
1753063286907,0.06404489278793335,-7.7649946212768555,-5.8651957511901855
1753063286957,-0.14185644686222076,,
1753063286958,-0.09397241473197937,-7.798513412475586,-6.066308498382568
1753063287006,-0.055665191262960434,,
1753063287007,0.011372458189725876,-7.721899032592773,-5.960963726043701
1753063287058,0.0736217051744461,,
1753063287059,,-7.736264228820801,-5.874772548675537
1753063287107,0.011372458189725876,-7.745841026306152,
1753063287108,,-7.693168640136719,-6.066308498382568
1753063287158,-0.08918401598930359,,
1753063287159,,-7.659649848937988,-6.080673694610596
1753063288026,-0.01735796220600605,-7.554305076599121,
1753063288027,,-7.6548614501953125,-5.989694118499756
1753063288031,0.0017956512747332454,-7.6979570388793945,-5.903502941131592
1753063288078,-0.13706804811954498,,
1753063288079,,-7.779359817504883,-6.071096897125244
1753063288128,-0.08918401598930359,,
1753063288129,,-7.6979570388793945,-5.9753289222717285
1753063288179,-0.13706804811954498,,
1753063288180,,-7.769783020019531,-5.999270915985107
1753063334812,-0.002992752008140087,,
1753063334813,,-7.836820602416992,-5.8891377449035645
1753063334814,,,-5.908291339874268
1753063334815,-0.12749123573303223,,
1753063334816,-0.2472013235092163,-6.874351501464844,
1753063334817,,-3.5655648708343506,
1753063334818,,-3.6373908519744873,
1753063334820,,-3.714005470275879,
1753063334821,,-3.642179250717163,
1753063334826,,-1.7028759717941284,
1753063334827,,-1.6789339780807495,
1753063334828,,-3.929483652114868,
1753063334829,,-4.609436988830566,
1753063334830,,,-9.011177062988281
1753063334831,,,-9.384672164916992
1753063334832,,,-8.604162216186523
1753063334833,-0.10354922711849213,,
1753063334834,-1.6549919843673706,,
1753063334835,-1.391629695892334,,
1753063334836,-1.2431892156600952,,
1753063334875,-2.1481974124908447,-2.3780407905578613,-9.27453899383545
1753063334926,-2.492962598800659,,
1753063334927,-2.3540987968444824,-2.516904592514038,-9.09257984161377
1753063335622,-2.02848744392395,,
1753063335623,-1.9470845460891724,,
1753063335624,-1.8704700469970703,-2.583942174911499,-9.130887031555176
1753063335627,-2.0907366275787354,-2.339733600616455,-9.542689323425293
1753063335673,-1.8513164520263672,,
1753063335674,-1.8800468444824219,-2.8856115341186523,-9.140463829040527
1753063335724,-1.9949685335159302,,
1753063335725,-1.8513164520263672,-3.0867245197296143,-9.437344551086426
1753063335774,-1.7507599592208862,-2.65097975730896,-9.528324127197266
1753063335824,-3.067570924758911,,
1753063335825,-2.6797101497650146,-2.607884168624878,-10.395025253295898
1753063335874,-2.0428526401519775,-1.8417396545410156,-9.327211380004883
1753063335941,-2.0907366275787354,,
1753063335942,-2.1338322162628174,-2.320580005645752,-9.585784912109375
1753063335989,-2.2248120307922363,-2.0907366275787354,-9.140463829040527
1753063336039,-2.0045454502105713,-2.497750997543335,-9.734225273132324
1753063336040,,,-9.901819229125977
1753063336089,-2.3253684043884277,,
1753063336090,-2.1051018238067627,-2.7563247680664062,-9.552266120910645
1753063336139,-1.9087773561477661,-2.5312697887420654,-9.513958930969238
1753063336386,-2.627037763595581,,
1753063336387,-1.669357180595398,-2.4211363792419434,-9.164405822753906
1753063336389,-1.5831658840179443,,
1753063336390,,-3.0340521335601807,-8.91540813446045
1753063336438,-1.5831658840179443,-2.2200236320495605,-8.043919563293457
1753063336488,-2.057217836380005,,
1753063336489,-2.823362350463867,-3.316567897796631,-10.323199272155762
1753063336537,-1.2096704244613647,,
1753063336538,-2.100313425064087,-2.1960813999176025,-7.555501937866211
1753063336583,-2.449866771697998,,
1753063336584,-1.6932991743087769,-3.891176223754883,-10.950480461120605
1753063336631,-0.7643488645553589,-3.1920695304870605,-7.8332295417785645
1753063336680,-0.9894038438796997,,
1753063336681,-1.468244194984436,-4.700416564941406,-10.543465614318848
1753063336731,-2.2200236320495605,-4.604648590087891,-10.232219696044922
1753063336780,-1.5400702953338623,,
1753063336781,-2.234388828277588,-2.4355015754699707,-8.340800285339355
1753063341026,-1.6502034664154053,,
1753063341029,-0.5919663906097412,,
1753063341030,,-2.8616695404052734,-8.058284759521484
1753063341038,-2.80899715423584,,
1753063341039,-1.3772644996643066,-2.9909565448760986,
1753063341040,-1.2336124181747437,,-9.657610893249512
1753063341041,-1.4969745874404907,-3.9007530212402344,-8.814851760864258
1753063341090,-1.8896236419677734,,
1753063341091,-1.789067268371582,-2.8999767303466797,-8.666411399841309
1753063341140,-1.7699135541915894,,
1753063341141,-1.975814938545227,-3.1058781147003174,-9.140463829040527
1753063341190,-1.3868412971496582,-2.7946319580078125,-8.192359924316406
1753063341914,-1.8513164520263672,-3.9438488483428955,
1753063341915,,-3.958214044570923,-9.710283279418945
1753063341920,-1.6932991743087769,,
1753063341921,-1.4107834100723267,-2.9095535278320312,-8.268974304199219
1753063341972,-2.100313425064087,,
1753063341973,,-3.7906198501586914,-9.944915771484375
1753063342023,-1.5544354915618896,,
1753063342024,,-3.268683910369873,-9.097368240356445
1753063353798,-2.65097975730896,,
1753063353799,,-3.1968579292297363,-9.485228538513184
1753063353800,,,-8.9249849319458
1753063353801,-1.2336124181747437,-3.599083662033081,
1753063353802,-0.3669114112854004,-4.22157621383667,-7.814075946807861
1753063353805,-0.8792705535888672,,
1753063353806,,-4.379593372344971,-8.776544570922852
1753063353857,-0.9989806413650513,-4.111443042755127,-8.364742279052734
1753063353908,-0.5871779918670654,-6.012439250946045,-10.557830810546875
1753063353957,-1.0229226350784302,-5.662885665893555,-9.27453899383545
1753063354008,-0.30466216802597046,-6.1082072257995605,-9.911396026611328
1753063354057,-1.9183541536331177,,
1753063354059,-1.3964180946350098,-3.5703532695770264,
1753063354060,,,-7.641693115234375
1753063354108,-0.050876785069704056,-3.1010897159576416,-6.86597204208374
1753063354157,-2.081159830093384,-3.5895068645477295,-8.221090316772461
1753063354208,0.1933317929506302,-3.560776472091675,-6.406285285949707
1753063354257,-1.592742681503296,-4.9350481033325195,-9.782109260559082
1753063354308,-0.9750386476516724,-4.604648590087891,-9.518747329711914
1753063354357,-1.731606364250183,-5.792172431945801,-11.017518043518066
1753063354408,-1.5304933786392212,-5.380369663238525,-9.853935241699219
1753063354456,-0.7547720670700073,,
1753063354457,-1.1186907291412354,-3.6086604595184326,-8.374319076538086
1753063354507,-0.9941922426223755,,
1753063354508,,-4.834491729736328,-8.64246940612793
1753063354556,-0.6350619792938232,,
1753063354557,-0.6973112225532532,-4.058770656585693,-7.761403560638428
1753063354607,-0.8122329115867615,,
1753063354608,-0.7978677153587341,-3.7858314514160156,-7.785345554351807
1753063354656,-0.7595604658126831,,
1753063354657,-0.7978677153587341,-4.633378982543945,-8.283339500427246
1753063354707,-0.821809709072113,,
1753063354708,-0.8313865661621094,-4.590283393859863,-8.359953880310059
1753063354756,-1.0324994325637817,,
1753063354757,-1.1330559253692627,-4.489726543426514,-8.834005355834961
1753063354812,-1.2767080068588257,-4.633378982543945,-9.059061050415039
1753063354856,-0.8984242081642151,,
1753063354857,,-4.733935356140137,-9.188347816467285
1753063354907,-1.4059948921203613,,
1753063354908,,-4.460996150970459,-9.351153373718262
1753063354956,-0.9175778031349182,,
1753063354957,-0.6637924313545227,-4.422688961029053,-8.661623001098633
1753063355007,-0.960673451423645,,
1753063355008,,-4.422688961029053,-8.762179374694824
1753063355032,-1.0420763492584229,,
1753063355033,,-4.805761337280273,-9.09257984161377
1753063355081,-1.0708067417144775,,
1753063355082,,-4.724358558654785,-9.011177062988281
1753063355132,-1.2527660131454468,,
1753063355133,-1.0181342363357544,-4.015674591064453,-8.297704696655273
1753063355182,-1.1713632345199585,-4.3173441886901855,-8.398261070251465
1753063355232,-0.9127894043922424,,
1753063355233,-0.8265981078147888,-4.523245334625244,-8.671199798583984
1753063355281,-0.9080010056495667,-4.743512153625488,-9.097368240356445
1753063355282,,,-9.049484252929688
1753063355332,-1.3389573097229004,,
1753063355333,,-4.2742486000061035,-8.7669677734375
1753063355381,-0.8888474106788635,,
1753063355382,-0.7739257216453552,-3.886387825012207,-8.21151351928711
1753063355432,-0.7260416746139526,,
1753063355433,-1.4107834100723267,-4.5423994064331055,-8.695141792297363
1753063355481,-1.5831658840179443,,
1753063355482,-1.4203602075576782,-4.307767391204834,-8.886677742004395
1753063355532,-1.2623428106307983,,
1753063355533,,-4.31255578994751,-8.743025779724121
1753063355581,-0.9989806413650513,,
1753063355582,-1.0420763492584229,-4.413112163543701,-8.58500862121582
1753063355583,,,-8.623315811157227
1753063355633,-1.1522095203399658,-4.513668537139893,-8.934561729431152
1753063355683,-0.9558850526809692,-4.264671802520752,
1753063355684,,,-8.704718589782715
1753063355732,-0.9463081955909729,-4.523245334625244,-8.80048656463623
1753063355783,-1.0085574388504028,-4.446630954742432,-8.89146614074707
1753063355832,-0.9941922426223755,-3.7714662551879883,-8.264185905456543
1753063355882,-1.1186907291412354,,
1753063355883,-0.9702502489089966,-4.025251388549805,-8.73344898223877
1753063355931,-1.104325532913208,,
1753063355932,-1.1522095203399658,-4.441842555999756,-8.963293075561523
1753063355982,-1.2671312093734741,-4.633378982543945,-9.331999778747559
1753063356031,-0.9463081955909729,-4.6956281661987305,-9.312846183776855
1753063356082,-1.3341689109802246,-3.9917328357696533,-8.73344898223877
1753063356131,-1.3102269172668457,-3.3261446952819824,
1753063356132,,-3.3405098915100098,-8.249820709228516
1753063356183,-1.2096704244613647,-3.714005470275879,-8.604162216186523
1753063356231,-1.1953052282333374,-4.484938144683838,
1753063356232,,,-8.934561729431152
1753063356283,-1.224035620689392,-4.417900562286377,-8.996811866760254
1753063356694,-1.2431892156600952,-3.9917328357696533,
1753063356695,,-4.379593372344971,-8.795698165893555
1753063356748,-1.4826093912124634,-3.824138641357422,
1753063356749,,-3.709217071533203,-8.6089506149292
1753063356795,-1.4538789987564087,,
1753063356797,-1.3437457084655762,-3.78104305267334,-8.561066627502441
1753063356846,-1.4012064933776855,-4.22157621383667,-9.09257984161377
1753063356895,-1.4634557962417603,-4.216787815093994,-9.365518569946289
1753063356946,-1.7076643705368042,-3.579930067062378,-8.853158950805664
1753063356995,-1.5544354915618896,-3.8289270401000977,-9.298480987548828
1753063357046,-1.5640122890472412,-3.5416228771209717,-8.867524147033691
1753063357082,-1.6645687818527222,,
1753063357083,-1.6789339780807495,-3.6326024532318115,-9.154829025268555
1753063357130,-1.731606364250183,-3.62302565574646,-9.087791442871094
1753063357179,-1.3772644996643066,,
1753063357180,-1.7172411680221558,-3.575141668319702,-9.087791442871094
1753063357230,-1.6310498714447021,-3.512892484664917,
1753063357231,,,-8.905831336975098
1753063357280,-1.6166846752166748,,
1753063357281,,-3.618237257003784,-9.106945037841797
1753063357331,-1.4873977899551392,-3.3022027015686035,-8.82442855834961
1753063357332,,,-8.987235069274902
1753063357381,-1.5831658840179443,-3.311779499053955,-8.920196533203125
1753063362971,-1.4443022012710571,,
1753063362972,-1.511339783668518,,
1753063362973,-0.9510966539382935,-3.6996402740478516,
1753063362974,,-2.9670145511627197,-9.150040626525879
1753063362975,,,-9.145252227783203
1753063362976,-1.6071078777313232,-3.8959646224975586,
1753063363026,-1.3533225059509277,,
1753063363027,-0.8984242081642151,-3.958214044570923,-9.1260986328125
1753063363077,-1.425148606300354,,
1753063363078,,-3.2399535179138184,-8.594585418701172
1753063363126,-1.6741455793380737,,
1753063363127,,-2.871246337890625,-8.594585418701172
1753063363677,-1.2192472219467163,,
1753063363678,-1.8034324645996094,-3.7618894577026367,-9.446921348571777
1753063363686,-1.7699135541915894,-2.780266761779785,-8.920196533203125
1753063363737,-1.8800468444824219,-3.642179250717163,-9.743802070617676
1753063363738,,,-9.935338973999023
1753063363786,-1.6645687818527222,,
1753063363787,,-3.110666513442993,-8.881889343261719
1753063363906,-1.6980875730514526,,
1753063363907,,-2.876034736633301,-9.188347816467285
1753063363911,-1.9614497423171997,-3.0867245197296143,-8.704718589782715
1753063363957,-1.3341689109802246,,
1753063363958,-1.755548357963562,,
1753063363959,,-3.072359323501587,-9.030330657958984
1753063364008,-2.0859482288360596,-3.4745852947235107,-9.451709747314453
1753063364059,-1.391629695892334,-3.5942952632904053,-8.920196533203125
1753063364108,-2.3540987968444824,-2.8616695404052734,
1753063364109,,-2.6653449535369873,-9.346364974975586
1753063364158,-1.7986440658569336,,
1753063364159,,-2.516904592514038,-8.503605842590332
1753063367773,-1.956661343574524,,
1753063367774,-1.6310498714447021,-2.7994203567504883,-9.030330657958984
1753063367775,-1.9039889574050903,-4.7387237548828125,-9.097368240356445
1753063367776,-1.2144588232040405,-3.7714662551879883,-8.508394241333008
1753063367824,-1.2527660131454468,-3.7044286727905273,-8.441356658935547
1753063367875,-1.4395138025283813,-3.6709096431732178,-9.083003044128418
1753063367925,-1.5209165811538696,-3.7283706665039062,-8.814851760864258
1753063367976,-1.0947487354278564,-4.3173441886901855,
1753063367977,,,-9.451709747314453
1753063368025,-1.3533225059509277,-4.40353536605835,-9.34157657623291
1753063368026,,,-9.298480987548828
1753063368076,-1.9901801347732544,-3.62302565574646,
1753063368077,,,-9.188347816467285
1753063368125,-1.1857284307479858,-3.862445831298828,-8.757390975952148
1753063368175,-1.4969745874404907,,
1753063368176,-1.4059948921203613,-4.240729808807373,-8.776544570922852
1753063368225,-1.0468647480010986,-3.4123358726501465,-8.082226753234863
1753063377372,-1.5161281824111938,,
1753063377373,-1.348534107208252,,
1753063377374,0.1933317929506302,-3.3069911003112793,
1753063377375,,-4.666897773742676,-8.819640159606934
1753063377376,,,-9.212289810180664
1753063377380,0.3130418658256531,,
1753063377383,,-6.69718074798584,-7.560290336608887
1753063377431,-0.25677812099456787,-6.917447090148926,-7.387907981872559
1753063377482,0.6721721291542053,,
1753063377483,,-6.859986305236816,-6.7941460609436035
1753063391110,0.03531447425484657,,
1753063391111,-2.033275842666626,,
1753063391112,-0.32860419154167175,,
1753063391114,-1.5065513849258423,,
1753063391115,-1.9614497423171997,-6.38114595413208,
1753063391116,,-4.633378982543945,
1753063391117,,-4.192845821380615,-6.7941460609436035
1753063391118,,,-8.838793754577637
1753063391162,-1.2862848043441772,-4.43705415725708,-9.193136215209961
1753063391213,-1.391629695892334,,
1753063391214,,-4.365228176116943,-8.958504676818848
1753063391848,-1.5783774852752686,,
1753063391849,-1.1905168294906616,-3.891176223754883,
1753063391850,-1.18094003200531,-3.9390604496002197,-8.599373817443848
1753063391901,-1.1522095203399658,,
1753063391902,,-3.397970676422119,-8.072649955749512
1753063391952,-1.4347254037857056,-4.010886192321777,-8.896254539489746
1753063392001,-1.6406266689300537,,
1753063392002,-1.592742681503296,-3.642179250717163,-8.862735748291016
1753063394383,-1.635838270187378,,
1753063394384,-1.7651251554489136,-3.776254653930664,-9.164405822753906
1753063394385,,,-8.575431823730469
1753063394390,-1.568800687789917,,
1753063394391,,-3.4362781047821045,-8.762179374694824
1753063394440,-2.2487540245056152,,
1753063394441,,-3.24953031539917,-9.509170532226562
1753063394491,-2.138620615005493,-3.6086604595184326,
1753063394492,,-3.421912670135498,-9.202713012695312
1753063439502,-1.1091139316558838,-3.642179250717163,
1753063439503,,-4.322132587432861,
1753063439504,,-4.887164115905762,-8.628104209899902
1753063439505,,,-9.188347816467285
1753063439506,,,-8.221090316772461
1753063439507,-1.224035620689392,,-8.85794734954834
1753063439508,-1.003769040107727,,
1753063439509,0.6338648796081543,,
1753063439510,-0.2663549482822418,,
1753063439511,-0.3477577865123749,-4.997297286987305,
1753063439512,,-4.882375717163086,
1753063439513,,-7.35319185256958,-6.6361284255981445
1753063439514,,,-6.5930328369140625
1753063439515,,,-9.97364616394043
1753063439516,-0.5488707423210144,-4.063559055328369,-9.025542259216309
1753063439517,,,-10.366294860839844
1753063439519,-0.9989806413650513,,
1753063439520,,-4.053982257843018,-8.757390975952148
1753063439570,-2.3062148094177246,,
1753063439571,,-3.934272050857544,-9.456498146057129
1753063439621,-1.6549919843673706,,
1753063439622,-1.8082208633422852,-2.8568811416625977,-6.727108001708984
1753063439671,-0.9750386476516724,-3.493738889694214,-7.972093105316162
1753063439722,-2.4402899742126465,-3.958214044570923,-8.762179374694824
1753063439771,-1.425148606300354,,
1753063439772,,-4.073135852813721,-8.522759437561035
1753063439822,-1.9422961473464966,-2.9287071228027344,-8.182783126831055
1753063439823,,,-9.652822494506836
1753063439871,-3.024475336074829,-2.3349452018737793,-8.996811866760254
1753063439922,-1.568800687789917,-3.848080635070801,
1753063439923,,,-9.25059700012207
1753063439971,-2.430713176727295,,
1753063439972,,-4.2742486000061035,-9.571419715881348
1753063440022,-1.6262614727020264,-3.053205728530884,-7.713519096374512
1753063440071,-1.9470845460891724,-3.886387825012207,-9.729436874389648
1753063440122,-2.1912930011749268,-4.599860191345215,-8.714295387268066
1753063440171,-0.9080010056495667,-1.425148606300354,-5.549160957336426
1753063440222,-2.6797101497650146,-4.1641154289245605,-11.477204322814941
1753063440271,-2.7946319580078125,-6.026804447174072,-7.373542785644531
1753063440322,1.0696096420288086,-1.9183541536331177,-7.699153900146484
1753063440370,-3.7475242614746094,,
1753063440371,-3.5942952632904053,-3.6996402740478516,-10.375871658325195
1753063440421,-2.80899715423584,,
1753063440422,,-3.78104305267334,-9.37509536743164
1753063440471,-1.4059948921203613,-2.8856115341186523,-8.197148323059082
1753063440522,-3.603872060775757,,
1753063440523,,-5.011662483215332,-11.956045150756836
1753063440571,2.3959972858428955,-4.31255578994751,-6.679224014282227
1753063440621,-4.116231441497803,,
1753063440622,,-3.733159065246582,-11.817180633544922
1753063440671,-3.733159065246582,-2.8137855529785156,-8.690353393554688
1753063440722,-1.080383539199829,-3.757101058959961,-9.94970417022705
1753063440771,-2.564788579940796,-3.6134488582611084,
1753063440772,,-3.177704095840454,-9.92097282409668
1753063440821,-3.2351651191711426,,
1753063440822,,-3.4410665035247803,-9.566631317138672
1753063440871,-1.6837223768234253,-3.024475336074829,-8.043919563293457
1753063440922,-1.18094003200531,-3.2782607078552246,
1753063440923,,-3.862445831298828,-7.7470383644104
1753063440971,-1.9518729448318481,-3.5272576808929443,-8.508394241333008
1753063441021,-1.18094003200531,,
1753063441022,,-3.7666778564453125,-7.933785915374756
1753063441071,-2.033275842666626,-3.177704095840454,
1753063441072,,-3.1298201084136963,-8.513182640075684
1753063441121,-2.3062148094177246,,
1753063441122,,-3.0340521335601807,-8.963293075561523
1753063441171,-2.2391772270202637,-3.886387825012207,-9.260173797607422
1753063441221,-1.9375077486038208,,
1753063441222,-1.875258445739746,-4.259883403778076,-9.55705451965332
1753063441271,-1.9662381410598755,-3.311779499053955,-8.776544570922852
1753063441321,-2.765901565551758,-3.158550500869751,
1753063441322,,-3.512892484664917,-9.269750595092773
1753063441371,-2.1481974124908447,-3.5942952632904053,
1753063441372,,-2.823362350463867,-9.06863784790039
1753063441421,-0.8888474106788635,,
1753063441422,-0.44831427931785583,-2.583942174911499,
1753063441423,,,-6.525995254516602
1753063441471,-3.024475336074829,-4.417900562286377,-11.295245170593262
1753063441522,-1.9901801347732544,-3.354875087738037,
1753063441523,,,-6.339247703552246
1753063441571,-2.828150749206543,-2.8377275466918945,-10.342352867126465
1753063441622,-2.65097975730896,-4.475361347198486,-9.384672164916992
1753063441671,-1.1378443241119385,-3.3261446952819824,-8.91540813446045
1753063441672,,,-9.762955665588379
1753063441722,-2.540846586227417,-4.125808238983154,-9.92097282409668
1753063441772,-0.6685808300971985,,
1753063441773,,-3.9869444370269775,-8.704718589782715
1753063441820,-2.234388828277588,,
1753063441821,-1.5879542827606201,-4.144961833953857,-9.791686058044434
1753063441871,-2.631826162338257,,
1753063441872,-0.7930793166160583,-2.722805976867676,-7.526771545410156
1753063441921,-1.71245276927948,-5.236717700958252,-11.486781120300293
1753063441972,-4.6956281661987305,-4.882375717163086,-9.88745403289795
1753063442020,-2.014122247695923,,
1753063442021,-3.7187938690185547,-1.0133458375930786,-7.052719593048096
1753063442072,-2.4881742000579834,-4.154538631439209,-12.98076343536377
1753063442121,-0.02693476900458336,-1.8082208633422852,
1753063442122,,-2.9478609561920166,-3.0544028282165527
1753063442171,-0.9127894043922424,,
1753063442172,-2.2679076194763184,-4.556764602661133,-12.928091049194336
1753063442221,0.0975637212395668,-5.361216068267822,-5.788581371307373
1753063442271,-2.339733600616455,,
1753063442272,-3.3883938789367676,-3.005321741104126,-10.830769538879395
1753063442321,-3.5847184658050537,-3.891176223754883,-8.934561729431152
1753063442371,-0.821809709072113,,
1753063442372,-0.20889410376548767,-3.737947463989258,-9.561842918395996
1753063442420,-2.425924777984619,,
1753063442421,,-2.943072557449341,-9.020753860473633
1753063442471,-3.3883938789367676,,
1753063442472,-2.866457939147949,-4.417900562286377,-11.204265594482422
1753063442520,-1.1857284307479858,,
1753063442521,-0.3908534348011017,-2.761113166809082,-7.091026782989502
1753063442572,-1.511339783668518,-3.848080635070801,-9.087791442871094
1753063442622,-1.7268179655075073,-4.465784549713135,-7.794922351837158
1753063442671,-0.4339490532875061,,
1753063442672,-1.324592113494873,-2.9047651290893555,-6.92343282699585
1753063442721,-2.713229179382324,-3.733159065246582,
1753063442722,,,-9.461286544799805
1753063442772,-2.5025393962860107,-3.378817081451416,-8.46051025390625
1753063442820,-3.3931822776794434,,
1753063442821,-2.5743653774261475,-4.082712650299072,-10.691905975341797
1753063442872,-3.206434726715088,-3.776254653930664,-8.89146614074707
1753063442921,-2.454655408859253,,
1753063442922,,-2.6126725673675537,-9.073426246643066
1753063442972,-1.7220295667648315,-4.408323764801025,-9.279327392578125
1753063443021,-0.414795458316803,-3.3931822776794434,-7.933785915374756
1753063443071,-2.1912930011749268,,
1753063443072,-3.00053334236145,-3.1058781147003174,-8.182783126831055
1753063443121,-0.9654618501663208,-3.62302565574646,
1753063443122,,-3.579930067062378,-8.436568260192871
1753063443173,-1.6454150676727295,-3.661332845687866,-8.61852741241455
1753063443221,-2.2439656257629395,-3.5942952632904053,-9.360730171203613
1753063443271,-2.1146786212921143,,
1753063443272,-2.272696018218994,-4.092289447784424,-9.202713012695312
1753063443320,-1.8800468444824219,,
1753063443321,-1.0468647480010986,-2.3301568031311035,-6.818088054656982
1753063443372,-1.7699135541915894,-4.87758731842041,-10.778097152709961
1753063443421,-0.9702502489089966,-5.332485675811768,-7.04793119430542
1753063443472,-1.7172411680221558,,
1753063443474,-2.80899715423584,-2.0236990451812744,-8.216301918029785
1753063443521,-2.363675594329834,-4.288613796234131,-8.527547836303711
1753063443571,-1.3964180946350098,,
1753063443572,-0.32381579279899597,,
1753063443573,-0.7547720670700073,-4.446630954742432,-9.1260986328125
1753063443621,-2.1338322162628174,-4.532822132110596,-9.18355941772461
1753063443671,-2.516904592514038,,
1753063443672,,-3.733159065246582,-9.944915771484375
1753063443720,-2.4642322063446045,,
1753063443721,,-4.168903827667236,-10.787673950195312
1753063443771,-2.2822728157043457,,
1753063443772,,-4.882375717163086,-10.596138000488281
1753063443820,-1.6741455793380737,,
1753063443821,,-2.689286947250366,-8.49402904510498
1753063443872,-2.7994203567504883,-3.230376720428467,-9.92097282409668
1753063443921,-1.0420763492584229,-4.326920986175537,-7.742249965667725
1753063443972,-0.67815762758255,-4.2742486000061035,-8.21151351928711
1753063444021,0.1646013706922531,-2.473809003829956,-5.190030574798584
1753063444072,-3.8528690338134766,-3.90554141998291,
1753063444073,,-4.714781761169434,-12.339117050170898
1753063444121,-0.7643488645553589,-3.096301317214966,-4.639364242553711
1753063444172,-0.21847090125083923,-3.4410665035247803,-9.059061050415039
1753063444220,-3.134608507156372,,
1753063444221,-3.1872811317443848,-3.7858314514160156,-8.589797019958496
1753063444271,-1.425148606300354,,
1753063444272,-0.7595604658126831,-4.336497783660889,-9.906607627868652
1753063444321,-2.014122247695923,-3.8097734451293945,-8.292916297912598
1753063444371,-1.4826093912124634,,
1753063444372,,-4.408323764801025,-8.996811866760254
1753063444420,-2.301426410675049,,
1753063444421,,-3.445854902267456,-7.8092875480651855
1753063444471,-0.960673451423645,,
1753063444472,,-3.3931822776794434,-8.292916297912598
1753063444520,-2.3971943855285645,,
1753063444521,,-4.049193859100342,-8.575431823730469
1753063444571,-2.0189106464385986,,
1753063444572,-1.3724761009216309,-3.6134488582611084,-8.728660583496094
1753063444573,,,-8.364742279052734
1753063444620,-1.5257049798965454,,
1753063444621,-2.1146786212921143,-3.5655648708343506,-7.689577102661133
1753063444671,-2.0428526401519775,-3.752312660217285,-9.193136215209961
1753063444720,-1.9039889574050903,,
1753063444721,-1.6454150676727295,-3.3213562965393066,-8.21151351928711
1753063444771,-1.3772644996643066,,
1753063444772,,-3.709217071533203,-8.158841133117676
1753063444820,-2.0045454502105713,,
1753063444821,-1.4873977899551392,-3.7427358627319336,-8.474875450134277
1753063444872,-1.2767080068588257,-4.101866245269775,-8.848370552062988
1753063444921,-2.0476410388946533,-4.073135852813721,-8.97765827178955
1753063444971,-1.391629695892334,-3.6134488582611084,
1753063444972,,,-8.699930191040039
1753063445021,-2.1146786212921143,-4.302978992462158,-9.52353572845459
1753063445072,-1.6023194789886475,-3.8145618438720703,
1753063445073,,,-8.810063362121582
1753063445121,-1.9039889574050903,-3.733159065246582,-9.130887031555176
1753063445171,-2.5743653774261475,,
1753063445172,-1.8896236419677734,-3.5464112758636475,-8.838793754577637
1753063445220,-1.3341689109802246,,
1753063445221,-1.3964180946350098,-3.9438488483428955,-8.757390975952148
1753063445271,-1.7842788696289062,,
1753063445272,-1.8800468444824219,-3.9438488483428955,-8.537124633789062
1753063445321,-1.5209165811538696,-3.292625904083252,
1753063445322,,-3.78104305267334,-8.42699146270752
1753063445372,-2.057217836380005,,
1753063445373,-2.076371431350708,-4.22157621383667,
1753063445374,,,-9.408614158630371
1753063445421,-1.0133458375930786,-3.886387825012207,-7.938574314117432
1753063445472,-1.9662381410598755,-3.646967649459839,-9.34157657623291
1753063445521,-1.3868412971496582,-3.6900634765625,-8.503605842590332
1753063445572,-1.6406266689300537,-4.298190593719482,-9.312846183776855
1753063445621,-2.0045454502105713,-3.575141668319702,-8.49402904510498
1753063445671,-1.4395138025283813,,
1753063445672,-1.8417396545410156,-4.106654644012451,-8.70950698852539
1753063445721,-1.6071078777313232,-3.8815994262695312,-8.283339500427246
1753063445772,-1.1905168294906616,-3.6086604595184326,-7.905055522918701
1753063445821,-2.014122247695923,-3.508104085922241,-7.981669902801514
1753063445872,-1.2096704244613647,-4.159327030181885,-8.61852741241455
1753063445922,-2.3493103981018066,,
1753063445923,-1.7842788696289062,-4.5854949951171875,-9.317634582519531
1753063445971,-1.956661343574524,,
1753063445972,-1.4059948921203613,-3.397970676422119,-8.599373817443848
1753063446021,-2.3062148094177246,,
1753063446022,,-4.518456935882568,-9.86351203918457
1753063446072,-1.6932991743087769,-4.010886192321777,-8.881889343261719
1753063446121,-1.8608932495117188,-3.5703532695770264,-8.61852741241455
1753063446172,-2.076371431350708,-4.0779242515563965,-9.154829025268555
1753063446221,-1.27191960811615,-3.354875087738037,-7.909843921661377
1753063446271,-1.9949685335159302,-3.9390604496002197,-8.503605842590332
1753063446321,-1.913565754890442,-3.9630024433135986,-8.484452247619629
1753063446371,-1.1522095203399658,,
1753063446372,,-3.6709096431732178,-8.345588684082031
1753063446421,-2.6414029598236084,-3.685275077819824,-9.27453899383545
1753063446471,-1.8944120407104492,,
1753063446472,-1.4826093912124634,-3.048417329788208,-7.885901927947998
1753063446521,-2.895188331604004,-4.4274773597717285,-10.74457836151123
1753063446571,-0.8696937561035156,,
1753063446572,0.1215057373046875,-3.292625904083252,-4.543596267700195
1753063446620,-4.211999416351318,,
1753063446621,-3.0388405323028564,-2.957437753677368,-9.121310234069824
1753063446671,1.1797429323196411,,
1753063446672,-0.06524199992418289,-5.705981254577637,-7.134122371673584
1753063446721,-2.124255418777466,-4.714781761169434,-9.628880500793457
1753063446771,-2.4690206050872803,-3.488950490951538,
1753063446772,,-5.140949726104736,-8.781332969665527
1753063446821,-0.8792705535888672,-4.805761337280273,-8.407837867736816
1753063446872,-2.8377275466918945,-3.5464112758636475,-10.050260543823242
1753063446921,-2.315791606903076,,
1753063446922,,-4.202422618865967,
1753063446972,-1.0324994325637817,-3.9917328357696533,-9.533112525939941
1753063447021,-2.2870612144470215,-3.800196647644043,-8.963293075561523
1753063447071,-1.5735890865325928,,
1753063447072,-1.6597803831100464,-3.819350242614746,-8.340800285339355
1753063447121,-1.568800687789917,,
1753063447122,,-3.4602200984954834,-7.828441143035889
1753063447171,-1.3868412971496582,,
1753063447172,-1.956661343574524,-3.3644518852233887,-7.67042350769043
1753063447221,-1.9231425523757935,-3.508104085922241,-7.881113529205322
1753063447272,-0.8457517623901367,-4.484938144683838,-8.532336235046387
1753063447321,-1.688510775566101,-2.8185739517211914,-6.765415668487549
1753063447372,-1.7938556671142578,-3.9869444370269775,-10.13166332244873
1753063447420,-1.9039889574050903,,
1753063447421,,-4.432265758514404,-8.42699146270752
1753063447471,-1.4299370050430298,,
1753063447472,-1.7076643705368042,-3.3261446952819824,-8.177994728088379
1753063447521,-2.8808231353759766,-4.240729808807373,-8.862735748291016
1753063447572,-0.9463081955909729,-3.819350242614746,-9.020753860473633
1753063447726,-2.382829189300537,,
1753063447727,-1.9710265398025513,,
1753063447728,,-3.9917328357696533,-9.030330657958984
1753063447732,-1.9279309511184692,,
1753063447733,,-3.2638955116271973,-8.101380348205566
1753063447783,-0.8409633636474609,,
1753063447784,-1.4538789987564087,-3.5416228771209717,-7.545925140380859
1753063447835,-1.9853917360305786,-4.0779242515563965,-10.016741752624512
1753063447884,-1.731606364250183,-3.488950490951538,-7.972093105316162
1753063447934,-1.468244194984436,,
1753063447935,-1.7747019529342651,-3.560776472091675,-8.877100944519043
1753063447984,-2.27748441696167,-4.465784549713135,-9.331999778747559
1753063448035,-2.100313425064087,-3.757101058959961,-9.140463829040527
1753063448085,-1.4155718088150024,-4.073135852813721,-8.637681007385254
1753063448146,-1.9375077486038208,-3.7618894577026367,-8.70950698852539
1753063448193,-1.7507599592208862,-3.158550500869751,-8.249820709228516
1753063448243,-2.1721394062042236,-3.206434726715088,-8.7669677734375
1753063448294,-1.8608932495117188,-3.4362781047821045,-8.130110740661621
1753063448343,-1.3581109046936035,-4.13059663772583,-8.40304946899414
1753063448394,-1.5017629861831665,,
1753063448395,,-3.618237257003784,-7.900267124176025
1753063448442,-1.1522095203399658,-2.1481974124908447,
1753063448443,,,-6.339247703552246
1753063448494,-2.5791537761688232,-5.303755283355713,-11.357494354248047
1753063448542,1.1988965272903442,,
1753063448543,,-4.417900562286377,-5.443816184997559
1753063448594,-2.2870612144470215,,
1753063448595,-4.638167381286621,-3.5416228771209717,-10.806827545166016
1753063448642,-3.0436289310455322,,
1753063448643,-2.871246337890625,-3.646967649459839,-9.370306968688965
1753063448693,-0.8744821548461914,,
1753063448694,-0.5392939448356628,,
1753063448695,,-4.40353536605835,-10.505158424377441
1753063448743,-3.024475336074829,-4.642955780029297,-10.878653526306152
1753063448794,-2.3493103981018066,,
1753063448795,,-4.111443042755127,-9.384672164916992
1753063448843,-2.1051018238067627,-3.2399535179138184,-8.125322341918945
1753063448893,-1.0516531467437744,,
1753063448894,-2.100313425064087,-3.426701068878174,-7.799710750579834
1753063448943,-1.2910733222961426,-4.073135852813721,-8.082226753234863
1753063448993,-1.5304933786392212,,
1753063448994,,-3.2399535179138184,-7.646481513977051
1753063449043,-2.2439656257629395,-3.694851875305176,-8.628104209899902
1753063449093,-1.30543851852417,,
1753063449094,-1.492186188697815,-3.7475242614746094,-8.628104209899902
1753063449142,-1.449090600013733,,
1753063449143,,-3.6373908519744873,-8.877100944519043
1753063449195,-2.3062148094177246,-3.8289270401000977,-9.193136215209961
1753063449243,-1.7459715604782104,-4.125808238983154,-9.044695854187012
1753063449294,-1.4538789987564087,-4.460996150970459,-9.260173797607422
1753063449343,-0.6542156338691711,-3.2207999229431152,-7.30650520324707
1753063449394,-3.00053334236145,-4.31255578994751,-11.544241905212402
1753063449443,0.8062474131584167,,
1753063449444,-1.511339783668518,-2.8185739517211914,-5.716754913330078
1753063449493,-2.9239187240600586,-3.6756980419158936,
1753063449494,,-3.737947463989258,-8.929773330688477
1753063449543,-2.382829189300537,,
1753063449544,-1.3341689109802246,-3.536834478378296,
1753063449545,,-3.752312660217285,-8.130110740661621
1753063449592,-0.6637924313545227,,
1753063449593,-1.9422961473464966,-3.862445831298828,-7.89547872543335
1753063449643,-2.6174609661102295,,
1753063449644,,-4.757877349853516,-9.595361709594727
1753063449692,-2.785055160522461,,
1753063449693,-1.5065513849258423,-3.5224692821502686,-8.67598819732666
1753063449743,-0.9558850526809692,,
1753063449744,,-3.8528690338134766,-9.06863784790039
1753063449792,-1.611896276473999,,
1753063449793,,-3.8528690338134766,-8.91540813446045
1753063449843,-2.2631192207336426,,
1753063449844,,-4.264671802520752,-10.06462574005127
1753063449893,-1.7507599592208862,-3.6373908519744873,-8.168417930603027
1753063449943,-1.4826093912124634,,
1753063449944,,-4.350862979888916,-10.150816917419434
1753063449993,-1.5735890865325928,-4.202422618865967,-9.279327392578125
1753063450044,-2.076371431350708,-3.800196647644043,-8.771756172180176
1753063450093,-2.7036523818969727,-3.5895068645477295,-8.106168746948242
1753063450143,-0.8361749649047852,,
1753063450144,-2.2631192207336426,-4.5854949951171875,-9.68155288696289
1753063450192,-1.8034324645996094,,
1753063450193,,-3.4410665035247803,-7.2107367515563965
1753063450243,-2.3493103981018066,,
1753063450244,-3.1298201084136963,-3.1729156970977783,-10.136451721191406
1753063450293,-0.25677812099456787,-3.910329818725586,-6.281786918640137
1753063450343,-1.7842788696289062,,
1753063450344,-0.9702502489089966,-3.7714662551879883,-9.00160026550293
1753063450392,-2.8616695404052734,,
1753063450393,-1.8273744583129883,-3.4075474739074707,-8.388684272766113
1753063450545,-0.7164648771286011,-3.2399535179138184,-7.378331184387207
1753063450595,-2.344521999359131,,
1753063450596,,-3.8145618438720703,-9.628880500793457
1753063450646,-1.9231425523757935,,
1753063450647,-2.1721394062042236,-4.020462989807129,-9.892242431640625
1753063450695,-1.5161281824111938,,
1753063450696,-2.7994203567504883,-3.4171242713928223,-7.70394229888916
1753063450746,-2.3684639930725098,,
1753063450747,-1.5544354915618896,-4.820126533508301,-10.49558162689209
1753063450795,-1.0324994325637817,,
1753063450796,,-3.244741916656494,-6.822876453399658
1753063450847,-1.3006501197814941,-4.1880574226379395,-9.288904190063477
1753063450896,-0.37648820877075195,-4.590283393859863,-7.550713539123535
1753063450897,,,-8.441356658935547
1753063450946,-1.3581109046936035,,
1753063450947,-1.2000936269760132,-2.6174609661102295,-7.08144998550415
1753063450995,-1.1953052282333374,,
1753063450996,,-4.370016574859619,-9.983222961425781
1753063451047,-1.003769040107727,-6.429029941558838,-8.690353393554688
1753063451095,-3.0436289310455322,,
1753063451096,-1.4012064933776855,-6.093842029571533,-12.300809860229492
1753063451146,-2.8137855529785156,,
1753063451147,,-4.034828186035156,-8.628104209899902
1753063451195,-2.229600429534912,,
1753063451196,,-4.31255578994751,-10.28010368347168
1753063451246,-1.813009262084961,,
1753063451247,-1.568800687789917,-4.240729808807373,-8.647257804870605
1753063451295,-1.544858694076538,,
1753063451296,-1.7172411680221558,-3.383605480194092,-7.660846710205078
1753063451346,-1.5592238903045654,,
1753063451347,-1.731606364250183,-4.2311530113220215,-8.431779861450195
1753063451395,-0.3477577865123749,,
1753063451396,,-3.206434726715088,-6.104615688323975
1753063451447,-1.4969745874404907,-4.1641154289245605,-9.030330657958984
1753063451496,-1.2767080068588257,-5.030816555023193,-8.048707962036133
1753063451547,-1.4730325937271118,-3.3261446952819824,-8.819640159606934
1753063451595,-1.731606364250183,,
1753063451596,,-4.973355293273926,-10.74457836151123
1753063451646,-1.0324994325637817,,
1753063451647,-0.19452889263629913,-4.197634220123291,-7.933785915374756
1753063451695,-2.761113166809082,,
1753063451696,-2.473809003829956,-5.7538652420043945,-12.056601524353027
1753063451746,-0.03651157766580582,,
1753063451747,-1.4538789987564087,-4.872798919677734,-8.053496360778809
1753063451795,-2.27748441696167,,
1753063451796,-2.4642322063446045,-3.848080635070801,-10.22264289855957
1753063451846,-3.3022027015686035,,
1753063451847,,-2.876034736633301,-6.205172061920166
1753063451895,-0.08439560979604721,,
1753063451896,,-2.9095535278320312,-6.468534469604492
1753063451946,-1.0755951404571533,,
1753063451947,,-3.536834478378296,-6.348824501037598
1753063451995,-1.8225860595703125,,
1753063451996,,-4.370016574859619,-8.7669677734375
1753063452046,-0.7451952695846558,,
1753063452047,-0.3190273642539978,-4.705204963684082,-7.287351608276367
1753063452096,-1.4299370050430298,-4.709993362426758,-9.504382133483887
1753063452146,-2.93349552154541,,
1753063452147,-1.0420763492584229,-4.949413299560547,-10.648810386657715
1753063452195,-0.9798270463943481,,
1753063452196,,-4.365228176116943,-9.039907455444336
1753063452247,-2.3540987968444824,-4.700416564941406,-10.89301872253418
1753063452296,-1.0133458375930786,-4.087501049041748,-9.317634582519531
1753063452346,-1.6071078777313232,,
1753063452347,-1.5161281824111938,-4.547187805175781,-9.269750595092773
1753063452381,-1.7603367567062378,-4.259883403778076,-8.771756172180176
1753063452429,-1.4586673974990845,,
1753063452430,-1.1186907291412354,-3.536834478378296,-7.651269912719727
1753063452480,-1.0372878313064575,,
1753063452481,-1.4778209924697876,-3.7475242614746094,-8.053496360778809
1753063452530,-1.5783774852752686,-3.757101058959961,-7.244256019592285
1753063452581,-0.5297171473503113,,
1753063452582,,-3.8576574325561523,-7.536348342895508
1753063452676,-2.186504602432251,-5.112219333648682,-8.963293075561523
1753063452725,-2.363675594329834,,
1753063452726,-2.229600429534912,-4.116231441497803,-9.504382133483887
1753063452775,-1.3964180946350098,-4.43705415725708,-9.231443405151367
1753063452826,-1.7651251554489136,,
1753063452827,-2.1577742099761963,-4.523245334625244,-9.178771018981934
1753063452875,-2.1577742099761963,,
1753063452876,,-4.800972938537598,-9.55705451965332
1753063452926,-1.7507599592208862,-3.685275077819824,-8.6089506149292
1753063452975,-1.104325532913208,-4.125808238983154,-8.532336235046387
1753063453028,-2.1960813999176025,-4.068347454071045,-8.881889343261719
1753063453076,-0.9080010056495667,-3.9677908420562744,-8.134899139404297
1753063453126,-1.8273744583129883,,
1753063453127,-1.9231425523757935,-4.604648590087891,-8.929773330688477
1753063453175,-1.8656816482543945,-3.3452982902526855,
1753063453176,,,-7.890690326690674
1753063453226,-1.5017629861831665,-3.9917328357696533,-8.934561729431152
1753063453275,-1.3964180946350098,,
1753063453276,-1.2336124181747437,-5.026028156280518,-8.877100944519043
1753063453326,-1.4347254037857056,-3.7618894577026367,-8.225878715515137
1753063453327,,,-8.877100944519043
1753063453375,-1.7842788696289062,,
1753063453376,,-4.173692226409912,-9.025542259216309
1753063453426,-1.0516531467437744,,
1753063453427,,-4.949413299560547,-9.2841157913208
1753063453475,-1.789067268371582,,
1753063453476,,-4.125808238983154,-8.82442855834961
1753063453527,-1.9806033372879028,-3.8337154388427734,-9.011177062988281
1753063453575,-1.5544354915618896,,
1753063453576,-1.2910733222961426,-4.2742486000061035,-8.623315811157227
1753063453626,-1.3581109046936035,,
1753063453627,,-4.57112979888916,-8.929773330688477
1753063453676,-1.9710265398025513,-3.7714662551879883,
1753063453677,,,-8.441356658935547
1753063453727,-1.4059948921203613,-3.4554316997528076,-7.780557155609131
1753063453775,-1.348534107208252,-4.475361347198486,-8.470087051391602
1753063453826,-1.2336124181747437,,
1753063453827,-1.3868412971496582,-4.245518207550049,-8.230667114257812
1753063453875,-1.9279309511184692,,
1753063453876,-1.6310498714447021,-3.5655648708343506,-8.268974304199219
1753063453926,-1.6502034664154053,,
1753063453927,-2.2822728157043457,-4.2550950050354,-9.413402557373047
1753063453975,-1.544858694076538,,
1753063453976,,-3.8959646224975586,-8.3120698928833
1753063454026,-1.9039889574050903,,
1753063454027,,-3.996521234512329,-9.303269386291504
1753063454075,-1.611896276473999,,
1753063454076,-1.391629695892334,-4.40353536605835,-8.82442855834961
1753063454126,-1.367687702178955,-4.393958568572998,
1753063454127,,,-9.011177062988281
1753063454175,-0.9175778031349182,-3.7475242614746094,-7.814075946807861
1753063454227,-1.2910733222961426,-4.140173435211182,-8.527547836303711
1753063454276,-1.6837223768234253,-5.131372928619385,
1753063454277,,,-9.279327392578125
1753063454326,-1.8656816482543945,,
1753063454327,-1.4012064933776855,-4.111443042755127,-8.972869873046875
1753063454434,-2.631826162338257,,
1753063454435,-2.2918496131896973,-3.8576574325561523,-9.806051254272461
1753063454485,-0.38127660751342773,-3.2207999229431152,-7.3687543869018555
1753063454536,-1.8034324645996094,-4.820126533508301,-9.150040626525879
1753063454586,-1.4730325937271118,,
1753063454587,-0.8026561141014099,-3.426701068878174,-7.0144124031066895
1753063454635,-0.6542156338691711,,
1753063454636,-2.344521999359131,-4.001309394836426,-8.632892608642578
1753063454686,-2.492962598800659,,
1753063454687,-1.4155718088150024,-4.987720489501953,-9.236231803894043
1753063454735,-1.832162857055664,,
1753063454736,-2.205658197402954,-4.365228176116943,-9.882665634155273
1753063454786,-1.7986440658569336,,
1753063454787,,-4.1641154289245605,-8.91540813446045
1753063454835,-1.6166846752166748,,
1753063454836,-2.4163479804992676,-4.207211017608643,-10.591349601745605
1753063454887,-1.932719349861145,-4.595071792602539,-9.365518569946289
1753063454935,-1.9806033372879028,-4.633378982543945,-9.868300437927246
1753063454987,-1.6262614727020264,-4.623802185058594,
1753063454988,,,-8.168417930603027
1753063455035,0.09038111567497253,-4.769848346710205,
1753063455036,,-5.100248336791992,-7.404667377471924
1753063455086,-2.60548996925354,-4.025251388549805,-8.963293075561523
1753063455135,-1.6549919843673706,,
1753063455136,-1.0755951404571533,-3.1944637298583984,-7.859565734863281
1753063455185,-1.4754267930984497,,
1753063455186,,-3.797802448272705,-7.775768756866455
1753063455238,-0.7763199210166931,-4.985326290130615,-7.577049732208252
1753063455286,-0.6613982319831848,-4.140173435211182,-8.113350868225098
1753063455335,-1.8177976608276367,,
1753063455336,-1.5783774852752686,-4.951807498931885,-9.774927139282227
1753063455385,-1.5041571855545044,-4.314949989318848,-8.647257804870605
1753063455386,,,-8.879495620727539
1753063455435,-1.0372878313064575,-4.147356033325195,-8.76457405090332
1753063455488,-1.3964180946350098,-4.774636745452881,
1753063455489,,,-9.315239906311035
1753063455535,-2.030881643295288,,
1753063455536,-1.6789339780807495,-4.700416564941406,-9.559449195861816
1753063455585,-1.4227544069290161,,
1753063455586,-1.3940238952636719,-3.9845502376556396,-8.647257804870605
1753063455635,-1.2072762250900269,,
1753063455636,-1.2982559204101562,-4.092289447784424,-8.151658058166504
1753063455685,-1.63344407081604,,
1753063455686,-1.5280991792678833,-3.998915433883667,-8.395866394042969
1753063455738,-1.4131776094436646,-4.530427932739258,
1753063455739,,,-8.12053394317627
1753063455788,-0.9534908533096313,-4.429871559143066,-7.960122108459473
1753063455789,,,-7.945756912231445
1753063455838,-0.9247604012489319,,
1753063455839,,-4.915894508361816,-8.690353393554688
1753063455888,-1.8896236419677734,-4.109048843383789,-8.268974304199219
1753063455937,-0.838569164276123,,
1753063455938,,-4.281431198120117,-8.474875450134277
1753063455989,-1.4107834100723267,-5.0499701499938965,-8.790909767150879
1753063456039,-1.1426327228546143,-4.860827922821045,-9.334393501281738
1753063456088,-1.5735890865325928,,
1753063456089,,-4.489726543426514,-9.461286544799805
1753063456138,-2.188898801803589,,
1753063456139,,-1.7220295667648315,-5.1996073722839355
1753063456188,0.20530278980731964,,
1753063456189,-1.0133458375930786,-9.97484302520752,-16.12434959411621
1753063456238,-4.123414039611816,,
1753063456239,3.2387564182281494,-5.993285179138184,-3.1669301986694336
1753063456289,9.255385398864746,-2.1697452068328857,-9.600150108337402
1753063456338,-5.887940406799316,,
1753063456339,4.112639904022217,-11.540650367736816,-15.034988403320312
1753063456389,-0.4626794755458832,2.3529016971588135,-1.6298527717590332
1753063456440,-3.883993625640869,-4.262277603149414,-9.387065887451172
1753063456488,-2.9933507442474365,,
1753063456489,2.6665420532226562,-5.265448093414307,-9.41100788116455
1753063456539,-0.42676645517349243,-3.139396905899048,-4.622604846954346
1753063456590,-1.2216414213180542,,
1753063456591,-1.0708067417144775,-5.030816555023193,-9.140463829040527
1753063456636,-1.7220295667648315,-3.3931822776794434,-7.13891077041626
1753063456686,-0.4818331003189087,-4.547187805175781,-8.297704696655273
1753063456736,-1.3820528984069824,,
1753063456737,-2.0715830326080322,-4.288613796234131,-8.3120698928833
1753063456785,0.06883329898118973,,
1753063456786,,-3.359663486480713,-7.80449914932251
1753063456836,-2.2679076194763184,,
1753063456837,-1.324592113494873,-5.7107696533203125,-11.352705955505371
1753063456886,-1.7076643705368042,-4.619013786315918,-9.911396026611328
1753063456938,-1.932719349861145,,
1753063456939,,-4.432265758514404,-9.743802070617676
1753063456985,-0.9798270463943481,,
1753063456986,-0.884058952331543,-4.250306606292725,
1753063456987,,,-8.623315811157227
1753063457036,-1.4873977899551392,,
1753063457037,-1.7172411680221558,-4.987720489501953,-9.547477722167969
1753063457086,-0.055665191262960434,-5.021239280700684,-7.842806339263916
1753063457136,-1.2767080068588257,,
1753063457137,-2.3493103981018066,,
1753063457138,,-2.4211363792419434,-7.292140007019043
1753063457185,-1.5257049798965454,,
1753063457186,,-4.264671802520752,-8.446145057678223
1753063457237,-1.0851719379425049,-4.432265758514404,-7.842806339263916
1753063457286,-2.0428526401519775,,
1753063457287,-1.9853917360305786,-4.173692226409912,-8.877100944519043
1753063457336,-0.9510966539382935,,
1753063457337,,-4.408323764801025,-8.671199798583984
1753063457385,-1.1665748357772827,,
1753063457386,-1.568800687789917,-4.389170169830322,-8.992023468017578
1753063457436,-1.731606364250183,,
1753063457437,-1.3724761009216309,-4.839280128479004,-9.044695854187012
1753063457486,-0.9989806413650513,-4.4705729484558105,-8.417414665222168
1753063457536,-1.6214730739593506,-4.259883403778076,-9.327211380004883
1753063457585,-1.2767080068588257,-4.561553001403809,-8.934561729431152
1753063457636,-1.449090600013733,-4.666897773742676,-9.18355941772461
1753063457685,-1.0229226350784302,,
1753063457686,-1.0085574388504028,,
1753063457687,,-4.092289447784424,-8.249820709228516
1753063457737,-1.2384008169174194,,
1753063457738,,-4.370016574859619,-8.905831336975098
1753063457786,-1.4012064933776855,-4.413112163543701,-8.484452247619629
1753063457836,-1.080383539199829,-4.235941410064697,-8.49402904510498
1753063457885,-1.4586673974990845,-4.039616584777832,-7.852383136749268
1753063457936,-0.7164648771286011,-4.049193859100342,-8.039131164550781
1753063457985,-1.3198037147521973,-4.84406852722168,-9.188347816467285
1753063458036,-0.960673451423645,-3.886387825012207,-7.92899751663208
1753063458085,-1.492186188697815,-4.211999416351318,-9.111733436584473
1753063458136,-1.7220295667648315,-4.432265758514404,-8.637681007385254
1753063458185,-1.6597803831100464,,
1753063458186,,-4.216787815093994,-8.652046203613281
1753063458236,-1.003769040107727,,
1753063458237,,-4.633378982543945,-9.154829025268555
1753063458286,-1.4538789987564087,-3.599083662033081,-8.177994728088379
1753063458337,-1.4107834100723267,-4.140173435211182,-9.011177062988281
1753063458387,-1.468244194984436,-3.8576574325561523,-8.072649955749512
1753063458436,-1.003769040107727,,
1753063458437,,-4.063559055328369,-8.364742279052734
1753063458485,-1.544858694076538,,
1753063458486,-1.6980875730514526,-4.374804973602295,-9.015965461730957
1753063458536,-1.8273744583129883,,
1753063458537,-2.076371431350708,-3.5942952632904053,-9.150040626525879
1753063458585,-2.7515363693237305,,
1753063458586,-1.9231425523757935,-3.1250317096710205,-9.121310234069824
1753063458636,-1.0324994325637817,,
1753063458637,-1.4634557962417603,-3.90554141998291,-8.422203063964844
1753063458685,-1.71245276927948,,
1753063458686,,-4.480149745941162,-9.25059700012207
1753063458736,-2.4211363792419434,,
1753063458737,,-4.250306606292725,-10.241796493530273
1753063458785,-1.8034324645996094,,
1753063458786,,-3.819350242614746,-9.087791442871094
1753063458836,-1.8704700469970703,,
1753063458837,-1.8177976608276367,-3.4793736934661865,-8.589797019958496
1753063458886,-1.511339783668518,,
1753063458887,,-3.7235822677612305,-8.417414665222168
1753063458936,-1.932719349861145,,
1753063458937,,-3.8049850463867188,-8.743025779724121
1753063458985,-1.9087773561477661,,
1753063458986,-1.511339783668518,-4.0970778465271,-8.89146614074707
1753063459036,-1.4155718088150024,,
1753063459037,-2.1481974124908447,-3.5942952632904053,-8.393472671508789
1753063459106,-1.8608932495117188,-3.5847184658050537,-8.886677742004395
1753063459154,-2.3684639930725098,-3.512892484664917,-9.528324127197266
1753063459202,-2.167351007461548,,
1753063459203,-2.1912930011749268,,
1753063459206,,-3.493738889694214,-8.757390975952148
1753063459253,-1.9901801347732544,,
1753063459254,,-3.795408248901367,-9.083003044128418
1753063459302,-1.7747019529342651,,
1753063459303,-2.009333848953247,-4.532822132110596,-9.959280967712402
1753063459353,-2.497750997543335,-3.1968579292297363,-8.771756172180176
1753063459402,-1.5975310802459717,-4.0970778465271,-10.011953353881836
1753063459453,-3.177704095840454,,
1753063459454,,-3.4745852947235107,-9.537900924682617
1753063459503,-0.01735796220600605,-3.053205728530884,-7.61296272277832
1753063459553,-3.230376720428467,-3.508104085922241,-10.52910041809082
1753063459602,-1.7651251554489136,,
1753063459603,,-4.197634220123291,-9.15961742401123
1753063459653,-1.8896236419677734,-2.919130325317383,-8.21151351928711
1753063459702,-2.1481974124908447,-3.7906198501586914,-10.059837341308594
1753063459753,-2.3971943855285645,-3.268683910369873,-8.393472671508789
1753063459802,-1.4299370050430298,-3.273472309112549,
1753063459803,,,-8.331223487854004
1753063459853,-2.0189106464385986,,
1753063459854,,-3.8528690338134766,-8.862735748291016
1753063459902,-2.0667946338653564,-2.981379747390747,-8.249820709228516
1753063459953,-1.4873977899551392,-3.795408248901367,-9.049484252929688
1753063460002,-2.076371431350708,-4.087501049041748,-8.905831336975098
1753063460053,-1.1378443241119385,-2.80899715423584,-7.416638374328613
1753063460102,-2.181716203689575,,
1753063460103,,-4.288613796234131,-10.414178848266602
1753063460153,-1.7507599592208862,-4.504091739654541,
1753063460154,,,-8.33601188659668
1753063460202,-2.6174609661102295,,
1753063460203,-2.957437753677368,-3.776254653930664,-9.968857765197754
1753063460253,-2.406771183013916,,
1753063460254,-1.9039889574050903,-4.374804973602295,-9.777320861816406
1753063460302,-1.3437457084655762,,
1753063460303,-1.669357180595398,-3.5176808834075928,-8.85794734954834
1753063460353,-2.5073277950286865,,
1753063460354,,-3.5416228771209717,-9.46607494354248
1753063460402,-1.7220295667648315,,
1753063460403,,-3.2638955116271973,-7.770980358123779
1753063460453,-1.3198037147521973,,
1753063460454,,-3.9390604496002197,-9.073426246643066
1753063460502,-2.2870612144470215,,
1753063460503,,-4.053982257843018,-9.231443405151367
1753063460553,-1.5400702953338623,,
1753063460554,-2.0236990451812744,-3.3740286827087402,-8.039131164550781
1753063460602,-1.6214730739593506,,
1753063460603,-2.138620615005493,-3.6709096431732178,-8.168417930603027
1753063460653,-2.057217836380005,,
1753063460654,,-4.106654644012451,-9.470863342285156
1753063460702,-1.6789339780807495,,
1753063460703,-1.592742681503296,-4.183269023895264,-9.1260986328125
1753063460753,-1.8273744583129883,,
1753063460754,,-3.599083662033081,-8.9249849319458
1753063460802,-0.8457517623901367,,
1753063460803,,-3.90554141998291,-8.9249849319458
1753063460853,-2.847304344177246,-4.475361347198486,
1753063460854,,-4.2742486000061035,-10.074202537536621
1753063460903,-1.8896236419677734,-3.5895068645477295,-8.776544570922852
1753063460953,-1.975814938545227,-3.072359323501587,
1753063460954,,,-8.599373817443848
1753063461003,-1.7172411680221558,,
1753063461004,-1.5592238903045654,-4.216787815093994,
1753063461005,,,-8.958504676818848
1753063461053,-1.468244194984436,-4.058770656585693,-8.838793754577637
1753063461102,-1.8177976608276367,,
1753063461103,-2.0620062351226807,-3.7666778564453125,-9.020753860473633
1753063461153,-2.3110032081604004,,
1753063461154,,-2.962226152420044,-7.866748332977295
1753063461202,-2.162562608718872,,
1753063461203,,-3.8768110275268555,-9.652822494506836
1753063461253,-1.7938556671142578,,
1753063461254,-0.9367313981056213,-3.7666778564453125,
1753063461255,,,-7.680000305175781
1753063461302,-1.3581109046936035,,
1753063461303,-2.210446834564209,-4.001309394836426,-9.59057331085205
1753063461353,-1.8704700469970703,-4.523245334625244,
1753063461354,,,-8.359953880310059
1753063461402,-0.6302735805511475,,
1753063461403,,-3.09151291847229,-7.708730697631836
1753063461453,-1.6645687818527222,-5.083488941192627,
1753063461454,,,-9.504382133483887
1753063461503,-0.1562216579914093,-5.351639270782471,-8.110957145690918
1753063461553,-1.592742681503296,-4.978143692016602,
1753063461554,,-5.10264253616333,-9.178771018981934
1753063461602,-2.033275842666626,-3.8815994262695312,
1753063461603,,,-8.690353393554688
1753063461653,-0.9989806413650513,,
1753063461654,,-3.493738889694214,-7.981669902801514
1753063461703,-1.4299370050430298,-4.432265758514404,-8.379107475280762
1753063461753,-0.6015431880950928,-4.6285905838012695,
1753063461754,,-5.840056419372559,-7.407061576843262
1753063461802,-2.4019827842712402,,
1753063461803,,-3.7283706665039062,-8.61852741241455
1753063461853,-2.138620615005493,,
1753063461854,,-4.8488569259643555,-9.121310234069824
1753063461902,-3.795408248901367,,
1753063461903,-1.8177976608276367,-4.211999416351318,-9.576208114624023
1753063461953,0.6099228858947754,-4.705204963684082,
1753063461954,,,-7.004835605621338
1753063462002,-1.3820528984069824,,
1753063462003,,-5.854421615600586,-10.572196006774902
1753063462053,-2.296638011932373,,
1753063462054,,-4.044404983520508,-8.27855110168457
1753063462102,-1.5783774852752686,,
1753063462103,-1.8034324645996094,-3.824138641357422,-8.000823974609375
1753063462153,-1.8656816482543945,,
1753063462154,,-4.911106109619141,-9.92097282409668
1753063462202,-0.5009866952896118,,
1753063462203,,-5.433042049407959,-9.384672164916992
1753063462253,-1.9518729448318481,,
1753063462254,,-3.096301317214966,-7.545925140380859
1753063462302,-0.74040687084198,,
1753063462303,,-3.2782607078552246,-7.8092875480651855
1753063462353,-1.9806033372879028,-6.112995624542236,
1753063462354,,-6.6828155517578125,-10.179547309875488
1753063462402,-1.7268179655075073,-3.7858314514160156,
1753063462403,,-4.116231441497803,-7.905055522918701
1753063462453,-1.2096704244613647,-3.9199066162109375,-8.49402904510498
1753063462454,,,-8.73344898223877
1753063462503,-2.4019827842712402,-4.815338134765625,-10.34714126586914
1753063462553,-0.20889410376548767,,
1753063462554,,-4.686051368713379,-7.598597526550293
1753063462602,-0.8457517623901367,-4.480149745941162,-9.15961742401123
1753063462603,,,-9.145252227783203
1753063462653,-2.3780407905578613,,
1753063462654,,-3.843292236328125,-9.049484252929688
1753063462702,-0.10833762586116791,,
1753063462703,-0.46746787428855896,-4.0300397872924805,-6.985682010650635
1753063462753,-1.7507599592208862,,
1753063462754,,-4.460996150970459,-9.370306968688965
1753063462802,-0.5680243372917175,,
1753063462803,,-4.609436988830566,-7.033565998077393
1753063462853,-0.13706804811954498,-3.5224692821502686,
1753063462854,,,-8.101380348205566
1753063462902,-1.3772644996643066,,
1753063462903,-1.2336124181747437,-4.820126533508301,-9.164405822753906
1753063462953,-1.425148606300354,-4.106654644012451,
1753063462954,,-4.168903827667236,-9.059061050415039
1753063463002,-1.3581109046936035,-4.116231441497803,
1753063463003,,-4.499303340911865,-8.680776596069336
1753063463053,-0.9175778031349182,,
1753063463054,,-4.6285905838012695,-9.422979354858398
1753063463102,-1.5831658840179443,-4.78660774230957,
1753063463103,,,-9.5809965133667
1753063463153,-1.2384008169174194,-4.336497783660889,
1753063463154,,-4.173692226409912,-8.91540813446045
1753063463202,-1.3293805122375488,-3.795408248901367,-7.737461566925049
1753063463203,,,-8.51797103881836
1753063463253,-1.14742112159729,-3.9821560382843018,-8.73344898223877
1753063463302,-0.8505401611328125,,
1753063463303,,-4.647744178771973,-8.316858291625977
1753063463353,-1.1234791278839111,-4.638167381286621,
1753063463354,,,-8.470087051391602
1753063463402,-1.0372878313064575,,
1753063463403,,-4.235941410064697,-8.225878715515137
1753063463453,-0.960673451423645,,
1753063463454,,-2.9957449436187744,-7.316082000732422
1753063463502,-1.9662381410598755,,
1753063463503,-1.4538789987564087,-4.508880138397217,-9.504382133483887
1753063463553,-1.468244194984436,,
1753063463554,,-3.00053334236145,-7.636904716491699
1753063463602,-1.7842788696289062,,
1753063463603,,-3.838503837585449,-8.910619735717773
1753063463653,-1.6549919843673706,-4.777030944824219,
1753063463654,,-5.270236492156982,-9.1260986328125
1753063463703,-1.324592113494873,-4.202422618865967,-8.474875450134277
1753063463753,-0.8792705535888672,-5.7538652420043945,
1753063463754,,-5.3995232582092285,-9.729436874389648
1753063463802,-0.9367313981056213,,
1753063463803,,-5.054758548736572,-8.862735748291016
1753063463853,-0.8457517623901367,,
1753063463854,-0.3621230125427246,-4.954201698303223,-7.512406349182129
1753063463902,-0.7691373229026794,,
1753063463903,-1.7651251554489136,-4.834491729736328,-8.70950698852539
1753063463953,-1.789067268371582,-4.987720489501953,
1753063463954,,,-8.589797019958496
1753063464002,-0.67815762758255,-4.954201698303223,
1753063464003,,,-8.848370552062988
1753063464053,-1.003769040107727,-5.1361613273620605,
1753063464054,,,-7.80449914932251
1753063464103,-0.02214636653661728,-4.767454147338867,-8.36953067779541
1753063464153,-2.406771183013916,,
1753063464154,,-5.945401191711426,-10.423755645751953
1753063464202,-1.568800687789917,,
1753063464203,,-4.762665748596191,-10.337564468383789
1753063464253,-1.9806033372879028,-4.001309394836426,
1753063464254,,,-8.939350128173828
1753063464302,1.2228385210037231,-6.036381244659424,-8.747814178466797
1753063464303,,,-6.324882507324219
1753063464353,-2.3110032081604004,,
1753063464354,-2.124255418777466,-4.149750232696533,-8.019977569580078
1753063464402,-0.07960720360279083,-4.144961833953857,
1753063464403,,,-6.023212909698486
1753063464453,-0.7164648771286011,,
1753063464454,,-4.834491729736328,-9.226655006408691
1753063464502,-0.5776011347770691,,
1753063464503,,-4.868010520935059,-7.038354396820068
1753063464553,-0.06524199992418289,,
1753063464554,,-4.6285905838012695,-7.526771545410156
1753063464602,-1.1713632345199585,,
1753063464603,,-5.562329292297363,-9.121310234069824
1753063464653,-0.6111199855804443,,
1753063464654,,-4.657320976257324,-7.416638374328613
1753063464702,-0.9654618501663208,,
1753063464703,-1.4012064933776855,-5.131372928619385,-8.9249849319458
1753063464753,-1.5400702953338623,-4.575918197631836,
1753063464754,,,-8.776544570922852
1753063464802,-1.1139023303985596,,
1753063464803,,-5.495291233062744,-9.269750595092773
1753063464853,-1.391629695892334,-5.045181751251221,
1753063464854,,,-8.652046203613281
1753063464903,-0.5632359385490417,,
1753063464904,,-5.342062473297119,-8.125322341918945
1753063464953,-0.6111199855804443,,
1753063464954,-0.9846154451370239,-4.982932090759277,-8.316858291625977
1753063465003,-0.8505401611328125,-5.2031989097595215,-8.216301918029785
1753063465053,-0.8984242081642151,,
1753063465054,,-4.508880138397217,-7.976881504058838
1753063465102,-1.1091139316558838,,
1753063465103,-0.960673451423645,-4.858433723449707,-8.273762702941895
1753063465153,-0.9702502489089966,,
1753063465154,-1.1330559253692627,-5.346850872039795,-8.91540813446045
1753063465202,-1.6932991743087769,,
1753063465203,,-4.432265758514404,-8.197148323059082
1753063465253,-0.5009866952896118,,
1753063465254,,-5.734711647033691,-9.202713012695312
1753063465302,-0.9846154451370239,,
1753063465303,-1.30543851852417,-4.75308895111084,-8.666411399841309
1753063465353,-1.4969745874404907,,
1753063465354,,-5.28460168838501,-8.647257804870605
1753063465402,-1.1857284307479858,,
1753063465403,,-4.417900562286377,-8.379107475280762
1753063465454,-1.1761516332626343,-4.954201698303223,-8.666411399841309
1753063465503,-0.6685808300971985,-4.762665748596191,-8.374319076538086
1753063465553,-1.5735890865325928,-4.6956281661987305,
1753063465554,,,-8.326435089111328
1753063465602,-0.7691373229026794,,
1753063465603,-1.1953052282333374,-5.016450881958008,-8.393472671508789
1753063465653,-1.3102269172668457,-5.28460168838501,
1753063465654,,-4.824914932250977,-9.164405822753906
1753063465702,-1.1953052282333374,,
1753063465703,-1.0708067417144775,-5.0020856857299805,-8.671199798583984
1753063465753,-0.8265981078147888,,
1753063465754,,-4.777030944824219,-8.173206329345703
1753063465802,-0.9367313981056213,,
1753063465803,-0.8888474106788635,-5.016450881958008,-8.259397506713867
1753063465871,-0.9032126069068909,,
1753063465872,,-5.322908878326416,-8.522759437561035
1753063465877,-0.8888474106788635,-5.1601033210754395,-8.230667114257812
1753063465923,-0.6254851818084717,,
1753063465924,,-5.10264253616333,-8.087015151977539
1753063465974,-0.8792705535888672,,
1753063465975,-0.6637924313545227,-5.155314922332764,-7.857171535491943
1753063466023,-0.7595604658126831,-4.671686172485352,-7.861959934234619
1753063466024,,,-8.039131164550781
1753063466074,-0.8361749649047852,-5.461772441864014,-8.431779861450195
1753063466123,-0.9175778031349182,,
1753063466124,,-5.677250862121582,-8.556278228759766
1753063466174,-0.7499836683273315,,
1753063466175,,-5.31812047958374,-8.33601188659668
1753063466223,-0.7356184720993042,,
1753063466224,,-5.145738124847412,-7.9625163078308105
1753063466274,-0.7739257216453552,,
1753063466275,,-5.035604953765869,-8.326435089111328
1753063466323,-1.0229226350784302,,
1753063466324,,-5.150526523590088,-8.177994728088379
1753063466374,-0.7308300733566284,,
1753063466375,-0.40521863102912903,-5.385158061981201,-8.326435089111328
1753063466423,-0.821809709072113,,
1753063466424,,-5.72513484954834,-8.963293075561523
1753063466474,-1.0324994325637817,,
1753063466475,,-5.279813289642334,-8.010400772094727
1753063466523,-0.20889410376548767,-6.1752448081970215,
1753063466524,,,-8.805274963378906
1753063466574,-0.8361749649047852,,
1753063466575,,-5.524022102355957,-8.288127899169922
1753063466623,-0.9750386476516724,-5.279813289642334,-7.909843921661377
1753063466675,-0.12749123573303223,-5.773018836975098,-8.570643424987793
1753063466723,-1.324592113494873,-4.9350481033325195,
1753063466724,,-4.987720489501953,-8.680776596069336
1753063466774,-1.1665748357772827,-5.217564105987549,-8.479663848876953
1753063466823,-0.5536591410636902,-5.691616058349609,
1753063466824,,-5.0499701499938965,-8.901042938232422
1753063466874,-1.8082208633422852,-4.906317710876465,
1753063466875,,-5.021239280700684,-8.652046203613281
1753063466923,-0.5728127360343933,-5.75865364074707,
1753063466924,,-5.562329292297363,-8.441356658935547
1753063466975,-0.7835025191307068,-5.380369663238525,-8.489240646362305
1753063467024,-0.9750386476516724,-5.121796131134033,-8.70950698852539
1753063467074,-1.348534107208252,-4.915894508361816,-8.790909767150879
1753063467123,-1.4730325937271118,-4.422688961029053,-8.264185905456543
1753063467174,-1.391629695892334,,
1753063467175,,-3.848080635070801,-7.952939510345459
1753063467223,-1.4634557962417603,,
1753063467224,-1.4155718088150024,-4.642955780029297,-8.757390975952148
1753063467274,-1.3820528984069824,-4.911106109619141,-8.64246940612793
1753063467323,-1.9087773561477661,-4.949413299560547,-9.427767753601074
1753063467324,,,-9.499593734741211
1753063467374,-1.3150153160095215,-4.9350481033325195,
1753063467375,,,-8.877100944519043
1753063467423,-1.3006501197814941,-4.446630954742432,-8.383895874023438
1753063467474,-1.3581109046936035,-4.590283393859863,
1753063467475,,-4.370016574859619,-8.853158950805664
1753063467523,-1.6071078777313232,-4.5423994064331055,-8.235455513000488
1753063467575,-1.449090600013733,-4.824914932250977,-8.862735748291016
1753063467623,-1.1426327228546143,,
1753063467624,-1.324592113494873,-5.026028156280518,-8.862735748291016
1753063467674,-1.6741455793380737,-4.78660774230957,
1753063467675,,-4.824914932250977,-8.599373817443848
1753063467723,-1.0899603366851807,-4.78660774230957,
1753063467724,,,-8.388684272766113
1753063467774,-0.8026561141014099,,
1753063467775,-0.8026561141014099,-5.207987308502197,-8.216301918029785
1753063467824,-1.0851719379425049,-4.920682907104492,-8.441356658935547
1753063467873,-1.3389573097229004,,
1753063467874,,-5.126584529876709,-9.226655006408691
1753063467924,-1.2671312093734741,-5.236717700958252,-9.504382133483887
1753063467973,-2.033275842666626,-4.264671802520752,-9.130887031555176
1753063467974,,,-9.145252227783203
1753063468024,-2.02848744392395,-3.9246952533721924,-9.00160026550293
1753063468073,-1.5400702953338623,,
1753063468074,,-3.508104085922241,-7.905055522918701
1753063468125,-1.8800468444824219,-4.144961833953857,-8.790909767150879
1753063468173,-1.8177976608276367,-3.268683910369873,
1753063468174,,,-7.814075946807861
1753063468224,-1.2814964056015015,-4.068347454071045,-8.790909767150879
1753063468273,-1.813009262084961,-4.087501049041748,-8.704718589782715
1753063468324,-1.5304933786392212,-3.848080635070801,-8.637681007385254
1753063468373,-1.1953052282333374,-3.5511996746063232,-8.474875450134277
1753063468424,-2.2487540245056152,-3.536834478378296,-9.403825759887695
1753063468473,-1.449090600013733,-3.8049850463867188,
1753063468474,,,-9.006388664245605
1753063468524,-1.6023194789886475,,
1753063468525,,-3.5847184658050537,-9.173982620239258
1753063468573,-2.2008697986602783,-2.8137855529785156,-8.80048656463623
1753063468624,-1.8704700469970703,-2.8329391479492188,-8.963293075561523
1753063468673,-2.009333848953247,-2.7898435592651367,-9.15961742401123
1753063468725,-1.7651251554489136,-2.5935189723968506,-8.537124633789062
1753063468773,-1.9662381410598755,,
1753063468774,-2.430713176727295,-3.642179250717163,-10.327987670898438
1753063468824,-2.2008697986602783,-3.7235822677612305,-9.954492568969727
1753063468873,-2.081159830093384,-3.1968579292297363,-10.150816917419434
1753063468924,-2.6557681560516357,-2.4402899742126465,-9.384672164916992
1753063468973,-2.057217836380005,-2.1529858112335205,
1753063468974,,,-8.881889343261719
1753063469024,-1.9279309511184692,-1.3628993034362793,-8.024765968322754
1753063469073,-2.492962598800659,-2.737171173095703,-10.337564468383789
1753063469124,-2.607884168624878,-2.8616695404052734,-9.49001693725586
1753063469173,-2.167351007461548,-2.65097975730896,-9.260173797607422
1753063469224,-2.1960813999176025,-3.206434726715088,
1753063469225,,,-9.624092102050781
1753063469273,-2.205658197402954,-2.0907366275787354,
1753063469274,,-1.8369512557983398,-8.039131164550781
1753063469325,-2.5456349849700928,-2.1290438175201416,-9.485228538513184
1753063469373,-2.081159830093384,-1.8513164520263672,
1753063469374,,,-7.7661919593811035
1753063469424,-1.027711033821106,-1.9710265398025513,-8.197148323059082
1753063469473,-2.919130325317383,-2.8137855529785156,
1753063469474,,-2.1721394062042236,-9.877877235412598
1753063469524,-1.204882025718689,-2.1912930011749268,-7.852383136749268
1753063469573,-2.0045454502105713,-3.335721492767334,-10.466851234436035
1753063469624,-1.8273744583129883,-3.0579941272735596,-8.958504676818848
1753063469625,,,-9.241020202636719
1753063469673,-1.8225860595703125,-2.5121161937713623,
1753063469674,,-4.168903827667236,-9.202713012695312
1753063469724,-1.975814938545227,-4.767454147338867,
1753063469773,-1.0708067417144775,-4.53761100769043,-9.767744064331055
1753063469824,-2.2200236320495605,,
1753063469825,,-2.2631192207336426,-9.346364974975586
1753063469873,-1.7603367567062378,-1.511339783668518,-9.121310234069824
1753063469924,-3.1920695304870605,-0.9080010056495667,
1753063469925,,,-9.667187690734863
1753063469973,-3.4410665035247803,-2.4450783729553223,-11.970410346984863
1753063470024,-2.2152352333068848,-3.0867245197296143,-9.475651741027832
1753063470073,-1.9231425523757935,-3.4745852947235107,
1753063470074,,,-9.734225273132324
1753063470124,-1.6549919843673706,-2.785055160522461,-7.694365501403809
1753063470173,-2.3493103981018066,-2.7084407806396484,-9.671976089477539
1753063470224,-1.7603367567062378,-2.4642322063446045,
1753063470225,,,-7.756615161895752
1753063470273,-2.27748441696167,,
1753063470274,,-2.564788579940796,-8.781332969665527
1753063470324,-2.014122247695923,-1.6214730739593506,-8.077438354492188
1753063470373,-2.3301568031311035,-2.603095769882202,-10.13166332244873
1753063470424,-1.832162857055664,-2.425924777984619,-8.867524147033691
1753063470473,-1.8034324645996094,-2.7898435592651367,
1753063470474,,-3.0148985385894775,-9.370306968688965
1753063470524,-2.186504602432251,-2.962226152420044,-9.437344551086426
1753063470573,-2.4211363792419434,-2.4833858013153076,-9.2841157913208
1753063470624,-2.5743653774261475,-2.6605565547943115,-9.46607494354248
1753063470673,-1.9901801347732544,-3.0148985385894775,-9.154829025268555
1753063470674,,,-9.030330657958984
1753063470724,-1.8608932495117188,-2.5695769786834717,-8.355165481567383
1753063470773,-2.234388828277588,-2.7946319580078125,-9.595361709594727
1753063470774,,,-10.634445190429688
1753063470824,-2.919130325317383,-2.540846586227417,-9.604938507080078
1753063470873,-1.875258445739746,-3.244741916656494,-9.801262855529785
1753063470924,-1.5831658840179443,-2.3684639930725098,-8.321646690368652
1753063470973,-2.5456349849700928,-3.1250317096710205,-10.845134735107422
1753063471024,-2.095525026321411,-2.0620062351226807,
1753063471025,,-2.6366145610809326,-8.101380348205566
1753063471073,-1.6262614727020264,,
1753063471074,,-3.4841620922088623,-9.671976089477539
1753063471124,-2.3971943855285645,,
1753063471125,-2.478597402572632,-2.7323827743530273,-9.27453899383545
1753063471173,-1.956661343574524,-2.411559581756592,
1753063471174,,-2.8137855529785156,-8.699930191040039
1753063471224,-1.8800468444824219,,
1753063471225,-1.7651251554489136,-3.508104085922241,-9.997588157653809
1753063471273,-2.0620062351226807,-3.3644518852233887,-9.49001693725586
1753063471324,-2.1912930011749268,-2.8999767303466797,-9.116521835327148
1753063471373,-2.646191358566284,-2.3110032081604004,-9.724648475646973
1753063471424,-2.5695769786834717,,
1753063471425,-1.8082208633422852,-3.00053334236145,-9.988011360168457
1753063471473,-2.100313425064087,-3.1729156970977783,-9.006388664245605
1753063471523,-2.2008697986602783,,
1753063471524,-2.052429437637329,-2.9718029499053955,-9.231443405151367
1753063471573,-2.11946702003479,-3.0627825260162354,-9.140463829040527
1753063471624,-1.592742681503296,-2.9957449436187744,-8.666411399841309
1753063471673,-1.5544354915618896,-3.4171242713928223,-9.054272651672363
1753063471674,,,-8.589797019958496
1753063471724,-1.7986440658569336,-3.0819361209869385,
1753063471725,,-3.4171242713928223,-8.446145057678223
1753063471773,-1.9183541536331177,-3.6134488582611084,-9.571419715881348
1753063471824,-1.875258445739746,-3.7187938690185547,-9.49001693725586
1753063471873,-0.9127894043922424,-3.7666778564453125,
1753063471874,,,-8.920196533203125
1753063471924,-1.8800468444824219,-4.135385036468506,-10.00716495513916
1753063471973,-1.3198037147521973,-3.958214044570923,
1753063471974,,,-8.953716278076172
1753063472024,-1.4347254037857056,-4.183269023895264,-9.264962196350098
1753063472073,-1.0181342363357544,-3.843292236328125,
1753063472074,,-3.8959646224975586,-8.254609107971191
1753063472124,-0.8457517623901367,-3.838503837585449,-7.957727909088135
1753063472173,-1.8034324645996094,-3.9917328357696533,-9.245808601379395
1753063472224,-1.0372878313064575,-4.116231441497803,
1753063472225,,,-8.340800285339355
1753063472273,-1.2767080068588257,-4.762665748596191,
1753063472274,,-4.853645324707031,-8.838793754577637
1753063472324,-0.5632359385490417,-4.978143692016602,-7.2107367515563965
1753063472373,0.3130418658256531,-5.332485675811768,-8.896254539489746
1753063472424,-2.7275943756103516,-5.251082897186279,
1753063472425,,,-10.840346336364746
1753063472473,-1.1713632345199585,-4.025251388549805,
1753063472474,,-3.53204607963562,-8.297704696655273
1753063472524,-1.2096704244613647,-3.2543187141418457,
1753063472525,,-3.953425645828247,-7.541136741638184
1753063472573,-1.003769040107727,-4.475361347198486,-8.18757152557373
1753063472624,-0.49140989780426025,-4.906317710876465,-8.134899139404297
1753063472673,-1.4730325937271118,-4.743512153625488,
1753063472674,,-4.298190593719482,-9.293692588806152
1753063472724,-1.2958617210388184,,
1753063472725,,-3.733159065246582,-8.087015151977539
1753063472773,-0.5919663906097412,-5.112219333648682,
1753063472774,,-4.834491729736328,-8.872312545776367
1753063472824,-1.4299370050430298,,
1753063472825,,-4.446630954742432,-8.637681007385254
1753063472873,-1.0564415454864502,-4.604648590087891,
1753063472874,,-4.432265758514404,-8.527547836303711
1753063472924,-1.1713632345199585,-4.207211017608643,-8.379107475280762
1753063472973,-1.3102269172668457,-4.561553001403809,-8.541913032531738
1753063472974,,,-8.9249849319458
1753063473024,-0.7116764783859253,-4.997297286987305,
1753063473025,,,-8.881889343261719
1753063473073,-1.0899603366851807,-4.958990097045898,-8.834005355834961
1753063473124,-1.2767080068588257,-4.140173435211182,-7.900267124176025
1753063473175,-1.3437457084655762,-4.6285905838012695,-8.89146614074707
1753063473224,-0.9894038438796997,-4.915894508361816,-8.527547836303711
1753063473273,-1.1617863178253174,-4.920682907104492,
1753063473274,,,-8.786121368408203
1753063473324,-0.8984242081642151,-4.666897773742676,-8.316858291625977
1753063473373,-1.3102269172668457,-4.901529312133789,
1753063473374,,-4.681262969970703,-8.489240646362305
1753063473424,-0.4531026780605316,-4.872798919677734,-7.866748332977295
1753063473473,-1.204882025718689,-5.073912143707275,-8.886677742004395
1753063473524,-1.3102269172668457,-5.370792865753174,
1753063473525,,-5.155314922332764,-9.006388664245605
1753063473573,-0.7308300733566284,-5.327697277069092,-8.374319076538086
1753063473624,-1.0229226350784302,-5.097854137420654,-8.412626266479492
1753063473673,-0.6159083843231201,-5.107430934906006,-8.015189170837402
1753063473674,,,-8.115745544433594
1753063473724,-1.1713632345199585,,
1753063473725,-0.9558850526809692,-5.260659694671631,-8.158841133117676
1753063473773,-0.9558850526809692,-5.404311656951904,-7.914632320404053
1753063473825,-0.6973112225532532,-5.366004467010498,-8.173206329345703
1753063473874,-0.6446388363838196,-5.140949726104736,-7.8763251304626465
1753063473924,-0.74040687084198,-5.705981254577637,-8.747814178466797
1753063473973,-1.0564415454864502,-5.658097267150879,-8.527547836303711
1753063474024,-0.7739257216453552,-5.878363609313965,-8.49402904510498
1753063474073,-0.821809709072113,-5.275024890899658,
1753063474074,,,-8.575431823730469
1753063474124,-1.5496470928192139,-5.207987308502197,-8.877100944519043
1753063474173,-0.4291606545448303,-5.184045314788818,-7.847594738006592
1753063474224,-1.2192472219467163,,
1753063474225,,-4.939836502075195,-8.321646690368652
1753063474273,-0.7835025191307068,-5.892728805541992,-8.64246940612793
1753063474324,-0.49619829654693604,,
1753063474325,,-6.443395137786865,-8.58500862121582
1753063474373,-0.5728127360343933,-5.236717700958252,
1753063474374,,,-7.502829551696777
1753063474424,-0.5536591410636902,-5.351639270782471,
1753063474425,,,-7.507617950439453
1753063474473,-0.40521863102912903,-5.1601033210754395,-8.158841133117676
1753063474524,-1.3820528984069824,-5.744288444519043,-8.508394241333008
1753063474573,-0.28550854325294495,-5.552752494812012,-7.474099159240723
1753063474624,-0.9894038438796997,-5.519233703613281,-8.407837867736816
1753063474673,-0.9463081955909729,-6.084265232086182,-9.015965461730957
1753063474724,-0.8122329115867615,-5.763442039489746,-8.575431823730469
1753063474773,-0.8026561141014099,-5.294178485870361,-8.134899139404297
1753063474824,-0.8361749649047852,-5.28460168838501,
1753063474825,,-5.19362211227417,-8.000823974609375
1753063474873,-1.1330559253692627,,
1753063474874,,-5.251082897186279,-7.8763251304626465
1753063474924,-0.5919663906097412,-5.658097267150879,-8.101380348205566
1753063474973,-0.8074445128440857,,
1753063474974,-1.1569979190826416,-6.079476833343506,-8.996811866760254
1753063475024,-1.0947487354278564,,
1753063475025,,-4.987720489501953,-7.957727909088135
1753063475074,-0.2902969419956207,-6.069900035858154,-8.441356658935547
1753063475124,-1.080383539199829,-5.1601033210754395,-8.043919563293457
1753063475173,-1.1522095203399658,-5.006874084472656,
1753063475174,,,-8.024765968322754
1753063475224,-0.8984242081642151,-5.629366874694824,-8.173206329345703
1753063475225,,,-8.546701431274414
1753063475273,-0.8888474106788635,-5.701192855834961,
1753063475274,,-5.222352504730225,-8.719083786010742
1753063475324,-1.0229226350784302,,
1753063475325,,-5.19362211227417,-8.216301918029785
1753063475373,-0.46746787428855896,-5.964554786682129,-7.976881504058838
1753063475424,-0.558447539806366,-5.691616058349609,-8.374319076538086
1753063475473,-0.6973112225532532,-5.547964096069336,
1753063475474,,,-7.967304706573486
1753063475524,-0.9271546006202698,-5.749076843261719,-8.407837867736816
1753063475573,-0.7260416746139526,-6.0651116371154785,-8.283339500427246
1753063475624,-0.702099621295929,-5.883152008056641,-8.465298652648926
1753063475673,-1.1569979190826416,-5.231929302215576,-8.21151351928711
1753063475674,,,-8.139687538146973
1753063475724,-0.8936358094215393,-5.935824394226074,-8.21151351928711
1753063475773,-0.8457517623901367,-5.461772441864014,-8.048707962036133
1753063475824,-1.0229226350784302,-5.3564276695251465,-8.201936721801758
1753063475873,-0.8457517623901367,-5.026028156280518,-7.9625163078308105
1753063475924,-1.128267526626587,-4.987720489501953,
1753063475925,,,-8.40304946899414
1753063475973,-1.1426327228546143,-5.222352504730225,-8.115745544433594
1753063475974,,,-8.321646690368652
1753063476024,-0.8649053573608398,-5.083488941192627,-8.484452247619629
1753063476073,-1.367687702178955,-5.418676853179932,-8.963293075561523
1753063476124,-0.9415197968482971,-5.088277339935303,-8.326435089111328
1753063476125,,,-9.169194221496582
1753063476173,-0.8313865661621094,-5.538387298583984,-8.982446670532227
1753063476224,-1.3341689109802246,-4.508880138397217,-8.010400772094727
1753063476273,-1.4873977899551392,,
1753063476274,,-5.0499701499938965,-8.652046203613281
1753063476324,-1.0899603366851807,-5.045181751251221,-8.465298652648926
1753063476373,-1.4969745874404907,-4.446630954742432,-8.024765968322754
1753063476424,-1.3581109046936035,,
1753063476425,,-4.456207752227783,-8.292916297912598
1753063476473,-1.204882025718689,-5.514444828033447,
1753063476474,,,-9.087791442871094
1753063476524,-1.6932991743087769,-4.719570159912109,-8.996811866760254
1753063476573,-1.4443022012710571,-4.484938144683838,-8.881889343261719
1753063476624,-1.8656816482543945,-4.302978992462158,-8.513182640075684
1753063476673,-1.3820528984069824,-4.116231441497803,-8.527547836303711
1753063476725,-1.8225860595703125,-4.446630954742432,-8.910619735717773
1753063476773,-1.5161281824111938,-4.044404983520508,-8.412626266479492
1753063476824,-1.635838270187378,-4.149750232696533,-8.747814178466797
1753063476873,-1.568800687789917,-4.580706596374512,-8.661623001098633
1753063476924,-1.4443022012710571,-4.0970778465271,-8.757390975952148
1753063476973,-1.568800687789917,-4.173692226409912,-8.786121368408203
1753063477024,-1.592742681503296,,
1753063477025,-1.5879542827606201,-3.8337154388427734,-8.541913032531738
1753063477073,-1.8177976608276367,-3.824138641357422,-8.685564994812012
1753063477124,-1.856104850769043,-4.082712650299072,-8.70950698852539
1753063477173,-1.9375077486038208,,
1753063477174,,-4.508880138397217,-9.236231803894043
1753063477224,-2.0236990451812744,-3.8959646224975586,
1753063477225,,,-8.479663848876953
1753063477273,-1.7459715604782104,,
1753063477274,,-4.245518207550049,-9.585784912109375
1753063477324,-1.9518729448318481,-4.044404983520508,-8.920196533203125
1753063477374,-2.0907366275787354,-3.512892484664917,-8.91540813446045
1753063477423,-1.813009262084961,-3.512892484664917,-8.723872184753418
1753063477474,-2.5552117824554443,-3.6326024532318115,
1753063477475,,-4.140173435211182,-9.1260986328125
1753063477523,-1.9375077486038208,-4.78660774230957,-10.361506462097168
1753063477574,-2.11946702003479,-3.1681272983551025,-8.431779861450195
1753063477623,-2.3301568031311035,-3.7044286727905273,-9.8970308303833
1753063477674,-2.5552117824554443,-3.273472309112549,
1753063477675,,,-8.982446670532227
1753063477723,-2.205658197402954,-3.6565444469451904,
1753063477724,,,-9.260173797607422
1753063477774,-2.162562608718872,-3.359663486480713,
1753063477775,,-3.469796895980835,-8.867524147033691
1753063477823,-2.344521999359131,-3.8097734451293945,-9.810839653015137
1753063477824,,,-9.734225273132324
1753063477874,-2.143409013748169,,
1753063477875,-1.9039889574050903,-4.015674591064453,-9.547477722167969
1753063477923,-2.425924777984619,-3.709217071533203,
1753063477924,,-3.4362781047821045,-9.643245697021484
1753063477974,-2.3062148094177246,-3.139396905899048,-8.867524147033691
1753063478023,-2.473809003829956,-2.943072557449341,-9.355941772460938
1753063478024,,,-9.145252227783203
1753063478074,-2.5552117824554443,,
1753063478075,,-3.3931822776794434,-8.843582153320312
1753063478123,-1.9422961473464966,-3.2112231254577637,-8.829216957092285
1753063478124,,,-9.102156639099121
1753063478174,-2.339733600616455,-3.5895068645477295,-9.59057331085205
1753063478223,-2.7275943756103516,,
1753063478224,,-2.93349552154541,-8.97765827178955
1753063478274,-2.339733600616455,-3.1681272983551025,
1753063478275,,-3.072359323501587,-9.667187690734863
1753063478323,-2.497750997543335,-3.096301317214966,
1753063478324,,,-9.207501411437988
1753063478374,-2.3732523918151855,-3.311779499053955,-9.27453899383545
1753063478423,-3.292625904083252,-4.302978992462158,
1753063478424,,,-10.964845657348633
1753063478474,-1.425148606300354,-3.694851875305176,
1753063478475,,-2.344521999359131,-8.33601188659668
1753063478523,-2.167351007461548,-2.8568811416625977,-10.126874923706055
1753063478524,,,-9.49001693725586
1753063478574,-3.1441853046417236,,
1753063478575,,-2.492962598800659,-9.255385398864746
1753063478623,-1.9422961473464966,-2.3924059867858887,-8.546701431274414
1753063478624,,,-8.910619735717773
1753063478674,-2.674921751022339,-2.521692991256714,-9.470863342285156
1753063478723,-2.7275943756103516,-3.4314894676208496,-10.169970512390137
1753063486437,-2.7994203567504883,,
1753063486438,-2.1529858112335205,-3.1202433109283447,-10.543465614318848
1753063486439,-1.204882025718689,-6.318896770477295,-8.268974304199219
1753063486440,,-5.787384033203125,
1753063486441,-0.5823895931243896,-5.298966884613037,-8.163629531860352
1753063486442,,,-7.952939510345459
1753063486493,-0.9654618501663208,-4.882375717163086,
1753063486494,,,-8.580220222473145
1753063486543,-1.0324994325637817,-4.815338134765625,
1753063486544,,,-8.920196533203125
1753063486594,-1.2814964056015015,,
1753063486595,,-4.609436988830566,-8.64246940612793
1753063486643,-1.391629695892334,,
1753063486644,,-4.125808238983154,-9.059061050415039
1753063486694,-1.611896276473999,-3.776254653930664,
1753063486695,,-3.8528690338134766,-8.474875450134277
1753063486743,-1.2671312093734741,-4.532822132110596,
1753063486744,,,-9.188347816467285
1753063486794,-1.1330559253692627,-4.609436988830566,-9.480440139770508
1753063486843,-1.2192472219467163,-4.058770656585693,-9.087791442871094
1753063486844,,,-8.829216957092285
1753063486894,-1.4443022012710571,-3.230376720428467,-9.322422981262207
1753063486943,-2.9287071228027344,-2.564788579940796,
1753063486944,,,-9.418190956115723
1753063486994,-2.0620062351226807,-1.9087773561477661,-8.436568260192871
1753063487044,-2.847304344177246,-1.3006501197814941,-8.695141792297363
1753063487093,-3.1298201084136963,-2.0189106464385986,-9.178771018981934
1753063487144,-1.9901801347732544,-1.8369512557983398,-8.197148323059082
1753063487193,-1.6980875730514526,-3.2830491065979004,-8.781332969665527
1753063487244,-1.3868412971496582,,
1753063487245,-1.3628993034362793,-3.292625904083252,-8.589797019958496
1753063487294,-1.2814964056015015,-4.484938144683838,-10.136451721191406
1753063487344,-1.5879542827606201,-5.035604953765869,-11.146804809570312
1753063487345,,,-10.701482772827148
1753063487393,-1.8225860595703125,-3.465008497238159,-9.279327392578125
1753063487444,-2.3924059867858887,-2.847304344177246,-9.303269386291504
1753063487445,,,-7.972093105316162
1753063487493,-1.5831658840179443,-1.8608932495117188,-7.517194747924805
1753063487544,-2.181716203689575,-3.0196869373321533,-9.762955665588379
1753063487545,,,-10.141240119934082
1753063487593,-2.0189106464385986,-2.425924777984619,-8.048707962036133
1753063489224,-2.2679076194763184,,
1753063489225,-2.5743653774261475,-2.603095769882202,-9.389460563659668
1753063489226,,,-9.834781646728516
1753063489229,-2.009333848953247,,
1753063489230,-1.8225860595703125,-2.2248120307922363,-9.633668899536133
1753063489282,-2.646191358566284,,
1753063489284,-2.320580005645752,-1.7172411680221558,-9.360730171203613
1753063489331,-2.0620062351226807,-1.7076643705368042,-9.662399291992188
1753063489380,-2.5935189723968506,-1.755548357963562,-9.55705451965332
1753063489426,-2.583942174911499,,
1753063489427,-2.076371431350708,-1.7603367567062378,-9.576208114624023
1753063489476,-2.2391772270202637,,
1753063489477,,-1.5783774852752686,-8.881889343261719
1753063489525,-2.4402899742126465,-1.7651251554489136,-9.686341285705566
1753063489574,-2.382829189300537,-2.138620615005493,-9.858723640441895
1753063489625,-1.2623428106307983,,
1753063489626,,-1.6310498714447021,-8.417414665222168
1753063489674,-1.9422961473464966,,
1753063489675,,-2.5983073711395264,-9.422979354858398
1753063489725,-1.913565754890442,,
1753063489726,-2.11946702003479,-2.210446834564209,-8.810063362121582
1753063494147,-1.999756932258606,,
1753063494148,,-2.957437753677368,-9.18355941772461
1753063494193,-1.4778209924697876,,
1753063494194,-1.6071078777313232,-3.4793736934661865,-8.307281494140625
1753063494244,-1.9375077486038208,,
1753063494245,-1.9949685335159302,-4.140173435211182,-9.116521835327148
1753063494293,-1.899200439453125,,
1753063494294,-1.2192472219467163,-3.848080635070801,-8.259397506713867
1753063494345,-0.5345055460929871,-3.6756980419158936,
1753063494346,,,-7.7183074951171875
1753063494394,-2.2439656257629395,-3.383605480194092,
1753063494395,,,-8.752602577209473
1753063494444,-1.9614497423171997,,
1753063494445,,-3.158550500869751,-8.680776596069336
1753063495386,-1.5831658840179443,,
1753063495387,-1.913565754890442,-3.3405098915100098,-8.790909767150879
1753063495393,-1.1665748357772827,,
1753063495394,,-3.4123358726501465,-8.49402904510498
1753063495445,-2.4594438076019287,,
1753063495446,-2.5025393962860107,-3.0627825260162354,-9.169194221496582
1753063495496,-2.406771183013916,-3.5895068645477295,-9.571419715881348
1753063495545,-1.9470845460891724,-3.7283706665039062,-8.867524147033691
1753063495596,-1.9422961473464966,-3.225588321685791,
1753063495597,,-3.1489737033843994,-7.981669902801514
1753063495645,-1.6932991743087769,,
1753063495646,,-3.225588321685791,-8.177994728088379
1753063495696,-1.5735890865325928,-3.6278140544891357,-8.249820709228516
1753063495697,,,-7.857171535491943
1753063495745,-1.4538789987564087,-4.0300397872924805,-8.613739013671875
1753063495796,-2.0907366275787354,-3.1298201084136963,
1753063495797,,-3.158550500869751,-8.163629531860352
1753063495845,-1.5400702953338623,-3.90554141998291,
1753063495846,,,-9.140463829040527
1753063495895,-2.387617588043213,,
1753063495896,-2.320580005645752,-3.560776472091675,-9.039907455444336
1753063495945,-2.1290438175201416,-3.560776472091675,-9.427767753601074
1753063495996,-2.411559581756592,,
1753063495997,,-3.287837505340576,-8.89146614074707
1753063496045,-1.8273744583129883,,
1753063496046,,-3.9438488483428955,-9.389460563659668
1753063496096,-2.2391772270202637,-3.096301317214966,-8.42699146270752
1753063496145,-2.0045454502105713,-3.752312660217285,-9.34157657623291
1753063496196,-2.4402899742126465,,
1753063496197,,-3.354875087738037,-8.58500862121582
1753063496245,-0.6206967830657959,-3.2543187141418457,-7.311293601989746
1753063496296,-2.181716203689575,-4.250306606292725,-10.06462574005127
1753063496345,-1.391629695892334,-4.034828186035156,-8.647257804870605
1753063496396,-2.1577742099761963,,
1753063496397,,-3.3500866889953613,-9.552266120910645
1753063496445,-1.8704700469970703,-3.426701068878174,-8.872312545776367
1753063496446,,,-10.174758911132812
1753063496496,-2.540846586227417,-3.9151182174682617,
1753063496497,,,-10.581772804260254
1753063496545,-2.02848744392395,-3.5847184658050537,-8.230667114257812
1753063496546,,,-8.575431823730469
1753063496596,-1.0229226350784302,-3.354875087738037,-9.039907455444336
1753063496645,-1.688510775566101,,
1753063496646,,-3.714005470275879,-8.043919563293457
1753063496697,-1.2767080068588257,-3.488950490951538,-8.18757152557373
1753063496745,-2.5695769786834717,-3.9007530212402344,-9.140463829040527
1753063496795,-0.960673451423645,,
1753063496796,-1.7172411680221558,-4.068347454071045,-8.685564994812012
1753063496845,-2.143409013748169,-3.78104305267334,-9.212289810180664
1753063496896,-2.80899715423584,-2.780266761779785,-9.360730171203613
1753063496944,-2.4833858013153076,,
1753063496945,-1.9710265398025513,-3.555988073348999,-10.045472145080566
1753063496996,-2.3062148094177246,-3.1633388996124268,-8.565855026245117
1753063497045,-1.899200439453125,-3.819350242614746,-9.193136215209961
1753063497096,-2.3780407905578613,-3.891176223754883,-9.322422981262207
1753063497145,-2.162562608718872,-2.8377275466918945,-8.972869873046875
1753063497196,-2.65097975730896,-2.914341926574707,-9.150040626525879
1753063497245,-2.449866771697998,-3.00053334236145,-8.953716278076172
1753063497296,-1.7842788696289062,,
1753063497297,,-4.0779242515563965,-9.59057331085205
1753063497345,-2.5264813899993896,,
1753063497346,,-2.7515363693237305,-8.225878715515137
1753063497396,-2.1960813999176025,-2.478597402572632,-8.905831336975098
1753063497445,-2.6222493648529053,-3.177704095840454,-8.848370552062988
1753063497496,-1.5783774852752686,-3.1729156970977783,-7.435791969299316
1753063497545,-2.2439656257629395,-3.737947463989258,-9.078214645385742
1753063497596,-2.143409013748169,-2.765901565551758,-7.656058311462402
1753063497645,-2.081159830093384,-3.445854902267456,-9.154829025268555
1753063497696,-2.3780407905578613,,
1753063497697,,-3.469796895980835,-9.006388664245605
1753063497745,-2.4402899742126465,-3.3740286827087402,-9.671976089477539
1753063497796,-2.876034736633301,-3.0819361209869385,-9.576208114624023
1753063497845,-2.0428526401519775,-3.4171242713928223,-9.806051254272461
1753063497896,-2.9095535278320312,,
1753063497897,,-3.4362781047821045,-9.456498146057129
1753063497945,-2.0667946338653564,-3.646967649459839,-9.351153373718262
1753063502503,-2.1912930011749268,,
1753063502504,-2.0859482288360596,-3.1681272983551025,-8.728660583496094
1753063502505,,,-9.662399291992188
1753063502509,-2.4355015754699707,,
1753063502510,-0.8553285598754883,-4.2550950050354,-8.273762702941895
1753063502560,-0.8457517623901367,-4.207211017608643,
1753063502561,,-4.154538631439209,-8.249820709228516
1753063502611,-0.8026561141014099,,
1753063502612,,-4.599860191345215,-8.273762702941895
1753063502660,-1.8944120407104492,,
1753063502661,-1.7938556671142578,-4.839280128479004,-9.27453899383545
1753063502711,-1.2575544118881226,,
1753063502712,-1.391629695892334,-4.87758731842041,-9.264962196350098
1753063502761,-1.7507599592208862,-5.174468517303467,-10.260950088500977
1753063502811,-1.9853917360305786,-4.269460201263428,
1753063502812,,-4.944624900817871,-8.877100944519043
1753063502860,-2.229600429534912,,
1753063502861,,-4.432265758514404,-10.323199272155762
1753063502912,-1.4059948921203613,,
1753063502913,-0.2759317457675934,-4.207211017608643,-8.249820709228516
1753063502960,-2.1769278049468994,,
1753063502961,,-4.379593372344971,-9.782109260559082
1753063503011,-1.611896276473999,-4.1880574226379395,-6.497264862060547
1753063503060,-0.14664486050605774,,
1753063503061,,-4.322132587432861,-7.991246700286865
1753063503111,-1.7507599592208862,,
1753063503112,-1.080383539199829,-4.1210198402404785,
1753063503113,,-4.360439777374268,-7.325658798217773
1753063503160,-0.5680243372917175,,
1753063503161,,-4.073135852813721,-8.264185905456543
1753063503213,-2.2152352333068848,-4.331709384918213,-8.331223487854004
1753063503260,-1.224035620689392,,
1753063503261,-2.057217836380005,-4.22157621383667,-8.953716278076172
1753063503311,-2.0045454502105713,-4.614225387573242,-9.06863784790039
1753063503361,-1.8896236419677734,-4.820126533508301,-10.136451721191406
1753063503411,-1.128267526626587,-4.551976203918457,-8.364742279052734
1753063503460,-1.7363947629928589,-4.025251388549805,
1753063503461,,,-9.063849449157715
1753063503511,-1.1091139316558838,,
1753063503512,,-4.580706596374512,-8.599373817443848
1753063503560,-1.5496470928192139,,
1753063503561,,-4.1880574226379395,-8.3120698928833
1753063503611,-1.1713632345199585,-4.173692226409912,-7.689577102661133
1753063503661,-1.9279309511184692,-4.269460201263428,-8.374319076538086
1753063503711,-0.2998737692832947,,
1753063503712,,-4.666897773742676,-7.751826763153076
1753063503760,-2.1721394062042236,,
1753063503761,-1.7794904708862305,-4.566341400146484,-8.589797019958496
1753063503812,-0.960673451423645,,
1753063503813,-1.2527660131454468,-3.9246952533721924,
1753063503860,-1.6645687818527222,-4.379593372344971,
1753063503862,,,-8.570643424987793
1753063503911,-0.9032126069068909,-5.538387298583984,
1753063503912,,,-9.8970308303833
1753063503960,-1.6980875730514526,,
1753063503961,-0.7356184720993042,-4.513668537139893,-8.383895874023438
1753063504011,-0.9175778031349182,-4.211999416351318,-9.59057331085205
1753063504012,,,-10.327987670898438
1753063504060,-1.9470845460891724,,
1753063504061,-1.3772644996643066,-4.839280128479004,-9.054272651672363
1753063504111,-1.0420763492584229,,
1753063504112,-1.8896236419677734,-3.072359323501587,-7.57944393157959
1753063504160,-1.5352818965911865,,
1753063504161,-2.0428526401519775,-4.460996150970459,-9.552266120910645
1753063504211,-1.7603367567062378,-4.5423994064331055,
1753063504212,,-4.183269023895264,-8.173206329345703
1753063504260,-1.511339783668518,,
1753063504261,,-3.6709096431732178,-8.747814178466797
1753063504311,-2.363675594329834,-4.52803373336792,
1753063504312,,-4.154538631439209,-9.68155288696289
1753063504360,-1.7172411680221558,,
1753063504361,-2.0476410388946533,-2.9526493549346924,-8.776544570922852
1753063504411,-2.344521999359131,-3.1202433109283447,-8.355165481567383
1753063504460,-1.7747019529342651,,
1753063504461,-0.9319429993629456,-3.9869444370269775,-8.637681007385254
1753063504511,-0.7547720670700073,,
1753063504512,,-4.269460201263428,-8.829216957092285
1753063504560,-1.4107834100723267,-3.9917328357696533,
1753063504561,,-3.4171242713928223,-8.987235069274902
1753063504611,-1.832162857055664,,
1753063504612,,-3.3931822776794434,-9.06863784790039
1753063504660,-1.9518729448318481,,
1753063504661,-1.5352818965911865,-3.575141668319702,-8.398261070251465
1753063504711,-0.5297171473503113,,
1753063504712,,-4.666897773742676,-8.264185905456543
1753063504760,-1.875258445739746,-4.43705415725708,-9.346364974975586
1753063504812,-1.8513164520263672,,
1753063504814,-1.4299370050430298,-3.0196869373321533,-7.92899751663208
1753063504860,-1.7938556671142578,-3.2591071128845215,-8.9249849319458
1753063504911,-1.7363947629928589,-3.8145618438720703,
1753063504912,,,-8.527547836303711
1753063504960,-1.6166846752166748,,
1753063504961,,-4.681262969970703,-9.676764488220215
1753063505011,-1.3724761009216309,-4.523245334625244,-8.743025779724121
1753063505012,,,-8.446145057678223
1753063505060,-1.5209165811538696,-3.62302565574646,
1753063505061,,-3.9917328357696533,-8.345588684082031
1753063505111,-1.813009262084961,-5.19362211227417,-9.849146842956543
1753063505112,,,-10.083779335021973
1753063505160,0.5093663930892944,-5.524022102355957,
1753063505161,,-5.586271286010742,-7.08144998550415
1753063505211,-0.8026561141014099,,
1753063505212,,-4.987720489501953,-9.734225273132324
1753063505260,-2.93349552154541,,
1753063505261,,-4.619013786315918,-10.658387184143066
1753063505311,-0.6829460263252258,-3.3405098915100098,-7.220313549041748
1753063505360,-2.5695769786834717,-4.322132587432861,-8.771756172180176
1753063505361,,,-8.752602577209473
1753063505411,-0.23283611238002777,-5.026028156280518,
1753063505412,,-4.647744178771973,-9.140463829040527
1753063505460,-1.975814938545227,,
1753063505461,,-4.331709384918213,-8.934561729431152
1753063505511,-1.324592113494873,-3.953425645828247,-8.853158950805664
1753063505512,,,-8.656834602355957
1753063505560,-0.8888474106788635,,
1753063505561,,-4.245518207550049,-7.431003570556641
1753063505611,-1.1857284307479858,-4.073135852813721,-7.7183074951171875
1753063505660,-0.884058952331543,,
1753063505661,-1.0229226350784302,-4.619013786315918,-8.513182640075684
1753063505711,-1.4299370050430298,-4.235941410064697,
1753063505712,,,-8.412626266479492
1753063505760,-1.5975310802459717,,
1753063505761,,-3.7714662551879883,-8.561066627502441
1753063505811,-1.7938556671142578,,
1753063505812,,-4.561553001403809,-9.322422981262207
1753063505861,-1.635838270187378,-3.9007530212402344,-9.09257984161377
1753063505911,-1.832162857055664,-3.733159065246582,
1753063505912,,-4.40353536605835,-8.704718589782715
1753063505960,-1.913565754890442,-4.853645324707031,
1753063505961,,-4.743512153625488,-9.480440139770508
1753063506011,-1.0420763492584229,,
1753063506012,-1.18094003200531,-3.8815994262695312,-8.192359924316406
1753063506061,-1.6549919843673706,-3.910329818725586,-9.039907455444336
1753063506111,-2.588730573654175,-3.6278140544891357,-9.039907455444336
1753063506160,-1.5257049798965454,,
1753063506161,,-3.6326024532318115,-8.067861557006836
1753063506211,-1.4969745874404907,-3.7906198501586914,-7.952939510345459
1753063506212,,,-7.627327919006348
1753063506260,-1.224035620689392,,
1753063506261,,-4.355651378631592,-8.814851760864258
1753063506311,-1.7363947629928589,,
1753063506312,-1.7747019529342651,-4.551976203918457,-8.886677742004395
1753063506360,-1.003769040107727,,
1753063506361,-1.3964180946350098,-4.398746967315674,-8.479663848876953
1753063506411,-1.8465280532836914,-3.6326024532318115,
1753063506412,,,-8.628104209899902
1753063506460,-1.8034324645996094,-4.513668537139893,
1753063506461,,,-9.729436874389648
1753063506511,-2.698863983154297,-4.34607458114624,
1753063506512,,,-10.15560531616211
1753063506560,-1.1569979190826416,,
1753063506561,,-3.5176808834075928,-7.8332295417785645
1753063506611,-2.1529858112335205,-3.958214044570923,
1753063506612,,,-9.748590469360352
1753063506660,-0.5488707423210144,,
1753063506661,-0.5488707423210144,-4.551976203918457,-8.46051025390625
1753063506711,-1.5017629861831665,,
1753063506712,-2.2679076194763184,-4.0779242515563965,-8.704718589782715
1753063506760,-0.8553285598754883,,
1753063506761,-0.9032126069068909,-3.838503837585449,-7.124545574188232
1753063506811,-0.9175778031349182,-4.858433723449707,
1753063506812,,-5.0499701499938965,-8.474875450134277
1753063506860,-0.9750386476516724,,
1753063506861,-1.1905168294906616,-5.1361613273620605,-8.680776596069336
1753063506911,-1.5640122890472412,,
1753063506912,,-4.422688961029053,-9.528324127197266
1753063506960,-1.7747019529342651,,
1753063506961,-1.2814964056015015,-3.934272050857544,-8.345588684082031
1753063507011,-1.6023194789886475,-4.4945149421691895,-9.743802070617676
1753063507012,,,-9.52353572845459
1753063507060,-1.4826093912124634,,
1753063507061,,-4.57112979888916,-8.743025779724121
1753063507111,-1.3820528984069824,,
1753063507112,-2.0476410388946533,-4.125808238983154,-8.872312545776367
1753063507160,-1.1953052282333374,,
1753063507161,-1.0516531467437744,-4.106654644012451,-7.790133953094482
1753063507211,-1.27191960811615,-4.0779242515563965,-7.847594738006592
1753063507260,-1.1665748357772827,,
1753063507261,,-4.087501049041748,-7.325658798217773
1753063507311,-0.9463081955909729,-4.484938144683838,
1753063507312,,-4.75308895111084,-7.660846710205078
1753063507360,-1.5783774852752686,,
1753063507361,-1.30543851852417,-4.8488569259643555,-8.685564994812012
1753063507411,-1.1091139316558838,,
1753063507412,,-4.1210198402404785,-7.799710750579834
1753063507460,-1.6645687818527222,,
1753063507461,-1.8465280532836914,-4.599860191345215,-8.905831336975098
1753063507511,-1.8608932495117188,-4.815338134765625,
1753063507512,,-4.590283393859863,-9.499593734741211
1753063507560,-2.1960813999176025,,
1753063507561,-1.6597803831100464,-4.5854949951171875,-9.288904190063477
1753063507611,-1.5544354915618896,,
1753063507612,,-5.332485675811768,-9.911396026611328
1753063507661,-1.5640122890472412,-4.647744178771973,-8.64246940612793
1753063507711,-1.6310498714447021,-4.058770656585693,
1753063507712,,,-9.015965461730957
1753063507760,-1.7938556671142578,,
1753063507761,,-4.580706596374512,-8.843582153320312
1753063507811,-1.1569979190826416,-3.7235822677612305,-7.699153900146484
1753063507860,-0.778714120388031,-4.604648590087891,
1753063507861,,-4.451419353485107,-8.182783126831055
1753063507912,-1.5975310802459717,-4.518456935882568,-8.64246940612793
1753063507960,-0.8649053573608398,-3.752312660217285,
1753063507961,,-3.9151182174682617,-7.244256019592285
1753063508011,-1.5735890865325928,,
1753063508012,-1.6262614727020264,-4.298190593719482,-8.479663848876953
1753063508060,-1.2096704244613647,,
1753063508061,-1.5735890865325928,-4.374804973602295,-8.503605842590332
1753063508111,-1.813009262084961,,
1753063508112,,-4.3412861824035645,-8.82442855834961
1753063508161,-1.30543851852417,-4.805761337280273,
1753063508162,,,-9.150040626525879
1753063508210,-1.669357180595398,,
1753063508211,,-4.489726543426514,-9.030330657958984
1753063508261,-1.899200439453125,,
1753063508262,-1.7459715604782104,-4.604648590087891,-9.212289810180664
1753063508310,-1.5879542827606201,,
1753063508311,,-4.154538631439209,-8.177994728088379
1753063508361,-0.9750386476516724,-4.2311530113220215,
1753063508362,,-4.370016574859619,-8.206725120544434
1753063508410,-0.8696937561035156,-5.035604953765869,
1753063508411,,,-9.030330657958984
1753063508461,-1.5640122890472412,-4.259883403778076,
1753063508462,,,-8.743025779724121
1753063508510,-1.0564415454864502,,
1753063508511,,-4.3173441886901855,-8.383895874023438
1753063508561,-1.4586673974990845,,
1753063508562,-1.8848352432250977,-4.518456935882568,-9.102156639099121
1753063508610,-1.789067268371582,,
1753063508611,,-3.910329818725586,-9.03511905670166
1753063508661,-1.9470845460891724,,
1753063508662,-2.1529858112335205,-4.379593372344971,-9.413402557373047
1753063508710,-1.4155718088150024,,
1753063508711,-1.14742112159729,-3.996521234512329,-8.177994728088379
1753063508761,-1.5352818965911865,-4.010886192321777,
1753063508762,,,-8.872312545776367
1753063508810,-1.2431892156600952,-4.609436988830566,
1753063508811,,,-8.661623001098633
1753063508861,-1.4203602075576782,,
1753063508862,,-3.6900634765625,-8.000823974609375
1753063508910,-1.1953052282333374,-4.073135852813721,
1753063508911,,,-8.201936721801758
1753063508961,-1.688510775566101,-4.192845821380615,-8.743025779724121
1753063509010,-1.6789339780807495,-4.245518207550049,-9.102156639099121
1753063509061,-1.8369512557983398,-3.9917328357696533,-8.805274963378906
1753063509110,-1.7699135541915894,-4.370016574859619,-8.9249849319458
1753063509111,,,-9.5809965133667
1753063509161,-1.71245276927948,-4.906317710876465,-10.050260543823242
1753063509210,-2.052429437637329,-3.206434726715088,-8.556278228759766
1753063509261,-2.425924777984619,-3.1441853046417236,-9.70549488067627
1753063509310,-1.2623428106307983,-3.996521234512329,-8.02955436706543
1753063509361,-1.2623428106307983,,
1753063509362,,-4.31255578994751,-8.6089506149292
1753063509410,-1.5017629861831665,,
1753063509411,,-4.168903827667236,-8.920196533203125
1753063509461,-1.9039889574050903,,
1753063509462,,-3.469796895980835,-9.025542259216309
1753063509510,-1.5975310802459717,-3.795408248901367,-8.537124633789062
1753063509511,,,-9.059061050415039
1753063509561,-1.7507599592208862,-4.101866245269775,
1753063509562,,-3.8959646224975586,-9.202713012695312
1753063509610,-1.8225860595703125,,
1753063509611,-1.324592113494873,-3.8528690338134766,-9.059061050415039
1753063509661,-1.8369512557983398,,
1753063509662,-2.7754783630371094,-4.010886192321777,-9.355941772460938
1753063509710,-1.8465280532836914,,
1753063509711,-1.669357180595398,-3.287837505340576,-7.938574314117432
1753063509762,-1.3533225059509277,-3.685275077819824,-8.82442855834961
1753063509811,-2.0236990451812744,-3.8528690338134766,-8.680776596069336
1753063509861,-1.391629695892334,,
1753063509862,,-3.819350242614746,-8.436568260192871
1753063509910,-2.296638011932373,,
1753063509911,-1.6262614727020264,-3.752312660217285,-8.652046203613281
1753063509961,-1.6262614727020264,,
1753063509962,,-3.3261446952819824,-8.388684272766113
1753063510010,-2.1912930011749268,,
1753063510011,,-4.451419353485107,-9.739013671875
1753063510061,-2.11946702003479,,
1753063510062,-1.635838270187378,-3.4362781047821045,-8.082226753234863
1753063510110,-2.2918496131896973,,
1753063510111,-2.3924059867858887,-3.714005470275879,-9.269750595092773
1753063510161,-2.3732523918151855,,
1753063510162,,-3.3692402839660645,-8.666411399841309
1753063510210,-2.473809003829956,,
1753063510211,-2.449866771697998,-3.7618894577026367,-9.188347816467285
1753063510261,-1.449090600013733,,
1753063510262,,-4.1210198402404785,-8.70950698852539
1753063510311,-1.8848352432250977,-3.2160115242004395,-8.297704696655273
1753063510361,-1.9662381410598755,-3.886387825012207,-8.89146614074707
1753063510362,,,-8.814851760864258
1753063510410,-1.7411831617355347,-4.025251388549805,
1753063510411,,,-8.565855026245117
1753063510461,-1.7459715604782104,-3.4362781047821045,
1753063510462,,,-8.374319076538086
1753063510510,-1.6310498714447021,,
1753063510511,,-3.4602200984954834,-8.80048656463623
1753063510561,-1.975814938545227,,
1753063510562,,-3.843292236328125,-8.829216957092285
1753063510610,-2.234388828277588,,
1753063510611,,-3.8768110275268555,-9.686341285705566
1753063510661,-1.9949685335159302,,
1753063510662,-1.5592238903045654,-3.402759075164795,-8.393472671508789
1753063510710,-1.956661343574524,,
1753063510711,-1.8082208633422852,-3.848080635070801,-9.241020202636719
1753063510761,-1.8656816482543945,-4.140173435211182,
1753063510762,,,-8.905831336975098
1753063510810,-2.234388828277588,,
1753063510811,-2.2152352333068848,-3.6565444469451904,-8.752602577209473
1753063510862,-1.511339783668518,-3.18249249458313,-8.216301918029785
1753063510911,-1.2288240194320679,-4.13059663772583,-8.805274963378906
1753063510961,-2.358887195587158,,
1753063510962,,-4.063559055328369,-9.743802070617676
1753063511010,-1.6741455793380737,,
1753063511011,,-3.8576574325561523,-9.260173797607422
1753063511061,-2.2200236320495605,,
1753063511062,,-4.144961833953857,-9.710283279418945
1753063516008,-2.3540987968444824,-3.244741916656494,
1753063516009,-1.4059948921203613,,
1753063516010,,-3.6565444469451904,-7.502829551696777
1753063516014,-1.3198037147521973,-4.408323764801025,-8.992023468017578
1753063516073,-2.957437753677368,-3.4410665035247803,-9.600150108337402
1753063516117,-0.6015431880950928,-4.446630954742432,
1753063516120,,,-8.70950698852539
1753063516165,-2.0045454502105713,-4.52803373336792,
1753063516166,,,-9.020753860473633
1753063516216,-1.568800687789917,-3.2782607078552246,-8.393472671508789
1753063516266,-1.5209165811538696,-3.9821560382843018,-8.752602577209473
1753063516316,-1.755548357963562,,
1753063516317,-1.9853917360305786,-4.135385036468506,-9.652822494506836
1753063516365,-1.6023194789886475,-3.53204607963562,
1753063516366,,-3.287837505340576,-8.292916297912598
1753063516416,-1.4969745874404907,-3.7187938690185547,-8.503605842590332
1753063516465,-1.5352818965911865,-4.489726543426514,-9.303269386291504
1753063516516,-1.8465280532836914,,
1753063516517,,-3.752312660217285,-9.078214645385742
1753063516565,-1.7603367567062378,-3.6565444469451904,
1753063516566,,-4.0970778465271,-8.556278228759766
1753063516616,-1.8465280532836914,,
1753063516617,-2.0189106464385986,-4.159327030181885,-9.370306968688965
1753063516665,-1.2000936269760132,,
1753063516666,,-4.283825397491455,-8.738237380981445
1753063516716,-2.0476410388946533,,
1753063516717,,-3.508104085922241,-8.953716278076172
1753063516765,-1.348534107208252,-3.575141668319702,-8.513182640075684
1753063516816,-2.0476410388946533,,
1753063516817,,-4.1210198402404785,-9.150040626525879
1753063516865,-1.1186907291412354,-3.9246952533721924,-8.604162216186523
1753063516916,-2.052429437637329,,
1753063516917,-2.095525026321411,-3.867234230041504,-9.00160026550293
1753063516966,-1.5400702953338623,-3.838503837585449,-8.838793754577637
1753063517016,-1.755548357963562,-3.8720226287841797,
1753063517017,,-3.7714662551879883,-8.6089506149292
1753063517065,-1.731606364250183,,
1753063517066,-1.7028759717941284,-4.073135852813721,-9.236231803894043
1753063517116,-2.0667946338653564,-3.9438488483428955,
1753063517117,,,-8.570643424987793
1753063517165,-1.9183541536331177,,
1753063517166,,-3.8145618438720703,-8.723872184753418
1753063517216,-1.5592238903045654,-4.0779242515563965,-8.719083786010742
1753063517265,-2.358887195587158,-3.603872060775757,
1753063517266,,-3.7187938690185547,-8.546701431274414
1753063517316,-1.511339783668518,,
1753063517317,-1.6789339780807495,-3.7666778564453125,-8.556278228759766
1753063517365,-1.6549919843673706,-4.599860191345215,-9.236231803894043
1753063517416,-1.5352818965911865,-4.006097793579102,-8.958504676818848
1753063517465,-2.11946702003479,-3.7044286727905273,
1753063517466,,,-8.901042938232422
1753063517517,-2.0476410388946533,-3.4362781047821045,-8.64246940612793
1753063517565,-1.0564415454864502,,
1753063517566,,-4.513668537139893,-9.169194221496582
1753063517616,-2.27748441696167,,
1753063517617,,-4.240729808807373,-9.446921348571777
1753063517665,-1.4107834100723267,-3.8720226287841797,-9.121310234069824
1753063517666,,,-9.715071678161621
1753063517716,-2.588730573654175,,
1753063517717,-2.2631192207336426,-3.6709096431732178,-9.178771018981934
1753063517765,-1.061229944229126,-3.90554141998291,
1753063517766,,-3.5942952632904053,-8.776544570922852
1753063517816,-2.1051018238067627,-3.488950490951538,-8.216301918029785
1753063517865,-1.324592113494873,-3.7235822677612305,-8.465298652648926
1753063517916,-2.02848744392395,-3.757101058959961,-8.283339500427246
1753063517965,-1.3389573097229004,-4.523245334625244,-8.905831336975098
1753063518016,-1.9710265398025513,-4.13059663772583,
1753063518017,,,-8.810063362121582
1753063518147,-1.0420763492584229,,
1753063518148,-1.5640122890472412,-3.7858314514160156,-8.240243911743164
1753063518199,-1.9662381410598755,-3.7427358627319336,-9.427767753601074
1753063518249,-2.536058187484741,-3.996521234512329,-9.676764488220215
1753063518300,-1.5975310802459717,-4.240729808807373,-9.59057331085205
1753063518301,,,-9.719860076904297
1753063518349,-2.344521999359131,-3.733159065246582,-8.398261070251465
1753063518400,-0.9415197968482971,-3.9199066162109375,-8.321646690368652
1753063518449,-0.9415197968482971,-4.958990097045898,-8.647257804870605
1753063518500,-1.2862848043441772,-3.5895068645477295,-7.7183074951171875
1753063518549,-1.4203602075576782,-3.4362781047821045,-7.933785915374756
1753063518600,-1.3293805122375488,-4.34607458114624,-8.527547836303711
1753063518649,-1.5640122890472412,-3.8528690338134766,
1753063518650,,-3.7618894577026367,-8.484452247619629
1753063518699,-1.8800468444824219,,
1753063518700,-1.5592238903045654,-3.9007530212402344,-8.527547836303711
1753063518749,-1.7076643705368042,-4.671686172485352,-9.154829025268555
1753063518800,-1.027711033821106,-4.642955780029297,-8.604162216186523
1753063518849,-2.0380642414093018,-3.9821560382843018,-8.7669677734375
1753063518900,-1.6741455793380737,-3.891176223754883,-8.235455513000488
1753063518949,-1.875258445739746,-4.791396141052246,-9.054272651672363
1753063519000,-1.3437457084655762,-4.499303340911865,-8.996811866760254
1753063519050,-1.4443022012710571,-4.058770656585693,-8.58500862121582
1753063519099,-2.320580005645752,-4.202422618865967,-9.202713012695312
1753063519150,-0.7643488645553589,-3.824138641357422,-7.383119583129883
1753063519199,-2.425924777984619,-3.8959646224975586,-9.207501411437988
1753063519250,-1.1234791278839111,-4.360439777374268,-8.288127899169922
1753063519299,-2.938283920288086,-4.3843817710876465,-9.083003044128418
1753063519300,,,-9.135675430297852
1753063519349,-0.4387374520301819,,
1753063519350,-0.5201402902603149,-4.518456935882568,-8.221090316772461
1753063519399,-2.344521999359131,-4.6956281661987305,
1753063519400,,,-9.207501411437988
1753063519449,-1.6597803831100464,,
1753063519450,-1.8369512557983398,,
1753063519451,,-4.111443042755127,-9.264962196350098
1753063519499,-1.688510775566101,-4.815338134765625,-9.461286544799805
1753063519550,-1.6932991743087769,-3.8049850463867188,-8.972869873046875
1753063519599,-1.061229944229126,-4.025251388549805,-8.446145057678223
1753063519650,-2.0236990451812744,-5.054758548736572,-10.102932929992676
1753063519699,-1.027711033821106,-3.737947463989258,-7.933785915374756
1753063519750,-1.4347254037857056,-4.331709384918213,-8.862735748291016
1753063519799,-1.0755951404571533,-3.8768110275268555,-7.5650787353515625
1753063519850,-1.391629695892334,-3.867234230041504,-8.216301918029785
1753063519899,-1.5257049798965454,-4.896740913391113,-9.351153373718262
1753063519950,-1.449090600013733,-3.426701068878174,-7.517194747924805
1753063519999,-2.0859482288360596,-4.034828186035156,
1753063520000,,,-9.518747329711914
1753063520050,-1.755548357963562,-4.633378982543945,
1753063520051,,,-9.135675430297852
1753063520099,-2.272696018218994,-4.513668537139893,-9.906607627868652
1753063520149,-1.8944120407104492,,
1753063520150,-1.2527660131454468,-3.5176808834075928,-7.933785915374756
1753063520199,-1.2431892156600952,-4.350862979888916,
1753063520200,,,-9.403825759887695
1753063520250,-2.339733600616455,-4.370016574859619,
1753063520251,,-4.360439777374268,-8.723872184753418
1753063520299,-1.5975310802459717,-3.1729156970977783,
1753063520300,,,-8.27855110168457
1753063520349,-2.1912930011749268,,
1753063520350,-1.1139023303985596,-3.996521234512329,
1753063520351,,-4.43705415725708,-8.283339500427246
1753063520399,-1.30543851852417,-4.489726543426514,-9.293692588806152
1753063520450,-1.4730325937271118,-4.4705729484558105,
1753063520451,,-4.087501049041748,-8.331223487854004
1753063520499,-1.875258445739746,-3.78104305267334,-9.21707820892334
1753063520550,-2.3062148094177246,-3.488950490951538,-8.168417930603027
1753063520599,-1.3964180946350098,-4.523245334625244,-9.236231803894043
1753063520650,-2.162562608718872,-3.9869444370269775,-8.89146614074707
1753063520699,-1.080383539199829,-4.039616584777832,-8.441356658935547
1753063520750,-1.5975310802459717,-4.480149745941162,-8.9249849319458
1753063520799,-0.8074445128440857,-3.661332845687866,-7.861959934234619
1753063520850,-1.9231425523757935,,
1753063520851,,-3.819350242614746,-8.446145057678223
1753063520899,-1.1426327228546143,-4.432265758514404,-8.89146614074707
1753063520949,-1.7363947629928589,,
1753063520950,-1.9614497423171997,-4.451419353485107,-9.346364974975586
1753063520999,-1.9901801347732544,-3.3069911003112793,-8.910619735717773
1753063521050,-2.1577742099761963,-3.536834478378296,-9.628880500793457
1753063521099,-1.9806033372879028,-3.8528690338134766,-8.992023468017578
1753063521150,-1.348534107208252,-4.2311530113220215,-8.714295387268066
1753063521199,-1.6741455793380737,-4.0970778465271,-8.829216957092285
1753063521250,-1.5017629861831665,,
1753063521251,,-3.6373908519744873,-8.240243911743164
1753063521299,-2.0236990451812744,,
1753063521300,,-4.044404983520508,-9.1260986328125
1753063521350,-1.3533225059509277,-3.8528690338134766,-8.240243911743164
1753063521351,,,-8.561066627502441
1753063521399,-1.6741455793380737,-3.5416228771209717,-8.599373817443848
1753063521450,-1.8273744583129883,-3.4362781047821045,-8.393472671508789
1753063521499,-1.8848352432250977,-3.929483652114868,-9.710283279418945
1753063521550,-1.956661343574524,-3.5416228771209717,-8.259397506713867
1753063521599,-1.9710265398025513,-3.6804866790771484,-9.121310234069824
1753063521650,-1.899200439453125,-4.767454147338867,
1753063521651,,,-9.509170532226562
1753063521699,-1.4107834100723267,-3.800196647644043,-8.139687538146973
1753063521749,-1.8608932495117188,,
1753063521750,-1.8896236419677734,-3.819350242614746,-8.872312545776367
1753063521751,,,-8.953716278076172
1753063521799,-1.8800468444824219,-3.5272576808929443,-8.24503231048584
1753063521849,-1.789067268371582,,
1753063521850,-2.162562608718872,-3.7618894577026367,-8.91540813446045
1753063521898,-1.4443022012710571,,
1753063521899,-1.8848352432250977,-4.456207752227783,-9.197924613952637
1753063521950,-1.899200439453125,-3.3022027015686035,-8.51797103881836
1753063521999,-1.6980875730514526,-3.733159065246582,-9.044695854187012
1753063522050,-2.411559581756592,-3.8528690338134766,
1753063522051,,-3.90554141998291,-9.202713012695312
1753063522099,-2.081159830093384,-3.8528690338134766,-9.269750595092773
1753063522100,,,-9.212289810180664
1753063522149,-1.7363947629928589,,
1753063522150,-1.592742681503296,-3.3740286827087402,-7.8763251304626465
1753063522199,-1.5640122890472412,-4.001309394836426,-9.212289810180664
1753063522250,-1.8417396545410156,,
1753063522251,,-3.5272576808929443,-7.785345554351807
1753063522299,-1.8225860595703125,-3.445854902267456,-8.781332969665527
1753063522349,-1.7794904708862305,,
1753063522350,-1.1569979190826416,-4.714781761169434,-9.355941772460938
1753063522399,-1.7986440658569336,-3.3022027015686035,-8.12053394317627
1753063522450,-1.5640122890472412,-4.298190593719482,-9.346364974975586
1753063522499,-2.1146786212921143,-4.087501049041748,-8.537124633789062
1753063522550,-1.4586673974990845,-3.661332845687866,
1753063522551,,,-9.547477722167969
1753063522599,-1.4012064933776855,-4.0970778465271,-8.561066627502441
1753063522650,-1.6166846752166748,-3.929483652114868,-9.403825759887695
1753063522699,-1.5304933786392212,-4.006097793579102,-8.728660583496094
1753063522750,-1.875258445739746,-3.8145618438720703,-9.063849449157715
1753063522799,-1.7603367567062378,,
1753063522800,-1.5975310802459717,-3.934272050857544,-9.21707820892334
1753063522849,-1.7842788696289062,,
1753063522850,-2.181716203689575,-3.958214044570923,
1753063522851,,,-8.972869873046875
1753063522899,-0.9989806413650513,-4.240729808807373,-8.80048656463623
1753063522950,-2.1098902225494385,-4.43705415725708,-9.873088836669922
1753063522999,-1.899200439453125,-3.072359323501587,-8.259397506713867
1753063523050,-1.9470845460891724,-4.068347454071045,
1753063523051,,-4.638167381286621,-9.46607494354248
1753063523099,-1.2910733222961426,-4.298190593719482,-8.790909767150879
1753063523150,-1.8082208633422852,-3.1010897159576416,-7.9625163078308105
1753063523199,-2.0428526401519775,-3.62302565574646,-8.570643424987793
1753063523250,-1.2623428106307983,-3.7858314514160156,-8.594585418701172
1753063523299,-1.5592238903045654,-3.795408248901367,
1753063523300,,-3.7666778564453125,-8.503605842590332
1753063523350,-1.6645687818527222,,
1753063523351,-1.324592113494873,-3.5511996746063232,-7.991246700286865
1753063523399,-1.4826093912124634,-4.796184539794922,-9.638457298278809
1753063523449,-1.9039889574050903,,
1753063523450,-1.4778209924697876,-3.929483652114868,-8.470087051391602
1753063523499,-1.8417396545410156,-3.3500866889953613,-8.685564994812012
1753063523550,-1.6932991743087769,-4.575918197631836,
1753063523551,,,-9.241020202636719
1753063523599,-2.143409013748169,-3.8049850463867188,-9.346364974975586
1753063523650,-1.9279309511184692,-3.7283706665039062,-8.388684272766113
1753063523699,-2.009333848953247,,
1753063523700,,-3.9390604496002197,-9.049484252929688
1753063523750,-1.7220295667648315,-3.0627825260162354,-7.57944393157959
1753063523799,-1.899200439453125,-4.269460201263428,-9.504382133483887
1753063523850,-1.4538789987564087,-3.6900634765625,-7.263409614562988
1753063523851,,,-8.024765968322754
1753063523899,-1.71245276927948,,
1753063523900,,-3.6134488582611084,-8.632892608642578
1753063523950,-1.5161281824111938,-4.642955780029297,
1753063523951,,-3.886387825012207,-8.805274963378906
1753063523999,-1.731606364250183,-3.7666778564453125,
1753063524000,,-3.757101058959961,-8.7669677734375
1753063524050,-2.0428526401519775,-4.140173435211182,
1753063524051,,,-8.948927879333496
1753063524099,-1.999756932258606,-4.259883403778076,-9.150040626525879
1753063524150,-1.975814938545227,-3.9821560382843018,-9.083003044128418
1753063524199,-1.6789339780807495,-4.245518207550049,-9.135675430297852
1753063524250,-1.4730325937271118,-4.484938144683838,-8.982446670532227
1753063532798,-1.8177976608276367,,
1753063532799,0.0975637212395668,-3.5033156871795654,-8.268974304199219
1753063532800,-1.5544354915618896,-4.714781761169434,-8.647257804870605
1753063532801,-1.3820528984069824,-4.446630954742432,-9.715071678161621
1753063532804,-1.5879542827606201,-3.450643301010132,-7.464522361755371
1753063532856,-1.3581109046936035,-4.824914932250977,-9.241020202636719
1753063532905,-1.913565754890442,-4.31255578994751,
1753063532906,,-4.001309394836426,-9.25059700012207
1753063536680,-1.7459715604782104,,
1753063536681,,-3.8768110275268555,
1753063536682,-1.5257049798965454,-3.287837505340576,-8.249820709228516
1753063536685,-1.7938556671142578,-3.886387825012207,-8.752602577209473
1753063536736,-2.205658197402954,,
1753063536737,-2.081159830093384,-3.5703532695770264,-8.910619735717773
1753063536787,-1.832162857055664,-3.7666778564453125,-8.867524147033691
1753063536838,-1.8513164520263672,-3.9246952533721924,-9.1260986328125
1753063536886,-1.5496470928192139,,
1753063536887,,-4.039616584777832,-8.9680814743042
1753063536938,-1.975814938545227,,
1753063536939,-1.9375077486038208,-3.62302565574646,-8.699930191040039
1753063536987,-1.8656816482543945,,
1753063536988,,-3.6565444469451904,-8.61852741241455
1753063537038,-1.755548357963562,-3.9486372470855713,-8.85794734954834
1753063537087,-1.6645687818527222,-4.020462989807129,-9.020753860473633
1753063537137,-1.975814938545227,,
1753063537138,-2.014122247695923,-3.4745852947235107,-8.42699146270752
1753063537187,-1.9279309511184692,-3.8528690338134766,-8.89146614074707
1753063537237,-1.8417396545410156,,
1753063537238,-1.6406266689300537,-3.795408248901367,-8.776544570922852
1753063537287,-1.9470845460891724,-4.417900562286377,-9.418190956115723
1753063537337,-1.8800468444824219,,
1753063537338,,-3.666121244430542,-8.522759437561035
1753063537386,-1.9518729448318481,,
1753063537387,-1.9901801347732544,-3.5224692821502686,-8.771756172180176
1753063537437,-2.258330821990967,,
1753063537438,-1.789067268371582,-3.8097734451293945,-8.982446670532227
1753063537486,-1.6071078777313232,,
1753063537487,-1.975814938545227,-4.159327030181885,-9.006388664245605
1753063537538,-2.162562608718872,,
1753063537539,,-3.819350242614746,-8.982446670532227
1753063537587,-1.8034324645996094,-3.6565444469451904,-9.255385398864746
1753063537638,-2.02848744392395,-3.800196647644043,-8.89146614074707
1753063537687,-1.4778209924697876,-3.8097734451293945,
1753063537688,,-3.7906198501586914,-8.431779861450195
1753063537737,-1.7603367567062378,,
1753063537738,-1.7363947629928589,-3.78104305267334,-8.948927879333496
1753063537786,-1.8800468444824219,,
1753063537787,-1.875258445739746,-3.7666778564453125,-8.82442855834961
1753063537838,-1.5735890865325928,-3.9151182174682617,-8.743025779724121
1753063537886,-1.4969745874404907,,
1753063537887,-1.611896276473999,-4.049193859100342,-8.699930191040039
1753063537937,-1.7603367567062378,,
1753063537938,-1.856104850769043,-4.178480625152588,-8.972869873046875
1753063537987,-1.875258445739746,-3.953425645828247,-8.867524147033691
1753063538038,-2.009333848953247,-3.378817081451416,-8.867524147033691
1753063538087,-1.755548357963562,-3.618237257003784,-8.666411399841309
1753063538138,-1.9662381410598755,-4.365228176116943,
1753063538139,,,-9.327211380004883
1753063538140,,,-9.365518569946289
1753063538187,-1.3150153160095215,-4.116231441497803,-8.934561729431152
1753063538237,-2.014122247695923,,
1753063538238,-1.8704700469970703,-3.618237257003784,-8.431779861450195
1753063538286,-1.8848352432250977,,
1753063538287,-1.3724761009216309,-3.7283706665039062,-8.819640159606934
1753063538337,-1.8848352432250977,,
1753063538338,-2.363675594329834,-4.0779242515563965,-9.221866607666016
1753063538387,-1.6071078777313232,-3.685275077819824,-8.292916297912598
1753063538437,-2.0620062351226807,,
1753063538438,-2.100313425064087,-3.8528690338134766,-9.782109260559082
1753063538487,-2.124255418777466,-4.298190593719482,-9.877877235412598
1753063538537,-1.7507599592208862,,
1753063538538,,-3.5511996746063232,-8.393472671508789
1753063538586,-1.2814964056015015,,
1753063538587,-1.4443022012710571,-3.843292236328125,-8.36953067779541
1753063538637,-2.138620615005493,,
1753063538638,-1.9470845460891724,-4.293402194976807,-9.585784912109375
1753063538639,,,-9.566631317138672
1753063538686,-2.162562608718872,,
1753063538687,-1.5831658840179443,-3.4745852947235107,-8.177994728088379
1753063538738,-1.468244194984436,,
1753063538739,-1.6645687818527222,-3.9917328357696533,-9.011177062988281
1753063538787,-2.0667946338653564,-3.508104085922241,-8.489240646362305
1753063538837,-1.731606364250183,,
1753063538838,-1.5352818965911865,-3.488950490951538,-8.570643424987793
1753063538887,-2.5695769786834717,-4.015674591064453,-9.59057331085205
1753063538937,-1.6454150676727295,,
1753063538938,,-3.4745852947235107,-8.091803550720215
1753063538986,-2.1146786212921143,,
1753063538987,-2.205658197402954,-4.240729808807373,-9.513958930969238
1753063539038,-1.9662381410598755,-3.53204607963562,-8.527547836303711
1753063539087,-2.0045454502105713,-3.4745852947235107,-8.326435089111328
1753063539137,-1.856104850769043,,
1753063539138,-1.4634557962417603,-4.484938144683838,-9.710283279418945
1753063539186,-1.8704700469970703,,
1753063539187,-1.8034324645996094,-3.3500866889953613,-7.991246700286865
1753063539237,-1.7842788696289062,,
1753063539238,-1.832162857055664,-3.7283706665039062,-8.877100944519043
1753063539287,-2.449866771697998,-3.469796895980835,-8.771756172180176
1753063539338,-1.5065513849258423,-3.5703532695770264,-8.144475936889648
1753063539387,-2.1481974124908447,-4.245518207550049,-9.384672164916992
1753063539438,-1.5640122890472412,-3.2543187141418457,-8.364742279052734
1753063539486,-2.253542423248291,,
1753063539487,-2.272696018218994,-3.4362781047821045,-8.829216957092285
1753063539538,-1.9375077486038208,-3.7044286727905273,-9.011177062988281
1753063539587,-2.02848744392395,-3.6709096431732178,-8.867524147033691
1753063539638,-2.162562608718872,-3.354875087738037,-8.867524147033691
1753063539686,-1.688510775566101,,
1753063539687,,-3.737947463989258,-8.80048656463623
1753063539737,-2.0236990451812744,-3.819350242614746,-9.197924613952637
1753063539787,-2.0907366275787354,-3.709217071533203,-9.169194221496582
1753063539837,-2.0667946338653564,,
1753063539838,-2.4355015754699707,-2.9047651290893555,-8.321646690368652
1753063539886,-1.9614497423171997,,
1753063539887,-1.9518729448318481,-3.2782607078552246,-9.063849449157715
1753063539937,-2.339733600616455,-3.843292236328125,
1753063539938,,,-9.121310234069824
1753063539987,-1.9710265398025513,-3.6565444469451904,-8.85794734954834
1753063540037,-2.344521999359131,-2.876034736633301,-8.537124633789062
1753063540087,-2.1721394062042236,,
1753063540088,-1.8800468444824219,-3.3883938789367676,-8.867524147033691
1753063540136,-2.3971943855285645,,
1753063540137,-1.9614497423171997,-3.7858314514160156,-9.59057331085205
1753063540187,-1.8704700469970703,,
1753063540188,-2.478597402572632,-3.6373908519744873,-9.054272651672363
1753063540236,-2.2679076194763184,,
1753063540237,,-2.449866771697998,-8.18757152557373
1753063540288,-2.3924059867858887,,
1753063540295,-2.6126725673675537,,
1753063540296,-2.516904592514038,-3.402759075164795,-10.069414138793945
1753063540337,-2.229600429534912,,
1753063540338,,-2.7898435592651367,-8.417414665222168
1753063540387,-1.6597803831100464,,
1753063540388,-2.1146786212921143,-3.1729156970977783,-8.910619735717773
1753063540436,-2.627037763595581,,
1753063540437,,-3.1872811317443848,-9.901819229125977
1753063540488,-1.9039889574050903,-2.895188331604004,
1753063540489,,,-8.527547836303711
1753063540490,,,-8.048707962036133
1753063540536,-2.6797101497650146,-3.800196647644043,
1753063540537,,,-10.902595520019531
1753063540587,-2.9047651290893555,,
1753063540588,-1.5400702953338623,-1.9039889574050903,-7.847594738006592
1753063540636,-2.847304344177246,-4.063559055328369,-11.77408504486084
1753063540688,-2.847304344177246,-1.813009262084961,-6.631340026855469
1753063540736,-1.7747019529342651,-1.6645687818527222,-8.24503231048584
1753063540787,-2.387617588043213,,
1753063540788,-0.5009866952896118,-4.053982257843018,-9.810839653015137
1753063540837,-1.5735890865325928,-3.287837505340576,-8.431779861450195
1753063540887,-2.741959571838379,,
1753063540888,-2.938283920288086,-2.7323827743530273,-8.561066627502441
1753063540936,-1.7938556671142578,,
1753063540937,-1.6454150676727295,-2.852092742919922,-8.455721855163574
1753063540988,-2.1146786212921143,-2.56000018119812,-8.781332969665527
1753063541036,-2.6557681560516357,,
1753063541037,-2.425924777984619,-2.9957449436187744,-9.88745403289795
1753063541088,-2.253542423248291,-2.914341926574707,-9.786897659301758
1753063541136,-2.9670145511627197,,
1753063541137,-2.4690206050872803,-3.230376720428467,-9.925761222839355
1753063541187,-2.320580005645752,,
1753063541188,,-2.957437753677368,-9.2841157913208
1753063541236,-1.999756932258606,,
1753063541237,-2.2918496131896973,-3.1872811317443848,-9.03511905670166
1753063541287,-2.210446834564209,,
1753063541288,-1.875258445739746,-3.5895068645477295,-9.734225273132324
1753063541337,-2.1051018238067627,-2.3110032081604004,-7.61296272277832
1753063541387,-2.406771183013916,,
1753063541388,-2.6605565547943115,-2.3253684043884277,-9.116521835327148
1753063541436,-2.5552117824554443,,
1753063541437,-1.9949685335159302,-3.2112231254577637,-9.30805778503418
1753063541487,-1.3628993034362793,,
1753063541488,-1.5400702953338623,-3.096301317214966,-7.770980358123779
1753063541536,-2.3253684043884277,,
1753063541537,,-2.646191358566284,-9.18355941772461
1753063541587,-2.124255418777466,,
1753063541588,,-3.158550500869751,-9.64803409576416
1753063541636,-2.737171173095703,,
1753063541637,-2.607884168624878,-3.201646327972412,-10.787673950195312
1753063541688,-3.3644518852233887,-2.8185739517211914,-9.743802070617676
1753063541736,-1.7986440658569336,,
1753063541737,-2.1098902225494385,-2.943072557449341,-8.972869873046875
1753063544992,-2.234388828277588,,
1753063544993,-1.6549919843673706,-2.876034736633301,-8.934561729431152
1753063544995,-1.956661343574524,-3.934272050857544,-8.905831336975098
1753063545043,-1.8608932495117188,-3.316567897796631,
1753063545044,,,-9.365518569946289
1753063545092,-1.5831658840179443,-3.354875087738037,
1753063545093,,-3.230376720428467,-7.842806339263916
1753063545143,-1.4299370050430298,,
1753063545144,-1.4538789987564087,-3.1920695304870605,-8.216301918029785
1753063550033,-2.234388828277588,-3.5942952632904053,-9.437344551086426
1753063550034,-2.0715830326080322,-3.1872811317443848,-7.555501937866211
1753063550037,-1.1953052282333374,-4.135385036468506,-8.235455513000488
1753063550088,-1.4155718088150024,,
1753063550089,-1.2575544118881226,,
1753063550091,,-4.796184539794922,-8.666411399841309
1753063550139,-0.9750386476516724,-3.9390604496002197,
1753063550140,,,-7.627327919006348
1753063550189,-1.8848352432250977,-4.264671802520752,-8.465298652648926
1753063550239,-0.8026561141014099,,
1753063550240,-1.1569979190826416,-5.212775707244873,-8.656834602355957
1753063550288,-1.4107834100723267,,
1753063550289,-1.492186188697815,-3.5464112758636475,-6.889914035797119
1753063550340,-1.9279309511184692,-4.580706596374512,-9.834781646728516
1753063551103,-1.0420763492584229,-4.824914932250977,-6.92343282699585
1753063551110,-1.813009262084961,-4.671686172485352,-9.403825759887695
1753063551161,-1.4059948921203613,,
1753063551162,-1.0324994325637817,-3.843292236328125,-7.603385925292969
1753063551212,-1.1139023303985596,-4.676474571228027,
1753063551213,,-4.609436988830566,-8.781332969665527
1753063575795,-1.4443022012710571,-4.1210198402404785,
1753063575796,-2.143409013748169,-5.207987308502197,-8.359953880310059
1753063575797,,,-9.499593734741211
1753063575804,,,-8.288127899169922
1753063575805,,,-9.044695854187012
1753063575808,,,-8.561066627502441
1753063575809,-1.9422961473464966,,-8.154052734375
1753063575810,-1.5017629861831665,,
1753063575811,-2.320580005645752,-4.475361347198486,
1753063575812,,-2.847304344177246,
1753063575813,,-2.56000018119812,
1753063575858,-1.0181342363357544,,
1753063575859,,-4.422688961029053,-8.168417930603027
1753063575910,-1.832162857055664,,
1753063575911,,-4.1210198402404785,-8.18757152557373
1753063588803,-1.2814964056015015,,
1753063588806,-1.611896276473999,,
1753063588807,-1.4107834100723267,,
1753063588808,-1.544858694076538,,
1753063588809,-0.5632359385490417,-5.476137638092041,
1753063588810,,-5.054758548736572,-9.628880500793457
1753063588811,,,-9.078214645385742
1753063588856,-1.4826093912124634,,
1753063588857,-1.3724761009216309,-4.2311530113220215,-8.18757152557373
1753063588906,-1.4299370050430298,-4.006097793579102,-7.981669902801514
1753063588956,-1.3964180946350098,-4.623802185058594,-8.795698165893555
1753063589005,-1.6166846752166748,-4.269460201263428,-8.695141792297363
1753063589056,-1.5640122890472412,-4.183269023895264,-8.091803550720215
1753063589105,-1.1522095203399658,-4.772242546081543,-8.623315811157227
1753063589156,-1.5592238903045654,,
1753063589157,,-4.43705415725708,-8.398261070251465
1753063589205,-0.9846154451370239,,
1753063589206,-1.5879542827606201,-4.5854949951171875,-8.589797019958496
1753063589256,-1.8417396545410156,-3.9821560382843018,-8.379107475280762
1753063589305,-1.0181342363357544,-4.810549736022949,
1753063589306,,,-8.953716278076172
1753063589356,-1.669357180595398,,
1753063589357,-1.3868412971496582,-3.891176223754883,-7.957727909088135
1753063589405,-1.128267526626587,-5.222352504730225,-9.513958930969238
1753063589456,-1.9231425523757935,-4.34607458114624,-8.613739013671875
1753063589505,-1.0755951404571533,,
1753063589506,,-4.226364612579346,-8.072649955749512
1753063589557,-1.7028759717941284,-4.561553001403809,-9.006388664245605
1753063589605,-1.6502034664154053,-4.551976203918457,-9.1260986328125
1753063589664,-1.71245276927948,,
1753063589665,-1.5257049798965454,-4.264671802520752,-8.70950698852539
1753063589705,-1.1378443241119385,-4.619013786315918,-8.613739013671875
1753063589757,-1.4107834100723267,-4.43705415725708,-8.364742279052734
1753063589806,-1.0420763492584229,-4.671686172485352,-8.637681007385254
1753063589856,-1.4778209924697876,,
1753063589857,-1.5783774852752686,-4.868010520935059,-8.929773330688477
1753063589906,-1.0468647480010986,-4.6285905838012695,-8.297704696655273
1753063589956,-1.3533225059509277,,
1753063589957,-1.2144588232040405,-4.393958568572998,-8.374319076538086
1753063590005,-1.2862848043441772,,
1753063590006,,-4.973355293273926,-8.82442855834961
1753063590056,-1.5592238903045654,-4.623802185058594,-8.987235069274902
1753063590105,-1.4873977899551392,-4.331709384918213,-8.46051025390625
1753063590157,-1.0420763492584229,-4.800972938537598,-8.623315811157227
1753063590205,-1.1857284307479858,,
1753063590206,-0.9702502489089966,-4.595071792602539,-7.943362712860107
1753063590256,-0.9319429993629456,,
1753063590257,-1.2527660131454468,-5.332485675811768,-9.130887031555176
1753063590306,-1.755548357963562,-3.977367639541626,-7.593809127807617
1753063590356,-0.7068880796432495,,
1753063590357,-1.0851719379425049,-5.298966884613037,-8.728660583496094
1753063590406,-1.2575544118881226,-4.417900562286377,-8.46051025390625
1753063590456,-1.1713632345199585,,
1753063590457,-0.8409633636474609,-5.270236492156982,-8.594585418701172
1753063590505,-1.5735890865325928,,
1753063590506,-1.8273744583129883,-4.6956281661987305,-9.15961742401123
1753063590557,-1.391629695892334,-4.6285905838012695,-8.541913032531738
1753063590605,-1.3628993034362793,,
1753063590606,-1.2862848043441772,-4.719570159912109,-8.546701431274414
1753063590657,-1.4059948921203613,-4.8488569259643555,-8.929773330688477
1753063590706,-1.0947487354278564,-4.666897773742676,-8.546701431274414
1753063590757,-1.3820528984069824,-4.705204963684082,-8.3120698928833
1753063590805,-1.468244194984436,,
1753063590806,-1.27191960811615,-4.058770656585693,-7.9194207191467285
1753063590857,-0.9989806413650513,-4.614225387573242,-8.201936721801758
1753063590906,-1.3533225059509277,-4.480149745941162,-7.536348342895508
1753063590957,-0.9798270463943481,-4.982932090759277,-9.015965461730957
1753063590958,,,-9.628880500793457
1753063591006,-1.4299370050430298,-3.488950490951538,-7.124545574188232
1753063591056,-0.8792705535888672,-4.954201698303223,-9.015965461730957
1753063591106,-1.4012064933776855,-4.34607458114624,-8.067861557006836
1753063591156,-1.3006501197814941,,
1753063591157,-1.1426327228546143,-5.385158061981201,-9.020753860473633
1753063591205,-1.2958617210388184,,
1753063591206,-1.3150153160095215,-4.906317710876465,-8.474875450134277
1753063591256,-1.3628993034362793,,
1753063591257,-1.4059948921203613,-5.112219333648682,-9.011177062988281
1753063591305,-1.2431892156600952,,
1753063591306,-1.6549919843673706,-4.374804973602295,-8.221090316772461
1753063591357,-1.4778209924697876,-4.681262969970703,-8.307281494140625
1753063591405,-1.2384008169174194,,
1753063591406,-1.4634557962417603,-4.982932090759277,-8.632892608642578
1753063591456,-1.2575544118881226,,
1753063591457,-1.224035620689392,-4.982932090759277,-8.738237380981445
1753063591506,-1.4059948921203613,-4.887164115905762,-8.738237380981445
1753063591556,-1.5017629861831665,,
1753063591557,-1.2144588232040405,-4.992508888244629,-8.340800285339355
1753063591606,-1.1569979190826416,,
1753063591607,-1.1091139316558838,-4.580706596374512,-7.9625163078308105
1753063591656,-1.0947487354278564,,
1753063591657,-0.9319429993629456,-4.978143692016602,-8.546701431274414
1753063591706,-1.224035620689392,-5.236717700958252,-8.599373817443848
1753063591757,-1.3820528984069824,-4.777030944824219,-8.613739013671875
1753063591805,-1.2288240194320679,,
1753063591806,-0.9319429993629456,-4.805761337280273,-7.799710750579834
1753063591856,-1.0420763492584229,,
1753063591857,-1.4873977899551392,-4.777030944824219,-8.695141792297363
1753063591905,-1.4634557962417603,,
1753063591906,-0.884058952331543,-4.992508888244629,-8.699930191040039
1753063591957,-0.8265981078147888,-5.188833713531494,-8.450933456420898
1753063592005,-1.688510775566101,,
1753063592006,-1.4873977899551392,-4.652532577514648,-8.671199798583984
1753063592056,-1.1761516332626343,,
1753063592057,-1.1522095203399658,-4.681262969970703,-8.340800285339355
1753063592106,-1.348534107208252,-4.872798919677734,-8.297704696655273
1753063592157,-1.4059948921203613,-4.686051368713379,-8.61852741241455
1753063592206,-1.1569979190826416,-5.19362211227417,-8.455721855163574
1753063592256,-1.061229944229126,,
1753063592257,-1.3341689109802246,-5.112219333648682,-8.398261070251465
1753063592305,-1.3628993034362793,,
1753063592306,-1.3389573097229004,-4.647744178771973,-8.508394241333008
1753063592356,-1.3150153160095215,,
1753063592357,-1.2192472219467163,-4.901529312133789,-8.51797103881836
1753063592405,-1.30543851852417,,
1753063592406,-1.14742112159729,-4.887164115905762,-8.42699146270752
1753063592456,-0.9941922426223755,-4.78660774230957,-8.144475936889648
1753063592506,-1.1713632345199585,-5.2031989097595215,-8.46051025390625
1753063592556,-0.9510966539382935,,
1753063592557,,-5.140949726104736,-8.393472671508789
1753063592606,-1.391629695892334,-4.829703330993652,-8.355165481567383
1753063592657,-1.0564415454864502,-4.834491729736328,-8.273762702941895
1753063592705,-1.247977614402771,,
1753063592706,,-5.073912143707275,-8.805274963378906
1753063592757,-1.2384008169174194,-4.7387237548828125,-8.40304946899414
1753063592758,,,-8.537124633789062
1753063592807,-1.4059948921203613,-4.834491729736328,-8.503605842590332
1753063592856,-0.8601169586181641,,
1753063592857,-1.1378443241119385,-5.0691237449646,-8.067861557006836
1753063592906,-1.592742681503296,-4.84406852722168,-8.580220222473145
1753063592956,-1.224035620689392,,
1753063592957,-1.2336124181747437,-4.7818193435668945,-8.484452247619629
1753063593005,-1.348534107208252,,
1753063593006,-1.2671312093734741,-4.963778495788574,-8.455721855163574
1753063593056,-1.1234791278839111,-4.772242546081543,
1753063593057,,-4.681262969970703,-8.412626266479492
1753063593105,-1.3102269172668457,,
1753063593106,-1.247977614402771,-5.231929302215576,-8.80048656463623
1753063593157,-0.9989806413650513,-5.145738124847412,
1753063593158,,-5.112219333648682,-8.221090316772461
1753063593205,-1.592742681503296,,
1753063593206,-1.6837223768234253,-4.829703330993652,-8.872312545776367
1753063593257,-1.4012064933776855,-4.547187805175781,-8.24503231048584
1753063593305,-1.5209165811538696,,
1753063593307,-1.3581109046936035,,
1753063593311,,-4.432265758514404,-8.067861557006836
1753063593357,-1.0085574388504028,-5.026028156280518,-8.417414665222168
1753063593405,-1.4107834100723267,,
1753063593406,-1.3581109046936035,-4.762665748596191,-8.728660583496094
1753063593456,-1.4634557962417603,,
1753063593457,,-4.633378982543945,-8.498817443847656
1753063593505,-1.0181342363357544,,
1753063593506,-1.1617863178253174,-4.84406852722168,-8.206725120544434
1753063593557,-1.4059948921203613,-5.207987308502197,
1753063593558,,,-8.97765827178955
1753063593606,-1.5257049798965454,-4.499303340911865,-8.570643424987793
1753063593657,-1.2336124181747437,-4.619013786315918,-8.173206329345703
1753063593706,-1.18094003200531,-5.107430934906006,-8.556278228759766
1753063593757,-1.3628993034362793,-4.733935356140137,-8.589797019958496
1753063593805,-1.4730325937271118,,
1753063593806,-1.3772644996643066,-4.5423994064331055,
1753063593807,,,-8.484452247619629
1753063593856,-1.3820528984069824,,
1753063593857,-1.3581109046936035,-4.43705415725708,-8.230667114257812
1753063593906,-1.4395138025283813,-4.963778495788574,-8.91540813446045
1753063593957,-1.511339783668518,-4.839280128479004,-8.853158950805664
1753063594005,-1.4299370050430298,,
1753063594006,-1.4873977899551392,,
1753063594007,,-4.173692226409912,-8.206725120544434
1753063594057,-1.5161281824111938,,
1753063594058,,-4.700416564941406,-8.36953067779541
1753063594106,-1.2862848043441772,-4.75308895111084,-8.599373817443848
1753063594157,-1.4203602075576782,-4.647744178771973,-8.522759437561035
1753063594205,-1.468244194984436,-4.7387237548828125,-8.948927879333496
1753063594256,-1.4778209924697876,,
1753063594257,,-4.460996150970459,-8.206725120544434
1753063594305,-1.3341689109802246,,
1753063594306,-1.7411831617355347,-4.973355293273926,-8.910619735717773
1753063594356,-1.731606364250183,,
1753063594357,-1.3341689109802246,-4.365228176116943,-8.699930191040039
1753063594406,-1.1905168294906616,-4.595071792602539,-8.326435089111328
1753063594457,-1.3389573097229004,,
1753063594458,,-4.901529312133789,-8.704718589782715
1753063594505,-1.4634557962417603,,
1753063594506,-1.5975310802459717,-4.590283393859863,-8.73344898223877
1753063594557,-1.3724761009216309,-4.7387237548828125,-8.484452247619629
1753063594606,-1.4969745874404907,-4.523245334625244,-8.666411399841309
1753063594657,-1.0899603366851807,-4.7387237548828125,-7.900267124176025
1753063594706,-1.4155718088150024,-4.982932090759277,-8.834005355834961
1753063594757,-1.5592238903045654,-4.777030944824219,-8.64246940612793
1753063594805,-1.14742112159729,,
1753063594806,-1.204882025718689,-4.43705415725708,-8.053496360778809
1753063594856,-1.2910733222961426,,
1753063594857,-1.348534107208252,-5.016450881958008,-8.604162216186523
1753063594906,-1.224035620689392,-4.690839767456055,-8.288127899169922
1753063594957,-1.3150153160095215,-4.3412861824035645,-8.321646690368652
1753063595006,-1.1857284307479858,-4.915894508361816,-8.565855026245117
1753063595056,-1.3772644996643066,,
1753063595057,-1.9039889574050903,-4.561553001403809,-8.743025779724121
1753063595106,-1.0995371341705322,-4.987720489501953,-8.379107475280762
1753063595157,-1.2671312093734741,-4.868010520935059,-8.89146614074707
1753063595205,-1.71245276927948,,
1753063595206,,-4.465784549713135,-8.623315811157227
1753063595256,-1.247977614402771,,
1753063595257,-1.30543851852417,-4.604648590087891,-8.513182640075684
1753063595306,-1.3533225059509277,-4.484938144683838,
1753063595307,,-4.619013786315918,-8.331223487854004
1753063595357,-1.4538789987564087,-4.78660774230957,-8.762179374694824
1753063595406,-1.3724761009216309,-4.408323764801025,-8.417414665222168
1753063595456,-1.7172411680221558,,
1753063595457,-1.6502034664154053,-4.638167381286621,-8.752602577209473
1753063595505,-1.3198037147521973,,
1753063595506,-1.4826093912124634,-4.40353536605835,-8.537124633789062
1753063595556,-1.7220295667648315,,
1753063595557,-1.7363947629928589,-4.283825397491455,-8.388684272766113
1753063595606,-1.0372878313064575,-4.954201698303223,-8.723872184753418
1753063595656,-1.2671312093734741,,
1753063595657,-1.688510775566101,-4.705204963684082,-8.680776596069336
1753063595705,-1.9710265398025513,,
1753063595706,-1.367687702178955,-4.202422618865967,-8.422203063964844
1753063595756,-1.0995371341705322,-4.374804973602295,-8.125322341918945
1753063595805,-1.6310498714447021,,
1753063595806,,-4.350862979888916,-8.388684272766113
1753063595857,-1.6310498714447021,-4.499303340911865,-8.42699146270752
1753063595906,-1.1617863178253174,-5.155314922332764,-8.9249849319458
1753063595957,-1.7842788696289062,-4.662109375,-8.848370552062988
1753063596006,-1.4538789987564087,-4.326920986175537,-8.30249309539795
1753063596057,-1.324592113494873,-5.026028156280518,-8.64246940612793
1753063596105,-1.3293805122375488,,
1753063596106,,-4.599860191345215,-8.264185905456543
1753063596156,-1.1426327228546143,,
1753063596157,,-4.719570159912109,-8.388684272766113
1753063596206,-1.5209165811538696,,
1753063596207,-1.4586673974990845,-4.686051368713379,-8.743025779724121
1753063596255,-1.3533225059509277,,
1753063596256,,-4.298190593719482,-8.144475936889648
1753063596307,-1.4155718088150024,-4.882375717163086,-8.58500862121582
1753063596356,-1.3150153160095215,-5.231929302215576,-8.680776596069336
1753063596407,-1.3724761009216309,-4.906317710876465,-8.503605842590332
1753063596455,-1.4299370050430298,,
1753063596456,,-4.599860191345215,-8.479663848876953
1753063596507,-1.4778209924697876,-4.671686172485352,-8.264185905456543
1753063596556,-1.1426327228546143,-4.920682907104492,-8.36953067779541
1753063596606,-1.5592238903045654,,
1753063596607,,-4.820126533508301,-8.489240646362305
1753063596655,-1.0468647480010986,,
1753063596656,-1.0229226350784302,-4.96856689453125,-8.072649955749512
1753063596706,-1.1569979190826416,,
1753063596707,-1.0229226350784302,-4.9350481033325195,-8.019977569580078
1753063596755,-0.9367313981056213,,
1753063596756,-1.224035620689392,-5.370792865753174,-8.537124633789062
1753063596806,-1.27191960811615,,
1753063596807,-1.2623428106307983,-5.28460168838501,-8.580220222473145
1753063596855,-1.4395138025283813,,
1753063596856,-1.449090600013733,-5.030816555023193,-8.503605842590332
1753063596906,-1.348534107208252,,
1753063596907,-1.2814964056015015,-4.901529312133789,-8.388684272766113
1753063596955,-1.4826093912124634,,
1753063596956,-1.4826093912124634,-4.566341400146484,-8.508394241333008
1753063597006,-1.4012064933776855,,
1753063597007,-1.4059948921203613,-4.393958568572998,-8.340800285339355
1753063597055,-1.2336124181747437,,
1753063597056,-1.1713632345199585,-4.6285905838012695,-8.532336235046387
1753063597106,-1.1905168294906616,,
1753063597107,-1.425148606300354,-4.700416564941406,-8.417414665222168
1753063597156,-1.6262614727020264,-4.925471305847168,-8.934561729431152
1753063597206,-1.2527660131454468,,
1753063597207,,-4.705204963684082,-8.58500862121582
1753063597255,-1.3102269172668457,-4.767454147338867,-8.532336235046387
1753063597306,-1.3964180946350098,,
1753063597307,-1.4203602075576782,-4.690839767456055,-8.886677742004395
1753063597355,-1.2862848043441772,,
1753063597356,-1.2958617210388184,-4.489726543426514,-8.7669677734375
1753063597406,-1.3293805122375488,,
1753063597407,,-4.2311530113220215,-8.728660583496094
1753063597455,-1.4012064933776855,,
1753063597456,-1.5161281824111938,-4.360439777374268,-8.939350128173828
1753063597506,-1.669357180595398,,
1753063597507,-1.7411831617355347,-4.140173435211182,-8.637681007385254
1753063597556,-1.6454150676727295,-3.9821560382843018,-8.417414665222168
1753063597607,-1.8896236419677734,-4.379593372344971,-8.790909767150879
1753063597655,-1.2575544118881226,,
1753063597656,-1.1713632345199585,-4.2550950050354,-8.206725120544434
1753063597706,-1.2862848043441772,-4.465784549713135,-8.70950698852539
1753063597756,-1.492186188697815,-4.360439777374268,-8.565855026245117
1753063597806,-1.1713632345199585,,
1753063597807,,-4.326920986175537,-8.292916297912598
1753063597855,-1.6262614727020264,,
1753063597856,-1.3437457084655762,-5.0499701499938965,-8.881889343261719
1753063597906,-1.3150153160095215,,
1753063597907,,-4.6285905838012695,-8.182783126831055
1753063597956,-1.2000936269760132,-4.547187805175781,-8.661623001098633
1753063598006,-1.2527660131454468,,
1753063598007,-1.027711033821106,-4.4274773597717285,-8.82442855834961
1753063598055,-1.0755951404571533,,
1753063598056,-1.3581109046936035,-4.250306606292725,-8.934561729431152
1753063598106,-1.367687702178955,-4.283825397491455,
1753063598107,,,-8.872312545776367
1753063598155,-1.5065513849258423,-4.484938144683838,-8.64246940612793
1753063598207,-1.204882025718689,-4.642955780029297,-8.632892608642578
1753063598255,-1.3389573097229004,,
1753063598256,-1.1234791278839111,-5.461772441864014,-8.9249849319458
1753063598306,-0.8984242081642151,-4.604648590087891,-8.288127899169922
1753063598355,-1.1234791278839111,-4.796184539794922,-8.699930191040039
1753063598406,-1.511339783668518,,
1753063598407,-0.9941922426223755,-4.3843817710876465,-8.388684272766113
1753063598455,-0.18974047899246216,,
1753063598456,,-3.9390604496002197,-7.1006035804748535
1753063598506,-0.3908534348011017,,
1753063598507,-0.7643488645553589,-4.173692226409912,-7.61296272277832
1753063598556,-0.4387374520301819,,
1753063598557,,-4.207211017608643,-7.220313549041748
1753063598606,-0.44831427931785583,,
1753063598607,,-4.78660774230957,-7.8763251304626465
1753063598656,-0.1801636815071106,-5.701192855834961,-6.918644428253174
1753063598707,-0.5105634927749634,-6.955754280090332,-8.73344898223877
1753063598756,-0.5680243372917175,-7.616554260253906,-7.842806339263916
1753063598806,-1.080383539199829,,
1753063598807,-0.4818331003189087,-7.362768650054932,-8.853158950805664
1753063598856,-0.8888474106788635,-7.195174694061279,-6.674435615539551
1753063598907,-0.7643488645553589,-6.859986305236816,-7.464522361755371
1753063598955,-0.9175778031349182,,
1753063598956,-0.6685808300971985,-7.008427143096924,-6.9473748207092285
1753063599006,-0.6206967830657959,,
1753063599007,-0.49140989780426025,-7.602189064025879,-7.110180377960205
1753063599055,-0.06524199992418289,,
1753063599056,0.22685061395168304,-7.204751491546631,-6.219537258148193
1753063599106,0.4423287510871887,,
1753063599107,,-7.204751491546631,-6.186018466949463
1753063599155,0.2124854028224945,,
1753063599156,0.3561375141143799,-7.635707855224609,-6.224325656890869
1753063599206,0.5237316489219666,,
1753063599207,0.6530185341835022,-7.899069786071777,-6.554725646972656
1753063599255,-0.2519897222518921,,
1753063599256,-0.5440823435783386,-8.713098526000977,-6.8372416496276855
1753063599307,-0.2711433470249176,-9.12968921661377,-7.742249965667725
1753063599356,1.423951506614685,,
1753063599357,2.319382905960083,-7.310096263885498,-4.241926670074463
1753063599406,2.137423515319824,,
1753063599407,1.227626919746399,-6.974907875061035,-4.629787445068359
1753063599455,-0.49619829654693604,,
1753063599456,,-7.482479095458984,-6.808511257171631
1753063599506,-0.7499836683273315,,
1753063599507,1.2850877046585083,-9.838373184204102,-8.36953067779541
1753063599556,2.1948843002319336,-6.467337131500244,-4.404732704162598
1753063599606,-0.12270283699035645,,
1753063599607,0.34177228808403015,-7.1041951179504395,-6.099827289581299
1753063599655,0.6625953316688538,,
1753063599656,0.2890998423099518,-7.750629425048828,-6.688800811767578
1753063599706,0.6961141228675842,,
1753063599707,1.1701661348342896,-7.113771915435791,-6.674435615539551
1753063599756,1.4287399053573608,-6.0651116371154785,
1753063599757,,,-4.926668643951416
1753063599806,0.284311443567276,,
1753063599807,-0.3621230125427246,-7.118560314178467,-7.785345554351807
1753063599855,-1.1569979190826416,,
1753063599856,-1.669357180595398,-6.510433197021484,-7.119757175445557
1753063599907,-1.669357180595398,-7.736264228820801,-8.383895874023438
1753063599956,0.619499683380127,-6.615777969360352,-4.208407878875732
1753063600006,5.4031147956848145,,
1753063600007,0.13108254969120026,-7.7649946212768555,-6.056731700897217
1753063600055,-1.913565754890442,,
1753063600056,-1.4778209924697876,-6.610989570617676,
1753063600057,,,-6.272210121154785
1753063600106,-0.6733692288398743,-7.9613189697265625,-7.603385925292969
1753063600155,0.48063600063323975,-7.132925510406494,
1753063600156,,,-5.874772548675537
1753063600207,0.3992331326007843,-7.247847080230713,-5.434239387512207
1753063600255,-0.3477577865123749,,
1753063600256,,-7.616554260253906,-5.9322333335876465
1753063600307,-0.07003039866685867,-7.559093475341797,-5.879560947418213
1753063600356,-0.3669114112854004,,
1753063600357,,-8.143278121948242,-5.946598529815674
1753063600407,0.3321954905986786,-7.745841026306152,-6.10940408706665
1753063600455,-0.3669114112854004,,
1753063600456,,-8.028356552124023,-5.501276969909668
1753063600507,0.24600422382354736,-7.822455406188965,-6.530783653259277
1753063600556,-0.4100070297718048,,
1753063600557,-0.2519897222518921,-7.774571418762207,-5.783792972564697
1753063600606,-0.3908534348011017,,
1753063600607,,-7.664438247680664,-7.086238384246826
1753063600655,-0.6446388363838196,,
1753063600656,-0.11791443079710007,-7.13771390914917,-5.903502941131592
1753063600706,-0.2041056901216507,,
1753063600707,-0.46746787428855896,-7.511209487915039,-6.626551628112793
1753063600755,-0.2902969419956207,,
1753063600756,-0.10833762586116791,-6.984484672546387,-6.071096897125244
1753063600806,-0.01735796220600605,-6.845621109008789,-5.76942777633667
1753063600855,-0.2902969419956207,,
1753063600856,,-8.00920295715332,-7.268198013305664
1753063600906,-0.3669114112854004,,
1753063600907,0.04967968538403511,-7.511209487915039,-6.5930328369140625
1753063600956,-0.07481880486011505,,
1753063600957,,-7.199963092803955,-6.367978096008301
1753063601006,-0.414795458316803,,
1753063601007,-0.5536591410636902,-7.635707855224609,-7.1006035804748535
1753063601055,-0.10833762586116791,,
1753063601056,-0.02693476900458336,-7.219116687774658,-6.449380874633789
1753063601108,-0.39564183354377747,-7.195174694061279,-6.818088054656982
1753063601156,-0.49619829654693604,-7.2334818840026855,-6.578667640686035
1753063601206,-0.40521863102912903,-7.448959827423096,-6.506841659545898
1753063601255,-0.10833762586116791,-7.2334818840026855,-6.358401298522949
1753063601306,-0.6015431880950928,,
1753063601307,-0.7308300733566284,-7.056311130523682,-6.660070419311523
1753063601356,-0.35254621505737305,-7.065887928009033,-6.478111267089844
1753063601406,0.11671733111143112,,
1753063601407,-0.10354922711849213,-7.3867106437683105,-6.444592475891113
1753063601455,-0.1801636815071106,,
1753063601456,-0.5440823435783386,-7.13771390914917,-6.511630058288574
1753063601507,-0.6877344250679016,-7.276577472686768,-7.019200801849365
1753063601556,-0.49619829654693604,-7.530363082885742,-6.3296709060668945
1753063601606,-0.20889410376548767,,
1753063601607,-0.14664486050605774,-7.209539890289307,-6.272210121154785
1753063601655,-0.8361749649047852,,
1753063601656,-0.7164648771286011,-7.6117658615112305,-6.540360450744629
1753063601707,-0.5728127360343933,-7.281365871429443,-6.411073684692383
1753063601756,-0.5057750940322876,,
1753063601757,-0.30466216802597046,-7.209539890289307,-6.320094108581543
1753063601806,-0.12749123573303223,,
1753063601807,-0.16579847037792206,-7.22869348526001,-6.162076473236084
1753063601856,-0.42437225580215454,-7.247847080230713,-6.597821235656738
1753063601906,-0.49140989780426025,,
1753063601907,-0.5919663906097412,-7.276577472686768,-6.818088054656982
1753063601956,-0.40043023228645325,-7.22869348526001,-6.578667640686035
1753063602006,-0.33339259028434753,,
1753063602007,-0.26156654953956604,-7.070676326751709,-6.722319602966309
1753063602055,-0.046088382601737976,,
1753063602056,-0.012569558806717396,-7.35319185256958,-6.597821235656738
1753063602106,-0.10833762586116791,,
1753063602107,,-7.267000675201416,-6.51641845703125
1753063602155,-0.6254851818084717,-7.1903862953186035,
1753063602156,,-7.219116687774658,-6.688800811767578
1753063602206,-0.6015431880950928,-7.286154270172119,-6.688800811767578
1753063602255,-0.42437225580215454,,
1753063602256,-0.30945056676864624,-7.247847080230713,-6.573879241943359
1753063602306,-0.3477577865123749,,
1753063602307,-0.3669114112854004,,
1753063602308,,-7.1903862953186035,-6.454169273376465
1753063602356,-0.3621230125427246,-7.3436150550842285,
1753063602357,,,-6.545148849487305
1753063602406,-0.3381809890270233,,
1753063602407,-0.35733461380004883,-7.166444301605225,-6.722319602966309
1753063602455,-0.4626794755458832,,
1753063602456,,-7.156867504119873,-6.827664852142334
1753063602506,-0.42437225580215454,,
1753063602507,,-6.950965881347656,-6.83245325088501
1753063602555,-0.32381579279899597,,
1753063602556,-0.26156654953956604,-7.132925510406494,-6.770204067230225
1753063602606,-0.17537526786327362,,
1753063602607,-0.228047713637352,-7.1712327003479,-6.583456039428711
1753063602656,-0.4387374520301819,-7.219116687774658,-6.818088054656982
1753063602706,-0.2950853705406189,,
1753063602707,,-7.2574238777160645,-6.588244438171387
1753063602756,-0.5919663906097412,-7.1472907066345215,-6.727108001708984
1753063602807,-0.4818331003189087,-7.022792339324951,-6.7941460609436035
1753063602855,-0.49619829654693604,,
1753063602856,,-7.252635478973389,-6.545148849487305
1753063602907,-0.32860419154167175,-7.123348712921143,
1753063602908,,,-6.559514045715332
1753063602955,-0.6206967830657959,,
1753063602956,-0.596754789352417,-7.219116687774658,-6.741473197937012
1753063603006,-0.5536591410636902,,
1753063603007,-0.5536591410636902,-7.199963092803955,-6.6361284255981445
1753063603055,-0.4531026780605316,,
1753063603056,-0.3860650360584259,-7.176021099090576,-6.502053260803223
1753063603106,-0.38127660751342773,,
1753063603107,,-7.243058681488037,-6.645705223083496
1753063603155,-0.4339490532875061,,
1753063603156,-0.4866214990615845,-7.290942668914795,-6.60739803314209
1753063603206,-0.5057750940322876,,
1753063603207,-0.4339490532875061,,
1753063603256,-0.4387374520301819,-7.348403453826904,
1753063603257,,,-6.7031660079956055
1753063603306,-0.5009866952896118,,
1753063603307,,-7.108983516693115,-6.559514045715332
1753063603355,-0.5057750940322876,,
1753063603356,,-7.156867504119873,-6.645705223083496
1753063603406,-0.44352585077285767,-7.204751491546631,
1753063603407,,-7.286154270172119,-6.540360450744629
1753063603455,-0.35733461380004883,-7.142502307891846,-6.554725646972656
1753063603506,-0.4339490532875061,-7.362768650054932,-6.612186431884766
1753063603555,-0.33339259028434753,,
1753063603556,,-7.247847080230713,-6.506841659545898
1753063603606,-0.5153518915176392,-7.243058681488037,-6.7510504722595215
1753063603655,-0.4770447015762329,,
1753063603656,-0.4339490532875061,-7.3005194664001465,-6.655282020568848
1753063603706,-0.35254621505737305,,
1753063603707,,-7.094618320465088,-6.535572052001953
1753063603755,-0.37648820877075195,-7.161655902862549,-6.707954406738281
1753063603806,-0.28550854325294495,-7.180809497833252,-6.674435615539551
1753063603855,-0.4818331003189087,,
1753063603856,,-7.199963092803955,-6.631340026855469
1753063603907,-0.30466216802597046,-7.209539890289307,-6.525995254516602
1753063603956,-0.4818331003189087,-7.281365871429443,-6.497264862060547
1753063604010,-0.3669114112854004,,
1753063604011,-0.3860650360584259,-7.252635478973389,-6.559514045715332
1753063604057,-0.5632359385490417,-7.310096263885498,-6.60739803314209
1753063604107,-0.558447539806366,-7.166444301605225,-6.679224014282227
1753063604155,-0.39564183354377747,,
1753063604156,-0.44352585077285767,-7.271789073944092,-6.736684799194336
1753063604206,-0.44352585077285767,,
1753063604207,-0.44352585077285767,-7.209539890289307,-6.506841659545898
1753063604255,-0.3669114112854004,,
1753063604256,-0.2663549482822418,-7.108983516693115,-6.559514045715332
1753063604306,-0.28072014451026917,,
1753063604307,,-7.290942668914795,-6.688800811767578
1753063604356,-0.3908534348011017,-7.1041951179504395,-6.583456039428711
1753063604406,-0.4531026780605316,,
1753063604407,-0.5632359385490417,-7.223905086517334,-6.7031660079956055
1753063604455,-0.3477577865123749,,
1753063604456,,-7.223905086517334,-6.535572052001953
1753063604506,-0.47225627303123474,,
1753063604507,-0.39564183354377747,-7.128137111663818,-6.645705223083496
1753063604556,-0.4770447015762329,-7.271789073944092,-6.707954406738281
1753063604606,-0.41958385705947876,,
1753063604607,,-7.1712327003479,-6.588244438171387
1753063604655,-0.4818331003189087,,
1753063604656,-0.4291606545448303,-7.113771915435791,-6.679224014282227
1753063604706,-0.5057750940322876,,
1753063604707,-0.5536591410636902,-7.223905086517334,-6.7031660079956055
1753063604755,-0.40043023228645325,,
1753063604756,-0.3908534348011017,-7.123348712921143,-6.535572052001953
1753063604806,-0.39564183354377747,,
1753063604807,,-7.180809497833252,-6.770204067230225
1753063604855,-0.39564183354377747,,
1753063604856,-0.5009866952896118,-7.152079105377197,-6.674435615539551
1753063604907,-0.5488707423210144,-7.04673433303833,
1753063604908,,-7.094618320465088,-6.880337238311768
1753063604955,-0.3621230125427246,,
1753063604956,-0.4100070297718048,-7.185597896575928,-6.616974830627441
1753063605006,-0.37169981002807617,,
1753063605007,-0.314238965511322,,
1753063605008,,-7.1472907066345215,-6.497264862060547
1753063605055,0.7296329736709595,,
1753063605056,0.70090252161026,-6.558317184448242,-2.1493945121765137
1753063605106,-0.09397241473197937,,
1753063605107,0.20769700407981873,-8.832808494567871,-12.726977348327637
1753063605155,-1.6166846752166748,,
1753063605156,-1.2623428106307983,-6.716334342956543,-7.761403560638428
1753063605206,-0.960673451423645,,
1753063605207,-0.7691373229026794,-6.931812286376953,-7.028777599334717
1753063605255,-0.8170213103294373,,
1753063605256,-0.4387374520301819,-6.864774703979492,-6.511630058288574
1753063605257,,,-6.6361284255981445
1753063605306,-0.46746787428855896,,
1753063605307,-0.7691373229026794,-7.22869348526001,-6.760627269744873
1753063605355,-0.5297171473503113,,
1753063605356,-0.2902969419956207,-7.243058681488037,-6.727108001708984
1753063605407,-0.6877344250679016,-6.8791399002075195,-6.363189697265625
1753063605456,-0.6302735805511475,,
1753063605457,-0.7547720670700073,-6.630143165588379,-6.1955952644348145
1753063605505,-0.6637924313545227,,
1753063605506,-1.1522095203399658,-6.874351501464844,-5.960963726043701
1753063605556,-1.2192472219467163,,
1753063605557,-0.596754789352417,-6.452971935272217,-6.727108001708984
1753063605605,-0.7691373229026794,,
1753063605606,-0.7212532758712769,-6.974907875061035,-6.980893611907959
1753063605657,-0.6206967830657959,-6.9461774826049805,-6.569090843200684
1753063605705,-0.7499836683273315,,
1753063605706,-0.6446388363838196,-6.678027153015137,-6.564302444458008
1753063605757,-0.4291606545448303,-7.76020622253418,-7.502829551696777
1753063605805,-0.8601169586181641,,
1753063605806,-0.8122329115867615,-6.764218330383301,-6.717531204223633
1753063605857,-0.5871779918670654,-7.295731067657471,-7.2107367515563965
1753063605906,-0.7356184720993042,-6.740276336669922,-6.770204067230225
1753063605956,-0.7116764783859253,,
1753063605957,-0.9558850526809692,-7.324461460113525,-6.95695161819458
1753063606005,-0.5536591410636902,,
1753063606006,-0.5871779918670654,-7.094618320465088,-6.449380874633789
1753063606057,-0.5488707423210144,,
1753063606058,,-7.44417142868042,-6.7749924659729
1753063606106,-0.9654618501663208,-6.907870292663574,-6.401496887207031
1753063606157,-0.8313865661621094,-6.989273548126221,-6.597821235656738
1753063606205,-1.348534107208252,,
1753063606206,-0.8888474106788635,-5.179256916046143,-5.7311201095581055
1753063606256,-0.18974047899246216,,
1753063606257,,-8.435371398925781,-7.794922351837158
1753063606306,-1.18094003200531,-6.658873558044434,-6.545148849487305
1753063606357,-0.9032126069068909,-6.950965881347656,-6.746262073516846
1753063606406,-0.5919663906097412,-6.888716697692871,-6.645705223083496
1753063606456,-0.7212532758712769,,
1753063606457,-0.884058952331543,-7.5782470703125,-6.818088054656982
1753063606506,-0.7930793166160583,-6.764218330383301,-6.7510504722595215
1753063606557,-0.5249287486076355,-8.430583000183105,-6.961740016937256
1753063606606,-1.0181342363357544,-9.043498039245605,-5.903502941131592
1753063606656,-0.9463081955909729,,
1753063606657,-1.18094003200531,-10.954071044921875,-6.248267650604248
1753063606705,-2.0189106464385986,,
1753063606706,-2.6366145610809326,-9.100958824157715,-6.789357662200928
1753063606757,-1.9183541536331177,-7.1041951179504395,-4.44782829284668
1753063606806,-1.7986440658569336,-10.815207481384277,-4.376002311706543
1753063606857,-1.4826093912124634,-10.058639526367188,-3.801393747329712
1753063606906,-2.8137855529785156,-10.049062728881836,-7.373542785644531
1753063606957,-1.128267526626587,-15.704167366027832,1.1450269222259521
1753063607006,-1.0708067417144775,-11.883021354675293,-4.265868663787842
1753063607057,-15.50305461883545,-13.415310859680176,0.010175357572734356
1753063607106,-10.52790355682373,-12.270882606506348,5.77062463760376
1753063607140,-3.8959646224975586,-11.89738655090332,
1753063607141,,-10.07779312133789,1.489791989326477
1753063607201,6.095038890838623,,
1753063607202,,-7.408258438110352,-1.591545581817627
1753063607243,8.877100944519043,-5.904699802398682,-0.3130418658256531
1753063607291,9.032724380493164,,
1753063607292,8.537124633789062,-3.1417911052703857,6.429029941558838
1753063607341,-4.52803373336792,,
1753063607342,-8.076240539550781,2.4175450801849365,10.944494247436523
1753063607343,,,22.10147476196289
1753063607395,3.006518840789795,-2.4355015754699707,37.453094482421875
1753063607444,3.648164749145508,-0.048482585698366165,7.408258438110352
1753063607491,-3.7690720558166504,1.898003339767456,
1753063607492,,1.977012038230896,
1753063607493,,,0.7260416746139526
1753063607542,-7.6117658615112305,2.4127566814422607,2.983773946762085
1753063607592,-5.990890979766846,3.0807390213012695,6.548740386962891
1753063607640,-4.202422618865967,2.3074119091033936,13.709797859191895
1753063607689,-1.8393454551696777,,
1753063607690,0.7463923692703247,,
1753063607693,-1.7196353673934937,4.258686065673828,8.42579460144043
1753063607758,-2.6665420532226562,,
1753063607759,,4.068347454071045,5.890334606170654
1753063607808,0.1933317929506302,,
1753063607809,0.9846154451370239,4.194042682647705,4.945822238922119
1753063607855,3.050811529159546,,
1753063607856,-3.2818520069122314,6.253056526184082,7.324461460113525
1753063607906,-4.229955673217773,3.109469413757324,11.364676475524902
1753063607957,-2.0452468395233154,,
1753063607960,-1.975814938545227,4.069544315338135,8.276156425476074
1753063608063,-1.323395013809204,,
1753063608064,-0.2890998423099518,4.635773181915283,7.504026889801025
1753063608147,-0.8337807655334473,4.2275614738464355,9.82640266418457
1753063608407,0.961870551109314,4.8931498527526855,10.276512145996094
1753063608456,-0.2663549482822418,3.9713821411132812,9.257779121398926
1753063608506,-0.11312603205442429,4.472967147827148,8.683171272277832
1753063608552,-0.04728548228740692,4.399944305419922,
1753063608553,,,8.728660583496094
1753063608602,-5.985504249110818E-4,4.334103584289551,
1753063608603,,,8.743025779724121
1753063608652,0.050876785069704056,4.285022258758545,
1753063608653,,,9.030330657958984
1753063608702,-0.5333084464073181,,
1753063608703,,3.9007530212402344,9.124900817871094
1753063608752,-0.2041056901216507,4.117428302764893,
1753063608753,,,8.69753646850586
1753063608802,-0.6123170852661133,3.9223008155822754,9.387065887451172
1753063608852,-0.25318682193756104,4.1210198402404785,8.98124885559082
1753063608901,-0.3824737071990967,,
1753063608902,,3.976170539855957,8.988431930541992
1753063608952,-0.12629413604736328,4.137779235839844,9.088988304138184
1753063609002,-0.20051439106464386,4.168903827667236,8.543109893798828
1753063609052,-0.0999579206109047,,
1753063609053,,4.103063106536865,8.816049575805664
1753063609102,-0.011372458189725876,4.276642799377441,8.82442855834961
1753063609142,-0.08798690885305405,4.243124008178711,
1753063609143,,,8.73225212097168
1753063609152,-0.15263035893440247,4.154538631439209,9.19552993774414
1753063609202,-0.041299980133771896,4.057573318481445,
1753063609203,,,8.957306861877441
1753063609252,-0.0065840547904372215,,
1753063609253,,4.478952884674072,8.40304946899414
1753063609302,-0.11911153793334961,,
1753063609303,,4.190451622009277,8.562263488769531
1753063609342,0.6973112225532532,5.1146135330200195,
1753063609343,,,6.863577842712402
1753063609352,-1.0157400369644165,,
1753063609353,,4.215590476989746,1.0360907316207886
1753063609402,0.8182184100151062,,
1753063609403,,4.731541156768799,4.240729808807373
1753063609453,3.1896753311157227,2.676118850708008,7.556699275970459
1753063609502,7.128137111663818,2.2475569248199463,
1753063609503,,,11.400589942932129
1753063609553,6.959345817565918,4.662109375,13.616423606872559
1753063609603,0.4902127981185913,3.3249475955963135,6.807313919067383
1753063609653,2.479794502258301,5.23911190032959,6.206369400024414
1753063609703,1.6932991743087769,4.860827922821045,8.556278228759766
1753063609753,2.0931308269500732,4.671686172485352,8.271368026733398
1753063609803,1.653794765472412,,
1753063609804,,4.562749862670898,7.561487674713135
1753063609853,2.5683798789978027,5.434239387512207,8.839991569519043
1753063609902,2.6449942588806152,4.873996257781982,
1753063609903,,,6.7749924659729
1753063609953,3.60028076171875,,
1753063609954,3.686472177505493,5.7311201095581055,6.808511257171631
1753063610002,2.3576900959014893,,
1753063610003,2.1733365058898926,4.190451622009277,6.170456409454346
1753063610054,4.802170276641846,5.230731964111328,
1753063610055,,,6.745064735412598
1753063610097,3.8720226287841797,5.204395771026611,6.596624374389648
1753063610153,4.3424835205078125,,
1753063610154,5.7538652420043945,5.771821975708008,7.79372501373291
1753063610203,3.7702691555023193,4.883573055267334,6.909067630767822
1753063610253,3.7858314514160156,4.731541156768799,
1753063610254,,,7.041945934295654
1753063610303,3.0783448219299316,,
1753063610304,,1.2360066175460815,3.605069160461426
1753063610353,5.449801445007324,,
1753063610354,4.080318450927734,0.17896658182144165,3.7283706665039062
1753063610403,3.1441853046417236,,
1753063610404,,-2.692878246307373,5.258265495300293
1753063610454,2.934692621231079,-2.5707740783691406,3.863642930984497
1753063610502,8.082226753234863,-6.566696643829346,
1753063610503,,,4.381987571716309
1753063610554,15.020623207092285,-7.560290336608887,5.37438440322876
1753063610604,15.87415599822998,-4.598662853240967,7.74823522567749
1753063610654,12.855067253112793,-3.5260605812072754,9.419387817382812
1753063610667,8.752602577209473,,
1753063610668,,-1.2635399103164673,12.86823558807373
1753063610706,5.767033576965332,,
1753063610707,,-4.8919525146484375,8.177994728088379
1753063610754,7.355586051940918,,
1753063610755,,-4.483741283416748,
1753063610758,,,4.498106479644775
1753063610804,8.653243064880371,,
1753063610805,7.361571788787842,-4.87639045715332,3.3189620971679688
1753063610854,4.895544052124023,-7.7877397537231445,
1753063610855,,,-1.4945803880691528
1753063610904,4.372410774230957,-6.344036102294922,
1753063610905,,-5.2666449546813965,5.914276599884033
1753063610954,9.510367393493652,-3.515286684036255,
1753063610955,,,2.4151508808135986
1753063610984,10.105326652526855,-5.300164222717285,3.1453824043273926
1753063611024,7.7434468269348145,-4.44782829284668,4.779425144195557
1753063611074,6.320094108581543,-4.939836502075195,3.133411407470703
1753063611125,6.9246296882629395,-2.873640537261963,2.453458309173584
1753063611181,6.356007099151611,,
1753063611182,6.886322498321533,-5.745485305786133,2.743156671524048
1753063611224,7.592612266540527,-4.507683277130127,3.5272576808929443
1753063611252,12.261305809020996,-0.4339490532875061,9.413402557373047
1753063611291,9.925761222839355,-9.27334213256836,-1.5041571855545044
1753063611324,5.026028156280518,-12.443264961242676,-5.896320343017578
1753063611374,8.565855026245117,-7.3651628494262695,
1753063611375,,-6.931812286376953,2.4402899742126465
1753063611427,13.402142524719238,-5.58866548538208,0.37169981002807617
1753063611476,9.31045150756836,-5.035604953765869,-0.8661024570465088
1753063611524,5.6233811378479,-4.374804973602295,1.6573861837387085
1753063611574,7.799710750579834,-5.416282653808594,1.6549919843673706
1753063611625,3.957016944885254,-5.81611442565918,2.3493103981018066
1753063611626,,,3.472191095352173
1753063611675,6.051943302154541,-6.713940143585205,3.247136116027832
1753063611724,8.070255279541016,-2.0189106464385986,1.6382324695587158
1753063611743,8.326435089111328,-2.425924777984619,
1753063611744,,,5.19362211227417
1753063611793,6.296152114868164,-6.158485412597656,3.3285388946533203
1753063611842,0.19812019169330597,,
1753063611843,,-11.19349193572998,1.6549919843673706
1753063611894,5.903502941131592,-11.030685424804688,3.4171242713928223
1753063611942,5.546766757965088,-8.126519203186035,4.422688961029053
1753063611992,5.630563735961914,,
1753063611993,4.000112533569336,-8.930971145629883,2.476203203201294
1753063612042,3.7870285511016846,-8.770559310913086,2.337339401245117
1753063612094,3.980958938598633,-4.453813552856445,2.5743653774261475
1753063612143,4.150947093963623,-7.726687431335449,2.7012581825256348
1753063612192,3.6792895793914795,,
1753063612193,4.900332450866699,-10.130465507507324,2.4187421798706055
1753063612242,3.375225782394409,,
1753063612243,4.028842926025391,-9.43135929107666,1.8489222526550293
1753063612292,4.136581897735596,,
1753063612293,3.1956608295440674,-5.945401191711426,
1753063612294,,,3.795408248901367
1753063612342,3.8780081272125244,,
1753063612343,,-4.846462726593018,6.376357555389404
1753063612392,3.6840779781341553,,
1753063612393,5.838859558105469,-7.688380241394043,3.9917328357696533
1753063612442,5.427056789398193,-5.9956793785095215,
1753063612443,,,4.370016574859619
1753063612492,2.891597032546997,,
1753063612493,,-9.323619842529297,3.8337154388427734
1753063612542,3.75829815864563,-8.918999671936035,7.120954513549805
1753063612592,6.174047470092773,-11.909358024597168,5.368398666381836
1753063612642,1.5843629837036133,-6.1321492195129395,5.784989833831787
1753063612692,-5.016450881958008,,
1753063612693,,-3.2567129135131836,4.544793605804443
1753063612742,5.13735818862915,-20.95225715637207,-0.03770867735147476
1753063612792,-3.2399535179138184,-12.017096519470215,
1753063612793,,,6.505644798278809
1753063612842,-1.0181342363357544,-5.483320236206055,5.6892218589782715
1753063612893,0.43993455171585083,,
1753063612894,,-7.729081630706787,5.904699802398682
1753063612941,2.010530948638916,-7.8727335929870605,
1753063612942,,,6.740276336669922
1753063612991,0.9786299467086792,,
1753063612992,,-8.061875343322754,6.733093738555908
1753063613041,1.4335283041000366,,
1753063613042,1.4359225034713745,-7.997232437133789,7.187992095947266
1753063613092,1.8740613460540771,,
1753063613093,1.9410990476608276,-7.456142425537109,6.718728542327881
1753063613142,1.6250643730163574,-6.8360443115234375,6.464942932128906
1753063613192,2.0632033348083496,-7.1688385009765625,6.699574947357178
1753063613193,,,6.469731330871582
1753063613243,1.0552444458007812,-7.420229434967041,6.031592845916748
1753063613292,1.6514005661010742,,
1753063613293,2.18770170211792,-6.766612529754639,
1753063613294,,,6.819284915924072
1753063613342,1.3952209949493408,,
1753063613343,1.227626919746399,-7.075464725494385,
1753063613344,,,6.476913928985596
1753063613392,1.0528502464294434,-6.8144965171813965,6.385934352874756
1753063613441,1.1318588256835938,-6.864774703979492,6.52719259262085
1753063613490,0.8637082576751709,,
1753063613491,0.9091981053352356,-7.09222412109375,6.56071138381958
1753063613540,1.2204443216323853,,
1753063613541,1.5005658864974976,-6.862380504608154,6.546346187591553
1753063613592,1.3281834125518799,-7.290942668914795,
1753063613593,,,7.298125267028809
1753063613641,0.961870551109314,,
1753063613642,1.002571940422058,-6.938994884490967,6.584653377532959
1753063613692,1.270722508430481,,
1753063613693,0.9403226971626282,-6.668450355529785,6.922235488891602
1753063613741,1.148618221282959,-6.962936878204346,7.204751491546631
1753063613749,1.1390414237976074,,
1753063613750,0.7104793787002563,-6.871957302093506,6.630143165588379
1753063613791,0.9403226971626282,,
1753063613792,1.2180501222610474,-7.238270282745361,6.689998149871826
1753063613842,1.3186066150665283,-6.927023887634277,6.613383769989014
1753063613892,1.1079168319702148,,
1753063613893,1.1797429323196411,-7.04673433303833,6.646902561187744
1753063613941,1.3186066150665283,,
1753063613942,1.304241418838501,-6.998850345611572,6.74267053604126
1753063613993,1.2659341096878052,-7.003638744354248,6.800131320953369
1753063614042,1.2228385210037231,-7.003638744354248,6.761824131011963
1753063614092,1.20368492603302,,
1753063614093,1.2946646213531494,-6.974907875061035,6.915052890777588
1753063614142,1.1127052307128906,-6.831255912780762,6.498462200164795
1753063614192,1.1127052307128906,,
1753063614193,1.1318588256835938,-6.764218330383301,6.8336501121521
1753063614242,0.945111095905304,-7.3867106437683105,6.881534099578857
1753063614292,1.184531331062317,,
1753063614293,1.246780514717102,-7.0802531242370605,6.65169095993042
1753063614341,1.447893500328064,,
1753063614342,1.447893500328064,-6.749853134155273,6.785766124725342
1753063614391,1.4047977924346924,,
1753063614392,,-6.970119476318359,6.86716890335083
1753063614442,1.0552444458007812,-6.764218330383301,6.680421352386475
1753063614492,1.0648212432861328,,
1753063614493,1.2515689134597778,-7.118560314178467,7.422623634338379
1753063614541,1.6968904733657837,,
1753063614542,1.5963339805603027,-6.429029941558838,6.3931169509887695
1753063614593,1.1605892181396484,-6.448183536529541,6.9246296882629395
1753063614642,0.8254010081291199,-6.563105583190918,6.369174957275391
1753063614693,1.0743980407714844,-6.8791399002075195,7.082647323608398
1753063614741,1.5388731956481934,,
1753063614742,1.304241418838501,-6.769006729125977,7.259818077087402
1753063614792,1.1988965272903442,-6.759429931640625,
1753063614793,,-6.534375190734863,6.642114162445068
1753063614842,1.7735048532485962,-6.587047576904297,6.982090473175049
1753063614893,1.8692729473114014,-6.931812286376953,7.451354026794434
1753063614941,1.711255669593811,,
1753063614942,1.347337007522583,-6.831255912780762,6.862380504608154
1753063614992,0.9355342984199524,,
1753063614993,0.7583633661270142,-7.1472907066345215,7.034763336181641
1753063615041,0.5476736426353455,,
1753063615042,0.15502455830574036,-7.276577472686768,6.876745700836182
1753063615093,-0.012569558806717396,-6.6397199630737305,6.397905349731445
1753063615141,0.4279635548591614,,
1753063615142,0.36092591285705566,-7.070676326751709,6.412270545959473
1753063615192,0.6434416770935059,,
1753063615193,1.2563573122024536,-6.927023887634277,6.905476093292236
1753063615242,1.447893500328064,-6.534375190734863,7.571064472198486
1753063615294,1.371279001235962,-6.467337131500244,7.087435722351074
1753063615341,0.657806932926178,,
1753063615342,,-6.678027153015137,6.6612677574157715
1753063615393,0.4902127981185913,-6.735487937927246,6.852803707122803
1753063615442,0.6386532783508301,-7.195174694061279,6.996456146240234
1753063615493,0.375291109085083,,
1753063615494,0.49978959560394287,-7.094618320465088,6.962936878204346
1753063615541,0.7296329736709595,,
1753063615542,0.8684966564178467,-6.553528785705566,6.871957302093506
1753063615593,0.9259575009346008,-6.783371925354004,7.077858924865723
1753063615642,0.7966706156730652,-6.649296760559082,6.838438510894775
1753063615692,0.7583633661270142,,
1753063615693,0.8062474131584167,-6.816890716552734,7.18320369720459
1753063615743,0.5428852438926697,-6.9940619468688965,6.910264492034912
1753063615793,0.5811924338340759,-6.764218330383301,6.943783283233643
1753063615842,0.6051344871520996,-6.797737121582031,6.948571681976318
1753063615892,0.6338648796081543,,
1753063615893,0.7248445749282837,-6.850409507751465,6.953360080718994
1753063615941,0.7296329736709595,,
1753063615942,0.6338648796081543,-6.701969146728516,7.077858924865723
1753063615992,0.6817489266395569,,
1753063615993,0.7679402232170105,-6.745064735412598,7.025186538696289
1753063616042,0.6147112846374512,-6.783371925354004,6.953360080718994
1753063616092,0.6338648796081543,,
1753063616093,,-6.692392349243164,7.140108108520508
1753063616141,0.5285200476646423,,
1753063616142,0.5093663930892944,-6.769006729125977,6.95814847946167
1753063616193,0.4902127981185913,-6.69718074798584,7.020398139953613
1753063616242,0.7152677774429321,-6.759429931640625,7.116166114807129
1753063616293,0.6769605278968811,-7.267000675201416,7.250241279602051
1753063616341,0.6434416770935059,,
1753063616342,0.8780734539031982,-6.606201171875,6.326079368591309
1753063616392,1.1079168319702148,,
1753063616393,1.1510124206542969,-6.922235488891602,7.073070526123047
1753063616441,1.0360907316207886,,
1753063616442,0.9594763517379761,-6.73069953918457,7.077858924865723
1753063616492,0.839766263961792,,
1753063616493,0.7104793787002563,-6.706757545471191,6.991667747497559
1753063616541,0.657806932926178,,
1753063616542,0.7966706156730652,-6.888716697692871,6.905476093292236
1753063616592,0.8062474131584167,,
1753063616593,0.7200561761856079,-6.831255912780762,7.025186538696289
1753063616641,0.7248445749282837,-6.826467514038086,
1753063616642,,,6.953360080718994
1753063616693,0.7918822169303894,,
1753063616694,0.8445546627044678,-6.888716697692871,6.862380504608154
1753063616741,0.9020155072212219,,
1753063616742,0.8493430614471436,-6.740276336669922,6.948571681976318
1753063616792,0.8301894664764404,,
1753063616793,0.801459014415741,-6.831255912780762,6.919841289520264
1753063616842,0.7918822169303894,-6.883928298950195,6.848015308380127
1753063616892,0.7344213724136353,,
1753063616893,0.6290764808654785,-6.845621109008789,7.020398139953613
1753063616941,0.7104793787002563,,
1753063616942,0.7727286219596863,-6.78816032409668,6.843226909637451
1753063616993,0.7344213724136353,-6.6828155517578125,7.029974937438965
1753063617042,0.7152677774429321,-6.567893981933594,7.049128532409668
1753063617093,0.5620388388633728,-6.831255912780762,6.948571681976318
1753063617142,0.4471171796321869,-6.740276336669922,6.929418087005615
1753063617192,0.7056909799575806,,
1753063617193,0.9020155072212219,-6.8791399002075195,7.120954513549805
1753063617242,0.9307458996772766,-6.754641532897949,7.063493728637695
1753063617293,0.8493430614471436,-6.692392349243164,7.00124454498291
1753063617341,0.6386532783508301,,
1753063617342,0.8110358119010925,-6.941389083862305,7.226299285888672
1753063617392,0.7200561761856079,,
1753063617393,0.5524620413780212,-6.749853134155273,6.666056156158447
1753063617442,0.7679402232170105,-6.764218330383301,6.929418087005615
1753063617493,0.8110358119010925,-6.754641532897949,6.824073314666748
1753063617541,0.7870938181877136,,
1753063617542,0.6338648796081543,-6.797737121582031,7.087435722351074
1753063617592,0.6003460884094238,,
1753063617593,0.5859808921813965,-6.898293495178223,6.838438510894775
1753063617641,0.595557689666748,,
1753063617642,0.6865373253822327,-6.883928298950195,6.934206485748291
1753063617693,0.8254010081291199,-6.678027153015137,7.025186538696289
1753063617741,0.7439981698989868,,
1753063617742,0.7056909799575806,-6.831255912780762,7.063493728637695
1753063617793,0.6769605278968811,-6.759429931640625,7.049128532409668
1753063617841,0.7104793787002563,,
1753063617842,0.6961141228675842,-6.778583526611328,7.010821342468262
1753063617893,0.6961141228675842,-6.802525520324707,
1753063617894,,-6.888716697692871,6.819284915924072
1753063617942,0.7104793787002563,,
1753063617943,,-6.797737121582031,6.9677252769470215
1753063617993,0.6530185341835022,-6.91265869140625,
1753063618041,0.739209771156311,,
1753063618042,,-6.8791399002075195,6.881534099578857
1753063618092,0.7727286219596863,-6.816890716552734,
1753063618093,,,7.00124454498291
1753063618141,0.7535749673843384,-6.883928298950195,6.948571681976318
1753063618192,0.7679402232170105,,
1753063618193,,-6.735487937927246,7.039551734924316
1753063618241,0.7870938181877136,-6.7259111404418945,
1753063618242,,,7.097012519836426
1753063618292,0.7583633661270142,-6.625354766845703,
1753063618293,,-6.745064735412598,6.95814847946167
1753063618342,0.5764040350914001,-6.69718074798584,7.034763336181641
1753063618390,0.5620388388633728,-6.864774703979492,
1753063618391,,-6.735487937927246,6.910264492034912
1753063618442,0.6530185341835022,,
1753063618443,,-6.754641532897949,7.0156097412109375
1753063618491,0.839766263961792,,
1753063618492,,-6.711545944213867,7.116166114807129
1753063618542,0.7679402232170105,-6.797737121582031,6.962936878204346
1753063618591,0.7631517648696899,,
1753063618592,,-6.778583526611328,7.00124454498291
1753063618642,0.8254010081291199,-6.7929487228393555,
1753063618643,,-6.6828155517578125,7.044340133666992
1753063618691,0.7583633661270142,-6.78816032409668,
1753063618692,,,6.972513675689697
1753063618742,0.7535749673843384,-6.668450355529785,7.068282127380371
1753063618791,0.7439981698989868,-6.764218330383301,7.034763336181641
1753063618842,0.6769605278968811,-6.764218330383301,6.982090473175049
1753063618890,0.7152677774429321,-6.692392349243164,7.0587053298950195
1753063618891,,,6.986878871917725
1753063618942,0.7152677774429321,-6.802525520324707,6.962936878204346
1753063618991,0.801459014415741,-6.769006729125977,
1753063618992,,-6.831255912780762,7.049128532409668
1753063619042,0.7487865686416626,,
1753063619043,0.7296329736709595,-6.82167911529541,7.231087684631348
1753063619091,0.5764040350914001,,
1753063619092,,-6.8360443115234375,6.709151744842529
1753063619142,0.7631517648696899,-6.754641532897949,7.034763336181641
1753063619143,,,6.9006876945495605
1753063619191,0.9163807034492493,-6.658873558044434,7.068282127380371
1753063619242,0.9115923047065735,-6.716334342956543,
1753063619243,,-6.769006729125977,7.0587053298950195
1753063619291,0.70090252161026,-6.692392349243164,
1753063619292,,-6.802525520324707,6.977302074432373
1753063619342,0.6242880821228027,-6.91265869140625,
1753063619343,,,6.986878871917725
1753063619390,0.6290764808654785,-6.826467514038086,
1753063619391,,,6.876745700836182
1753063619443,0.7248445749282837,-6.778583526611328,7.053916931152344
1753063619492,0.8158242106437683,-6.759429931640625,7.034763336181641
1753063619542,0.7200561761856079,-6.673238754272461,
1753063619543,,,7.164050102233887
1753063619591,0.7727286219596863,-6.711545944213867,
1753063619592,,-6.596624374389648,7.130531311035156
1753063619642,0.8637082576751709,-6.620566368103027,7.034763336181641
1753063619643,,,7.053916931152344
1753063619691,0.7631517648696899,-6.673238754272461,7.09222412109375
1753063619742,0.6913257241249084,-6.82167911529541,7.006032943725586
1753063619791,0.6817489266395569,-6.7929487228393555,7.039551734924316
1753063619842,0.6769605278968811,-6.7929487228393555,6.996456146240234
1753063619843,,,6.996456146240234
1753063619890,0.5811924338340759,,
1753063619891,,-6.6828155517578125,7.077858924865723
1753063619942,0.6913257241249084,,
1753063619943,,-6.543951988220215,7.259818077087402
1753063619991,0.6817489266395569,,
1753063619992,,-6.663661956787109,7.226299285888672
1753063620042,0.5237316489219666,-6.577470779418945,7.077858924865723
1753063620116,0.6242880821228027,,
1753063620117,0.6530185341835022,-6.6828155517578125,7.197568893432617
1753063620119,0.7775170207023621,-6.69718074798584,7.010821342468262
1753063620167,0.8924387097358704,,
1753063620168,,-6.620566368103027,6.943783283233643
1753063620217,0.70090252161026,-6.548740386962891,7.053916931152344
1753063620268,0.7870938181877136,-6.740276336669922,6.996456146240234
1753063620317,0.8301894664764404,-6.797737121582031,7.159261703491211
1753063620368,0.739209771156311,-6.749853134155273,6.8336501121521
1753063620433,0.7966706156730652,,
1753063620434,,-6.658873558044434,6.962936878204346
1753063620438,0.7104793787002563,-6.826467514038086,6.943783283233643
1753063620484,0.7535749673843384,-6.840832710266113,7.202357292175293
1753063620535,0.6242880821228027,-6.797737121582031,6.915052890777588
1753063620585,0.6338648796081543,-6.668450355529785,6.862380504608154
1753063620634,0.5907692909240723,-6.855197906494141,
1753063620635,,-6.970119476318359,6.9677252769470215
1753063620685,0.43754035234451294,-7.0132155418396,6.9246296882629395
1753063620734,0.46627077460289,-6.802525520324707,6.948571681976318
1753063620785,0.595557689666748,-6.745064735412598,6.929418087005615
1753063620834,0.4854243993759155,-6.936600685119629,
1753063620835,,,6.77618932723999
1753063621785,0.4710591733455658,-6.874351501464844,6.905476093292236
1753063621836,0.13108254969120026,-3.4985272884368896,8.614935874938965
1753063621888,0.518943190574646,-3.053205728530884,7.958924770355225
1753063621936,0.9020155072212219,,
1753063621937,,-2.4594438076019287,8.06427001953125
1753063621988,-0.012569558806717396,-2.2679076194763184,7.599794864654541
1753063622036,0.17896658182144165,,
1753063622037,,-2.6605565547943115,8.083423614501953
1753063622088,0.5380968451499939,-2.8808231353759766,8.567051887512207
1753063622136,0.739209771156311,-3.603872060775757,
1753063622137,,-4.31255578994751,9.323619842529297
1753063622188,1.7974469661712646,-4.5854949951171875,11.708245277404785
1753063622236,0.5716156363487244,,
1753063622237,0.4231751561164856,-3.1010897159576416,8.289324760437012
1753063622288,0.4423287510871887,-3.838503837585449,8.916605949401855
1753063622336,0.9259575009346008,,
1753063622337,,-3.6517560482025146,9.06983470916748
1753063622388,1.447893500328064,-3.929483652114868,9.352350234985352
1753063622436,0.5811924338340759,-3.450643301010132,8.76337718963623
1753063622488,0.8972271084785461,-3.9246952533721924,8.777742385864258
1753063622536,0.9307458996772766,,
1753063622537,,-4.0779242515563965,9.213486671447754
1753063622588,1.0648212432861328,-3.843292236328125,9.088988304138184
1753063622636,0.8110358119010925,,
1753063622637,,-3.757101058959961,8.959701538085938
1753063622688,0.9498994946479797,-3.8720226287841797,9.026739120483398
1753063622737,0.8637082576751709,-3.7906198501586914,8.863933563232422
1753063622788,0.9498994946479797,-3.7714662551879883,
1753063622789,,-3.7044286727905273,9.03631591796875
1753063622837,0.8876502513885498,-3.6756980419158936,8.830414772033691
1753063622888,0.7200561761856079,-3.733159065246582,
1753063622889,,,8.801684379577637
1753063622937,1.20368492603302,-3.7475242614746094,9.06983470916748
1753063622988,1.2132617235183716,-3.7906198501586914,
1753063622989,,-3.8145618438720703,8.859145164489746
1753063623038,0.8876502513885498,-3.757101058959961,8.993220329284668
1753063623087,1.0121487379074097,-3.8145618438720703,9.026739120483398
1753063623137,0.983418345451355,,
1753063623138,,-3.8097734451293945,8.993220329284668
1753063623187,0.9498994946479797,-3.642179250717163,8.897452354431152
1753063623237,0.983418345451355,,
1753063623238,1.0887632369995117,-3.776254653930664,9.108141899108887
1753063623287,1.002571940422058,-3.5942952632904053,8.82083797454834
1753063623337,0.9115923047065735,,
1753063623338,0.9115923047065735,-3.5942952632904053,8.921394348144531
1753063623387,0.9068039059638977,,
1753063623388,,-3.2974143028259277,8.614935874938965
1753063623437,1.692102074623108,,
1753063623438,1.2372037172317505,-3.843292236328125,9.898228645324707
1753063623486,0.6913257241249084,,
1753063623487,0.6242880821228027,-3.7666778564453125,8.67718505859375
1753063623537,0.9259575009346008,-3.9486372470855713,9.328408241271973
1753063623587,0.8349778652191162,-3.7618894577026367,9.40023422241211
1753063623638,1.0743980407714844,-4.106654644012451,9.223063468933105
1753063623687,0.9929951429367065,,
1753063623688,,-4.350862979888916,10.434529304504395
1753063623737,1.0313023328781128,,
1753063623738,0.1693897694349289,-2.981379747390747,8.547898292541504
1753063626795,-0.07481880486011505,-3.1202433109283447,7.815272808074951
1753063626796,0.945111095905304,-6.112995624542236,8.873510360717773
1753063626797,0.6338648796081543,-6.275801181793213,7.384316444396973
1753063626798,0.739209771156311,-6.208763599395752,7.393893241882324
1753063626847,0.8541314601898193,,
1753063626848,0.7104793787002563,-6.184821605682373,7.513603687286377
1753063626897,0.7583633661270142,-6.271012783050537,7.446565628051758
1753063632144,0.9068039059638977,-6.0651116371154785,
1753063632145,1.9937714338302612,-3.9390604496002197,7.527968883514404
1753063632146,2.870049238204956,-2.2631192207336426,8.935759544372559
1753063632150,2.4582467079162598,,
1753063632151,,-2.698863983154297,8.916605949401855
1753063632202,2.649782657623291,-2.919130325317383,9.337985038757324
1753063632253,2.3289597034454346,-3.0101101398468018,9.026739120483398
1753063632302,2.472611904144287,-2.5983073711395264,8.768165588378906
1753063632353,2.3720552921295166,-2.6222493648529053,9.361927032470703
1753063632402,2.8844144344329834,-2.411559581756592,9.261370658874512
1753063632403,,,8.437765121459961
1753063632453,2.4007856845855713,-2.981379747390747,
1753063632454,,,8.758588790893555
1753063632503,2.4007856845855713,-2.3971943855285645,8.24622917175293
1753063632553,2.252345323562622,-2.986168146133423,8.988431930541992
1753063632602,2.625840663909912,-2.3971943855285645,
1753063632603,,,8.083423614501953
1753063632653,2.587533473968506,-3.2543187141418457,10.037092208862305
1753063632702,2.7263972759246826,-2.4450783729553223,8.107365608215332
1753063632753,2.3720552921295166,-3.029263734817505,
1753063632754,,,9.529520988464355
1753063632802,2.5779566764831543,-2.866457939147949,
1753063632803,,,9.06983470916748
1753063632853,2.410362482070923,-2.234388828277588,
1753063632854,,-2.5073277950286865,8.46170711517334
1753063632902,2.8987796306610107,-3.0436289310455322,
1753063632903,,,9.955689430236816
1753063632954,2.2810757160186768,-2.962226152420044,8.476072311401367
1753063633003,2.228403329849243,-3.244741916656494,9.409811019897461
1753063633053,2.7694928646087646,-2.722805976867676,
1753063633054,,,8.672396659851074
1753063633102,2.338536500930786,-2.229600429534912,8.102577209472656
1753063633153,2.716820478439331,-3.1010897159576416,9.654019355773926
1753063633202,2.477400302886963,-3.139396905899048,8.835203170776367
1753063633253,2.036867141723633,,
1753063633254,,-2.890399932861328,8.844779968261719
1753063633302,2.7455508708953857,-2.8425159454345703,
1753063633303,,,9.088988304138184
1753063633353,2.7024552822113037,,
1753063633354,,-2.5552117824554443,8.87829875946045
1753063633402,2.008136749267578,-3.5033156871795654,8.97885513305664
1753063633453,2.8604724407196045,-2.9526493549346924,8.930971145629883
1753063633502,2.9753942489624023,,
1753063633503,2.5061306953430176,-2.8808231353759766,9.55825138092041
1753063633552,2.2427685260772705,,
1753063633553,,-2.4402899742126465,7.8296380043029785
1753063633602,2.937086820602417,-3.0867245197296143,9.170391082763672
1753063633653,2.3098061084747314,-3.158550500869751,8.97885513305664
1753063633702,2.874837636947632,-2.9239187240600586,8.863933563232422
1753063633753,2.649782657623291,,
1753063633754,,-2.694075345993042,9.065046310424805
1753063633802,2.937086820602417,-2.8185739517211914,
1753063633803,,-3.1298201084136963,9.151237487792969
1753063633853,2.0655975341796875,-3.273472309112549,
1753063633854,,,8.7298583984375
1753063633903,2.4343044757843018,-2.6126725673675537,8.930971145629883
1753063633953,3.0615854263305664,-2.5791537761688232,9.620500564575195
1753063633954,,,9.108141899108887
1753063634002,2.980182647705078,-2.876034736633301,9.3427734375
1753063634052,2.4678235054016113,-2.5456349849700928,9.208698272705078
1753063634102,2.7120320796966553,-3.00053334236145,
1753063634103,,,9.711481094360352
1753063634153,3.2770636081695557,-2.2631192207336426,
1753063634154,,-2.1960813999176025,9.136872291564941
1753063634202,2.3529016971588135,-3.110666513442993,9.448118209838867
1753063634253,3.0137014389038086,,
1753063634254,,-2.3684639930725098,8.715493202209473
1753063634302,2.0703859329223633,-2.8856115341186523,9.12729549407959
1753063634353,2.893991231918335,-2.1960813999176025,
1753063634354,,-2.081159830093384,8.85435676574707
1753063634402,2.9514522552490234,,
1753063634403,,-2.4355015754699707,9.414599418640137
1753063634453,2.5061306953430176,-2.4833858013153076,8.672396659851074
1753063634502,2.7694928646087646,-2.540846586227417,9.740211486816406
1753063634553,2.735974073410034,-2.3301568031311035,8.394669532775879
1753063634602,3.1429882049560547,,
1753063634603,,-2.4594438076019287,
1753063634653,1.8644845485687256,-2.4881742000579834,7.796119213104248
1753063634654,,,8.710704803466797
1753063634702,3.109469413757324,-2.6222493648529053,
1753063634703,,-2.138620615005493,10.142436981201172
1753063634755,2.1996726989746094,-2.3684639930725098,7.5231804847717285
1753063634803,3.004124641418457,-2.301426410675049,9.79288387298584
1753063634853,2.3050177097320557,,
1753063634854,,-2.7036523818969727,8.09778881072998
1753063634902,2.7024552822113037,-2.430713176727295,
1753063634903,,,9.227851867675781
1753063634953,2.319382905960083,,
1753063634954,,-2.9526493549346924,8.270171165466309
1753063635002,2.381632089614868,-3.666121244430542,
1753063635003,,,9.007585525512695
1753063635053,1.1079168319702148,-4.015674591064453,7.968502044677734
1753063635102,1.9506758451461792,-4.4945149421691895,9.103353500366211
1753063635153,2.429516077041626,-4.417900562286377,
1753063635154,,,9.563039779663086
1753063635202,1.2180501222610474,-4.413112163543701,
1753063635203,,,8.859145164489746
1753063635253,2.4438812732696533,,
1753063635254,,-3.4362781047821045,9.452906608581543
1753063635302,1.1174936294555664,-3.848080635070801,8.203133583068848
1753063635353,2.2858641147613525,-3.9917328357696533,9.46727180480957
1753063635402,1.7735048532485962,-3.3692402839660645,7.130531311035156
1753063635453,1.8884265422821045,-4.370016574859619,9.25179386138916
1753063635502,2.1757307052612305,-4.135385036468506,8.562263488769531
1753063635553,1.2324153184890747,,
1753063635554,,-4.398746967315674,7.920617580413818
1753063635602,2.692878246307373,,
1753063635603,2.0033483505249023,-3.6134488582611084,8.78731918334961
1753063635653,1.4957774877548218,,
1753063635654,1.6394295692443848,-4.202422618865967,8.346785545349121
1753063635703,2.338536500930786,-4.642955780029297,9.318831443786621
1753063635753,1.6968904733657837,-4.441842555999756,8.614935874938965
1753063635802,1.6873136758804321,,
1753063635803,,-3.646967649459839,7.958924770355225
1753063635853,2.118269920349121,-3.953425645828247,9.175179481506348
1753063635902,1.754351258277893,-4.197634220123291,8.744223594665527
1753063635903,,,8.849568367004395
1753063635953,2.2427685260772705,-3.6326024532318115,9.361927032470703
1753063636002,2.3481132984161377,-3.24953031539917,8.533533096313477
1753063636053,2.601898670196533,-3.1489737033843994,9.352350234985352
1753063636102,2.3289597034454346,-2.9765913486480713,8.916605949401855
1753063636153,2.032078742980957,-2.828150749206543,
1753063636154,,,8.150461196899414
1753063636202,2.870049238204956,-2.981379747390747,9.79288387298584
1753063636203,,,9.266159057617188
1753063636253,2.20924973487854,-3.316567897796631,8.351573944091797
1753063636302,1.5532383918762207,-3.824138641357422,
1753063636303,,,9.256582260131836
1753063636353,2.558803081512451,-3.7044286727905273,9.213486671447754
1753063636402,2.496553897857666,-3.2782607078552246,8.85435676574707
1753063636403,,,8.653243064880371
1753063636453,1.6968904733657837,-3.508104085922241,
1753063636454,,-3.929483652114868,8.102577209472656
1753063636502,2.6402058601379395,-3.488950490951538,
1753063636503,,,9.59177017211914
1753063636553,2.3098061084747314,-3.421912670135498,8.179191589355469
1753063636602,2.343324899673462,-4.0970778465271,9.49121379852295
1753063636653,2.601898670196533,-3.78104305267334,9.457695007324219
1753063636703,2.477400302886963,-3.072359323501587,9.088988304138184
1753063636752,2.9275100231170654,-3.488950490951538,9.835979461669922
1753063636803,2.1996726989746094,-3.2207999229431152,8.409034729003906
1753063636852,2.6833014488220215,-2.765901565551758,9.227851867675781
1753063636903,2.1134815216064453,-3.18249249458313,7.83921480178833
1753063636952,2.3768436908721924,-3.7858314514160156,
1753063636953,,,9.821614265441895
1753063637003,2.1517887115478516,-2.7275943756103516,7.7434468269348145
1753063637052,2.4390928745269775,-3.508104085922241,
1753063637053,,,9.37629222869873
1753063637103,2.5779566764831543,,
1753063637104,,-3.5703532695770264,8.691550254821777
1753063637152,1.7687164545059204,-3.6900634765625,9.337985038757324
1753063637203,2.9753942489624023,-2.9095535278320312,8.806472778320312
1753063637252,2.4678235054016113,-3.996521234512329,9.998785018920898
1753063637304,2.30022931098938,-3.244741916656494,8.638877868652344
1753063637353,2.1565771102905273,-3.0867245197296143,9.314043045043945
1753063637403,2.6449942588806152,-3.508104085922241,8.897452354431152
1753063637452,1.8453309535980225,-3.225588321685791,8.385092735290527
1753063637503,2.1422119140625,-3.359663486480713,
1753063637504,,-3.402759075164795,8.792107582092285
1753063637552,2.410362482070923,-3.2591071128845215,8.739435195922852
1753063637603,1.7399860620498657,-3.3644518852233887,7.9876556396484375
1753063637604,,,8.849568367004395
1753063637652,2.7311856746673584,-3.273472309112549,9.79288387298584
1753063637703,1.653794765472412,-2.895188331604004,
1753063637704,,,7.65725564956665
1753063637752,2.5923218727111816,-3.3740286827087402,10.032303810119629
1753063637803,1.9458874464035034,-3.3261446952819824,8.112154006958008
1753063637852,2.7503392696380615,-2.8137855529785156,
1753063637853,,,9.744999885559082
1753063637903,2.448669672012329,-3.1058781147003174,8.605359077453613
1753063637952,1.9506758451461792,-3.230376720428467,8.557475090026855
1753063638003,2.362478494644165,-2.93349552154541,9.510367393493652
1753063638052,2.4343044757843018,-2.80899715423584,8.447341918945312
1753063638103,2.3912088871002197,-3.6086604595184326,
1753063638104,,-3.287837505340576,9.783307075500488
1753063638152,2.606687068939209,-2.6366145610809326,9.026739120483398
1753063638203,1.9171570539474487,,
1753063638204,,-2.8185739517211914,8.476072311401367
1753063638252,2.5348610877990723,-2.871246337890625,9.266159057617188
1753063638303,1.6059107780456543,-2.761113166809082,
1753063638304,,-3.0148985385894775,7.6333136558532715
1753063638352,2.8556840419769287,-2.5695769786834717,
1753063638353,,,9.041104316711426
1753063638403,2.185307502746582,-2.7467479705810547,8.040328025817871
1753063638404,,,8.753800392150879
1753063638452,2.075174331665039,-3.1202433109283447,9.553462982177734
1753063638503,3.0855274200439453,-2.2439656257629395,8.55268669128418
1753063638552,2.5252842903137207,-3.0627825260162354,9.548674583435059
1753063638603,2.5540146827697754,-2.8137855529785156,8.614935874938965
1753063638652,2.3720552921295166,-2.7036523818969727,9.749788284301758
1753063638703,2.9897594451904297,-2.205658197402954,8.562263488769531
1753063638752,2.496553897857666,-3.4841620922088623,10.549450874328613
1753063638803,2.3576900959014893,-2.521692991256714,8.322843551635742
1753063638852,2.5109190940856934,-2.588730573654175,9.721057891845703
1753063638903,2.4343044757843018,-2.981379747390747,
1753063638904,,,8.576628684997559
1753063638952,2.386420488357544,-2.3062148094177246,8.5287446975708
1753063639003,1.5197194814682007,,
1753063639004,,-2.9478609561920166,7.700351238250732
1753063639052,2.185307502746582,-2.895188331604004,8.294113159179688
1753063639103,1.4383167028427124,-2.938283920288086,
1753063639104,,-3.201646327972412,8.5287446975708
1753063639152,3.071162223815918,-2.4642322063446045,8.964489936828613
1753063639203,2.6210522651672363,-3.1489737033843994,9.869498252868652
1753063639252,2.7503392696380615,-2.3924059867858887,9.25179386138916
1753063639303,2.8556840419769287,-3.1202433109283447,
1753063639304,,,9.266159057617188
1753063639352,2.1565771102905273,-2.828150749206543,8.777742385864258
1753063639403,1.9889830350875854,-2.344521999359131,8.088212013244629
1753063639452,3.1669301986694336,-2.081159830093384,8.725069999694824
1753063639503,2.008136749267578,,
1753063639504,,-3.110666513442993,8.758588790893555
1753063639552,2.4390928745269775,-2.0667946338653564,7.436988830566406
1753063639603,2.558803081512451,-2.7323827743530273,9.347561836242676
1753063639652,1.754351258277893,-2.186504602432251,7.820061206817627
1753063639703,2.6785130500793457,,
1753063639704,2.6114754676818848,-2.583942174911499,9.261370658874512
1753063639752,3.248333215713501,-2.7946319580078125,
1753063639753,,-3.2543187141418457,9.232640266418457
1753063639803,2.324171304702759,-3.2974143028259277,9.85034465789795
1753063639852,1.998559832572937,-2.315791606903076,7.302913665771484
1753063639903,3.99532413482666,,
1753063639904,3.382408380508423,-2.7467479705810547,11.483189582824707
1753063639952,1.5340847969055176,-2.0715830326080322,7.21672248840332
1753063639953,,,10.329184532165527
1753063640003,2.764704465866089,-3.067570924758911,10.377068519592285
1753063640052,2.6593594551086426,-3.00053334236145,9.75936508178711
1753063640103,1.912368655204773,,
1753063640104,,-2.3540987968444824,7.906252384185791
1753063640152,2.7742812633514404,-2.80899715423584,9.395445823669434
1753063640153,,,8.40424633026123
1753063640203,2.405574083328247,-2.7323827743530273,8.998008728027344
1753063640252,2.807800054550171,-2.1481974124908447,8.624512672424316
1753063640303,2.5540146827697754,-2.9287071228027344,9.462483406066895
1753063640352,2.324171304702759,-2.564788579940796,8.988431930541992
1753063640403,2.7934348583221436,-2.4833858013153076,9.266159057617188
1753063640404,,,9.845556259155273
1753063640452,2.5300726890563965,-3.0819361209869385,
1753063640453,,-2.521692991256714,9.64923095703125
1753063640503,1.7639280557632446,-2.449866771697998,
1753063640504,,,8.24622917175293
1753063640552,3.8564603328704834,,
1753063640553,,-2.981379747390747,11.028291702270508
1753063640603,1.8166005611419678,-2.5025393962860107,
1753063640604,,,7.135319709777832
1753063640653,3.1046810150146484,-2.2152352333068848,9.625288963317871
1753063640703,2.8221652507781982,-2.7323827743530273,
1753063640704,,,8.547898292541504
1753063640752,0.5333084464073181,-2.100313425064087,5.703587055206299
1753063640803,4.4741644859313965,-2.674921751022339,11.540650367736816
1753063640852,2.9083564281463623,-2.588730573654175,8.332420349121094
1753063640903,1.7208324670791626,-2.804208755493164,9.630077362060547
1753063640952,3.181295394897461,,
1753063640953,,-2.9526493549346924,10.779294967651367
1753063641003,2.094327926635742,,
1753063641004,,-2.761113166809082,8.5287446975708
1753063641053,2.343324899673462,-3.335721492767334,10.214262962341309
1753063641103,3.377619981765747,,
1753063641104,,-2.052429437637329,9.203909873962402
1753063641152,3.3488895893096924,-2.804208755493164,10.515932083129883
1753063641203,1.2850877046585083,-2.3110032081604004,6.9246296882629395
1753063641204,,,6.953360080718994
1753063641252,3.02327823638916,-3.3022027015686035,11.784859657287598
1753063641253,,,7.882310390472412
1753063641303,1.7016788721084595,-2.0715830326080322,5.919064998626709
1753063641352,1.7687164545059204,,
1753063641353,,-2.6797101497650146,8.557475090026855
1753063641403,3.3632547855377197,,
1753063641404,,-2.56000018119812,9.30925464630127
1753063641452,2.123058319091797,-2.009333848953247,6.996456146240234
1753063641504,2.692878246307373,-3.0867245197296143,11.076175689697266
1753063641553,3.095104217529297,,
1753063641554,3.27227520942688,-3.5416228771209717,10.1568021774292
1753063641603,1.7064672708511353,-2.761113166809082,8.76337718963623
1753063641652,4.316147327423096,,
1753063641653,2.649782657623291,-2.943072557449341,12.177508354187012
1753063641703,2.1948843002319336,,
1753063641704,,-3.0196869373321533,7.9637131690979
1753063641752,1.2563573122024536,-2.0476410388946533,
1753063641753,,,7.231087684631348
1753063641803,4.512471675872803,-3.0819361209869385,12.388197898864746
1753063641852,1.423951506614685,-1.9279309511184692,6.067505836486816
1753063641853,,,11.186308860778809
1753063641903,2.984971046447754,,
1753063641904,,-2.4355015754699707,9.97484302520752
1753063641952,5.063138008117676,-2.80899715423584,10.841544151306152
1753063641953,,,10.539874076843262
1753063642003,-1.3437457084655762,-2.339733600616455,4.310161590576172
1753063642052,4.43585729598999,-3.929483652114868,13.494318962097168
1753063642103,1.3856441974639893,,
1753063642104,,-2.014122247695923,5.933430194854736
1753063642152,2.1996726989746094,-3.62302565574646,
1753063642153,,,10.913370132446289
1753063642203,2.913144826889038,-3.560776472091675,9.5007905960083
1753063642252,1.9219454526901245,,
1753063642253,,-4.5423994064331055,10.209474563598633
1753063642303,1.9075802564620972,,
1753063642304,,-4.853645324707031,9.553462982177734
1753063642352,1.0217255353927612,-4.868010520935059,
1753063642353,,,8.365939140319824
1753063642403,2.214038133621216,,
1753063642404,1.0408791303634644,-4.633378982543945,10.43931770324707
1753063642452,2.4582467079162598,,
1753063642453,1.9410990476608276,-3.7235822677612305,9.586981773376465
1753063642503,1.4862006902694702,-3.603872060775757,
1753063642504,,,7.7865424156188965
1753063642552,1.9506758451461792,-3.359663486480713,7.575852870941162
1753063642603,2.4821887016296387,-4.647744178771973,10.04188060760498
1753063642652,1.8022353649139404,-3.3261446952819824,7.571064472198486
1753063642703,1.4143747091293335,-3.9486372470855713,7.772177219390869
1753063642704,,,9.03631591796875
1753063642752,1.754351258277893,-3.9486372470855713,8.2127103805542
1753063642803,1.347337007522583,-3.5464112758636475,7.618948459625244
1753063642852,1.3377602100372314,-4.499303340911865,9.074623107910156
1753063642903,2.716820478439331,,
1753063642904,2.8652608394622803,-3.177704095840454,9.658807754516602
1753063642952,3.162141799926758,-2.9718029499053955,10.453682899475098
1753063643003,2.58274507522583,-2.2439656257629395,8.55268669128418
1753063643052,3.0615854263305664,-2.4881742000579834,9.563039779663086
1753063643103,2.271498918533325,-3.1872811317443848,
1753063643104,,-2.694075345993042,8.116942405700684
1753063643152,2.367266893386841,-2.9095535278320312,9.457695007324219
1753063643203,2.6641478538513184,-3.4793736934661865,9.381080627441406
1753063643204,,,8.744223594665527
1753063643253,1.4095861911773682,-3.1010897159576416,8.624512672424316
1753063643303,3.090315818786621,,
1753063643304,2.9706058502197266,-3.354875087738037,9.965266227722168
1753063643352,2.386420488357544,-3.153762102127075,
1753063643353,,-3.359663486480713,9.256582260131836
1753063643403,2.448669672012329,-3.421912670135498,9.898228645324707
1753063643452,2.83174204826355,-2.5504233837127686,8.576628684997559
1753063643503,2.5923218727111816,-3.2160115242004395,9.82640266418457
1753063643552,1.8166005611419678,-2.895188331604004,8.308478355407715
1753063643603,2.850895643234253,,
1753063643604,,-3.00053334236145,9.314043045043945
1753063643652,2.367266893386841,-3.3405098915100098,9.831191062927246
1753063643703,2.324171304702759,-2.4594438076019287,
1753063643704,,,7.7865424156188965
1753063643752,2.563591480255127,,
1753063643753,1.898003339767456,-3.5416228771209717,10.252570152282715
1753063643803,1.8740613460540771,,
1753063643804,,-2.603095769882202,7.8966755867004395
1753063643852,2.563591480255127,,
1753063643853,,-3.7666778564453125,9.567828178405762
1753063643903,2.5492262840270996,,
1753063643904,,-2.8616695404052734,9.333196640014648
1753063643952,3.176506996154785,-3.6565444469451904,10.994772911071777
1753063643953,,,10.62127685546875
1753063644003,1.4335283041000366,-2.7323827743530273,7.810484409332275
1753063644052,2.319382905960083,-3.311779499053955,9.788095474243164
1753063644104,2.9897594451904297,-3.244741916656494,9.821614265441895
1753063644153,2.7455508708953857,-2.7994203567504883,
1753063644154,,-3.5176808834075928,8.87829875946045
1753063644203,2.3289597034454346,-3.1010897159576416,9.663596153259277
1753063644252,2.654571056365967,,
1753063644253,,-3.273472309112549,9.496002197265625
1753063644303,2.0033483505249023,,
1753063644304,,-3.053205728530884,8.662819862365723
1753063644352,2.1805191040039062,,
1753063644353,,-2.8856115341186523,8.772953987121582
1753063644403,2.20924973487854,-3.330933094024658,9.007585525512695
1753063644452,2.472611904144287,-3.1872811317443848,9.19433307647705
1753063644503,2.008136749267578,-3.465008497238159,
1753063644504,,-3.4554316997528076,8.701127052307129
1753063644552,2.276287317276001,,
1753063644553,,-3.1729156970977783,9.203909873962402
1753063644603,3.248333215713501,-3.4841620922088623,
1753063644604,,,10.118494987487793
1753063644652,2.295440912246704,-2.670133352279663,8.298901557922363
1753063644703,2.893991231918335,-3.4602200984954834,
1753063644704,,-3.800196647644043,10.424952507019043
1753063644753,2.2619221210479736,-2.454655408859253,7.8727335929870605
1753063644803,2.190095901489258,-3.115454912185669,
1753063644804,,-3.330933094024658,8.964489936828613
1753063644853,2.008136749267578,,
1753063644854,1.6968904733657837,-2.5073277950286865,7.958924770355225
1753063644904,2.214038133621216,-2.713229179382324,7.800907611846924
1753063644952,1.7591396570205688,-3.134608507156372,
1753063644953,,-3.0196869373321533,7.71471643447876
1753063645003,2.2667105197906494,,
1753063645004,2.147000312805176,-3.0388405323028564,8.892663955688477
1753063645052,2.74076247215271,,
1753063645053,2.477400302886963,-3.067570924758911,9.428964614868164
1753063645103,2.515707492828369,,
1753063645104,2.5683798789978027,-3.048417329788208,9.065046310424805
1753063645152,2.4007856845855713,,
1753063645153,,-3.9917328357696533,10.525508880615234
1753063645203,1.8884265422821045,-2.7706899642944336,7.781754016876221
1753063645252,2.83174204826355,-4.595071792602539,
1753063645253,,,12.04343318939209
1753063645303,1.9506758451461792,,
1753063645304,,-2.8185739517211914,6.852803707122803
1753063645353,2.362478494644165,-4.422688961029053,
1753063645354,,,10.108918190002441
1753063645403,1.6633716821670532,-3.579930067062378,
1753063645404,,-3.5033156871795654,8.432976722717285
1753063645452,2.625840663909912,-4.283825397491455,10.49677848815918
1753063645453,,,8.8878755569458
1753063645503,2.137423515319824,,
1753063645504,,-3.072359323501587,8.55268669128418
1753063645552,3.0567970275878906,-3.694851875305176,
1753063645553,,,9.888651847839355
1753063645603,1.8932149410247803,-3.153762102127075,7.968502044677734
1753063645652,1.8309657573699951,-3.09151291847229,8.016386032104492
1753063645703,2.295440912246704,-3.661332845687866,9.146449089050293
1753063645704,,,6.795342922210693
1753063645753,1.7064672708511353,,
1753063645754,,-4.31255578994751,8.94533634185791
1753063645802,1.5963339805603027,,
1753063645803,,-4.020462989807129,7.7434468269348145
1753063645854,3.1908724308013916,-5.040393352508545,12.570157051086426
1753063645902,3.6314053535461426,,
1753063645903,,-4.053982257843018,11.583745956420898
1753063645953,2.448669672012329,,
1753063645954,3.621828556060791,-3.287837505340576,9.515155792236328
1753063646002,1.6442179679870605,,
1753063646003,,-3.158550500869751,8.088212013244629
1753063646053,1.6873136758804321,-2.2391772270202637,
1753063646054,,,6.9246296882629395
1753063646102,0.10235211998224258,,
1753063646103,1.2515689134597778,-3.2782607078552246,3.8744168281555176
1753063646153,1.2850877046585083,-4.87758731842041,
1753063646154,,,7.6333136558532715
1753063646202,4.215590476989746,-3.3883938789367676,11.119271278381348
1753063646253,3.7463271617889404,,
1753063646254,,-4.733935356140137,11.114482879638672
1753063646302,2.214038133621216,-4.724358558654785,12.65156078338623
1753063646354,2.961029052734375,,
1753063646355,,-3.397970676422119,9.586981773376465
1753063646403,1.6059107780456543,-5.389946460723877,
1753063646405,,-4.216787815093994,13.690644264221191
1753063646454,2.453458309173584,-3.7235822677612305,8.930971145629883
1753063646502,3.6074633598327637,-3.0579941272735596,
1753063646503,,,10.410587310791016
1753063646553,2.257133722305298,,
1753063646554,,-3.09151291847229,9.486425399780273
1753063646602,2.697666883468628,,
1753063646603,,-3.067570924758911,9.61571216583252
1753063646653,1.6154875755310059,,
1753063646654,,-2.516904592514038,7.53275728225708
1753063646702,2.0464439392089844,-3.450643301010132,9.486425399780273
1753063646703,,,8.897452354431152
1753063646754,2.654571056365967,-2.430713176727295,9.074623107910156
1753063646803,3.2626984119415283,-3.536834478378296,9.993996620178223
1753063646854,0.9690531492233276,,
1753063646855,1.6011223793029785,-2.986168146133423,7.8727335929870605
1753063646902,2.6833014488220215,-4.092289447784424,
1753063646903,,,11.636418342590332
1753063646953,2.5109190940856934,-3.2974143028259277,
1753063646954,,-3.206434726715088,8.801684379577637
1753063647002,2.381632089614868,-4.666897773742676,11.16236686706543
1753063647053,2.3576900959014893,,
1753063647054,,-2.646191358566284,8.844779968261719
1753063647102,4.153341293334961,-4.556764602661133,14.222156524658203
1753063647153,1.668160080909729,,
1753063647154,,-2.033275842666626,4.8273091316223145
1753063647202,1.146224021911621,,
1753063647203,,-3.4410665035247803,9.074623107910156
1753063647253,3.224391222000122,-2.7323827743530273,8.567051887512207
1753063647254,,,9.381080627441406
1753063647302,2.3576900959014893,-2.962226152420044,
1753063647303,,,8.203133583068848
1753063647353,1.634641170501709,-3.2638955116271973,
1753063647354,,-3.048417329788208,8.025962829589844
1753063647402,2.5300726890563965,-3.153762102127075,
1753063647403,,-3.1250317096710205,8.859145164489746
1753063647453,2.429516077041626,,
1753063647454,,-3.3883938789367676,9.146449089050293
1753063647502,2.5492262840270996,-2.9526493549346924,9.156025886535645
1753063647503,,,9.5007905960083
1753063647554,2.965817451477051,-3.3213562965393066,10.06582260131836
1753063647555,,,10.104129791259766
1753063647603,2.5779566764831543,-3.067570924758911,9.476848602294922
1753063647654,1.9410990476608276,-3.5176808834075928,9.112930297851562
1753063647702,2.0033483505249023,-2.9526493549346924,8.940547943115234
1753063647753,2.649782657623291,-2.785055160522461,9.055469512939453
1753063647802,1.9698294401168823,-2.9287071228027344,8.00680923461914
1753063647854,1.5867571830749512,-3.244741916656494,7.762600421905518
1753063647855,,,9.82640266418457
1753063647903,2.3289597034454346,-3.5511996746063232,9.97484302520752
1753063647953,1.9267338514328003,,
1753063647954,2.6833014488220215,-2.9287071228027344,7.844003200531006
1753063648002,2.5731682777404785,,
1753063648003,,-3.3022027015686035,9.725846290588379
1753063648053,2.3576900959014893,-2.8329391479492188,
1753063648054,,,8.959701538085938
1753063648102,2.654571056365967,,
1753063648103,,-4.154538631439209,9.658807754516602
1753063648153,1.5053542852401733,,
1753063648154,,-3.1920695304870605,8.12173080444336
1753063648202,3.2387564182281494,,
1753063648203,,-3.5942952632904053,11.578957557678223
1753063648253,2.079962730407715,,
1753063648254,,-2.3110032081604004,6.656479358673096
1753063648302,2.252345323562622,-2.9526493549346924,8.97885513305664
1753063648352,1.9075802564620972,,
1753063648353,,-2.981379747390747,7.5231804847717285
1753063648402,1.8022353649139404,,
1753063648403,,-3.1968579292297363,7.978078842163086
1753063648453,2.6449942588806152,,
1753063648454,,-3.575141668319702,9.993996620178223
1753063648502,2.716820478439331,-3.1010897159576416,8.088212013244629
1753063648553,1.467047095298767,-4.183269023895264,
1753063648554,,-3.421912670135498,10.884639739990234
1753063648602,1.634641170501709,,
1753063648603,,-3.493738889694214,8.116942405700684
1753063648654,3.6553473472595215,-3.7666778564453125,
1753063648655,,,11.693880081176758
1753063648702,2.3481132984161377,,
1753063648704,,-3.3405098915100098,8.040328025817871
1753063648753,1.002571940422058,,
1753063648754,1.2084733247756958,-2.8856115341186523,8.413823127746582
1753063648802,2.3576900959014893,-4.3173441886901855,
1753063648803,,-4.226364612579346,10.477624893188477
1753063648852,1.2755109071731567,-3.2207999229431152,6.5511345863342285
1753063648902,1.8213889598846436,-3.9390604496002197,
1753063648903,,,9.936535835266113
1753063648953,2.3337481021881104,,
1753063648954,,-3.8720226287841797,9.012373924255371
1753063649002,2.2188265323638916,-4.168903827667236,
1753063649003,,-4.298190593719482,9.567828178405762
1753063649053,2.1422119140625,,
1753063649054,2.9466638565063477,-4.762665748596191,10.353126525878906
1753063649102,1.0743980407714844,,
1753063649103,,-3.6804866790771484,8.09778881072998
1753063649153,2.496553897857666,,
1753063649154,,-4.6285905838012695,10.784083366394043
1753063649202,1.304241418838501,-3.709217071533203,
1753063649203,,,7.374739646911621
1753063649253,1.6442179679870605,,
1753063649254,1.5580267906188965,-4.4274773597717285,9.91738224029541
1753063649302,2.056020736694336,-2.938283920288086,8.361150741577148
1753063649352,1.955464243888855,,
1753063649353,1.9794062376022339,-3.4410665035247803,8.332420349121094
1753063649402,1.6059107780456543,,
1753063649403,,-3.714005470275879,8.2127103805542
1753063649453,1.0360907316207886,-3.7044286727905273,7.039551734924316
1753063649502,0.8876502513885498,,
1753063649503,,-4.006097793579102,7.757812023162842
1753063649553,1.8166005611419678,,
1753063649554,,-3.6278140544891357,8.227075576782227
1753063649602,2.4869771003723145,-4.623802185058594,
1753063649603,,,9.922170639038086
1753063649653,1.1701661348342896,-3.886387825012207,
1753063649654,,,7.618948459625244
1753063649703,2.362478494644165,-4.700416564941406,10.219051361083984
1753063649753,2.099116325378418,-3.929483652114868,9.108141899108887
1753063649754,,,9.256582260131836
1753063649802,2.0464439392089844,,
1753063649803,,-3.752312660217285,8.33720874786377
1753063649852,1.5292962789535522,-4.551976203918457,8.648454666137695
1753063649902,1.5819687843322754,-3.9821560382843018,
1753063649903,,,8.648454666137695
1753063649954,2.0608091354370117,-3.9677908420562744,8.480860710144043
1753063650002,1.6873136758804321,-3.694851875305176,8.265382766723633
1753063650053,1.7926585674285889,,
1753063650054,1.6442179679870605,-4.331709384918213,8.85435676574707
1753063650102,1.4718354940414429,,
1753063650103,,-3.603872060775757,
1753063650154,2.20924973487854,-4.211999416351318,8.94533634185791
1753063650202,1.371279001235962,,
1753063650203,1.1797429323196411,-3.9630024433135986,7.762600421905518
1753063650253,1.447893500328064,,
1753063650254,,-4.566341400146484,8.839991569519043
1753063650302,2.094327926635742,-3.694851875305176,
1753063650303,,,8.543109893798828
1753063650354,1.5580267906188965,-3.8528690338134766,
1753063650355,,-3.9151182174682617,8.318055152893066
1753063650403,1.7208324670791626,-3.8145618438720703,9.074623107910156
1753063650453,2.5683798789978027,-3.53204607963562,9.3427734375
1753063650502,1.6394295692443848,-3.824138641357422,
1753063650503,,,8.227075576782227
1753063650553,2.30022931098938,,
1753063650554,,-4.140173435211182,9.505578994750977
1753063650602,2.147000312805176,,
1753063650603,1.7926585674285889,-3.2830491065979004,8.3707275390625
1753063650653,2.3529016971588135,,
1753063650654,,-4.0779242515563965,9.668384552001953
1753063650702,1.1941081285476685,-2.9526493549346924,6.613383769989014
1753063650703,,,8.27974796295166
1753063650753,2.099116325378418,,
1753063650754,,-3.6900634765625,9.68274974822998
1753063650802,2.2379801273345947,,
1753063650803,,-3.0436289310455322,7.944559574127197
1753063650853,1.347337007522583,,
1753063650854,,-3.0101101398468018,7.772177219390869
1753063650902,2.5779566764831543,,
1753063650903,,-3.958214044570923,9.385869026184082
1753063650953,1.2228385210037231,-3.3405098915100098,6.632537364959717
1753063651002,2.7982232570648193,,
1753063651003,1.4143747091293335,-4.183269023895264,9.95090103149414
1753063651053,1.6059107780456543,,
1753063651054,,-3.7044286727905273,7.269394874572754
1753063651102,0.983418345451355,,
1753063651103,,-4.106654644012451,7.695562839508057
1753063651153,2.257133722305298,-4.264671802520752,
1753063651154,,,9.572616577148438
1753063651202,2.094327926635742,-4.580706596374512,
1753063651203,,-4.8488569259643555,9.03631591796875
1753063651254,1.9363106489181519,-4.733935356140137,8.476072311401367
1753063651302,0.945111095905304,,
1753063651303,1.8309657573699951,-4.84406852722168,8.600570678710938
1753063651353,2.520495891571045,,
1753063651354,,-4.700416564941406,9.59177017211914
1753063651402,1.8166005611419678,-3.1489737033843994,
1753063651403,,,7.982867240905762
1753063651453,1.878849744796753,-3.8289270401000977,8.432976722717285
1753063651502,1.4287399053573608,-4.566341400146484,
1753063651503,,,7.863156795501709
1753063651553,1.2132617235183716,,
1753063651554,,-3.9917328357696533,7.709928035736084
1753063651602,2.1086931228637695,,
1753063651603,1.974617838859558,-4.599860191345215,8.969278335571289
1753063651653,1.5436615943908691,,
1753063651654,0.8589198589324951,,
1753063651655,,-3.6373908519744873,7.331644058227539
1753063651702,2.032078742980957,,
1753063651703,,-4.456207752227783,8.811261177062988
1753063651753,1.2802993059158325,,
1753063651754,1.8070237636566162,-4.3173441886901855,7.949347972869873
1753063651802,1.9171570539474487,,
1753063651803,1.7974469661712646,-4.006097793579102,8.107365608215332
1753063651853,1.7735048532485962,,
1753063651854,1.7256208658218384,-5.112219333648682,9.318831443786621
1753063651902,1.9267338514328003,,
1753063651903,,-4.408323764801025,8.00680923461914
1753063651953,2.4343044757843018,-4.101866245269775,
1753063651954,,,10.022727012634277
1753063652002,2.0464439392089844,,
1753063652003,2.472611904144287,-4.34607458114624,9.452906608581543
1753063652055,1.7687164545059204,-3.4841620922088623,8.327631950378418
1753063652102,3.334524393081665,,
1753063652103,,-3.1298201084136963,11.717822074890137
1753063652153,3.444657802581787,,
1753063652154,1.9937714338302612,-1.8704700469970703,6.9006876945495605
1753063652202,1.811812162399292,,
1753063652203,,-3.1968579292297363,9.40023422241211
1753063652253,2.1757307052612305,,
1753063652254,,-2.943072557449341,8.025962829589844
1753063652302,1.026513934135437,-1.6597803831100464,5.406705856323242
1753063652353,2.0225019454956055,-3.7714662551879883,9.055469512939453
1753063652402,0.6003460884094238,,
1753063652403,1.0791864395141602,-4.523245334625244,6.843226909637451
1753063652453,0.8876502513885498,,
1753063652454,,-3.2830491065979004,9.835979461669922
1753063652502,3.8804023265838623,-4.724358558654785,
1753063652503,,-3.00053334236145,11.966818809509277
1753063652553,2.233191728591919,,
1753063652554,3.6170401573181152,-3.6900634765625,8.8878755569458
1753063652602,4.531625270843506,,
1753063652603,2.3050177097320557,-2.315791606903076,10.25735855102539
1753063652653,1.9794062376022339,,
1753063652654,2.779069662094116,-3.244741916656494,8.940547943115234
1753063652702,0.04010287672281265,,
1753063652703,,-2.4355015754699707,4.501697540283203
1753063652753,2.668936252593994,,
1753063652754,,-2.7754783630371094,9.208698272705078
1753063652802,1.127070426940918,,
1753063652803,1.1893197298049927,-2.449866771697998,5.0236334800720215
1753063652853,1.4718354940414429,-2.8808231353759766,9.55825138092041
1753063652903,2.2379801273345947,-2.406771183013916,7.374739646911621
1753063652954,2.6210522651672363,-3.465008497238159,
1753063652956,,,9.438541412353516
1753063653002,2.008136749267578,,
1753063653003,2.601898670196533,-3.2543187141418457,9.108141899108887
1753063653053,2.9753942489624023,-1.6502034664154053,
1753063653054,,-1.932719349861145,7.992444038391113
1753063653103,3.2531216144561768,-4.652532577514648,12.31637191772461
1753063653153,-0.18974047899246216,-2.7323827743530273,
1753063653154,,-2.3493103981018066,4.219182014465332
1753063653202,4.545990467071533,,
1753063653203,3.358466386795044,-4.724358558654785,14.825495719909668
1753063653253,2.3289597034454346,,
1753063653254,0.9929951429367065,-3.1058781147003174,5.7754130363464355
1753063653302,2.7982232570648193,,
1753063653303,,-3.158550500869751,10.626065254211426
1753063653353,4.569932460784912,,
1753063653354,,-3.4602200984954834,10.683526992797852
1753063653402,1.8692729473114014,-3.0340521335601807,
1753063653403,,-2.9957449436187744,9.151237487792969
1753063653453,3.2100260257720947,-3.158550500869751,10.075399398803711
1753063653502,2.4917654991149902,-3.3261446952819824,9.812037467956543
1753063653553,1.8596961498260498,-2.7036523818969727,7.331644058227539
1753063653602,2.6641478538513184,-2.780266761779785,8.940547943115234
1753063653653,1.9410990476608276,,
1753063653654,2.4630351066589355,-3.153762102127075,7.920617580413818
1753063653702,2.147000312805176,-2.583942174911499,
1753063653703,,,7.724293231964111
1753063653753,2.2379801273345947,,
1753063653754,,-3.3452982902526855,9.203909873962402
1753063653802,2.6785130500793457,,
1753063653803,,-2.9047651290893555,8.533533096313477
1753063653853,2.1326351165771484,,
1753063653854,2.319382905960083,-3.18249249458313,8.902240753173828
1753063653902,2.5252842903137207,,
1753063653903,,-3.4171242713928223,9.203909873962402
1753063653953,2.1086931228637695,-3.378817081451416,
1753063653954,,,8.969278335571289
1753063654002,2.075174331665039,-3.1920695304870605,
1753063654003,,,8.476072311401367
1753063654053,2.9275100231170654,,
1753063654054,1.371279001235962,-2.9095535278320312,10.108918190002441
1753063654102,2.3050177097320557,,
1753063654103,3.1956608295440674,-2.8185739517211914,8.983643531799316
1753063654153,1.9841946363449097,,
1753063654154,,-3.450643301010132,9.108141899108887
1753063654202,2.4390928745269775,-3.426701068878174,
1753063654203,,-3.2638955116271973,10.094552993774414
1753063654253,2.0177135467529297,,
1753063654254,2.3912088871002197,-3.0388405323028564,7.65725564956665
1753063654302,1.811812162399292,-2.6174609661102295,
1753063654303,,-2.6414029598236084,8.24622917175293
1753063654353,2.7311856746673584,,
1753063654354,2.7982232570648193,-3.201646327972412,9.428964614868164
1753063654402,2.1039047241210938,,
1753063654403,2.166153907775879,-2.9957449436187744,8.251017570495605
1753063654453,1.9889830350875854,,
1753063654454,2.4917654991149902,-3.18249249458313,8.892663955688477
1753063654502,1.9698294401168823,-3.493738889694214,
1753063654503,,,8.82083797454834
1753063654553,2.032078742980957,,
1753063654554,,-2.8616695404052734,8.447341918945312
1753063654602,2.30022931098938,,
1753063654603,1.9698294401168823,-3.3931822776794434,8.930971145629883
1753063654653,1.811812162399292,,
1753063654654,,-3.838503837585449,8.361150741577148
1753063654702,1.548449993133545,-3.177704095840454,
1753063654703,,-3.5511996746063232,7.911040782928467
1753063654754,2.4151508808135986,-3.709217071533203,9.620500564575195
1753063654803,2.1134815216064453,-3.0579941272735596,7.992444038391113
1753063654853,1.5963339805603027,,
1753063654854,2.1278467178344727,-3.776254653930664,8.567051887512207
1753063654903,2.1039047241210938,-3.9246952533721924,9.237428665161133
1753063654952,1.8932149410247803,-3.8768110275268555,
1753063654953,,,9.270947456359863
1753063655003,2.3481132984161377,-3.666121244430542,
1753063655004,,,9.060257911682129
1753063655052,2.3576900959014893,-3.5176808834075928,
1753063655053,,-3.555988073348999,9.21827507019043
1753063655103,2.056020736694336,-3.6996402740478516,8.725069999694824
1753063655152,1.9602526426315308,,
1753063655153,2.3720552921295166,-3.3931822776794434,8.82083797454834
1753063655203,2.1805191040039062,,
1753063655204,,-3.5942952632904053,8.485649108886719
1753063655252,1.4957774877548218,,
1753063655253,,-4.1641154289245605,8.547898292541504
1753063655303,2.2188265323638916,-3.397970676422119,8.638877868652344
1753063655352,2.367266893386841,,
1753063655353,,-3.958214044570923,8.816049575805664
1753063655403,1.835754156112671,-3.9630024433135986,
1753063655404,,,8.935759544372559
1753063655452,2.036867141723633,,
1753063655453,,-3.7714662551879883,8.902240753173828
1753063655503,1.9458874464035034,-4.22157621383667,9.122507095336914
1753063655552,2.3912088871002197,-3.4745852947235107,
1753063655553,,,8.600570678710938
1753063655604,2.1757307052612305,-4.3173441886901855,9.189544677734375
1753063655653,1.3808557987213135,-3.62302565574646,7.776965618133545
1753063655654,,,8.452130317687988
1753063655703,2.4007856845855713,,
1753063655704,,-3.6326024532318115,9.065046310424805
1753063655752,1.390432596206665,,
1753063655753,,-4.714781761169434,8.260594367980957
1753063655803,0.6673837304115295,,
1753063655804,0.882861852645874,-4.676474571228027,7.341220855712891
1753063655852,2.386420488357544,-4.652532577514648,
1753063655853,,-4.092289447784424,10.448894500732422
1753063655903,2.3959972858428955,,
1753063655904,,-3.819350242614746,8.284536361694336
1753063655952,2.4438812732696533,,
1753063655953,,-4.398746967315674,9.529520988464355
1753063656003,1.4957774877548218,,
1753063656004,,-4.293402194976807,7.379528045654297
1753063656052,1.653794765472412,,
1753063656053,,-4.144961833953857,8.849568367004395
1753063656103,2.8125884532928467,-4.269460201263428,9.381080627441406
1753063656152,1.7064672708511353,,
1753063656153,,-4.484938144683838,9.165602684020996
1753063656203,1.955464243888855,,
1753063656204,,-4.197634220123291,8.423399925231934
1753063656252,1.7304092645645142,-4.590283393859863,
1753063656253,,-4.604648590087891,8.538321495056152
1753063656303,1.9410990476608276,-4.168903827667236,9.065046310424805
1753063656304,,,8.772953987121582
1753063656352,1.5771803855895996,-3.910329818725586,7.5662760734558105
1753063656403,1.5580267906188965,,
1753063656404,,-4.34607458114624,8.5287446975708
1753063656452,1.9171570539474487,,
1753063656453,,-4.240729808807373,9.328408241271973
1753063656503,1.5819687843322754,,
1753063656504,1.7064672708511353,-3.757101058959961,6.929418087005615
1753063656552,2.1805191040039062,,
1753063656553,1.7064672708511353,-4.4945149421691895,9.831191062927246
1753063656603,1.4000093936920166,,
1753063656604,,-4.614225387573242,7.331644058227539
1753063656652,2.094327926635742,,
1753063656653,,-4.52803373336792,8.571840286254883
1753063656703,2.05123233795166,-3.8768110275268555,
1753063656704,,,9.1847562789917
1753063656752,1.5340847969055176,,
1753063656753,,-4.489726543426514,7.551910877227783
1753063656803,1.4862006902694702,-4.149750232696533,8.725069999694824
1753063656804,,,7.360374450683594
1753063656852,2.2236149311065674,-3.757101058959961,
1753063656853,,-4.1210198402404785,8.557475090026855
1753063656903,1.1653777360916138,-4.197634220123291,7.154473304748535
1753063656952,1.4095861911773682,,
1753063656953,,-4.302978992462158,7.7195048332214355
1753063657003,1.6968904733657837,,
1753063657004,,-4.417900562286377,8.466495513916016
1753063657052,1.2946646213531494,,
1753063657053,,-4.053982257843018,7.422623634338379
1753063657103,2.1709423065185547,,
1753063657104,2.6593594551086426,-4.264671802520752,9.749788284301758
1753063657152,1.0696096420288086,,
1753063657153,,-4.4945149421691895,8.169614791870117
1753063657203,2.05123233795166,-4.772242546081543,
1753063657204,,,9.668384552001953
1753063657252,2.204461097717285,-4.216787815093994,
1753063657253,,,9.294889450073242
1753063657303,1.4862006902694702,,
1753063657304,,-4.049193859100342,7.781754016876221
1753063657352,1.4957774877548218,,
1753063657353,2.075174331665039,-4.331709384918213,8.686761856079102
1753063657403,1.8501193523406982,-4.3173441886901855,8.452130317687988
1753063657452,1.4095861911773682,-4.700416564941406,8.490437507629395
1753063657503,1.9698294401168823,-4.4274773597717285,9.16081428527832
1753063657552,1.61069917678833,,
1753063657553,,-4.1880574226379395,8.126519203186035
1753063657603,1.7687164545059204,,
1753063657652,2.094327926635742,,
1753063657653,,-3.7618894577026367,8.557475090026855
1753063657703,1.7639280557632446,-4.863222122192383,9.084199905395508
1753063657752,1.2755109071731567,,
1753063657753,,-3.6709096431732178,7.49923849105835
1753063657803,1.974617838859558,,
1753063657804,2.448669672012329,-4.408323764801025,9.06983470916748
1753063657852,0.6913257241249084,,
1753063657853,1.0887632369995117,-4.451419353485107,7.082647323608398
1753063657903,1.787870168685913,-3.824138641357422,8.806472778320312
1753063657952,1.6633716821670532,,
1753063657953,,-4.566341400146484,9.088988304138184
1753063658003,1.591545581817627,,
1753063658004,,-4.0300397872924805,8.33720874786377
1753063658052,2.276287317276001,-4.379593372344971,
1753063658053,,-4.360439777374268,9.946112632751465
1753063658103,2.3768436908721924,-4.192845821380615,9.280524253845215
1753063658104,,,8.648454666137695
1753063658152,1.4431051015853882,,
1753063658153,,-4.336497783660889,8.816049575805664
1753063658203,2.0416555404663086,,
1753063658204,,-3.8049850463867188,8.33720874786377
1753063658252,1.1174936294555664,,
1753063658253,,-4.5854949951171875,7.867945194244385
1753063658303,1.5580267906188965,-4.202422618865967,
1753063658304,,,8.825626373291016
1753063658352,1.3664906024932861,,
1753063658353,,-4.1880574226379395,7.451354026794434
1753063658403,1.8740613460540771,,
1753063658404,,-4.2550950050354,9.041104316711426
1753063658452,1.6011223793029785,-4.006097793579102,8.341997146606445
1753063658453,,,9.199121475219727
1753063658503,2.0177135467529297,-4.518456935882568,
1753063658504,,,8.653243064880371
1753063658552,1.514931082725525,,
1753063658553,,-4.633378982543945,9.725846290588379
1753063658603,1.3138182163238525,,
1753063658604,,-3.934272050857544,7.4752960205078125
1753063658652,1.9937714338302612,,
1753063658653,,-4.824914932250977,9.64923095703125
1753063658703,1.0983400344848633,-4.365228176116943,
1753063658704,,-4.322132587432861,7.7195048332214355
1753063658752,1.7016788721084595,,
1753063658753,,-4.250306606292725,8.777742385864258
1753063658803,1.634641170501709,,
1753063658804,,-4.240729808807373,7.97329044342041
1753063658852,1.7064672708511353,,
1753063658853,,-4.614225387573242,9.122507095336914
1753063658903,1.6011223793029785,-4.523245334625244,
1753063658904,,-4.413112163543701,8.169614791870117
1753063658952,1.7447744607925415,-5.035604953765869,8.600570678710938
1753063658953,,,9.385869026184082
1753063659003,1.2084733247756958,,
1753063659004,,-5.9070940017700195,11.392210006713867
1753063659052,0.9020155072212219,-4.068347454071045,
1753063659053,,-4.513668537139893,6.417058944702148
1753063659103,4.96737003326416,,
1753063659104,4.306570529937744,-5.0020856857299805,14.552556037902832
1753063659153,0.4231751561164856,-2.895188331604004,2.452261209487915
1753063659203,2.1039047241210938,-6.376357555389404,15.285181999206543
1753063659252,-1.0755951404571533,-3.4841620922088623,
1753063659253,,,4.774636745452881
1753063659303,2.961029052734375,-5.658097267150879,
1753063659304,,,12.986748695373535
1753063659352,1.6490063667297363,,
1753063659353,1.2802993059158325,-4.159327030181885,7.753023624420166
1753063659403,1.4622586965560913,-4.777030944824219,
1753063659404,,,9.299677848815918
1753063659452,1.490989089012146,-4.451419353485107,8.46170711517334
1753063659503,1.8501193523406982,-4.460996150970459,8.576628684997559
1753063659552,1.6633716821670532,,
1753063659553,,-4.475361347198486,7.595006465911865
1753063659603,1.3090298175811768,-4.609436988830566,
1753063659604,,-3.8576574325561523,9.084199905395508
1753063659652,1.1941081285476685,-4.001309394836426,
1753063659653,,-4.226364612579346,7.250241279602051
1753063659703,2.1278467178344727,,
1753063659704,,-4.389170169830322,9.601346969604492
1753063659752,1.2324153184890747,,
1753063659753,1.711255669593811,-4.331709384918213,7.815272808074951
1753063659803,2.1565771102905273,,
1753063659804,,-4.298190593719482,8.954913139343262
1753063659852,1.8453309535980225,,
1753063659853,,-4.676474571228027,9.007585525512695
1753063659903,1.8261773586273193,-4.1210198402404785,8.318055152893066
1753063659952,1.835754156112671,,
1753063659953,,-4.604648590087891,9.165602684020996
1753063660003,1.898003339767456,-4.595071792602539,8.993220329284668
1753063660052,1.3090298175811768,-4.034828186035156,
1753063660053,,,8.179191589355469
1753063660103,2.7072436809539795,-3.8959646224975586,9.3427734375
1753063660152,2.0416555404663086,,
1753063660153,,-3.6086604595184326,8.696338653564453
1753063660203,1.9267338514328003,-5.006874084472656,
1753063660204,,,8.940547943115234
1753063660252,2.5923218727111816,,
1753063660253,1.7974469661712646,-3.709217071533203,8.782530784606934
1753063660303,1.6968904733657837,-4.954201698303223,
1753063660304,,,8.7298583984375
1753063660352,2.0464439392089844,,
1753063660353,,-3.7475242614746094,9.40023422241211
1753063660403,1.5340847969055176,,
1753063660404,,-2.9526493549346924,6.484096527099609
1753063660452,4.823718070983887,-5.1361613273620605,11.167155265808105
1753063660453,,,6.541557788848877
1753063660503,-1.3628993034362793,,
1753063660504,,-5.476137638092041,4.693233966827393
1753063660552,1.7064672708511353,,
1753063660553,3.028066635131836,-4.336497783660889,8.322843551635742
1753063660603,3.2148144245147705,,
1753063660604,,-3.6278140544891357,9.333196640014648
1753063660652,0.839766263961792,,
1753063660653,,-3.97257924079895,7.197568893432617
1753063660703,1.9698294401168823,-3.24953031539917,
1753063660704,,,6.733093738555908
1753063660752,1.8740613460540771,-3.757101058959961,
1753063660753,,,7.695562839508057
1753063660804,0.5141547918319702,-4.6285905838012695,7.389104843139648
1753063660853,2.233191728591919,-4.84406852722168,10.137648582458496
1753063660903,1.9410990476608276,-4.719570159912109,8.873510360717773
1753063660952,1.8166005611419678,-4.408323764801025,
1753063660953,,-5.145738124847412,8.772953987121582
1753063661003,2.166153907775879,-4.475361347198486,
1753063661004,,,10.161590576171875
1753063661052,1.2946646213531494,-4.202422618865967,
1753063661053,,,8.418611526489258
1753063661103,2.5779566764831543,-4.144961833953857,9.625288963317871
1753063661152,1.4095861911773682,-3.910329818725586,
1753063661153,,,8.504802703857422
1753063661203,1.7782933712005615,-3.7714662551879883,
1753063661204,,,7.9637131690979
1753063661252,2.056020736694336,-3.9677908420562744,
1753063661253,,,8.452130317687988
1753063661303,1.3617022037506104,-4.499303340911865,
1753063661304,,-4.235941410064697,8.112154006958008
1753063661352,2.056020736694336,,
1753063661353,1.447893500328064,-3.7858314514160156,8.131307601928711
1753063661403,1.6825252771377563,-3.953425645828247,
1753063661404,,,8.447341918945312
1753063661452,2.4582467079162598,-4.288613796234131,9.5007905960083
1753063661503,1.390432596206665,-4.0300397872924805,8.021174430847168
1753063661552,2.4917654991149902,-3.8145618438720703,
1753063661553,,,8.394669532775879
1753063661603,0.9977835416793823,,
1753063661604,,-5.078700542449951,8.983643531799316
1753063661652,1.7782933712005615,,
1753063661653,,-4.015674591064453,8.31326675415039
1753063661703,1.9650410413742065,-3.7044286727905273,
1753063661704,,,8.308478355407715
1753063661752,1.878849744796753,,
1753063661753,1.6154875755310059,-4.762665748596191,9.132083892822266
1753063661803,1.653794765472412,-3.843292236328125,8.093000411987305
1753063661852,2.204461097717285,-3.90554141998291,
1753063661853,,,8.868721961975098
1753063661903,1.8166005611419678,-4.676474571228027,8.241440773010254
1753063661904,,,9.438541412353516
1753063661952,2.9035680294036865,,
1753063661953,,-3.709217071533203,10.276512145996094
1753063662003,1.5580267906188965,-3.0388405323028564,6.689998149871826
1753063662004,,,8.897452354431152
1753063662052,3.626616954803467,-5.75865364074707,13.163919448852539
1753063662053,,,12.00991439819336
1753063662103,0.284311443567276,-3.6278140544891357,
1753063662104,,-4.834491729736328,3.5488054752349854
1753063662152,-1.6023194789886475,,
1753063662153,,-2.8185739517211914,8.351573944091797
1753063662203,4.234744071960449,,
1753063662204,,-7.4537482261657715,11.358691215515137
1753063662252,1.8740613460540771,-4.978143692016602,
1753063662253,,,10.247781753540039
1753063662303,2.6162638664245605,,
1753063662304,,-3.3883938789367676,7.925405979156494
1753063662352,1.4383167028427124,,
1753063662353,1.0552444458007812,-5.107430934906006,10.04188060760498
1753063663526,2.257133722305298,,
1753063663527,,-4.135385036468506,8.681973457336426
1753063663528,1.7782933712005615,,
1753063663579,2.1565771102905273,-4.4274773597717285,9.041104316711426
1753063663627,1.4095861911773682,,
1753063663629,1.1701661348342896,-5.207987308502197,
1753063663630,,,8.571840286254883
1753063663679,0.7487865686416626,-5.964554786682129,8.94533634185791
1753063663728,1.1079168319702148,,
1753063663729,,-3.7858314514160156,7.350797653198242
1753063663779,2.4582467079162598,-3.383605480194092,9.03631591796875
1753063663828,4.158129692077637,-4.432265758514404,
1753063663829,,-2.9478609561920166,11.70345687866211
1753063664351,1.3329718112945557,-1.9662381410598755,
1753063664352,,,2.1553800106048584
1753063664358,1.2611457109451294,-4.906317710876465,6.8575921058654785
1753063664410,0.8732850551605225,-4.733935356140137,7.264606475830078
1753063664461,2.094327926635742,-4.638167381286621,8.27974796295166
1753063664510,1.3090298175811768,-5.418676853179932,8.136096000671387
1753063664561,1.4143747091293335,-7.535151481628418,10.295665740966797
1753063664610,1.9602526426315308,-3.646967649459839,
1753063664611,,,6.608595371246338
1753063664661,2.4151508808135986,-5.524022102355957,11.8040132522583
1753063664710,4.158129692077637,,
1753063664711,,-4.154538631439209,10.506355285644531
1753063664761,0.41359832882881165,-3.7666778564453125,6.048352241516113
1753063664810,-0.5440823435783386,-8.909422874450684,11.286865234375
1753063664861,2.5109190940856934,-3.8815994262695312,
1753063664862,,,6.4266357421875
1753063664910,-1.6071078777313232,-8.851962089538574,
1753063664911,,,9.596558570861816
1753063664961,-1.7794904708862305,-1.080383539199829,
1753063664962,,,1.6190788745880127
1753063665010,4.196436882019043,-5.380369663238525,
1753063665011,,-2.3493103981018066,11.569380760192871
1753063665061,-0.5201402902603149,-3.8959646224975586,5.45458984375
1753063665110,3.243544816970825,-3.5847184658050537,4.779425144195557
1753063665161,1.5628151893615723,-6.826467514038086,12.469600677490234
1753063665210,3.3871967792510986,,
1753063665211,,-4.547187805175781,7.815272808074951
1753063665261,2.099116325378418,,
1753063665262,,-6.1082072257995605,8.806472778320312
1753063665310,-1.2623428106307983,-4.513668537139893,6.77618932723999
1753063665361,3.6361937522888184,-4.75308895111084,
1753063665362,,,10.429740905761719
1753063665410,-0.4339490532875061,-4.853645324707031,7.4322004318237305
1753063665461,1.8309657573699951,-4.662109375,8.816049575805664
1753063665510,1.1941081285476685,-4.508880138397217,8.332420349121094
1753063665561,0.7248445749282837,-5.768230438232422,9.19433307647705
1753063665610,2.05123233795166,-4.633378982543945,
1753063665611,,,9.438541412353516
1753063665661,2.2858641147613525,-3.848080635070801,8.734646797180176
1753063665710,1.2563573122024536,-4.389170169830322,9.874286651611328
1753063665761,2.1278467178344727,-4.202422618865967,7.681197643280029
1753063665811,-0.11312603205442429,-6.050746440887451,7.97329044342041
1753063665862,0.8445546627044678,,
1753063665863,2.271498918533325,-3.8289270401000977,6.785766124725342
1753063665910,1.9506758451461792,-4.872798919677734,8.5287446975708
1753063665961,-0.17058686912059784,-4.068347454071045,6.235099792480469
1753063666010,2.214038133621216,-5.729923248291016,10.037092208862305
1753063666061,0.8972271084785461,-5.3995232582092285,7.796119213104248
1753063666111,1.8070237636566162,,
1753063666112,,-5.705981254577637,9.816825866699219
1753063666160,1.4383167028427124,-5.2031989097595215,9.936535835266113
1753063666211,1.8453309535980225,-4.3843817710876465,
1753063666212,,,8.322843551635742
1753063666260,0.6673837304115295,-4.063559055328369,
1753063666261,,,8.514379501342773
1753063666311,1.754351258277893,-3.646967649459839,6.292560577392578
1753063666312,,,7.044340133666992
1753063666360,0.9498994946479797,-6.3715691566467285,9.050681114196777
1753063666361,,,6.876745700836182
1753063666411,0.10235211998224258,-3.5176808834075928,
1753063666412,,,5.191227912902832
1753063666460,1.5292962789535522,-4.868010520935059,9.366715431213379
1753063666511,2.9227216243743896,-0.9510966539382935,5.6221842765808105
1753063666560,1.9506758451461792,-7.946953773498535,
1753063666561,,,12.929287910461426
1753063666611,1.3281834125518799,-5.7107696533203125,
1753063666612,,,6.608595371246338
1753063666660,1.9410990476608276,,
1753063666661,1.5963339805603027,-6.112995624542236,10.597334861755371
1753063666711,-1.4203602075576782,-2.986168146133423,
1753063666712,,-1.813009262084961,2.495356798171997
1753063666761,5.211578369140625,-6.232705593109131,15.32348918914795
1753063666811,0.6817489266395569,-4.0300397872924805,4.377199172973633
1753063666860,3.8756139278411865,-4.092289447784424,8.686761856079102
1753063666911,0.8349778652191162,-5.0691237449646,9.405022621154785
1753063666960,0.38965633511543274,-6.778583526611328,
1753063666961,,-6.2614359855651855,7.341220855712891
1753063667011,1.5628151893615723,-4.566341400146484,
1753063667012,,,9.61571216583252
1753063667060,0.322618693113327,-4.2742486000061035,
1753063667061,,,7.8296380043029785
1753063667111,2.5300726890563965,-5.241506099700928,
1753063667112,,-4.269460201263428,10.559027671813965
1753063667160,1.7016788721084595,-3.7283706665039062,
1753063667161,,,8.581417083740234
1753063667211,1.931522250175476,-4.958990097045898,9.314043045043945
1753063667212,,,5.875969409942627
1753063667260,0.5859808921813965,-4.944624900817871,
1753063667261,,,9.179967880249023
1753063667311,2.1517887115478516,-5.471349239349365,9.237428665161133
1753063667360,0.8637082576751709,,
1753063667361,,-4.834491729736328,8.289324760437012
1753063667411,1.6250643730163574,-5.835268020629883,
1753063667412,,,9.52473258972168
1753063667460,0.9068039059638977,-4.197634220123291,
1753063667461,,-4.882375717163086,8.088212013244629
1753063667511,2.0272903442382812,-4.8919525146484375,
1753063667512,,,9.783307075500488
1753063667560,1.1366472244262695,-3.618237257003784,
1753063667561,,,7.7865424156188965
1753063667612,1.9650410413742065,-3.335721492767334,
1753063667613,,,9.00279712677002
1753063667661,0.030526071786880493,-4.475361347198486,6.000467777252197
1753063667711,2.20924973487854,,
1753063667712,2.5683798789978027,-6.012439250946045,12.31637191772461
1753063667760,-0.4770447015762329,,
1753063667761,1.5819687843322754,-6.534375190734863,8.930971145629883
1753063667811,2.4390928745269775,-6.601412773132324,
1753063667812,,-5.212775707244873,9.165602684020996
1753063667860,2.2475569248199463,,
1753063667861,,-1.3198037147521973,8.18876838684082
1753063667911,3.3919851779937744,-3.3405098915100098,10.319607734680176
1753063667960,0.9594763517379761,-5.337274074554443,9.926959037780762
1753063668011,2.4678235054016113,,
1753063668012,2.807800054550171,-4.3843817710876465,8.825626373291016
1753063668060,0.2364274114370346,-4.379593372344971,
1753063668061,,,6.766612529754639
1753063668111,1.0552444458007812,-4.920682907104492,8.993220329284668
1753063668160,0.1646013706922531,-5.37558126449585,
1753063668161,,,7.255029678344727
1753063668211,1.3281834125518799,,
1753063668212,,-3.9821560382843018,9.055469512939453
1753063668260,2.0703859329223633,-4.283825397491455,
1753063668261,,,9.175179481506348
1753063668311,1.2898762226104736,-4.360439777374268,8.447341918945312
1753063668360,1.2611457109451294,-4.963778495788574,
1753063668361,,,9.247005462646484
1753063668411,2.214038133621216,-4.810549736022949,9.553462982177734
1753063668460,1.668160080909729,-3.6709096431732178,8.916605949401855
1753063668511,2.7934348583221436,-4.408323764801025,9.768941879272461
1753063668560,2.008136749267578,-4.025251388549805,9.098565101623535
1753063668611,1.7447744607925415,-4.6285905838012695,
1753063668612,,,9.021950721740723
1753063668660,1.7830817699432373,-3.62302565574646,8.571840286254883
1753063668711,1.6585832834243774,-3.910329818725586,7.982867240905762
1753063668760,1.974617838859558,-3.1633388996124268,8.140884399414062
1753063668811,1.2611457109451294,-4.810549736022949,8.303689956665039
1753063668860,1.9363106489181519,,
1753063668861,,-4.642955780029297,8.322843551635742
1753063668911,0.9929951429367065,-3.97257924079895,9.060257911682129
1753063668960,1.0169371366500854,-4.044404983520508,7.006032943725586
1753063669011,1.7064672708511353,-4.049193859100342,9.807249069213867
1753063669060,1.4095861911773682,-4.307767391204834,8.452130317687988
1753063669111,2.1326351165771484,-3.4745852947235107,
1753063669112,,,9.045892715454102
1753063669160,1.6633716821670532,-5.088277339935303,10.386645317077637
1753063669161,,,9.730634689331055
1753063669214,2.099116325378418,,
1753063669215,1.5723919868469238,-3.862445831298828,8.3707275390625
1753063669262,2.032078742980957,-4.350862979888916,9.199121475219727
1753063669313,0.8541314601898193,-4.034828186035156,7.312490463256836
1753063669362,2.5109190940856934,-4.43705415725708,9.744999885559082
1753063669413,0.7104793787002563,-4.417900562286377,7.891887187957764
1753063669462,2.3050177097320557,-3.843292236328125,8.653243064880371
1753063669630,2.1517887115478516,-3.9151182174682617,9.347561836242676
1753063669681,1.1127052307128906,,
1753063669682,,-4.6956281661987305,8.983643531799316
1753063669733,2.0464439392089844,-3.4171242713928223,8.926182746887207
1753063669782,1.304241418838501,-4.039616584777832,7.791330814361572
1753063669833,0.8349778652191162,-5.126584529876709,8.093000411987305
1753063669882,1.390432596206665,-5.054758548736572,9.108141899108887
1753063669932,1.2611457109451294,,
1753063669933,1.3281834125518799,-5.327697277069092,9.108141899108887
1753063669982,1.6825252771377563,-4.336497783660889,8.198345184326172
1753063670001,1.3425486087799072,,
1753063670002,,-4.22157621383667,
1753063670003,,,8.758588790893555
1753063670032,1.6059107780456543,-4.2742486000061035,8.772953987121582
1753063670082,1.1174936294555664,,
1753063670083,1.1941081285476685,-4.379593372344971,7.982867240905762
1753063670134,1.9219454526901245,-4.183269023895264,9.09377670288086
1753063670180,1.4574702978134155,-4.417900562286377,8.710704803466797
1753063670229,1.711255669593811,-4.551976203918457,8.859145164489746
1753063670278,1.103128433227539,-4.561553001403809,8.394669532775879
1753063670328,1.390432596206665,,
1753063670329,,-5.428253650665283,9.122507095336914
1753063670377,1.7256208658218384,,
1753063670378,0.882861852645874,-5.011662483215332,8.849568367004395
1753063670428,1.2084733247756958,,
1753063670429,,-4.733935356140137,8.480860710144043
1753063670477,1.0791864395141602,-3.2543187141418457,
1753063670478,,-4.508880138397217,5.8855462074279785
1753063670528,2.056020736694336,-5.035604953765869,
1753063670529,,,11.119271278381348
1753063670577,1.6633716821670532,,
1753063670578,,-5.0930657386779785,8.31326675415039
1753063670628,1.787870168685913,-5.169680118560791,
1753063670629,,,9.64923095703125
1753063670677,1.1605892181396484,-4.556764602661133,
1753063670678,,-4.954201698303223,8.916605949401855
1753063670728,2.257133722305298,-4.815338134765625,
1753063670729,,,10.075399398803711
1753063670777,1.3186066150665283,,
1753063670778,1.8261773586273193,-4.686051368713379,9.543886184692383
1753063670828,1.9410990476608276,-4.039616584777832,
1753063670829,,-4.259883403778076,8.24622917175293
1753063670877,1.0504560470581055,-4.719570159912109,
1753063670878,,,8.94533634185791
1753063670928,1.634641170501709,,
1753063670929,,-4.116231441497803,7.8966755867004395
1753063670977,1.3090298175811768,,
1753063670978,,-4.690839767456055,8.835203170776367
1753063671028,1.4191631078720093,,
1753063671029,1.20368492603302,-4.676474571228027,8.198345184326172
1753063671077,1.653794765472412,,
1753063671078,1.3090298175811768,-4.872798919677734,9.1847562789917
1753063681349,1.2611457109451294,-4.920682907104492,8.624512672424316
1753063681350,1.8884265422821045,-3.666121244430542,7.681197643280029
1753063681351,1.3664906024932861,-4.441842555999756,8.892663955688477
1753063681352,1.4383167028427124,-5.351639270782471,8.777742385864258
1753063681353,1.7016788721084595,-2.492962598800659,9.75936508178711
1753063681400,4.541202068328857,,
1753063681401,,-0.46746787428855896,10.180744171142578
1753063681450,2.67372465133667,,
1753063681451,3.952228546142578,-1.9853917360305786,8.294113159179688
1753063683673,2.338536500930786,,
1753063683674,1.2563573122024536,-4.604648590087891,11.962030410766602
1753063683677,2.4343044757843018,,
1753063683678,2.0703859329223633,-3.4410665035247803,
1753063683679,,-3.445854902267456,8.830414772033691
1753063683685,1.5819687843322754,-4.408323764801025,9.060257911682129
1753063683736,2.032078742980957,,
1753063683737,,-3.642179250717163,8.51916790008545
1753063683786,1.2850877046585083,,
1753063683787,1.447893500328064,-4.609436988830566,8.442553520202637
1753063688102,1.567603588104248,,
1753063688103,1.548449993133545,,
1753063688104,1.347337007522583,-4.398746967315674,8.926182746887207
1753063688105,,,9.381080627441406
1753063688107,,,9.055469512939453
1753063688109,,,9.108141899108887
1753063688152,2.9466638565063477,-1.5783774852752686,
1753063688153,,-2.0428526401519775,8.907029151916504
1753063688203,3.5883097648620605,-2.253542423248291,10.401010513305664
1753063696802,1.787870168685913,,
1753063696803,,-2.3924059867858887,8.274959564208984
1753063696806,2.343324899673462,,8.624512672424316
1753063696807,2.2236149311065674,-3.426701068878174,
1753063696809,2.3768436908721924,-2.5743653774261475,8.456918716430664
1753063696810,2.0033483505249023,,
1753063696811,1.9458874464035034,-3.024475336074829,8.116942405700684
1753063696860,2.123058319091797,-2.9095535278320312,8.18876838684082
1753063696909,2.7120320796966553,-2.919130325317383,8.950124740600586
1753063696960,2.1565771102905273,,
1753063696961,,-3.0819361209869385,8.107365608215332
1753063697009,2.6785130500793457,,
1753063697010,,-2.7084407806396484,8.940547943115234
1753063697060,2.228403329849243,-3.2207999229431152,8.562263488769531
1753063697099,2.3481132984161377,-2.866457939147949,8.33720874786377
1753063697161,2.343324899673462,-3.1441853046417236,
1753063697162,,,8.456918716430664
1753063697210,2.654571056365967,-3.4075474739074707,9.845556259155273
1753063697261,2.362478494644165,-2.5743653774261475,7.8727335929870605
1753063697311,2.4199392795562744,,
1753063697312,2.4007856845855713,-3.4362781047821045,9.740211486816406
1753063697361,1.9458874464035034,-3.273472309112549,7.791330814361572
1753063697410,1.9841946363449097,-3.4314894676208496,9.366715431213379
1753063697461,2.7694928646087646,-2.9047651290893555,8.624512672424316
1753063697510,2.094327926635742,-3.646967649459839,8.749011993408203
1753063697561,1.9937714338302612,-3.292625904083252,8.85435676574707
1753063697610,2.6354174613952637,-3.8720226287841797,9.553462982177734
1753063697661,2.214038133621216,-3.6373908519744873,8.8878755569458
1753063697710,2.2379801273345947,,
1753063697711,,-3.7283706665039062,9.122507095336914
1753063697761,2.367266893386841,-3.757101058959961,9.37629222869873
1753063697810,1.7735048532485962,-3.5224692821502686,8.547898292541504
1753063697811,,,8.76337718963623
1753063697861,3.1142578125,-3.694851875305176,9.898228645324707
1753063699091,2.3289597034454346,-3.268683910369873,
1753063699092,2.3098061084747314,,
1753063699093,,-3.09151291847229,8.049904823303223
1753063699098,2.2236149311065674,-3.330933094024658,8.777742385864258
1753063699142,2.233191728591919,,
1753063699143,,-3.3261446952819824,9.299677848815918
1753063699193,2.4151508808135986,-2.6366145610809326,8.365939140319824
1753063699243,2.3289597034454346,-3.24953031539917,9.563039779663086
1753063699292,2.1422119140625,,
1753063699293,,-2.7706899642944336,8.413823127746582
1753063699343,2.2427685260772705,-3.1441853046417236,8.964489936828613
1753063699392,2.6641478538513184,-2.698863983154297,8.667608261108398
1753063699443,1.5771803855895996,-3.1298201084136963,
1753063699444,,-3.3261446952819824,8.423399925231934
1753063699492,2.7311856746673584,-2.80899715423584,9.117718696594238
1753063699542,2.20924973487854,-2.9957449436187744,8.55268669128418
1753063699547,2.3050177097320557,-2.943072557449341,9.788095474243164
1753063699594,2.606687068939209,,
1753063699595,,-2.3540987968444824,8.284536361694336
1753063699643,2.0847511291503906,,
1753063699644,2.075174331665039,-3.316567897796631,9.740211486816406
1753063699695,2.362478494644165,-2.5743653774261475,7.882310390472412
1753063699743,2.0033483505249023,,
1753063699744,2.3529016971588135,-3.153762102127075,9.371503829956055
1753063701501,2.410362482070923,,
1753063701504,2.3481132984161377,,
1753063701505,1.8501193523406982,,
1753063701506,2.032078742980957,,
1753063701507,2.1134815216064453,,
1753063701508,2.032078742980957,,
1753063701509,,-2.536058187484741,8.7298583984375
1753063701558,1.931522250175476,-3.3500866889953613,
1753063701559,,-3.5416228771209717,9.304466247558594
1753063701608,2.233191728591919,,
1753063701609,2.74076247215271,,
1753063701610,,-3.8337154388427734,10.3148193359375
1753063703852,2.9466638565063477,,
1753063703853,2.4678235054016113,,
1753063703854,2.1278467178344727,-3.378817081451416,10.152013778686523
1753063703902,1.7016788721084595,-3.287837505340576,8.662819862365723
1753063703952,2.20924973487854,-2.8185739517211914,
1753063703953,,-2.718017578125,8.753800392150879
1753063704001,1.692102074623108,-3.709217071533203,9.553462982177734
1753063704052,2.2236149311065674,,
1753063704053,,-2.7706899642944336,7.753023624420166
1753063704102,1.854907751083374,-3.3644518852233887,9.472060203552246
1753063704152,2.496553897857666,,
1753063704153,,-3.2351651191711426,8.160037994384766
1753063706324,2.429516077041626,,
1753063706325,2.5971102714538574,-3.096301317214966,9.409811019897461
1753063706331,1.7591396570205688,,
1753063706332,1.9937714338302612,-3.426701068878174,
1753063706383,2.079962730407715,-3.225588321685791,
1753063706384,,,9.596558570861816
1753063706434,2.4438812732696533,-3.1729156970977783,8.021174430847168
1753063706483,2.5683798789978027,-3.201646327972412,9.314043045043945
1753063706534,2.67372465133667,-3.977367639541626,
1753063706535,,,9.912593841552734
1753063706583,2.5300726890563965,-2.8616695404052734,8.112154006958008
1753063706584,,,9.567828178405762
1753063706634,2.075174331665039,,
1753063706635,,-4.288613796234131,10.683526992797852
1753063707882,2.3145945072174072,,
1753063707883,2.2475569248199463,-3.469796895980835,8.662819862365723
1753063707887,1.6825252771377563,-3.5416228771209717,8.816049575805664
1753063707936,2.032078742980957,-3.3500866889953613,8.490437507629395
1753063707985,2.850895643234253,,
1753063707986,2.5492262840270996,-3.848080635070801,10.769718170166016
1753063708034,2.6354174613952637,,
1753063708035,2.7311856746673584,-3.4793736934661865,9.46727180480957
1753063727120,1.912368655204773,,
1753063727121,1.9171570539474487,-3.6373908519744873,
1753063727122,,-3.8768110275268555,9.519944190979004
1753063727123,,,9.903017044067383
1753063727124,1.653794765472412,-4.116231441497803,
1753063727125,1.6633716821670532,-4.31255578994751,7.901463985443115
1753063727126,1.4191631078720093,-4.657320976257324,9.28531265258789
1753063727127,1.2228385210037231,-5.241506099700928,7.446565628051758
1753063727128,,-4.216787815093994,6.876745700836182
1753063727130,2.2475569248199463,-3.733159065246582,7.6333136558532715
1753063727131,,-3.201646327972412,
1753063727181,1.9363106489181519,-3.7427358627319336,9.654019355773926
1753063727232,2.319382905960083,-3.005321741104126,
1753063727233,,-2.938283920288086,8.567051887512207
1753063727281,2.1805191040039062,,
1753063727282,,-3.646967649459839,10.209474563598633
1753063727333,2.367266893386841,-2.6653449535369873,8.078635215759277
1753063727382,2.0895395278930664,-3.618237257003784,9.984419822692871
1753063727432,2.0895395278930664,-2.986168146133423,
1753063727433,,-3.287837505340576,7.968502044677734
1753063727481,2.4151508808135986,-3.5847184658050537,
1753063727482,,-2.8425159454345703,10.602123260498047
1753063727532,2.0703859329223633,-2.722805976867676,7.159261703491211
1753063727581,1.998559832572937,-3.1489737033843994,9.701904296875
1753063727582,,,7.604583263397217
1753063727632,1.998559832572937,-3.0340521335601807,7.427412033081055
1753063727681,2.295440912246704,-3.00053334236145,9.199121475219727
1753063727732,1.8405425548553467,-3.0579941272735596,7.618948459625244
1753063727781,2.233191728591919,-2.8329391479492188,8.533533096313477
1753063727832,1.9267338514328003,-3.757101058959961,
1753063727833,,-3.8049850463867188,8.825626373291016
1753063727881,2.3720552921295166,-2.670133352279663,
1753063727882,,,8.15524959564209
1753063727932,2.1278467178344727,,
1753063727933,,-3.6565444469451904,9.563039779663086
1753063727981,2.0895395278930664,-2.9478609561920166,7.427412033081055
1753063728032,2.654571056365967,-3.450643301010132,
1753063728033,,,10.76492977142334
1753063728082,2.4438812732696533,-3.378817081451416,9.055469512939453
1753063728131,3.004124641418457,-3.1729156970977783,10.262146949768066
1753063728182,1.854907751083374,-2.780266761779785,7.020398139953613
1753063728231,2.343324899673462,-2.986168146133423,9.701904296875
1753063728282,2.079962730407715,-3.09151291847229,7.65725564956665
1753063728331,2.386420488357544,-2.8425159454345703,8.758588790893555
1753063728382,1.8261773586273193,-3.426701068878174,8.251017570495605
1753063728431,2.338536500930786,-2.7036523818969727,8.193556785583496
1753063728482,2.0177135467529297,-3.5464112758636475,9.347561836242676
1753063728531,2.3098061084747314,-2.9909565448760986,7.776965618133545
1753063728582,2.276287317276001,,
1753063728583,,-3.6565444469451904,9.926959037780762
1753063728631,2.477400302886963,-2.9287071228027344,
1753063728632,,,7.259818077087402
1753063728682,2.1039047241210938,-3.886387825012207,10.6739501953125
1753063728731,2.008136749267578,-2.943072557449341,7.537545680999756
1753063728782,2.8125884532928467,-4.001309394836426,11.018714904785156
1753063728831,2.190095901489258,-2.847304344177246,
1753063728832,,,7.178415298461914
1753063728882,2.4007856845855713,-3.421912670135498,10.760141372680664
1753063728931,2.4390928745269775,,
1753063728932,,-4.173692226409912,9.740211486816406
1753063728982,1.7830817699432373,,
1753063728983,,-2.674921751022339,8.567051887512207
1753063729031,2.338536500930786,-4.106654644012451,10.683526992797852
1753063729082,1.5532383918762207,-2.943072557449341,7.0587053298950195
1753063729131,2.5252842903137207,-3.6900634765625,11.353902816772461
1753063729182,2.6785130500793457,,
1753063729183,2.1948843002319336,,
1753063729184,,-2.919130325317383,7.436988830566406
1753063729231,2.601898670196533,-3.4362781047821045,10.40579891204834
1753063729282,1.998559832572937,-2.7994203567504883,6.886322498321533
1753063729331,2.1134815216064453,-3.139396905899048,9.012373924255371
1753063729382,2.1948843002319336,-3.2591071128845215,8.06427001953125
1753063729431,2.386420488357544,-2.8377275466918945,7.848791599273682
1753063729482,1.9506758451461792,-3.508104085922241,8.557475090026855
1753063729531,2.2858641147613525,-2.8808231353759766,7.374739646911621
1753063729582,1.711255669593811,-3.488950490951538,8.950124740600586
1753063729631,1.6490063667297363,-2.8808231353759766,6.843226909637451
1753063729682,2.67372465133667,-4.1641154289245605,10.999561309814453
1753063729731,2.5731682777404785,,
1753063729732,,-3.153762102127075,7.585429668426514
1753063729782,2.6785130500793457,-3.867234230041504,11.430517196655273
1753063729831,2.893991231918335,-4.006097793579102,10.094552993774414
1753063729882,2.4869771003723145,-3.0436289310455322,9.43375301361084
1753063729931,2.496553897857666,-3.6326024532318115,10.032303810119629
1753063729982,2.4438812732696533,-2.890399932861328,
1753063729983,,,8.648454666137695
1753063730031,2.601898670196533,-4.140173435211182,11.052233695983887
1753063730082,1.7495628595352173,-2.5791537761688232,
1753063730083,,,6.292560577392578
1753063730131,2.1086931228637695,,
1753063730132,,-3.072359323501587,8.777742385864258
1753063730182,1.7687164545059204,,
1753063730183,,-3.450643301010132,7.513603687286377
1753063730230,2.410362482070923,,
1753063730231,2.1757307052612305,-2.5983073711395264,8.576628684997559
1753063730282,2.2619221210479736,-3.6709096431732178,8.523956298828125
1753063730331,1.8836381435394287,-2.4881742000579834,6.512827396392822
1753063730382,2.7503392696380615,-3.9486372470855713,10.76492977142334
1753063730431,2.2906525135040283,-3.048417329788208,
1753063730432,,,8.059481620788574
1753063730482,2.520495891571045,-3.9007530212402344,10.161590576171875
1753063730531,1.9027918577194214,-2.9670145511627197,7.006032943725586
1753063730582,2.6114754676818848,-3.661332845687866,11.396998405456543
1753063730631,2.6880898475646973,-4.087501049041748,10.453682899475098
1753063730682,2.2427685260772705,-2.56000018119812,8.667608261108398
1753063730731,2.2379801273345947,-3.7714662551879883,10.295665740966797
1753063730782,1.7926585674285889,,
1753063730783,,-2.6126725673675537,7.326855659484863
1753063730831,2.3959972858428955,-3.4362781047821045,10.760141372680664
1753063730882,2.1517887115478516,-2.56000018119812,5.808931827545166
1753063730932,1.9937714338302612,-2.9095535278320312,8.715493202209473
1753063730981,2.0033483505249023,,
1753063730982,2.410362482070923,-3.292625904083252,7.513603687286377
1753063731031,1.912368655204773,-2.627037763595581,7.877521991729736
1753063731082,3.4063503742218018,-4.010886192321777,11.10490608215332
1753063731131,2.8173768520355225,-3.378817081451416,8.035539627075195
1753063731181,1.8405425548553467,,
1753063731182,2.5348610877990723,-3.445854902267456,10.875062942504883
1753063731231,2.3529016971588135,-3.579930067062378,8.701127052307129
1753063731282,2.410362482070923,-3.5511996746063232,10.429740905761719
1753063731331,2.4390928745269775,,
1753063731332,2.429516077041626,-3.7475242614746094,10.075399398803711
1753063731382,2.4007856845855713,-2.7036523818969727,8.140884399414062
1753063731431,2.343324899673462,-3.201646327972412,10.25735855102539
1753063731482,1.9410990476608276,-2.56000018119812,6.6181721687316895
1753063731531,2.1422119140625,-2.4881742000579834,9.156025886535645
1753063731582,2.3720552921295166,-3.5033156871795654,7.513603687286377
1753063731631,1.7830817699432373,-1.9662381410598755,6.488884925842285
1753063731681,2.8844144344329834,,
1753063731682,2.5731682777404785,-4.1641154289245605,11.186308860778809
1753063731731,1.9219454526901245,-3.4171242713928223,7.618948459625244
1753063731782,2.233191728591919,-3.599083662033081,11.215039253234863
1753063731831,1.7974469661712646,-3.24953031539917,7.891887187957764
1753063731882,2.4821887016296387,-3.311779499053955,10.549450874328613
1753063731931,2.271498918533325,-3.2160115242004395,8.15524959564209
1753063731982,2.075174331665039,-3.0148985385894775,8.969278335571289
1753063732031,2.3337481021881104,-3.5272576808929443,10.295665740966797
1753063732082,1.7687164545059204,-2.823362350463867,7.097012519836426
1753063732131,2.1278467178344727,-3.201646327972412,10.061034202575684
1753063732182,2.343324899673462,-3.3644518852233887,
1753063732183,,,8.289324760437012
1753063736843,2.185307502746582,,
1753063736844,2.319382905960083,-3.5655648708343506,
1753063736845,1.3186066150665283,-3.5416228771209717,9.227851867675781
1753063736847,1.668160080909729,-4.6956281661987305,7.901463985443115
1753063736895,1.811812162399292,,
1753063736896,2.166153907775879,-3.62302565574646,7.968502044677734
1753063736945,1.0456676483154297,-4.43705415725708,9.165602684020996
1753063736995,1.9889830350875854,-3.9630024433135986,7.403470039367676
1753063736996,,,8.385092735290527
1753063737044,1.2850877046585083,,
1753063737045,1.514931082725525,-4.13059663772583,8.112154006958008
1753063737096,1.6059107780456543,-4.8488569259643555,8.485649108886719
1753063737171,2.214038133621216,-4.211999416351318,8.67718505859375
1753063737175,1.6059107780456543,-4.566341400146484,8.720281600952148
1753063737223,1.6873136758804321,,
1753063737224,,-4.159327030181885,8.40424633026123
1753063737274,1.6394295692443848,,
1753063737275,,-3.7044286727905273,7.638102054595947
1753063737323,1.0121487379074097,-4.777030944824219,7.848791599273682
1753063737374,1.127070426940918,-4.259883403778076,
1753063737375,,,8.485649108886719
1753063739471,1.4095861911773682,,
1753063739472,1.8740613460540771,-4.614225387573242,7.834426403045654
1753063739474,2.3576900959014893,-3.9199066162109375,8.198345184326172
1753063739521,1.5340847969055176,-4.518456935882568,10.046669006347656
1753063739522,,,8.8878755569458
1753063739572,1.811812162399292,-3.8768110275268555,6.862380504608154
1753063739621,1.1414356231689453,-4.216787815093994,8.897452354431152
1753063739672,1.6059107780456543,-4.580706596374512,8.00680923461914
1753063739721,1.6585832834243774,,
1753063739722,2.2906525135040283,-3.5655648708343506,8.270171165466309
1753063739840,2.0895395278930664,-4.547187805175781,8.409034729003906
1753063739846,1.1079168319702148,-4.5423994064331055,8.385092735290527
1753063739898,1.6777368783950806,-5.126584529876709,9.620500564575195
1753063739949,2.123058319091797,-4.43705415725708,7.6333136558532715
1753063739997,1.514931082725525,,
1753063739998,,-3.7187938690185547,7.858368396759033
1753063740048,2.094327926635742,,
1753063740049,,-4.623802185058594,9.242217063903809
1753063742987,2.056020736694336,,
1753063742988,1.2132617235183716,-4.638167381286621,10.429740905761719
1753063742992,1.8405425548553467,-4.800972938537598,9.09377670288086
1753063743043,1.548449993133545,,
1753063743044,,-4.949413299560547,9.668384552001953
1753063743094,1.8740613460540771,-3.977367639541626,8.322843551635742
1753063743143,2.0416555404663086,,
1753063743144,1.591545581817627,-4.460996150970459,9.452906608581543
1753063743195,1.2611457109451294,-4.015674591064453,7.671620845794678
1753063743240,1.6011223793029785,-3.934272050857544,8.31326675415039
1753063743291,1.3186066150665283,,
1753063743292,0.9546879529953003,-4.432265758514404,8.341997146606445
1753063743340,1.7495628595352173,-3.9007530212402344,8.198345184326172
1753063743391,1.20368492603302,,
1753063743392,,-4.580706596374512,8.480860710144043
1753063743440,1.9363106489181519,-3.6996402740478516,
1753063743441,,-3.8959646224975586,8.126519203186035
1753063744857,1.0648212432861328,,
1753063744858,1.5053542852401733,,
1753063744860,1.9506758451461792,,
1753063744861,,-4.532822132110596,8.58620548248291
1753063744909,1.7974469661712646,-4.700416564941406,9.337985038757324
1753063744959,2.0655975341796875,-3.824138641357422,8.715493202209473
1753063744960,,,8.150461196899414
1753063745010,1.2372037172317505,-4.245518207550049,7.920617580413818
1753063745058,1.9171570539474487,-4.135385036468506,
1753063745059,,,9.156025886535645
1753063745107,2.190095901489258,-3.819350242614746,8.021174430847168
1753063745156,2.161365509033203,-4.556764602661133,10.104129791259766
1753063745207,1.2563573122024536,-3.7044286727905273,6.915052890777588
1753063745256,1.3664906024932861,-4.686051368713379,
1753063745257,,,9.452906608581543
1753063745307,2.228403329849243,-3.9821560382843018,8.423399925231934
1753063750454,2.075174331665039,,
1753063750455,1.4000093936920166,-4.5854949951171875,9.596558570861816
1753063750456,1.8166005611419678,,10.49677848815918
1753063750457,1.6490063667297363,-3.8049850463867188,
1753063750461,1.7639280557632446,-3.819350242614746,8.002020835876465
1753063750513,1.1797429323196411,-4.331709384918213,7.901463985443115
1753063750563,1.6729484796524048,-4.226364612579346,9.213486671447754
1753063750612,2.0225019454956055,-4.173692226409912,8.538321495056152
1753063750663,1.567603588104248,-3.9630024433135986,
1753063750664,,,9.266159057617188
1753063750712,2.4007856845855713,,
1753063750713,2.783858060836792,-3.3931822776794434,9.457695007324219
1753063750880,2.932298421859741,-2.957437753677368,9.290101051330566
1753063750886,1.447893500328064,-3.843292236328125,8.715493202209473
1753063750939,1.9219454526901245,-3.177704095840454,8.590993881225586
1753063750988,2.257133722305298,-2.9478609561920166,8.55268669128418
1753063751039,2.3289597034454346,-3.18249249458313,9.03631591796875
1753063751088,2.520495891571045,-3.5464112758636475,9.28531265258789
1753063751139,2.20924973487854,-3.5416228771209717,8.638877868652344
1753063751188,1.854907751083374,-3.335721492767334,8.193556785583496
1753063751239,2.1805191040039062,-3.5176808834075928,9.026739120483398
1753063751288,2.3576900959014893,-2.914341926574707,8.562263488769531
1753063751339,2.3529016971588135,-3.1441853046417236,8.385092735290527
1753063751388,2.099116325378418,-3.7714662551879883,9.357138633728027
1753063751439,2.3050177097320557,-3.1058781147003174,8.126519203186035
1753063751488,2.0847511291503906,-3.7427358627319336,9.73542308807373
1753063751539,2.1517887115478516,-2.986168146133423,7.877521991729736
1753063751588,2.0464439392089844,-4.250306606292725,9.639654159545898
1753063751639,2.094327926635742,-3.4075474739074707,8.67718505859375
1753063751688,2.448669672012329,-3.1058781147003174,8.303689956665039
1753063751739,2.3145945072174072,-3.9486372470855713,9.61571216583252
1753063751788,2.3050177097320557,-3.158550500869751,8.624512672424316
1753063751839,2.324171304702759,-3.5655648708343506,9.117718696594238
1753063751888,1.490989089012146,-3.4554316997528076,7.7865424156188965
1753063751939,2.692878246307373,-3.560776472091675,9.840767860412598
1753063751988,2.324171304702759,,
1753063751989,1.9363106489181519,-3.5464112758636475,9.304466247558594
1753063752039,1.9937714338302612,-3.3069911003112793,
1753063752040,,,8.049904823303223
1753063752088,1.5005658864974976,-3.378817081451416,
1753063752089,,-3.6709096431732178,8.270171165466309
1753063752139,2.544437885284424,-3.9677908420562744,9.816825866699219
1753063752188,1.2850877046585083,-3.1298201084136963,6.417058944702148
1753063752239,2.7886464595794678,-4.820126533508301,12.158354759216309
1753063752288,2.9418752193450928,-3.5224692821502686,8.672396659851074
1753063752340,1.3617022037506104,-4.422688961029053,10.013150215148926
1753063752388,1.653794765472412,,
1753063752389,1.754351258277893,-2.741959571838379,6.737882137298584
1753063752439,3.6122517585754395,-4.22157621383667,11.995549201965332
1753063752488,2.1805191040039062,-2.5983073711395264,5.89512300491333
1753063752539,1.8501193523406982,-3.8337154388427734,10.247781753540039
1753063752588,2.5492262840270996,-3.9007530212402344,9.711481094360352
1753063752639,1.6442179679870605,-2.9095535278320312,6.838438510894775
1753063752688,1.6633716821670532,-3.7235822677612305,9.1847562789917
1753063752738,2.1709423065185547,,
1753063752739,2.2858641147613525,-3.3692402839660645,7.74823522567749
1753063752788,1.9267338514328003,-3.90554141998291,8.916605949401855
1753063752839,2.1805191040039062,-3.5847184658050537,9.045892715454102
1753063752997,2.3481132984161377,,
1753063752998,2.319382905960083,-3.646967649459839,8.691550254821777
1753063753049,2.5683798789978027,-3.5942952632904053,9.49121379852295
1753063753100,1.4862006902694702,-2.765901565551758,7.298125267028809
1753063753149,2.7694928646087646,-4.025251388549805,10.319607734680176
1753063753199,2.166153907775879,,
1753063753200,2.5109190940856934,-2.5935189723968506,7.441777229309082
1753063753249,2.3050177097320557,-3.62302565574646,8.935759544372559
1753063753299,2.233191728591919,,
1753063753300,,-3.287837505340576,9.280524253845215
1753063753349,2.7024552822113037,-3.7666778564453125,9.831191062927246
1753063753399,2.079962730407715,,
1753063753400,1.835754156112671,-3.646967649459839,8.988431930541992
1753063755349,2.147000312805176,-2.93349552154541,
1753063755350,2.137423515319824,-3.244741916656494,8.399457931518555
1753063755355,2.295440912246704,-3.795408248901367,10.40579891204834
1753063755356,,,8.739435195922852
1753063755407,2.2810757160186768,-3.1872811317443848,9.136872291564941
1753063755457,1.7256208658218384,,
1753063755458,2.0895395278930664,-3.024475336074829,7.5662760734558105
1753063755548,2.228403329849243,-3.177704095840454,9.06983470916748
1753063755552,2.3050177097320557,,
1753063755553,2.137423515319824,-2.943072557449341,8.136096000671387
1753063755600,2.4007856845855713,-3.8337154388427734,9.869498252868652
1753063755650,2.1134815216064453,-2.7994203567504883,8.270171165466309
1753063755700,1.955464243888855,,
1753063755701,2.5683798789978027,-3.6517560482025146,9.46727180480957
1753063755750,1.787870168685913,-2.670133352279663,7.705139636993408
1753063755800,2.67372465133667,,
1753063755801,2.4582467079162598,-3.5416228771209717,9.95090103149414
1753063755850,2.1039047241210938,-2.229600429534912,
1753063755851,,,6.541557788848877
1753063755916,2.386420488357544,-4.422688961029053,
1753063755917,,-3.560776472091675,11.133636474609375
1753063755964,2.5348610877990723,,
1753063755965,2.008136749267578,-2.852092742919922,8.418611526489258
1753063756016,1.9267338514328003,-3.7906198501586914,9.831191062927246
1753063756065,1.6011223793029785,-2.9047651290893555,7.915829181671143
1753063756118,2.7024552822113037,-3.6709096431732178,10.468048095703125
1753063756167,2.338536500930786,,
1753063756168,1.668160080909729,-2.674921751022339,7.398681640625
1753063756219,1.7495628595352173,-3.445854902267456,8.624512672424316
1753063756268,2.094327926635742,-2.3540987968444824,7.207145690917969
1753063756316,2.1326351165771484,-3.5703532695770264,8.557475090026855
1753063756365,2.1565771102905273,-2.986168146133423,7.547122478485107
1753063756856,2.036867141723633,-4.1641154289245605,8.701127052307129
1753063756862,2.0177135467529297,-4.063559055328369,9.725846290588379
1753063756916,1.7256208658218384,-4.705204963684082,
1753063756917,,,9.12729549407959
1753063756964,1.4622586965560913,-4.125808238983154,8.634089469909668
1753063757015,2.0272903442382812,,
1753063757016,1.8213889598846436,-4.709993362426758,10.1568021774292
1753063757064,2.472611904144287,-4.6956281661987305,
1753063757065,,-4.398746967315674,11.272500038146973
1753063757115,1.4766238927841187,-3.6709096431732178,6.991667747497559
1753063757164,1.3425486087799072,-4.863222122192383,9.299677848815918
1753063760363,2.4151508808135986,,
1753063760364,1.3281834125518799,-4.135385036468506,8.97885513305664
1753063760365,,-2.9095535278320312,8.207921981811523
1753063760366,2.3481132984161377,-3.0436289310455322,8.983643531799316
1753063760416,2.83174204826355,-2.9047651290893555,8.715493202209473
1753063760465,2.0464439392089844,,
1753063760466,,-3.115454912185669,7.772177219390869
1753063760514,2.4917654991149902,,
1753063760515,,-3.445854902267456,9.333196640014648
1753063760566,2.2236149311065674,-3.359663486480713,8.22228717803955
1753063760614,2.4582467079162598,,
1753063760615,2.6354174613952637,-2.890399932861328,8.691550254821777
1753063760665,1.8453309535980225,,
1753063760666,,-3.4602200984954834,8.409034729003906
1753063760714,2.5300726890563965,,
1753063760715,1.514931082725525,-2.713229179382324,8.442553520202637
1753063760766,2.2379801273345947,,
1753063760767,,-3.862445831298828,8.653243064880371
1753063760768,,,11.598111152648926
1753063760816,1.787870168685913,,
1753063760817,,-2.454655408859253,6.761824131011963
1753063760866,2.932298421859741,-3.867234230041504,11.1288480758667
1753063760914,3.6170401573181152,,
1753063760915,2.343324899673462,-3.4171242713928223,9.630077362060547
1753063760965,1.390432596206665,,
1753063760966,2.67372465133667,-2.919130325317383,8.06427001953125
1753063761014,2.295440912246704,-3.1441853046417236,9.318831443786621
1753063761065,2.3098061084747314,-2.866457939147949,7.767388820648193
1753063787209,1.9937714338302612,-2.8377275466918945,8.289324760437012
1753063787211,,,10.511143684387207
1753063787212,1.8022353649139404,-2.8425159454345703,12.081740379333496
1753063787213,1.7208324670791626,-3.3069911003112793,7.791330814361572
1753063787214,2.1996726989746094,-4.159327030181885,7.192780494689941
1753063787218,2.324171304702759,-3.2830491065979004,
1753063787219,,-4.034828186035156,9.132083892822266
1753063787220,,,9.428964614868164
1753063787221,1.6250643730163574,-4.140173435211182,10.209474563598633
1753063787272,2.228403329849243,-3.5033156871795654,9.405022621154785
1753063787323,2.1709423065185547,,
1753063787324,,-4.159327030181885,8.42818832397461
1753063787372,2.6354174613952637,-3.0436289310455322,8.351573944091797
1753063787423,2.5109190940856934,,
1753063787424,,-4.154538631439209,10.214262962341309
1753063787472,2.1948843002319336,,
1753063787473,,-3.9199066162109375,8.025962829589844
1753063787523,2.889202833175659,,
1753063787524,2.0416555404663086,-3.5272576808929443,10.290877342224121
1753063787572,2.601898670196533,,
1753063787573,,-5.54317569732666,10.515932083129883
1753063787623,1.7926585674285889,,
1753063787624,2.846107244491577,-1.7507599592208862,7.010821342468262
1753063787672,2.410362482070923,,
1753063787673,1.3856441974639893,-4.298190593719482,10.386645317077637
1753063787723,1.1701661348342896,,
1753063787724,,-1.8944120407104492,4.884769916534424
1753063787772,2.1805191040039062,,
1753063787773,0.9307458996772766,-4.355651378631592,10.726622581481934
1753063787823,2.4630351066589355,,
1753063787824,,-2.7706899642944336,5.397129058837891
1753063787873,1.1605892181396484,-2.9765913486480713,
1753063787874,,-3.90554141998291,6.637325763702393
1753063787923,2.803011655807495,-5.1601033210754395,11.401786804199219
1753063787972,2.625840663909912,-4.010886192321777,8.686761856079102
1753063788023,2.4343044757843018,,
1753063788024,,-4.43705415725708,11.89499282836914
1753063788072,2.5971102714538574,,
1753063788073,3.066373825073242,-4.595071792602539,11.358691215515137
1753063788123,2.716820478439331,-4.135385036468506,
1753063788124,,-3.7187938690185547,9.687539100646973
1753063788172,2.3576900959014893,-3.6086604595184326,
1753063788173,,,9.941324234008789
1753063788224,2.338536500930786,-3.776254653930664,8.399457931518555
1753063788272,2.1039047241210938,,
1753063788273,1.7782933712005615,-3.5033156871795654,8.892663955688477
1753063788323,2.099116325378418,,
1753063788324,,-3.3213562965393066,7.561487674713135
1753063788372,2.137423515319824,-2.986168146133423,
1753063788373,,-3.096301317214966,7.465719223022461
1753063788423,2.0272903442382812,,
1753063788424,,-3.158550500869751,7.446565628051758
1753063788472,1.9506758451461792,-3.1441853046417236,
1753063788473,,,6.709151744842529
1753063788523,1.9363106489181519,,
1753063788524,,-3.072359323501587,7.815272808074951
1753063788573,1.711255669593811,-3.8528690338134766,
1753063788574,,,7.997232437133789
1753063788622,1.4718354940414429,,
1753063788623,,-3.6278140544891357,7.097012519836426
1753063788673,3.0184898376464844,,
1753063788674,,-4.370016574859619,11.578957557678223
1753063788722,3.933074951171875,,
1753063788723,,-6.323685169219971,13.853449821472168
1753063788773,1.0791864395141602,,
1753063788774,4.536413669586182,-2.1098902225494385,6.5080389976501465
1753063788822,1.8740613460540771,,
1753063788823,,-3.6709096431732178,11.25334644317627
1753063788873,2.6785130500793457,,
1753063788874,,-4.815338134765625,9.907805442810059
1753063788922,2.6114754676818848,,
1753063788923,,-3.5464112758636475,8.509591102600098
1753063788973,1.2994530200958252,-3.0101101398468018,
1753063788974,,-3.0771477222442627,7.250241279602051
1753063789022,1.2755109071731567,,
1753063789023,1.1558008193969727,-4.293402194976807,7.882310390472412
1753063789074,2.2475569248199463,-3.0196869373321533,8.375515937805176
1753063789123,1.9889830350875854,-4.6285905838012695,7.662044048309326
1753063789173,0.6865373253822327,-3.0579941272735596,
1753063789174,,,7.331644058227539
1753063789222,1.7591396570205688,,
1753063789223,,-3.6756980419158936,9.692327499389648
1753063789273,2.6210522651672363,,
1753063789274,,-1.544858694076538,5.9286417961120605
1753063789322,-0.8505401611328125,,
1753063789323,,-6.893505096435547,9.907805442810059
1753063789373,2.961029052734375,-2.382829189300537,
1753063789374,,-6.1991868019104,8.03075122833252
1753063789422,-0.01735796220600605,,
1753063789423,,-3.6709096431732178,5.7754130363464355
1753063789473,1.9650410413742065,-5.456984043121338,
1753063789474,,-4.168903827667236,11.301230430603027
1753063789522,2.9514522552490234,,
1753063789523,,-3.3644518852233887,6.330867767333984
1753063789573,1.8884265422821045,-3.3213562965393066,10.286088943481445
1753063789622,1.5867571830749512,,
1753063789623,,-4.331709384918213,6.12017822265625
1753063789673,0.6817489266395569,,
1753063789674,,-3.867234230041504,8.025962829589844
1753063789722,2.2236149311065674,,
1753063789723,,-4.398746967315674,9.357138633728027
1753063789773,1.787870168685913,-4.125808238983154,
1753063789774,,-4.580706596374512,8.131307601928711
1753063789822,2.4438812732696533,-5.126584529876709,
1753063789823,,-4.216787815093994,11.124059677124023
1753063789873,2.0225019454956055,,
1753063789874,,-3.646967649459839,7.662044048309326
1753063789922,0.7296329736709595,,
1753063789923,,-3.685275077819824,8.715493202209473
1753063789973,3.0376434326171875,,
1753063789974,,-5.217564105987549,10.53029727935791
1753063790022,1.898003339767456,,
1753063790023,,-3.843292236328125,6.254253387451172
1753063790073,1.1701661348342896,,
1753063790074,1.0887632369995117,-4.647744178771973,10.209474563598633
1753063790122,2.6593594551086426,,
1753063790123,1.6490063667297363,-5.016450881958008,9.40023422241211
1753063790173,1.0935516357421875,-3.1729156970977783,
1753063790174,,,6.632537364959717
1753063790222,1.6442179679870605,,
1753063790223,,-4.058770656585693,9.807249069213867
1753063790273,1.8740613460540771,,
1753063790274,,-4.197634220123291,7.369951248168945
1753063790322,1.5867571830749512,-4.307767391204834,
1753063790323,,,7.585429668426514
1753063790373,0.7200561761856079,-5.045181751251221,
1753063790374,,,7.848791599273682
1753063790422,2.5971102714538574,,
1753063790423,,-4.52803373336792,9.026739120483398
1753063790473,0.7583633661270142,-3.8720226287841797,
1753063790474,,,6.843226909637451
1753063790522,1.7160440683364868,,
1753063790523,1.1941081285476685,-4.518456935882568,7.93019437789917
1753063790573,1.8022353649139404,-4.350862979888916,
1753063790574,,-3.891176223754883,9.017162322998047
1753063790622,2.850895643234253,-5.030816555023193,
1753063790623,,,8.715493202209473
1753063790673,0.17896658182144165,,
1753063790674,,-2.540846586227417,6.7043633460998535
1753063790722,0.3082534670829773,,
1753063790723,,-5.480926036834717,9.098565101623535
1753063790773,1.514931082725525,-4.839280128479004,
1753063790774,,,8.27974796295166
1753063790822,1.4957774877548218,-4.279036998748779,8.8878755569458
1753063790823,,,8.85435676574707
1753063790873,1.8596961498260498,,
1753063790874,,-4.31255578994751,9.170391082763672
1753063790922,0.8254010081291199,,
1753063790923,,-3.3740286827087402,6.445789337158203
1753063790973,1.2515689134597778,,
1753063790974,,-5.854421615600586,10.884639739990234
1753063791022,2.9897594451904297,,
1753063791023,,-4.796184539794922,10.003573417663574
1753063791073,0.5093663930892944,,
1753063791074,,-4.532822132110596,7.197568893432617
1753063791122,0.9882067441940308,-3.9486372470855713,
1753063791123,,,7.413046836853027
1753063791173,2.1039047241210938,-4.647744178771973,
1753063791174,,-3.402759075164795,9.903017044067383
1753063791222,0.8876502513885498,,
1753063791223,,-4.326920986175537,7.154473304748535
1753063791273,2.032078742980957,,
1753063791274,0.839766263961792,-4.604648590087891,9.361927032470703
1753063791322,3.0998926162719727,,
1753063791323,2.118269920349121,-4.499303340911865,7.685986042022705
1753063791373,0.9498994946479797,,
1753063791374,1.0696096420288086,-4.963778495788574,9.874286651611328
1753063791422,2.6210522651672363,,
1753063791423,2.7311856746673584,-5.8639984130859375,11.282076835632324
1753063791473,1.3952209949493408,,
1753063791474,2.4343044757843018,-2.986168146133423,6.790554523468018
1753063791522,0.4279635548591614,,
1753063791523,,-6.29016637802124,11.947665214538574
1753063791573,2.4630351066589355,-4.140173435211182,7.130531311035156
1753063791574,,,9.582193374633789
1753063791622,2.1565771102905273,-4.3412861824035645,
1753063791623,,-3.9630024433135986,9.993996620178223
1753063791673,2.874837636947632,-4.068347454071045,8.09778881072998
1753063791722,1.4957774877548218,,
1753063791723,1.5101426839828491,-4.915894508361816,7.537545680999756
1753063791773,0.7056909799575806,,
1753063791774,,-4.733935356140137,9.074623107910156
1753063791822,2.7742812633514404,-5.394734859466553,
1753063791823,,,11.291653633117676
1753063791873,1.73519766330719,-4.044404983520508,
1753063791874,,,7.374739646911621
1753063791922,1.9650410413742065,-3.0627825260162354,
1753063791923,,,6.7474589347839355
1753063791973,2.2427685260772705,-5.380369663238525,
1753063791974,,,9.922170639038086
1753063792022,1.9075802564620972,,
1753063792023,,-3.709217071533203,6.733093738555908
1753063792073,1.7974469661712646,,
1753063792074,1.4718354940414429,-5.251082897186279,10.22383975982666
1753063792122,1.9937714338302612,,
1753063792123,1.9267338514328003,-4.226364612579346,8.27974796295166
1753063792173,1.548449993133545,-4.78660774230957,
1753063792174,,-4.690839767456055,9.25179386138916
1753063792222,1.4047977924346924,,
1753063792223,,-3.4123358726501465,8.12173080444336
1753063792273,2.6354174613952637,,
1753063792274,1.6202759742736816,-4.015674591064453,8.873510360717773
1753063797567,0.882861852645874,,
1753063797568,1.083974838256836,-4.84406852722168,8.691550254821777
1753063797569,1.9506758451461792,-4.149750232696533,7.776965618133545
1753063797620,1.8166005611419678,,
1753063797621,,-4.092289447784424,9.103353500366211
1753063797671,1.5292962789535522,,
1753063797672,,-2.804208755493164,6.565499782562256
1753063797720,2.448669672012329,,
1753063797721,,-4.475361347198486,11.080964088439941
1753063797771,1.4766238927841187,-3.2782607078552246,
1753063797772,,,6.048352241516113
1753063797820,1.7447744607925415,,
1753063797821,2.58274507522583,-3.8720226287841797,10.324396133422852
1753063797871,2.7551276683807373,,
1753063797872,2.0655975341796875,-3.996521234512329,8.849568367004395
1753063797920,2.668936252593994,-3.9151182174682617,
1753063797921,,-3.7044286727905273,10.089764595031738
1753063797971,1.8692729473114014,-3.8528690338134766,
1753063797972,,-4.336497783660889,8.476072311401367
1753063798020,2.233191728591919,,
1753063798021,2.338536500930786,-3.5416228771209717,9.280524253845215
1753063798071,2.472611904144287,-4.025251388549805,8.423399925231934
1753063798120,2.05123233795166,-3.067570924758911,8.160037994384766
1753063798171,1.548449993133545,,
1753063798172,,-3.8289270401000977,7.729081630706787
1753063798220,2.190095901489258,-3.0101101398468018,
1753063798221,,,8.27974796295166
1753063798271,1.4766238927841187,-3.8720226287841797,7.8296380043029785
1753063798320,1.9075802564620972,-3.1202433109283447,
1753063798321,,,8.140884399414062
1753063798371,1.7639280557632446,-4.073135852813721,
1753063798372,,,8.76337718963623
1753063798420,1.467047095298767,-2.9957449436187744,7.202357292175293
1753063798421,,,7.867945194244385
1753063798471,2.3337481021881104,,
1753063798472,2.185307502746582,-4.666897773742676,10.56381607055664
1753063798520,2.0416555404663086,-3.4171242713928223,
1753063798521,,-4.202422618865967,7.49923849105835
1753063798571,1.5340847969055176,-3.958214044570923,
1753063798572,,-3.378817081451416,9.59177017211914
1753063798620,2.0895395278930664,,
1753063798621,,-3.9246952533721924,8.054693222045898
1753063798671,1.3760673999786377,-4.13059663772583,9.37629222869873
1753063798672,,,9.879075050354004
1753063798720,2.386420488357544,,
1753063798721,,-3.244741916656494,7.451354026794434
1753063798771,1.4957774877548218,-4.389170169830322,
1753063798772,,,9.936535835266113
1753063798820,2.1565771102905273,,
1753063798821,,-3.642179250717163,8.078635215759277
1753063798871,1.754351258277893,,
1753063798872,,-4.0300397872924805,9.773730278015137
1753063798921,1.7160440683364868,-4.245518207550049,8.624512672424316
1753063798971,2.1709423065185547,,
1753063798972,,-3.886387825012207,9.936535835266113
1753063799021,2.118269920349121,-4.269460201263428,
1753063799022,,,9.534309387207031
1753063799070,2.803011655807495,,
1753063799071,,-3.910329818725586,9.515155792236328
1753063799122,1.5628151893615723,-3.9151182174682617,8.236652374267578
1753063799170,2.2858641147613525,,
1753063799171,,-3.0148985385894775,8.140884399414062
1753063799221,1.591545581817627,-4.279036998748779,
1753063799222,,-4.082712650299072,8.749011993408203
1753063799270,2.137423515319824,-3.5655648708343506,
1753063799271,,,7.647678852081299
1753063799321,1.5005658864974976,-3.97257924079895,
1753063799322,,-3.694851875305176,9.117718696594238
1753063799370,2.5348610877990723,,
1753063799371,,-3.445854902267456,8.500014305114746
1753063799421,1.7782933712005615,,
1753063799422,2.204461097717285,-3.8528690338134766,8.916605949401855
1753063799470,2.410362482070923,,
1753063799471,,-3.4410665035247803,7.800907611846924
1753063799521,1.4957774877548218,,
1753063799522,,-3.910329818725586,9.43375301361084
1753063799570,2.3529016971588135,,
1753063799571,,-3.776254653930664,8.073846817016602
1753063799621,0.7775170207023621,,
1753063799622,,-3.90554141998291,8.648454666137695
1753063799670,1.371279001235962,-3.3644518852233887,
1753063799671,,-3.733159065246582,7.2789716720581055
1753063799721,2.4917654991149902,,
1753063799722,1.6968904733657837,-4.389170169830322,10.362703323364258
1753063799770,2.233191728591919,-3.8289270401000977,7.49923849105835
1753063799771,,,10.377068519592285
1753063799821,1.8022353649139404,,
1753063799822,,-3.7858314514160156,9.936535835266113
1753063799870,2.2188265323638916,,
1753063799871,,-4.393958568572998,9.457695007324219
1753063799921,1.8501193523406982,,
1753063799922,,-3.1729156970977783,8.667608261108398
1753063799970,1.6298527717590332,,
1753063799971,,-4.2311530113220215,9.165602684020996
1753063800021,2.4390928745269775,-3.512892484664917,9.275735855102539
1753063800022,,,9.299677848815918
1753063800070,1.3952209949493408,-3.8145618438720703,
1753063800071,,,7.709928035736084
1753063800121,2.2667105197906494,,
1753063800122,2.2619221210479736,-3.867234230041504,10.353126525878906
1753063800170,1.9219454526901245,,
1753063800171,,-4.350862979888916,9.141660690307617
1753063800221,1.6394295692443848,-3.2638955116271973,
1753063800222,,,8.164826393127441
1753063800270,1.3281834125518799,,
1753063800271,,-4.1641154289245605,10.070611000061035
1753063800321,2.8556840419769287,,
1753063800322,3.0998926162719727,-3.139396905899048,8.054693222045898
1753063800370,1.4718354940414429,,
1753063800371,,-3.9869444370269775,8.346785545349121
1753063800421,1.9171570539474487,-3.6996402740478516,
1753063800422,,,9.43375301361084
1753063800470,2.8125884532928467,,
1753063800471,,-4.216787815093994,10.726622581481934
1753063800521,1.4383167028427124,,
1753063800522,,-3.1729156970977783,6.7714009284973145
1753063800570,1.323395013809204,,
1753063800571,,-4.015674591064453,9.294889450073242
1753063800621,2.4678235054016113,-3.7618894577026367,7.9876556396484375
1753063800670,1.878849744796753,,
1753063800671,,-4.034828186035156,9.61571216583252
1753063800721,2.3912088871002197,,
1753063800722,1.9171570539474487,-3.5033156871795654,7.844003200531006
1753063800770,1.9219454526901245,,
1753063800771,,-3.886387825012207,9.807249069213867
1753063800821,2.257133722305298,-3.867234230041504,
1753063800822,,,7.820061206817627
1753063800870,2.161365509033203,,
1753063800871,,-3.838503837585449,9.452906608581543
1753063800921,2.008136749267578,-3.134608507156372,
1753063800922,,-4.168903827667236,7.173626899719238
1753063800970,1.854907751083374,,
1753063800971,,-4.307767391204834,9.912593841552734
1753063801021,1.8596961498260498,-3.838503837585449,7.159261703491211
1753063801070,2.075174331665039,-3.0819361209869385,
1753063801071,,-3.6709096431732178,7.628525257110596
1753063801121,1.9171570539474487,-4.724358558654785,
1753063801122,,,9.730634689331055
1753063801171,2.5492262840270996,-3.78104305267334,9.021950721740723
1753063801221,1.7687164545059204,,
1753063801222,,-4.250306606292725,8.567051887512207
1753063801270,1.6059107780456543,,
1753063801271,,-3.8959646224975586,7.681197643280029
1753063801321,1.6777368783950806,,
1753063801322,1.5580267906188965,-4.868010520935059,9.706692695617676
1753063801370,1.6633716821670532,,
1753063801371,,-4.4705729484558105,7.302913665771484
1753063801422,0.657806932926178,-5.2893900871276855,9.041104316711426
1753063801471,2.4869771003723145,-3.316567897796631,7.5231804847717285
1753063801521,1.4814122915267944,-4.590283393859863,
1753063801522,,,9.223063468933105
1753063801570,2.0225019454956055,-4.226364612579346,
1753063801571,,,7.618948459625244
1753063801621,0.8062474131584167,-4.595071792602539,
1753063801622,,,8.423399925231934
1753063801670,2.147000312805176,-4.034828186035156,
1753063801671,,,8.859145164489746
1753063801721,1.7399860620498657,-4.389170169830322,
1753063801722,,,8.270171165466309
1753063801770,1.4383167028427124,-3.7283706665039062,
1753063801771,,-4.4274773597717285,6.733093738555908
1753063801821,1.5245078802108765,,
1753063801822,,-4.87758731842041,9.898228645324707
1753063801870,2.0177135467529297,,
1753063801871,,-4.2550950050354,7.575852870941162
1753063801921,1.2563573122024536,-4.4705729484558105,
1753063801922,,-3.910329818725586,9.30925464630127
1753063801970,1.998559832572937,,
1753063801971,,-4.805761337280273,9.25179386138916
1753063802021,1.6490063667297363,,
1753063802022,,-4.422688961029053,8.758588790893555
1753063802070,1.6442179679870605,,
1753063802071,,-3.934272050857544,7.762600421905518
1753063802122,1.3377602100372314,-4.690839767456055,9.414599418640137
1753063802170,1.4957774877548218,,
1753063802171,1.5963339805603027,-4.235941410064697,7.575852870941162
1753063802221,1.2802993059158325,,
1753063802222,,-4.709993362426758,9.486425399780273
1753063802270,1.5245078802108765,,
1753063802271,,-4.374804973602295,8.131307601928711
1753063802321,1.1222820281982422,-5.011662483215332,
1753063802322,,,9.548674583435059
1753063802370,1.3425486087799072,,
1753063802371,,-4.178480625152588,7.8727335929870605
1753063802421,2.123058319091797,-5.140949726104736,
1753063802422,,,10.812813758850098
1753063802470,2.4678235054016113,,
1753063802471,,-4.355651378631592,8.768165588378906
1753063802521,1.4000093936920166,,
1753063802522,1.3808557987213135,-4.398746967315674,9.46727180480957
1753063802570,1.73519766330719,-5.121796131134033,9.993996620178223
1753063802571,,,10.013150215148926
1753063802621,1.7256208658218384,-3.6804866790771484,
1753063802622,,-3.4314894676208496,7.901463985443115
1753063802670,1.4814122915267944,,
1753063802671,1.0887632369995117,-5.366004467010498,9.725846290588379
1753063802722,1.73519766330719,-3.5895068645477295,7.820061206817627
1753063802770,1.898003339767456,-5.083488941192627,
1753063802771,,-4.901529312133789,9.783307075500488
1753063802821,1.4287399053573608,-3.666121244430542,7.604583263397217
1753063802822,,,8.06427001953125
1753063802870,1.9602526426315308,-5.054758548736572,
1753063802871,,-4.460996150970459,9.658807754516602
1753063802921,1.2228385210037231,,
1753063802922,2.079962730407715,-3.709217071533203,7.49923849105835
1753063802970,1.3760673999786377,,
1753063802971,1.3760673999786377,-4.4705729484558105,8.466495513916016
1753063803021,1.8453309535980225,,
1753063803022,,-4.729146957397461,9.529520988464355
1753063803070,1.854907751083374,-3.8528690338134766,
1753063803071,,-4.7818193435668945,7.398681640625
1753063803122,1.447893500328064,,
1753063803123,1.634641170501709,-4.767454147338867,9.692327499389648
1753063803170,1.787870168685913,,
1753063803171,,-4.073135852813721,7.561487674713135
1753063803221,1.7160440683364868,,
1753063803222,,-5.131372928619385,10.300454139709473
1753063803270,1.6202759742736816,,
1753063803271,,-4.451419353485107,8.600570678710938
1753063803322,1.6250643730163574,-4.800972938537598,9.903017044067383
1753063803370,1.9650410413742065,,
1753063803371,,-4.504091739654541,9.740211486816406
1753063803421,2.472611904144287,,
1753063803422,,-4.2550950050354,9.203909873962402
1753063803470,2.4007856845855713,-4.240729808807373,
1753063803471,,,8.567051887512207
1753063803521,1.2372037172317505,-4.197634220123291,
1753063803522,,-3.575141668319702,8.3707275390625
1753063803570,1.6250643730163574,-4.154538631439209,
1753063803571,,,7.992444038391113
1753063803621,1.3808557987213135,-4.566341400146484,
1753063803622,,,8.18876838684082
1753063803670,1.61069917678833,,
1753063803671,,-4.168903827667236,7.671620845794678
1753063803721,1.6298527717590332,,
1753063803722,1.6298527717590332,-4.762665748596191,9.19433307647705
1753063803770,2.0272903442382812,,
1753063803771,1.6825252771377563,-3.7714662551879883,7.757812023162842
1753063803821,1.998559832572937,-4.87758731842041,9.912593841552734
1753063803870,2.0464439392089844,-3.709217071533203,7.7434468269348145
1753063803922,1.7160440683364868,-4.8488569259643555,10.357914924621582
1753063803970,1.5580267906188965,,
1753063803971,1.8692729473114014,-4.034828186035156,7.647678852081299
1753063804021,1.711255669593811,,
1753063804022,,-4.810549736022949,9.764153480529785
1753063804071,2.032078742980957,,
1753063804072,1.3090298175811768,-3.9390604496002197,8.581417083740234
1753063804121,0.7248445749282837,,
1753063804122,,-4.302978992462158,7.3220672607421875
1753063804170,1.634641170501709,,
1753063804171,,-3.8097734451293945,8.045116424560547
1753063804221,1.6825252771377563,,
1753063804222,1.7016788721084595,-4.652532577514648,8.33720874786377
1753063804270,1.8644845485687256,,
1753063804271,,-3.3931822776794434,7.346009254455566
1753063804321,1.6394295692443848,,
1753063804322,1.7064672708511353,-4.7387237548828125,9.692327499389648
1753063804370,2.1565771102905273,,
1753063804371,,-3.7906198501586914,7.8966755867004395
1753063804421,1.955464243888855,,
1753063804422,,-5.097854137420654,10.525508880615234
1753063804470,2.558803081512451,,
1753063804471,,-3.6565444469451904,8.94533634185791
1753063804522,1.8070237636566162,-4.460996150970459,8.907029151916504
1753063804570,1.423951506614685,,
1753063804571,,-3.757101058959961,7.681197643280029
1753063804621,1.7639280557632446,,
1753063804622,1.5580267906188965,-4.575918197631836,8.902240753173828
1753063804670,1.974617838859558,,
1753063804671,,-3.5511996746063232,8.227075576782227
1753063804721,1.7160440683364868,,
1753063804722,1.7016788721084595,-3.9151182174682617,7.762600421905518
1753063804770,1.7399860620498657,,
1753063804771,,-3.560776472091675,8.164826393127441
1753063804821,1.7782933712005615,-4.106654644012451,8.145672798156738
1753063804870,1.634641170501709,,
1753063804871,,-3.9869444370269775,8.672396659851074
1753063804921,2.1805191040039062,,
1753063804922,,-3.3883938789367676,8.356362342834473
1753063804970,1.8884265422821045,-5.0691237449646,
1753063804971,,-4.518456935882568,9.979631423950195
1753063805021,1.390432596206665,-3.378817081451416,
1753063805022,,,7.436988830566406
1753063817789,2.563591480255127,,
1753063817790,2.075174331665039,-5.236717700958252,12.096105575561523
1753063817791,2.0225019454956055,,4.276642799377441
1753063817792,1.854907751083374,-3.0436289310455322,8.883087158203125
1753063817793,2.7934348583221436,-3.3500866889953613,6.201581001281738
1753063817798,2.4630351066589355,-4.101866245269775,9.749788284301758
1753063817848,1.9602526426315308,,
1753063817849,,-2.852092742919922,8.107365608215332
1753063817899,2.0895395278930664,,
1753063817900,,-2.761113166809082,9.146449089050293
1753063817948,1.6633716821670532,-3.3069911003112793,8.265382766723633
1753063818000,2.0177135467529297,-2.741959571838379,8.514379501342773
1753063818049,2.410362482070923,-3.469796895980835,10.28130054473877
1753063818100,1.9937714338302612,-2.5504233837127686,7.5902180671691895
1753063818148,1.9267338514328003,,
1753063818149,1.9458874464035034,-3.134608507156372,9.821614265441895
1753063818200,2.544437885284424,-3.6996402740478516,9.108141899108887
1753063818248,2.3529016971588135,,
1753063818249,2.324171304702759,-2.7323827743530273,7.618948459625244
1753063818299,1.8644845485687256,,
1753063818300,1.9506758451461792,-3.891176223754883,10.401010513305664
1753063818348,2.5683798789978027,,
1753063818349,2.233191728591919,-3.053205728530884,7.97329044342041
1753063818399,1.711255669593811,,
1753063818400,1.7447744607925415,-3.096301317214966,9.428964614868164
1753063818448,2.2475569248199463,,
1753063818449,,-3.2351651191711426,9.43375301361084
1753063818500,1.6777368783950806,-2.7515363693237305,
1753063818501,,,7.934982776641846
1753063818549,1.998559832572937,-3.316567897796631,9.879075050354004
1753063818600,2.166153907775879,-3.287837505340576,8.514379501342773
1753063818648,2.1326351165771484,,
1753063818649,2.3337481021881104,-2.847304344177246,9.175179481506348
1753063818700,2.3145945072174072,-4.082712650299072,9.907805442810059
1753063818749,2.2906525135040283,-2.919130325317383,8.557475090026855
1753063818803,2.0033483505249023,,
1753063818804,,-3.316567897796631,9.601346969604492
1753063861403,1.854907751083374,,
1753063861404,1.9075802564620972,-3.2351651191711426,
1753063861405,2.0655975341796875,-3.378817081451416,8.150461196899414
1753063861406,2.056020736694336,-3.8528690338134766,6.599018573760986
1753063861408,,,10.82239055633545
1753063861410,,,7.044340133666992
1753063861412,2.6833014488220215,,
1753063861413,1.634641170501709,,
1753063861414,1.4191631078720093,-2.8568811416625977,
1753063861415,,-2.6844985485076904,
1753063861416,,-3.508104085922241,7.791330814361572
1753063861417,,,8.825626373291016
1753063861418,1.974617838859558,,
1753063861419,1.8932149410247803,-3.819350242614746,8.629301071166992
1753063861466,2.056020736694336,-3.9677908420562744,9.721057891845703
1753063861517,2.1709423065185547,,
1753063861518,2.0225019454956055,-4.374804973602295,10.238204956054688
1753063861566,2.1517887115478516,,
1753063861567,1.347337007522583,-3.862445831298828,8.073846817016602
1753063861617,1.5867571830749512,-3.4602200984954834,9.553462982177734
1753063861666,1.3569138050079346,-3.8289270401000977,8.116942405700684
1753063861721,2.05123233795166,-3.4602200984954834,9.165602684020996
1753063861766,2.0416555404663086,-3.4123358726501465,8.849568367004395
1753063861817,1.4191631078720093,-3.5464112758636475,7.585429668426514
1753063861866,1.811812162399292,-3.6517560482025146,9.00279712677002
1753063861917,1.447893500328064,,
1753063861918,,-4.370016574859619,8.045116424560547
1753063861966,2.3337481021881104,-4.4945149421691895,9.812037467956543
1753063862017,1.423951506614685,,
1753063862018,,-3.737947463989258,8.940547943115234
1753063862066,1.8740613460540771,-4.422688961029053,9.898228645324707
1753063862117,2.9083564281463623,-4.025251388549805,11.349114418029785
1753063862166,2.501342296600342,-3.78104305267334,9.773730278015137
1753063862217,0.8972271084785461,-3.2399535179138184,6.886322498321533
1753063862266,2.1134815216064453,-3.2207999229431152,9.357138633728027
1753063862317,1.2898762226104736,-3.752312660217285,6.977302074432373
1753063862366,1.6250643730163574,-3.330933094024658,7.944559574127197
1753063862417,2.295440912246704,-3.3931822776794434,9.09377670288086
1753063862466,1.5532383918762207,-4.1880574226379395,8.662819862365723
1753063862467,,,9.496002197265625
1753063862517,1.898003339767456,-3.1968579292297363,8.782530784606934
1753063862566,1.3856441974639893,-3.867234230041504,9.553462982177734
1753063862617,2.257133722305298,-4.0779242515563965,9.816825866699219
1753063862666,2.846107244491577,-3.4841620922088623,
1753063862667,,-3.757101058959961,9.788095474243164
1753063862717,2.0895395278930664,-3.359663486480713,
1753063862718,,,8.318055152893066
1753063862766,1.9841946363449097,-3.024475336074829,8.423399925231934
1753063862817,2.05123233795166,-3.4362781047821045,8.67718505859375
1753063862866,1.8070237636566162,-2.9765913486480713,6.675632953643799
1753063862917,1.8740613460540771,-3.493738889694214,9.553462982177734
1753063862966,2.343324899673462,-3.838503837585449,9.529520988464355
1753063863018,1.955464243888855,-2.6844985485076904,7.97329044342041
1753063863067,1.6585832834243774,-3.4314894676208496,9.529520988464355
1753063863116,2.0703859329223633,-3.3405098915100098,9.074623107910156
1753063863167,1.8692729473114014,-2.588730573654175,7.97329044342041
1753063863216,1.8692729473114014,-3.383605480194092,9.165602684020996
1753063863267,1.6777368783950806,-3.6996402740478516,8.035539627075195
1753063863316,1.8213889598846436,-2.804208755493164,7.733870029449463
1753063863367,2.4151508808135986,-4.370016574859619,10.702680587768555
1753063863416,2.410362482070923,-3.0196869373321533,8.610147476196289
1753063863475,2.410362482070923,,
1753063863478,1.7064672708511353,,
1753063863479,,-3.359663486480713,9.965266227722168
1753063863517,1.912368655204773,-3.560776472091675,9.223063468933105
1753063863567,2.0464439392089844,-2.8137855529785156,8.399457931518555
1753063863616,1.5340847969055176,-3.292625904083252,9.189544677734375
1753063863617,,,9.443329811096191
1753063863667,1.9458874464035034,-3.225588321685791,8.016386032104492
1753063863716,2.1422119140625,-3.862445831298828,
1753063863717,,-3.5176808834075928,10.276512145996094
1753063863767,2.343324899673462,,
1753063863768,,-3.3405098915100098,8.504802703857422
1753063863816,1.8213889598846436,-3.493738889694214,8.418611526489258
1753063863866,2.362478494644165,,
1753063863867,2.099116325378418,-3.4841620922088623,11.023503303527832
1753063863915,2.501342296600342,,
1753063863916,1.5963339805603027,-3.7714662551879883,9.515155792236328
1753063863966,1.7782933712005615,,
1753063863967,,-2.7898435592651367,8.24622917175293
1753063864016,2.1039047241210938,,
1753063864017,,-3.0340521335601807,
1753063864067,1.787870168685913,-3.426701068878174,
1753063864068,,,7.7865424156188965
1753063864117,2.032078742980957,-2.823362350463867,8.940547943115234
1753063864167,2.8413188457489014,-4.058770656585693,9.864709854125977
1753063864216,2.5348610877990723,-3.005321741104126,
1753063864217,,,7.925405979156494
1753063864267,1.7256208658218384,-3.6326024532318115,10.329184532165527
1753063864316,2.3098061084747314,-3.4841620922088623,9.716269493103027
1753063864367,2.161365509033203,-3.3644518852233887,9.52473258972168
1753063864416,2.3720552921295166,-2.919130325317383,10.171167373657227
1753063864467,2.0655975341796875,-2.957437753677368,7.202357292175293
1753063864516,1.878849744796753,-2.2008697986602783,7.934982776641846
1753063864567,2.1517887115478516,-2.698863983154297,7.489661693572998
1753063864616,1.246780514717102,-2.7706899642944336,5.976525783538818
1753063864667,1.9794062376022339,-3.09151291847229,8.950124740600586
1753063864716,2.453458309173584,-3.5847184658050537,9.19433307647705
1753063864767,1.9458874464035034,-2.4642322063446045,7.551910877227783
1753063864816,1.9363106489181519,,
1753063864817,,-2.866457939147949,8.7298583984375
1753063864867,2.2427685260772705,-4.125808238983154,9.328408241271973
1753063864916,2.137423515319824,-3.7283706665039062,
1753063864917,,,9.055469512939453
1753063864968,2.257133722305298,-4.159327030181885,10.908581733703613
1753063865017,2.874837636947632,-4.245518207550049,9.816825866699219
1753063865067,1.6873136758804321,-3.0196869373321533,9.539097785949707
1753063865116,1.423951506614685,-2.9526493549346924,10.985196113586426
1753063865167,4.704007625579834,-4.863222122192383,9.275735855102539
1753063865216,3.7846343517303467,-1.6741455793380737,
1753063865217,,,8.183979988098145
1753063865267,1.423951506614685,-3.6900634765625,8.418611526489258
1753063865316,1.5340847969055176,-4.006097793579102,8.82083797454834
1753063865367,1.7926585674285889,-1.9279309511184692,6.632537364959717
1753063865416,1.0743980407714844,-3.886387825012207,7.384316444396973
1753063865467,2.190095901489258,-3.7714662551879883,9.352350234985352
1753063865516,1.854907751083374,-3.603872060775757,9.692327499389648
1753063865567,2.123058319091797,-4.264671802520752,9.448118209838867
1753063865616,2.1422119140625,-3.383605480194092,9.079411506652832
1753063865667,1.7495628595352173,-4.015674591064453,8.825626373291016
1753063865716,1.548449993133545,,
1753063865717,1.3808557987213135,-3.838503837585449,7.408258438110352
1753063865767,1.3281834125518799,-2.9047651290893555,7.556699275970459
1753063865816,1.3664906024932861,-3.78104305267334,8.00680923461914
1753063865817,,,8.298901557922363
1753063865868,1.5723919868469238,-3.8959646224975586,7.815272808074951
1753063865917,1.3856441974639893,-3.5847184658050537,8.049904823303223
1753063865967,2.185307502746582,-5.255871295928955,10.362703323364258
1753063866016,2.3768436908721924,-4.87758731842041,9.381080627441406
1753063866067,2.1805191040039062,-5.112219333648682,11.373056411743164
1753063866116,2.5540146827697754,-6.34762716293335,
1753063866117,,,12.546215057373047
1753063866167,1.955464243888855,-2.143409013748169,6.2398881912231445
1753063866216,0.43275195360183716,,
1753063866217,2.1134815216064453,-3.450643301010132,7.3651628494262695
1753063866267,1.3808557987213135,-4.686051368713379,6.891110897064209
1753063866316,0.8110358119010925,-3.1968579292297363,6.8336501121521
1753063866367,3.133411407470703,-4.973355293273926,10.242993354797363
1753063866416,0.9690531492233276,-3.910329818725586,3.998915433883667
1753063866467,0.839766263961792,-5.366004467010498,11.727398872375488
1753063866516,2.271498918533325,,
1753063866517,1.3664906024932861,-6.601412773132324,11.650784492492676
1753063866567,1.1318588256835938,-3.4362781047821045,7.484873294830322
1753063866616,1.0217255353927612,,
1753063866617,,-4.700416564941406,9.903017044067383
1753063866667,1.974617838859558,-5.064335346221924,8.816049575805664
1753063866716,1.9219454526901245,-3.8049850463867188,7.312490463256836
1753063866767,1.6633716821670532,-4.360439777374268,9.256582260131836
1753063866816,1.5867571830749512,-4.657320976257324,7.087435722351074
1753063866817,,,7.8296380043029785
1753063866867,1.2755109071731567,-3.9486372470855713,8.476072311401367
1753063866916,1.6825252771377563,,
1753063866917,,-4.532822132110596,8.385092735290527
1753063866967,1.103128433227539,-3.8720226287841797,7.30770206451416
1753063867016,1.5340847969055176,-4.307767391204834,
1753063867017,,,9.563039779663086
1753063867067,1.9267338514328003,-4.599860191345215,8.035539627075195
1753063867116,1.6585832834243774,-3.776254653930664,8.054693222045898
1753063867167,1.998559832572937,-4.949413299560547,9.677961349487305
1753063867216,1.3329718112945557,-4.657320976257324,
1753063867217,,-4.810549736022949,7.920617580413818
1753063867267,1.567603588104248,-4.216787815093994,9.821614265441895
1753063867316,1.2659341096878052,-4.800972938537598,8.653243064880371
1753063867317,,,9.175179481506348
1753063867367,1.9458874464035034,-3.9438488483428955,8.638877868652344
1753063867416,1.7016788721084595,-3.910329818725586,
1753063867417,,-3.6326024532318115,8.859145164489746
1753063867467,1.467047095298767,-3.9151182174682617,7.09222412109375
1753063867468,,,8.816049575805664
1753063867516,1.5771803855895996,-3.776254653930664,8.725069999694824
1753063867567,1.4574702978134155,-4.456207752227783,7.484873294830322
1753063867616,1.3617022037506104,-3.5942952632904053,6.848015308380127
1753063867667,1.5963339805603027,-4.839280128479004,9.874286651611328
1753063867716,1.7304092645645142,,
1753063867717,,-4.197634220123291,7.470507621765137
1753063867767,1.4287399053573608,-4.374804973602295,9.242217063903809
1753063867816,1.2946646213531494,-4.599860191345215,8.64366626739502
1753063867867,2.2188265323638916,-5.212775707244873,10.017938613891602
1753063867916,2.496553897857666,-4.973355293273926,11.401786804199219
1753063867967,1.9889830350875854,-4.484938144683838,9.280524253845215
1753063868016,1.8836381435394287,-3.929483652114868,
1753063868017,,,9.993996620178223
1753063868067,1.447893500328064,-4.518456935882568,8.782530784606934
1753063868116,1.7256208658218384,-3.4602200984954834,7.178415298461914
1753063868167,0.839766263961792,-4.475361347198486,8.385092735290527
1753063868216,1.5867571830749512,,
1753063868217,,-4.259883403778076,7.317278861999512
1753063868267,1.4047977924346924,-3.53204607963562,8.2127103805542
1753063868316,0.7344213724136353,-4.556764602661133,7.982867240905762
1753063868367,2.0895395278930664,-3.9246952533721924,9.151237487792969
1753063868417,2.0225019454956055,-4.2742486000061035,9.64923095703125
1753063868467,1.835754156112671,-4.360439777374268,8.490437507629395
1753063868516,1.8836381435394287,-4.0300397872924805,
1753063868517,,,9.52473258972168
1753063868567,1.5388731956481934,-4.508880138397217,8.61972427368164
1753063868616,2.075174331665039,-3.8337154388427734,8.418611526489258
1753063868667,1.1510124206542969,-3.8049850463867188,7.796119213104248
1753063868716,1.1222820281982422,-3.776254653930664,
1753063868717,,-4.446630954742432,6.225522994995117
1753063868767,1.447893500328064,-4.480149745941162,9.979631423950195
1753063868816,1.6873136758804321,,
1753063868817,,-3.5033156871795654,6.871957302093506
1753063868867,1.4862006902694702,-3.618237257003784,8.327631950378418
1753063868868,,,6.838438510894775
1753063868916,1.3090298175811768,,
1753063868917,,-3.6756980419158936,7.441777229309082
1753063868967,1.270722508430481,-3.7235822677612305,8.093000411987305
1753063869016,1.668160080909729,-5.3564276695251465,10.597334861755371
1753063869067,1.390432596206665,-3.359663486480713,7.0156097412109375
1753063869116,1.7591396570205688,,
1753063869117,,-5.265448093414307,11.272500038146973
1753063869167,3.205237627029419,-4.53761100769043,10.784083366394043
1753063869216,3.7223851680755615,-3.9677908420562744,8.409034729003906
1753063869267,-0.8984242081642151,-3.2974143028259277,6.412270545959473
1753063869316,1.3329718112945557,-4.949413299560547,9.438541412353516
1753063869367,0.9355342984199524,-3.1058781147003174,6.292560577392578
1753063869416,1.146224021911621,,
1753063869417,,-4.159327030181885,7.178415298461914
1753063869467,1.9410990476608276,-4.173692226409912,9.314043045043945
1753063869516,2.4678235054016113,-4.662109375,9.898228645324707
1753063869566,1.912368655204773,,
1753063869567,2.4630351066589355,-3.737947463989258,8.33720874786377
1753063869616,1.4814122915267944,,
1753063869617,,-3.685275077819824,8.543109893798828
1753063869667,2.123058319091797,-4.178480625152588,9.888651847839355
1753063869716,2.2906525135040283,,
1753063869717,,-4.872798919677734,11.085752487182617
1753063869767,1.347337007522583,-3.5703532695770264,
1753063869768,,,6.077082633972168
1753063869816,1.0073603391647339,-3.508104085922241,
1753063869817,,,8.00680923461914
1753063869867,1.3856441974639893,-4.298190593719482,7.293336868286133
1753063869916,1.3617022037506104,-3.5272576808929443,6.689998149871826
1753063869967,1.1941081285476685,-4.599860191345215,8.835203170776367
1753063870016,1.9219454526901245,,
1753063870017,,-4.681262969970703,9.12729549407959
1753063870068,1.2994530200958252,-3.824138641357422,8.294113159179688
1753063870116,0.8349778652191162,,
1753063870117,1.634641170501709,-4.767454147338867,8.136096000671387
1753063870167,1.9171570539474487,-4.441842555999756,10.247781753540039
1753063870216,1.567603588104248,,
1753063870217,,-5.126584529876709,9.711481094360352
1753063870267,2.1757307052612305,-3.996521234512329,8.930971145629883
1753063870316,1.6777368783950806,,
1753063870317,2.147000312805176,-4.22157621383667,8.782530784606934
1753063870367,1.5340847969055176,-4.216787815093994,8.31326675415039
1753063870416,0.9786299467086792,-4.168903827667236,9.165602684020996
1753063870467,2.3576900959014893,-4.480149745941162,8.653243064880371
1753063870516,2.099116325378418,-4.13059663772583,
1753063870517,,,9.275735855102539
1753063870567,1.5819687843322754,-4.8488569259643555,8.571840286254883
1753063870616,1.8453309535980225,-3.838503837585449,8.801684379577637
1753063870667,1.8070237636566162,-5.107430934906006,9.668384552001953
1753063870668,,,9.663596153259277
1753063870716,2.7551276683807373,,
1753063870717,,-4.006097793579102,8.490437507629395
1753063870767,0.921169102191925,,
1753063870768,1.4431051015853882,-4.326920986175537,8.672396659851074
1753063870816,1.5005658864974976,-4.034828186035156,8.169614791870117
1753063870867,1.4814122915267944,-4.2311530113220215,9.00279712677002
1753063870916,1.8070237636566162,,
1753063870917,,-4.815338134765625,8.332420349121094
1753063870967,1.1988965272903442,,
1753063870968,,-3.3452982902526855,7.834426403045654
1753063871016,1.1127052307128906,-4.872798919677734,
1753063871017,,,9.25179386138916
1753063871067,2.0847511291503906,-3.6134488582611084,8.12173080444336
1753063871116,1.4431051015853882,-4.413112163543701,
1753063871117,,,8.672396659851074
1753063871167,1.8884265422821045,-3.862445831298828,8.58620548248291
1753063871216,1.6729484796524048,-4.092289447784424,
1753063871217,,,9.371503829956055
1753063871267,2.0464439392089844,-3.560776472091675,8.112154006958008
1753063871316,1.3808557987213135,,
1753063871317,,-3.776254653930664,8.930971145629883
1753063871367,2.1134815216064453,-4.053982257843018,
1753063871368,,,8.394669532775879
1753063871416,2.42472767829895,,
1753063871417,,-2.4881742000579834,8.423399925231934
1753063871467,2.2188265323638916,-3.450643301010132,8.294113159179688
1753063871468,,,8.58620548248291
1753063871517,1.9171570539474487,-4.561553001403809,9.419387817382812
1753063871566,2.2810757160186768,-4.092289447784424,
1753063871567,,,9.888651847839355
1753063871617,1.6394295692443848,,
1753063871618,,-3.1489737033843994,8.217498779296875
1753063871666,0.9786299467086792,-3.9677908420562744,10.142436981201172
1753063871717,2.850895643234253,-3.354875087738037,
1753063871718,,,8.164826393127441
1753063871766,2.601898670196533,-3.800196647644043,9.802460670471191
1753063871817,1.4718354940414429,-3.134608507156372,6.9246296882629395
1753063871866,1.8405425548553467,-2.713229179382324,8.265382766723633
1753063871917,1.9937714338302612,-3.8049850463867188,8.399457931518555
1753063871966,1.3377602100372314,-2.0189106464385986,5.746682643890381
1753063872017,2.58274507522583,-4.719570159912109,11.775282859802246
1753063872066,2.803011655807495,-2.65097975730896,7.283760070800781
1753063881597,1.6442179679870605,,
1753063881598,2.4007856845855713,-3.8576574325561523,
1753063881599,,-4.484938144683838,10.04188060760498
1753063881600,2.5492262840270996,,11.018714904785156
1753063881601,,-3.661332845687866,10.678738594055176
1753063881651,2.30022931098938,,
1753063881652,2.214038133621216,-2.938283920288086,8.739435195922852
1753063881702,2.1278467178344727,-2.9047651290893555,8.892663955688477
1753063881753,1.3760673999786377,-3.6756980419158936,
1753063881754,,,8.595782279968262
1753063881802,1.8405425548553467,,
1753063881803,1.3090298175811768,-3.2591071128845215,8.06427001953125
1753063881853,2.319382905960083,-3.5176808834075928,10.113706588745117
1753063881854,,,10.013150215148926
1753063881902,2.2379801273345947,-3.6517560482025146,
1753063881903,,,8.883087158203125
1753063881954,2.0847511291503906,-3.4410665035247803,9.874286651611328
1753063882000,2.4343044757843018,,
1753063882001,2.539649486541748,-2.9095535278320312,9.869498252868652
1753063882047,1.9267338514328003,,
1753063882048,,-3.90554141998291,8.720281600952148
1753063882097,2.6641478538513184,,
1753063882098,1.5197194814682007,-3.18249249458313,10.4728364944458
1753063882148,1.9171570539474487,-2.957437753677368,7.164050102233887
1753063882197,0.9594763517379761,,
1753063882198,,-1.9039889574050903,6.646902561187744
1753063882248,3.205237627029419,-3.8145618438720703,10.084976196289062
1753063882298,2.496553897857666,-3.115454912185669,
1753063882299,,-3.6086604595184326,7.824849605560303
1753063882352,1.6250643730163574,-3.4985272884368896,9.021950721740723
1753063882400,2.8796260356903076,-3.6326024532318115,10.353126525878906
1753063882450,1.4191631078720093,-2.890399932861328,7.858368396759033
1753063882499,1.4862006902694702,-3.6565444469451904,
1753063882500,,,9.91738224029541
1753063882550,3.3249475955963135,-4.216787815093994,11.277288436889648
1753063882599,2.276287317276001,-3.330933094024658,
1753063882600,,,8.265382766723633
1753063882650,2.2236149311065674,-3.4410665035247803,11.01392650604248
1753063882699,2.9706058502197266,-2.7706899642944336,9.146449089050293
1753063882700,,,7.968502044677734
1753063882750,1.1605892181396484,-2.2918496131896973,
1753063882751,,,5.650914669036865
1753063882799,2.1039047241210938,,
1753063882800,1.6202759742736816,-3.1441853046417236,9.065046310424805
1753063887773,1.9410990476608276,-2.718017578125,7.389104843139648
1753063887774,,,10.592546463012695
1753063887779,1.514931082725525,-3.273472309112549,7.685986042022705
1753063887829,2.319382905960083,,
1753063887830,,-3.6709096431732178,10.333972930908203
1753063887881,2.1278467178344727,-3.465008497238159,9.199121475219727
1753063895269,1.6394295692443848,-3.2782607078552246,7.776965618133545
1753063895275,2.1422119140625,-2.828150749206543,9.065046310424805
1753063895276,2.1086931228637695,-3.397970676422119,10.491990089416504
1753063895277,,-2.689286947250366,8.567051887512207
1753063895278,2.8365304470062256,,8.686761856079102
1753063895279,1.6777368783950806,-3.5703532695770264,
1753063895327,0.15502455830574036,-3.9677908420562744,7.93019437789917
1753063895376,2.1709423065185547,,
1753063895377,0.5141547918319702,-4.724358558654785,10.554239273071289
1753063895425,2.7503392696380615,,
1753063895426,1.2132617235183716,-6.180033206939697,11.808801651000977
1753063895476,1.4287399053573608,-3.493738889694214,
1753063895477,,-4.245518207550049,7.815272808074951
1753063895524,0.2172738015651703,-4.954201698303223,6.431424140930176
1753063895574,0.5859808921813965,,
1753063895575,1.127070426940918,-4.408323764801025,8.31326675415039
1753063895623,1.5388731956481934,,
1753063895624,2.075174331665039,-3.9007530212402344,8.078635215759277
1753063895674,0.6865373253822327,,
1753063895675,1.4383167028427124,-4.331709384918213,8.011597633361816
1753063895724,0.9163807034492493,-3.6517560482025146,6.962936878204346
1753063895775,1.0791864395141602,-4.858433723449707,8.049904823303223
1753063896277,1.9937714338302612,-6.050746440887451,10.1568021774292
1753063896279,1.0983400344848633,-4.5854949951171875,8.31326675415039
1753063896328,0.9498994946479797,-4.3412861824035645,6.953360080718994
1753063896329,,,8.547898292541504
1753063896377,1.4957774877548218,,
1753063896378,1.2994530200958252,-3.1010897159576416,8.24622917175293
1753063896428,1.3521254062652588,-4.355651378631592,9.055469512939453
1753063896477,1.6250643730163574,-3.4410665035247803,7.384316444396973
1753063896526,1.8836381435394287,,
1753063896527,,-3.00053334236145,7.504026889801025
1753063896577,0.8637082576751709,-5.121796131134033,9.256582260131836
1753063897824,1.8692729473114014,,
1753063897826,1.4574702978134155,,
1753063897827,1.1510124206542969,,
1753063897828,1.490989089012146,-3.9151182174682617,8.734646797180176
1753063897876,0.557250440120697,-3.225588321685791,
1753063897877,,-3.4793736934661865,
1753063897878,,,7.513603687286377
1753063897925,2.448669672012329,-3.2160115242004395,8.993220329284668
1753063897975,1.3808557987213135,,
1753063897976,1.4814122915267944,-3.62302565574646,7.30770206451416
1753063898025,1.912368655204773,-4.307767391204834,8.538321495056152
1753063898076,0.6147112846374512,,
1753063898077,,-3.661332845687866,8.533533096313477
1753063898230,2.0655975341796875,-4.709993362426758,10.65479564666748
1753063898236,2.166153907775879,-4.293402194976807,10.324396133422852
1753063898288,1.2802993059158325,-3.8289270401000977,9.888651847839355
1753063898289,,,9.37629222869873
1753063898337,1.2084733247756958,-3.7475242614746094,
1753063898338,,-3.9246952533721924,7.178415298461914
1753063898387,1.2324153184890747,,
1753063898388,1.4191631078720093,-2.2631192207336426,7.063493728637695
1753063898437,1.4574702978134155,-4.2311530113220215,8.916605949401855
1753063901974,1.467047095298767,-2.516904592514038,
1753063901975,,-3.378817081451416,6.541557788848877
1753063901976,,,11.191097259521484
1753063901977,2.1805191040039062,,
1753063901978,1.7687164545059204,-3.685275077819824,7.465719223022461
1753063902029,1.5245078802108765,-5.059546947479248,
1753063902030,,,9.323619842529297
1753063902079,2.3050177097320557,,
1753063902080,2.0225019454956055,-3.158550500869751,7.360374450683594
1753063903382,1.9363106489181519,-4.140173435211182,
1753063903383,,,9.677961349487305
1753063903386,2.515707492828369,-4.446630954742432,
1753063903387,,,8.883087158203125
1753063903438,1.5532383918762207,-4.068347454071045,8.12173080444336
1753063903488,1.8740613460540771,-3.359663486480713,9.701904296875
1753063903538,1.9937714338302612,-3.891176223754883,8.835203170776367
1753063903588,1.5245078802108765,,
1753063903589,1.5771803855895996,-3.5464112758636475,8.198345184326172
1753063903638,2.276287317276001,,
1753063903639,,-3.7187938690185547,10.108918190002441
1753063903689,1.5245078802108765,-3.0771477222442627,6.182427406311035
1753063907264,1.1797429323196411,,
1753063907266,2.386420488357544,-3.09151291847229,7.135319709777832
1753063907267,,,9.021950721740723
1753063907268,,,7.992444038391113
1753063907271,2.075174331665039,-3.0148985385894775,9.644442558288574
1753063907321,1.6825252771377563,-3.709217071533203,8.720281600952148
1753063907371,2.5300726890563965,-2.986168146133423,10.022727012634277
1753063907422,2.257133722305298,-3.6709096431732178,8.09778881072998
1753063907470,1.7974469661712646,,
1753063907471,1.0743980407714844,-3.508104085922241,8.61972427368164
1753063907522,2.343324899673462,-3.273472309112549,9.543886184692383
1753063908860,1.8213889598846436,-3.603872060775757,
1753063908861,,,8.236652374267578
1753063908866,1.7304092645645142,-3.4075474739074707,8.049904823303223
1753063908918,1.5340847969055176,-3.1489737033843994,6.871957302093506
1753063908967,1.3569138050079346,-2.607884168624878,7.3220672607421875
1753063909143,2.5492262840270996,,
1753063909144,,-4.135385036468506,10.34833812713623
1753063909150,1.6059107780456543,-2.866457939147949,7.154473304748535
1753063909201,2.3098061084747314,,
1753063909202,,-3.3500866889953613,9.098565101623535
1753063909251,2.099116325378418,,
1753063909252,2.520495891571045,-2.7994203567504883,8.500014305114746
1753063909302,1.912368655204773,,
1753063909303,,-4.336497783660889,9.941324234008789
1753063909351,2.539649486541748,,
1753063909352,1.4526818990707397,-3.6565444469451904,9.677961349487305
1753063909403,2.0655975341796875,-3.5703532695770264,
1753063909404,,,9.548674583435059
1753063909452,1.9650410413742065,-3.3452982902526855,
1753063909453,,-3.268683910369873,7.729081630706787
1753063909502,2.3337481021881104,,
1753063909503,2.1996726989746094,-2.646191358566284,9.534309387207031
1753063909551,1.467047095298767,,
1753063909552,,-3.62302565574646,9.031527519226074
1753063909603,2.252345323562622,-3.024475336074829,8.112154006958008
1753063909651,1.854907751083374,,
1753063909652,2.0464439392089844,-2.8808231353759766,7.906252384185791
1753063909702,1.5292962789535522,,
1753063909703,2.056020736694336,-3.6709096431732178,8.413823127746582
1753063909751,1.8596961498260498,,
1753063909752,1.9410990476608276,-3.862445831298828,8.595782279968262
1753063909803,2.233191728591919,-2.6605565547943115,8.562263488769531
1753063909852,1.2180501222610474,-3.201646327972412,8.035539627075195
1753063909902,2.7934348583221436,,
1753063909903,1.955464243888855,-3.7666778564453125,9.64923095703125
1753063909952,2.118269920349121,,
1753063909953,2.2236149311065674,-3.0340521335601807,9.754576683044434
1753063910001,2.2475569248199463,,
1753063910002,2.472611904144287,-3.7618894577026367,9.864709854125977
1753063910052,2.477400302886963,,
1753063910053,1.9027918577194214,-3.201646327972412,8.423399925231934
1753063910101,2.2667105197906494,,
1753063910102,2.8556840419769287,-3.244741916656494,9.620500564575195
1753063910152,2.0416555404663086,-3.0627825260162354,
1753063910153,,,7.877521991729736
1753063910201,1.7735048532485962,-3.6278140544891357,9.031527519226074
1753063910202,,,6.646902561187744
1753063910252,2.075174331665039,,
1753063910253,,-3.158550500869751,8.5287446975708
1753063910301,1.5963339805603027,,
1753063910302,2.544437885284424,-2.9526493549346924,
1753063910303,,,6.74267053604126
1753063910352,2.1134815216064453,,
1753063910353,1.2946646213531494,-3.469796895980835,10.506355285644531
1753063910401,2.6402058601379395,,
1753063910402,1.811812162399292,-3.5416228771209717,9.903017044067383
1753063910452,1.811812162399292,,
1753063910453,,-3.4123358726501465,7.824849605560303
1753063910502,2.0608091354370117,-3.0627825260162354,9.088988304138184
1753063910552,1.9650410413742065,,
1753063910553,2.079962730407715,-4.31255578994751,9.926959037780762
1753063910605,2.496553897857666,-3.139396905899048,8.447341918945312
1753063910652,2.2475569248199463,,
1753063910653,2.1039047241210938,-3.575141668319702,10.137648582458496
1753063910701,2.1805191040039062,,
1753063910702,,-3.3644518852233887,9.266159057617188
1753063910752,2.252345323562622,,
1753063910753,1.1701661348342896,-3.115454912185669,9.00279712677002
1753063910801,2.257133722305298,,
1753063910802,,-3.6517560482025146,10.391433715820312
1753063910852,1.467047095298767,,
1753063910853,,-2.962226152420044,6.996456146240234
1753063910901,1.4431051015853882,,
1753063910902,,-2.627037763595581,7.5231804847717285
1753063910952,2.448669672012329,,
1753063910953,,-4.183269023895264,10.209474563598633
1753063911001,2.1948843002319336,-4.379593372344971,9.09377670288086
1753063911052,1.811812162399292,,
1753063911053,2.137423515319824,-2.785055160522461,8.614935874938965
1753063911105,1.7447744607925415,-3.5655648708343506,10.037092208862305
1753063911152,2.2810757160186768,-3.661332845687866,8.423399925231934
1753063911201,2.429516077041626,-3.2160115242004395,8.629301071166992
1753063911256,2.4821887016296387,-3.6517560482025146,9.706692695617676
1753063911301,1.8501193523406982,-3.6373908519744873,7.796119213104248
1753063911353,1.7735048532485962,,
1753063911354,1.6490063667297363,-3.206434726715088,9.247005462646484
1753063911402,2.3959972858428955,-3.110666513442993,8.715493202209473
1753063911453,1.5867571830749512,-3.78104305267334,8.653243064880371
1753063911502,2.826953649520874,-3.201646327972412,9.965266227722168
1753063911552,1.5532383918762207,-3.7427358627319336,
1753063911553,,,7.877521991729736
1753063911601,1.6633716821670532,,
1753063911602,,-3.230376720428467,8.107365608215332
1753063911652,2.4678235054016113,,
1753063911653,,-3.5942952632904053,10.3148193359375
1753063911701,2.5540146827697754,,
1753063911702,,-4.068347454071045,10.003573417663574
1753063911753,2.257133722305298,-3.2782607078552246,9.136872291564941
1753063911801,2.2906525135040283,,
1753063911802,1.6250643730163574,-3.4410665035247803,10.247781753540039
1753063911853,1.711255669593811,-3.3644518852233887,7.518392086029053
1753063911902,1.9794062376022339,-2.9478609561920166,8.054693222045898
1753063911952,2.410362482070923,,
1753063911953,2.094327926635742,-3.316567897796631,8.897452354431152
1753063912002,2.1326351165771484,-3.603872060775757,
1753063912053,2.4390928745269775,-2.8856115341186523,8.8878755569458
1753063912102,2.5252842903137207,-3.6565444469451904,10.3148193359375
1753063912152,1.7304092645645142,,
1753063912153,2.913144826889038,-3.709217071533203,8.533533096313477
1753063912202,2.1517887115478516,-2.804208755493164,7.733870029449463
1753063912253,1.9219454526901245,-4.633378982543945,10.985196113586426
1753063912302,1.998559832572937,-3.469796895980835,8.365939140319824
1753063912353,2.233191728591919,-3.508104085922241,9.831191062927246
1753063912402,2.4678235054016113,-3.3692402839660645,9.505578994750977
1753063912453,1.6202759742736816,-2.722805976867676,7.221510887145996
1753063912502,1.7064672708511353,-3.3022027015686035,9.577404975891113
1753063912553,1.912368655204773,-3.560776472091675,8.12173080444336
1753063912554,,,10.037092208862305
1753063912602,1.5101426839828491,-3.158550500869751,7.1688385009765625
1753063912653,2.3912088871002197,-3.5895068645477295,10.46325969696045
1753063912702,2.587533473968506,-3.9199066162109375,10.343549728393555
1753063912753,1.9027918577194214,-3.09151291847229,8.073846817016602
1753063912802,2.012925148010254,-3.311779499053955,9.79288387298584
1753063912852,1.8261773586273193,,
1753063912853,2.826953649520874,-3.450643301010132,7.53275728225708
1753063912902,1.6873136758804321,-2.785055160522461,7.3220672607421875
1753063912953,2.5109190940856934,-3.5416228771209717,9.687539100646973
1753063913002,2.0847511291503906,-3.378817081451416,8.12173080444336
1753063913053,1.668160080909729,-3.244741916656494,8.054693222045898
1753063913102,2.3289597034454346,-2.986168146133423,9.663596153259277
1753063913153,1.931522250175476,-3.6709096431732178,7.6333136558532715
1753063913202,1.7399860620498657,-3.3500866889953613,8.107365608215332
1753063913253,2.6402058601379395,-3.800196647644043,11.023503303527832
1753063913302,2.7455508708953857,-4.489726543426514,10.487201690673828
1753063913353,2.099116325378418,-2.828150749206543,8.389881134033203
1753063913402,1.8740613460540771,-2.981379747390747,9.060257911682129
1753063913452,1.103128433227539,,
1753063913453,1.6202759742736816,-3.8097734451293945,7.767388820648193
1753063913501,1.898003339767456,,
1753063913502,1.692102074623108,-3.225588321685791,8.380304336547852
1753063913552,2.0847511291503906,,
1753063913553,,-3.134608507156372,8.466495513916016
1753063913601,1.5436615943908691,,
1753063913602,2.2475569248199463,-3.977367639541626,8.447341918945312
1753063913653,2.5300726890563965,-2.741959571838379,8.94533634185791
1753063913702,2.544437885284424,-3.7187938690185547,10.175955772399902
1753063913753,1.4191631078720093,-3.508104085922241,
1753063913754,,-4.288613796234131,7.681197643280029
1753063913802,1.7974469661712646,-3.0627825260162354,7.9637131690979
1753063913853,1.974617838859558,-4.049193859100342,10.242993354797363
1753063913902,1.6777368783950806,-3.8097734451293945,8.021174430847168
1753063913953,2.2475569248199463,-3.752312660217285,10.812813758850098
1753063914001,2.5971102714538574,,
1753063914002,1.7974469661712646,-3.78104305267334,10.424952507019043
1753063914053,1.447893500328064,-3.330933094024658,7.456142425537109
1753063914102,2.099116325378418,-3.335721492767334,
1753063914103,,-3.3692402839660645,9.505578994750977
1753063914153,2.295440912246704,-3.661332845687866,8.490437507629395
1753063914201,1.974617838859558,,
1753063914202,2.6880898475646973,-3.5511996746063232,7.791330814361572
1753063914253,2.1422119140625,-2.981379747390747,8.715493202209473
1753063914302,1.5963339805603027,-3.4841620922088623,8.562263488769531
1753063914353,1.7926585674285889,-3.8720226287841797,8.322843551635742
1753063914402,1.8213889598846436,-3.2591071128845215,9.079411506652832
1753063914453,2.0608091354370117,-4.408323764801025,8.796895980834961
1753063914502,1.548449993133545,-4.159327030181885,8.021174430847168
1753063914552,2.515707492828369,,
1753063914553,,-4.259883403778076,10.927735328674316
1753063914601,2.697666883468628,,
1753063914602,,-4.192845821380615,10.276512145996094
1753063914653,1.8405425548553467,,
1753063914654,,-3.9821560382843018,8.432976722717285
1753063914702,2.2427685260772705,-3.5847184658050537,
1753063914703,,,10.286088943481445
1753063914753,1.835754156112671,-4.326920986175537,8.49522590637207
1753063914802,1.6202759742736816,-3.8049850463867188,7.2789716720581055
1753063914853,1.9075802564620972,-4.010886192321777,10.310030937194824
1753063914902,1.9506758451461792,-4.34607458114624,8.926182746887207
1753063914953,1.447893500328064,-3.115454912185669,7.164050102233887
1753063915002,1.5436615943908691,-3.661332845687866,8.49522590637207
1753063915053,1.6250643730163574,-4.197634220123291,8.42818832397461
1753063915102,1.5723919868469238,-4.0970778465271,7.853579998016357
1753063915152,1.8692729473114014,,
1753063915153,2.099116325378418,-3.9486372470855713,9.242217063903809
1753063915202,1.4862006902694702,-4.3843817710876465,7.863156795501709
1753063915253,1.1127052307128906,-4.034828186035156,
1753063915254,,,9.112930297851562
1753063915302,1.955464243888855,-4.283825397491455,9.960477828979492
1753063915353,1.4000093936920166,-4.020462989807129,7.556699275970459
1753063915402,1.9027918577194214,-3.9199066162109375,8.227075576782227
1753063915453,1.6394295692443848,,
1753063915454,1.5963339805603027,-4.465784549713135,9.175179481506348
1753063915503,1.6059107780456543,-4.84406852722168,8.681973457336426
1753063915553,1.7639280557632446,-3.848080635070801,9.208698272705078
1753063915602,1.8740613460540771,-4.614225387573242,10.09934139251709
1753063915653,1.5053542852401733,-3.867234230041504,8.260594367980957
1753063915702,1.9219454526901245,-3.977367639541626,9.165602684020996
1753063915753,1.5101426839828491,-4.13059663772583,8.164826393127441
1753063915802,1.2084733247756958,-3.8097734451293945,6.9006876945495605
1753063915853,1.4047977924346924,-4.1880574226379395,9.534309387207031
1753063915902,1.3760673999786377,-4.417900562286377,8.346785545349121
1753063915953,2.0177135467529297,-3.929483652114868,9.108141899108887
1753063916002,2.2379801273345947,-4.389170169830322,10.329184532165527
1753063916053,1.103128433227539,-3.958214044570923,6.986878871917725
1753063916102,2.118269920349121,-3.7618894577026367,8.169614791870117
1753063916152,1.083974838256836,,
1753063916153,2.1039047241210938,-4.417900562286377,8.830414772033691
1753063916202,1.3856441974639893,-3.7906198501586914,6.689998149871826
1753063916253,1.998559832572937,-4.575918197631836,11.01392650604248
1753063916303,2.0703859329223633,-5.030816555023193,10.286088943481445
1753063916353,1.7447744607925415,-3.450643301010132,7.882310390472412
1753063916402,1.835754156112671,-4.34607458114624,10.635642051696777
1753063916452,2.405574083328247,,
1753063916453,1.898003339767456,-4.235941410064697,8.025962829589844
1753063916502,2.1278467178344727,-4.13059663772583,8.327631950378418
1753063916553,1.4000093936920166,-4.13059663772583,8.777742385864258
1753063916602,1.2659341096878052,-3.6900634765625,6.192004203796387
1753063916653,1.787870168685913,-4.1880574226379395,10.582969665527344
1753063916702,1.8405425548553467,-4.547187805175781,8.954913139343262
1753063916753,1.2084733247756958,-4.087501049041748,
1753063916754,,,8.294113159179688
1753063916801,2.032078742980957,,
1753063916802,1.9937714338302612,-4.561553001403809,10.597334861755371
1753063916853,1.8261773586273193,-3.9151182174682617,7.441777229309082
1753063916902,1.3090298175811768,-4.073135852813721,8.610147476196289
1753063916953,2.5109190940856934,-4.374804973602295,10.123283386230469
1753063917001,1.811812162399292,,
1753063917002,1.9027918577194214,-4.3843817710876465,7.341220855712891
1753063917053,1.854907751083374,-3.78104305267334,9.462483406066895
1753063917101,1.2755109071731567,,
1753063917102,1.5005658864974976,-4.006097793579102,9.06983470916748
1753063917153,1.6873136758804321,-3.910329818725586,7.3651628494262695
1753063917202,1.854907751083374,-3.9390604496002197,8.988431930541992
1753063917253,1.7399860620498657,-4.633378982543945,8.55268669128418
1753063917301,2.032078742980957,,
1753063917302,1.7639280557632446,-4.279036998748779,8.351573944091797
1753063917353,1.8453309535980225,-4.360439777374268,9.984419822692871
1753063917401,1.6059107780456543,,
1753063917402,1.4766238927841187,-4.609436988830566,8.959701538085938
1753063917453,2.42472767829895,-4.183269023895264,10.089764595031738
1753063917502,1.8836381435394287,-4.235941410064697,8.916605949401855
1753063917553,1.5245078802108765,-3.7235822677612305,8.725069999694824
1753063917602,1.9027918577194214,-4.3843817710876465,10.918158531188965
1753063917653,2.0608091354370117,-3.4171242713928223,6.7043633460998535
1753063917702,1.73519766330719,-3.4314894676208496,8.073846817016602
1753063917753,1.6729484796524048,-4.293402194976807,8.998008728027344
1753063917802,2.1805191040039062,-4.595071792602539,8.85435676574707
1753063917853,1.73519766330719,-3.158550500869751,9.007585525512695
1753063917902,1.5771803855895996,-4.207211017608643,9.428964614868164
1753063917953,2.6833014488220215,-3.5703532695770264,8.749011993408203
1753063918002,1.9267338514328003,-3.685275077819824,9.428964614868164
1753063918053,1.8740613460540771,-3.618237257003784,7.628525257110596
1753063918102,2.2906525135040283,-3.8145618438720703,8.959701538085938
1753063918152,1.4957774877548218,,
1753063918153,2.1134815216064453,-3.4602200984954834,6.934206485748291
1753063918202,1.6298527717590332,,
1753063918203,,-3.7187938690185547,7.413046836853027
1753063918252,1.5388731956481934,-3.4314894676208496,8.816049575805664
1753063918302,2.075174331665039,,
1753063918303,1.6394295692443848,-4.633378982543945,9.414599418640137
1753063918352,2.367266893386841,-3.910329818725586,8.959701538085938
1753063918403,2.0272903442382812,-4.015674591064453,9.931747436523438
1753063918452,1.912368655204773,-4.082712650299072,8.399457931518555
1753063918503,1.7495628595352173,-3.5416228771209717,9.740211486816406
1753063918552,2.008136749267578,-4.183269023895264,9.677961349487305
1753063918553,,,9.026739120483398
1753063918603,1.5963339805603027,-3.1298201084136963,7.178415298461914
1753063918652,1.9602526426315308,-3.4075474739074707,9.25179386138916
1753063918703,1.9027918577194214,-3.6804866790771484,7.259818077087402
1753063918752,2.1709423065185547,-3.1202433109283447,7.978078842163086
1753063918753,,,7.561487674713135
1753063918803,1.6777368783950806,-3.9677908420562744,8.753800392150879
1753063918852,1.7974469661712646,-3.244741916656494,
1753063918853,,,7.21672248840332
1753063918903,1.8070237636566162,-3.9151182174682617,10.195109367370605
1753063918952,1.9841946363449097,-4.202422618865967,
1753063918953,,,9.050681114196777
1753063919003,1.9363106489181519,-3.4171242713928223,8.2127103805542
1753063919052,1.7016788721084595,-3.2830491065979004,
1753063919053,,,9.112930297851562
1753063919103,2.147000312805176,-4.714781761169434,9.170391082763672
1753063919152,2.889202833175659,-3.5176808834075928,9.247005462646484
1753063919202,1.390432596206665,,
1753063919203,1.6777368783950806,-3.934272050857544,9.041104316711426
1753063919251,1.9410990476608276,,
1753063919252,1.3760673999786377,-4.8488569259643555,9.505578994750977
1753063919303,1.5101426839828491,-2.9478609561920166,7.652467250823975
1753063919352,1.1222820281982422,-3.867234230041504,8.42818832397461
1753063919403,2.362478494644165,-3.5272576808929443,9.294889450073242
1753063919452,1.9458874464035034,-3.8097734451293945,8.653243064880371
1753063919503,1.7639280557632446,-3.402759075164795,8.083423614501953
1753063919552,1.5005658864974976,-2.8808231353759766,8.284536361694336
1753063919603,2.2810757160186768,-3.977367639541626,8.82083797454834
1753063919652,1.931522250175476,-3.053205728530884,8.06427001953125
1753063919703,1.7304092645645142,-4.068347454071045,8.389881134033203
1753063919752,1.6825252771377563,-4.326920986175537,8.318055152893066
1753063919802,2.2188265323638916,,
1753063919803,2.228403329849243,-3.5942952632904053,10.659584045410156
1753063919853,2.803011655807495,-4.796184539794922,10.128071784973145
1753063919903,1.3856441974639893,-2.7754783630371094,7.456142425537109
1753063919952,1.8596961498260498,-3.694851875305176,9.304466247558594
1753063920003,2.056020736694336,-3.4554316997528076,7.681197643280029
1753063920052,1.0552444458007812,-3.3213562965393066,
1753063920053,,,7.877521991729736
1753063920103,2.012925148010254,-4.360439777374268,8.701127052307129
1753063920152,1.4047977924346924,-3.508104085922241,7.585429668426514
1753063920202,2.7072436809539795,,
1753063920203,1.3090298175811768,-4.652532577514648,11.243769645690918
1753063920252,2.7503392696380615,-4.566341400146484,9.888651847839355
1753063920303,2.3337481021881104,-3.2782607078552246,9.256582260131836
1753063920352,1.8644845485687256,-3.4123358726501465,8.040328025817871
1753063920403,1.9937714338302612,-4.015674591064453,9.931747436523438
1753063920452,2.343324899673462,-4.389170169830322,10.444106101989746
1753063920505,1.5245078802108765,-2.5695769786834717,6.407482147216797
1753063920552,1.4335283041000366,-3.642179250717163,9.395445823669434
1753063920604,1.9794062376022339,-3.244741916656494,6.4266357421875
1753063920652,0.983418345451355,,
1753063920653,2.094327926635742,-2.6653449535369873,6.21115779876709
1753063920703,2.30022931098938,-4.657320976257324,10.204686164855957
1753063920752,2.1948843002319336,,
1753063920753,2.0177135467529297,-3.9390604496002197,7.508815288543701
1753063920803,1.7256208658218384,-4.288613796234131,10.626065254211426
1753063920852,2.3912088871002197,-4.676474571228027,10.769718170166016
1753063920903,2.3050177097320557,-3.450643301010132,8.930971145629883
1753063920952,1.73519766330719,-4.2311530113220215,10.721834182739258
1753063921003,2.539649486541748,-3.9869444370269775,8.456918716430664
1753063921052,2.233191728591919,-2.943072557449341,8.227075576782227
1753063921053,,,8.500014305114746
1753063921103,1.3808557987213135,-4.144961833953857,8.720281600952148
1753063921152,1.8596961498260498,-3.603872060775757,8.00680923461914
1753063921203,1.9698294401168823,-3.5416228771209717,9.668384552001953
1753063921252,2.2667105197906494,,
1753063921253,,-4.389170169830322,8.346785545349121
1753063921303,1.1893197298049927,-3.096301317214966,7.97329044342041
1753063921352,1.6202759742736816,,
1753063921353,,-3.776254653930664,8.605359077453613
1753063921403,1.931522250175476,-3.7044286727905273,9.25179386138916
1753063921452,2.4678235054016113,-4.547187805175781,11.057022094726562
1753063921502,2.166153907775879,,
1753063921503,2.405574083328247,-3.838503837585449,8.27974796295166
1753063921552,2.4582467079162598,-3.53204607963562,9.543886184692383
1753063921603,2.2475569248199463,-4.22157621383667,9.290101051330566
1753063921652,2.094327926635742,-3.426701068878174,7.729081630706787
1753063921653,,,8.710704803466797
1753063921703,2.2379801273345947,-4.389170169830322,10.817602157592773
1753063921752,2.3289597034454346,-4.235941410064697,8.423399925231934
1753063921803,1.6729484796524048,-3.4793736934661865,9.625288963317871
1753063921852,1.711255669593811,,
1753063921853,,-4.1641154289245605,9.395445823669434
1753063921903,2.056020736694336,-3.4314894676208496,8.289324760437012
1753063921952,1.9602526426315308,-4.020462989807129,
1753063921953,,-3.273472309112549,10.424952507019043
1753063922003,1.998559832572937,-3.0579941272735596,
1753063922004,,,6.388328552246094
1753063922052,1.73519766330719,-3.646967649459839,9.68274974822998
1753063922103,2.1517887115478516,-3.7427358627319336,7.21672248840332
1753063922152,1.5723919868469238,-3.053205728530884,7.120954513549805
1753063922153,,,6.7714009284973145
1753063922202,2.233191728591919,,
1753063922203,2.0033483505249023,-4.561553001403809,10.214262962341309
1753063922252,2.30022931098938,-3.488950490951538,6.484096527099609
1753063922303,1.4000093936920166,,
1753063922304,1.8453309535980225,-3.9630024433135986,10.410587310791016
1753063922352,1.9171570539474487,,
1753063922353,1.7016788721084595,-3.8097734451293945,8.31326675415039
1753063922403,1.7208324670791626,-3.1968579292297363,7.992444038391113
1753063922452,1.8213889598846436,-3.78104305267334,9.816825866699219
1753063922503,1.8501193523406982,-3.4410665035247803,6.891110897064209
1753063922552,1.7639280557632446,-2.9670145511627197,8.136096000671387
1753063922603,2.3768436908721924,-4.322132587432861,9.06983470916748
1753063922652,2.5061306953430176,-3.4123358726501465,9.050681114196777
1753063922703,2.381632089614868,-3.8049850463867188,8.844779968261719
1753063922752,1.567603588104248,-3.3500866889953613,6.785766124725342
1753063922803,2.012925148010254,-4.015674591064453,10.511143684387207
1753063922852,1.5867571830749512,-3.8576574325561523,7.834426403045654
1753063922903,2.137423515319824,-3.838503837585449,10.089764595031738
1753063922952,2.4917654991149902,-4.561553001403809,10.487201690673828
1753063923003,1.8453309535980225,-2.9765913486480713,7.542334079742432
1753063923052,1.9794062376022339,-3.9630024433135986,10.918158531188965
1753063923103,2.716820478439331,-3.445854902267456,
1753063923104,,,6.9006876945495605
1753063923152,1.931522250175476,-2.914341926574707,7.796119213104248
1753063923203,1.9841946363449097,-4.269460201263428,
1753063923204,,-4.116231441497803,8.720281600952148
1753063923252,1.787870168685913,,
1753063923253,,-3.2112231254577637,6.766612529754639
1753063923303,2.1134815216064453,-4.22157621383667,10.511143684387207
1753063923352,1.9889830350875854,-3.7714662551879883,7.595006465911865
1753063923403,1.878849744796753,-3.996521234512329,9.955689430236816
1753063923452,2.161365509033203,-4.465784549713135,10.108918190002441
1753063923502,2.1039047241210938,,
1753063923503,2.0703859329223633,-3.642179250717163,8.2127103805542
1753063923552,1.9698294401168823,-4.0300397872924805,10.645218849182129
1753063923603,2.2475569248199463,-3.910329818725586,7.705139636993408
1753063923652,2.1565771102905273,-3.244741916656494,9.189544677734375
1753063923702,2.0703859329223633,,
1753063923703,,-4.197634220123291,8.749011993408203
1753063923752,1.4814122915267944,-3.139396905899048,6.579864978790283
1753063923803,1.9171570539474487,-4.025251388549805,10.46325969696045
1753063923853,2.0655975341796875,,
1753063923854,1.1510124206542969,-4.0970778465271,8.169614791870117
1753063923903,1.7735048532485962,-3.1250317096710205,8.930971145629883
1753063923952,1.5245078802108765,-3.7044286727905273,7.609371662139893
1753063924002,2.257133722305298,,
1753063924003,,-3.3022027015686035,9.543886184692383
1753063924051,1.9171570539474487,,
1753063924052,2.0033483505249023,-4.954201698303223,9.79288387298584
1753063924103,1.083974838256836,-2.828150749206543,7.00124454498291
1753063924152,1.7735048532485962,,
1753063924153,,-4.997297286987305,11.46882438659668
1753063924203,2.338536500930786,-3.1633388996124268,6.709151744842529
1753063924252,1.2659341096878052,,
1753063924253,,-3.560776472091675,8.859145164489746
1753063924303,2.779069662094116,-4.671686172485352,8.988431930541992
1753063924352,2.2236149311065674,-2.737171173095703,5.445013046264648
1753063924403,1.2898762226104736,-4.75308895111084,11.473612785339355
1753063924452,2.735974073410034,-4.901529312133789,9.75936508178711
1753063924503,1.3090298175811768,-2.8999767303466797,7.504026889801025
1753063924552,1.1605892181396484,-3.886387825012207,
1753063924553,,,8.346785545349121
1753063924603,2.271498918533325,-3.848080635070801,9.783307075500488
1753063924652,2.4343044757843018,-4.547187805175781,10.242993354797363
1753063924703,1.6633716821670532,-2.8808231353759766,7.097012519836426
1753063924752,1.835754156112671,-4.413112163543701,11.243769645690918
1753063924803,1.7926585674285889,-3.3069911003112793,6.010045051574707
1753063924852,1.1127052307128906,-2.9095535278320312,7.9637131690979
1753063924903,2.7072436809539795,-4.604648590087891,9.567828178405762
1753063924952,2.1996726989746094,-3.2638955116271973,7.21672248840332
1753063925003,1.5771803855895996,-3.685275077819824,8.87829875946045
1753063925052,1.2850877046585083,-3.3692402839660645,6.977302074432373
1753063925103,1.6394295692443848,-3.7475242614746094,9.835979461669922
1753063925152,1.0408791303634644,,
1753063925153,2.166153907775879,-3.9630024433135986,7.647678852081299
1753063925203,2.2619221210479736,-3.6278140544891357,9.82640266418457
1753063925252,1.8884265422821045,-4.954201698303223,10.300454139709473
1753063925253,,,9.730634689331055
1753063925303,1.4622586965560913,-3.3500866889953613,7.164050102233887
1753063925352,2.0272903442382812,,
1753063925353,,-3.934272050857544,10.362703323364258
1753063925403,1.931522250175476,-3.7714662551879883,7.436988830566406
1753063925452,1.8884265422821045,,
1753063925453,,-3.4362781047821045,9.256582260131836
1753063925503,2.6114754676818848,-4.547187805175781,9.371503829956055
1753063925552,1.9027918577194214,-2.8568811416625977,6.622960567474365
1753063925603,1.3664906024932861,-4.547187805175781,
1753063925604,,,10.477624893188477
1753063925652,1.5867571830749512,-3.0148985385894775,5.943006992340088
1753063925653,,,8.236652374267578
1753063925703,1.8070237636566162,-4.475361347198486,10.908581733703613
1753063925752,2.0225019454956055,-3.848080635070801,7.7865424156188965
1753063925803,2.0177135467529297,-3.6326024532318115,9.457695007324219
1753063925853,1.9171570539474487,-4.240729808807373,9.534309387207031
1753063925903,2.094327926635742,-3.6565444469451904,
1753063925904,,,8.547898292541504
1753063925952,2.30022931098938,-3.6326024532318115,10.310030937194824
1753063926003,2.0033483505249023,-3.7427358627319336,7.83921480178833
1753063926052,1.974617838859558,-3.3452982902526855,8.883087158203125
1753063926053,,,7.762600421905518
1753063926103,1.7974469661712646,-4.235941410064697,9.122507095336914
1753063926104,,,10.152013778686523
1753063926152,1.912368655204773,,
1753063926153,,-4.087501049041748,8.581417083740234
1753063926203,1.5532383918762207,-4.039616584777832,9.673172950744629
1753063926252,2.601898670196533,-3.450643301010132,8.150461196899414
1753063926303,1.9027918577194214,-3.843292236328125,9.764153480529785
1753063926352,1.7304092645645142,,
1753063926353,,-3.359663486480713,7.5662760734558105
1753063926403,2.094327926635742,-3.1729156970977783,9.563039779663086
1753063926452,1.9363106489181519,-3.642179250717163,9.136872291564941
1753063926503,1.7926585674285889,-2.6414029598236084,7.556699275970459
1753063926552,1.7591396570205688,,
1753063926553,,-3.6134488582611084,9.768941879272461
1753063926603,1.6394295692443848,,
1753063926605,,-3.354875087738037,7.561487674713135
1753063926652,1.7447744607925415,-3.244741916656494,9.122507095336914
1753063926703,2.3576900959014893,-4.298190593719482,9.49121379852295
1753063926753,2.716820478439331,-3.3740286827087402,8.892663955688477
1753063926802,2.0177135467529297,-3.9246952533721924,10.49677848815918
1753063926853,2.3720552921295166,-3.508104085922241,
1753063926854,,,8.667608261108398
1753063926902,2.2188265323638916,,
1753063926903,,-3.230376720428467,8.672396659851074
1753063926953,1.7782933712005615,-4.140173435211182,
1753063926954,,-3.4123358726501465,9.021950721740723
1753063927002,2.7263972759246826,-3.2830491065979004,8.533533096313477
1753063927053,1.4862006902694702,-3.7283706665039062,8.294113159179688
1753063927102,2.161365509033203,-3.4793736934661865,
1753063927103,,-3.757101058959961,8.083423614501953
1753063927153,1.931522250175476,-3.5895068645477295,9.59177017211914
1753063927154,,,9.59177017211914
1753063927202,2.5109190940856934,-3.661332845687866,8.073846817016602
1753063927253,1.9363106489181519,-3.450643301010132,9.529520988464355
1753063927302,2.343324899673462,-3.910329818725586,
1753063927303,,-3.1441853046417236,9.61571216583252
1753063927353,1.8740613460540771,-2.430713176727295,7.561487674713135
1753063927402,1.3329718112945557,-3.752312660217285,9.079411506652832
1753063927453,2.257133722305298,-3.0579941272735596,8.217498779296875
1753063927502,2.276287317276001,-3.469796895980835,9.151237487792969
1753063927503,,,8.150461196899414
1753063927553,1.9650410413742065,-3.4745852947235107,7.968502044677734
1753063927602,2.228403329849243,-3.4314894676208496,8.830414772033691
1753063927654,1.9027918577194214,-4.087501049041748,9.146449089050293
1753063927703,1.8692729473114014,,
1753063927704,,-3.8097734451293945,8.768165588378906
1753063927753,2.4869771003723145,-4.235941410064697,11.478401184082031
1753063927802,2.008136749267578,-4.144961833953857,9.55825138092041
1753063927853,2.2475569248199463,,
1753063927902,1.4957774877548218,-3.78104305267334,8.145672798156738
1753063927953,1.6873136758804321,-2.8616695404052734,7.9876556396484375
1753063928002,1.2611457109451294,-3.2160115242004395,7.93019437789917
1753063928003,,,7.762600421905518
1753063928053,2.1805191040039062,-3.24953031539917,7.7434468269348145
1753063928102,1.7160440683364868,-3.8145618438720703,8.782530784606934
1753063928153,1.4143747091293335,-3.311779499053955,7.494450092315674
1753063928202,2.30022931098938,-4.293402194976807,10.697892189025879
1753063928253,2.4199392795562744,-3.555988073348999,7.729081630706787
1753063928302,2.056020736694336,,
1753063928303,,-3.3883938789367676,8.31326675415039
1753063928353,2.2236149311065674,-4.398746967315674,10.645218849182129
1753063928402,2.1996726989746094,-4.245518207550049,7.705139636993408
1753063928403,,,9.12729549407959
1753063928453,1.5963339805603027,-4.053982257843018,9.486425399780273
1753063928502,1.467047095298767,-3.996521234512329,8.021174430847168
1753063928553,1.912368655204773,,
1753063928554,,-3.646967649459839,8.863933563232422
1753063928602,1.9506758451461792,,
1753063928603,,-4.480149745941162,9.443329811096191
1753063928653,1.9937714338302612,-3.4841620922088623,8.648454666137695
1753063928702,1.6729484796524048,-4.159327030181885,10.578181266784668
1753063928753,2.3337481021881104,-3.757101058959961,7.7195048332214355
1753063928802,1.2898762226104736,-3.843292236328125,9.242217063903809
1753063928853,2.4438812732696533,-4.4274773597717285,9.998785018920898
1753063928902,2.4343044757843018,-3.575141668319702,8.801684379577637
1753063928953,1.4766238927841187,-3.910329818725586,7.776965618133545
1753063929002,1.0456676483154297,-3.177704095840454,5.9286417961120605
1753063929053,1.9075802564620972,-4.259883403778076,10.080187797546387
1753063929102,2.2475569248199463,-4.465784549713135,
1753063929103,,,8.3707275390625
1753063929153,1.6585832834243774,-3.7187938690185547,8.480860710144043
1753063929202,1.1653777360916138,-4.279036998748779,8.49522590637207
1753063929253,2.501342296600342,-4.638167381286621,10.836755752563477
1753063929302,2.539649486541748,-4.446630954742432,10.932523727416992
1753063929354,2.74076247215271,-3.6086604595184326,9.031527519226074
1753063929403,1.9889830350875854,-4.159327030181885,10.233416557312012
1753063929453,1.8596961498260498,-3.9007530212402344,7.221510887145996
1753063929502,2.1039047241210938,-3.4841620922088623,9.00279712677002
1753063929553,1.4862006902694702,-3.6709096431732178,6.7474589347839355
1753063929602,1.73519766330719,-3.18249249458313,7.18320369720459
1753063929653,1.8644845485687256,-4.53761100769043,8.930971145629883
1753063929702,2.20924973487854,-3.714005470275879,6.982090473175049
1753063929753,1.5053542852401733,-4.815338134765625,10.448894500732422
1753063929802,1.9841946363449097,-4.556764602661133,9.960477828979492
1753063929853,2.2427685260772705,-3.795408248901367,9.026739120483398
1753063929902,1.7160440683364868,-4.1641154289245605,9.687539100646973
1753063929953,1.7399860620498657,-3.8289270401000977,8.897452354431152
1753063930002,1.4526818990707397,-3.958214044570923,8.97885513305664
1753063930053,2.079962730407715,-4.087501049041748,8.322843551635742
1753063930102,1.4526818990707397,-4.025251388549805,9.242217063903809
1753063930153,2.276287317276001,-3.5033156871795654,7.465719223022461
1753063930202,1.8070237636566162,-3.7235822677612305,9.414599418640137
1753063930253,1.6154875755310059,-3.97257924079895,7.235876083374023
1753063930302,1.811812162399292,-3.6517560482025146,8.715493202209473
1753063930353,1.9458874464035034,-4.408323764801025,8.94533634185791
1753063930402,2.0033483505249023,-4.116231441497803,7.9876556396484375
1753063930453,2.0608091354370117,-4.3412861824035645,10.056245803833008
1753063930502,1.898003339767456,-3.7906198501586914,8.116942405700684
1753063930553,2.0177135467529297,-4.370016574859619,10.037092208862305
1753063930602,1.6250643730163574,-4.551976203918457,8.806472778320312
1753063930653,1.9171570539474487,-3.469796895980835,9.103353500366211
1753063930702,1.5245078802108765,,
1753063930703,1.5005658864974976,-4.8919525146484375,9.821614265441895
1753063930753,1.7687164545059204,-3.0771477222442627,
1753063930754,,,7.844003200531006
1753063930802,1.6394295692443848,-4.3843817710876465,10.070611000061035
1753063930853,1.9075802564620972,-3.244741916656494,6.915052890777588
1753063930902,1.6490063667297363,-3.867234230041504,9.012373924255371
1753063930953,1.9363106489181519,-3.9151182174682617,7.4800848960876465
1753063931002,1.8453309535980225,-3.618237257003784,8.8878755569458
1753063931053,1.8692729473114014,,
1753063931054,1.7639280557632446,-3.9199066162109375,7.978078842163086
1753063931103,1.7591396570205688,-3.6134488582611084,8.571840286254883
1753063931153,2.405574083328247,-4.293402194976807,9.486425399780273
1753063931202,2.1757307052612305,-3.6565444469451904,7.456142425537109
1753063931253,2.185307502746582,-4.4945149421691895,10.271723747253418
1753063931302,1.7687164545059204,,
1753063931303,,-3.244741916656494,7.020398139953613
1753063931353,1.9219454526901245,-3.9486372470855713,
1753063931354,,-3.4745852947235107,9.840767860412598
1753063931402,1.7495628595352173,-4.489726543426514,
1753063931403,,,7.93019437789917
1753063931453,1.2898762226104736,-3.4171242713928223,8.576628684997559
1753063931502,1.912368655204773,-4.5854949951171875,9.668384552001953
1753063931553,1.912368655204773,-3.618237257003784,8.76337718963623
1753063931602,2.2236149311065674,-4.6285905838012695,10.788871765136719
1753063931653,1.8836381435394287,-2.914341926574707,7.120954513549805
1753063931702,1.7160440683364868,-4.1641154289245605,9.644442558288574
1753063931753,1.6250643730163574,-4.331709384918213,8.116942405700684
1753063931802,2.2810757160186768,-3.3069911003112793,9.1847562789917
1753063931852,1.7304092645645142,,
1753063931853,2.362478494644165,-3.737947463989258,7.882310390472412
1753063931902,1.567603588104248,-2.981379747390747,8.102577209472656
1753063931954,1.7447744607925415,-4.053982257843018,7.958924770355225
1753063932003,1.3808557987213135,-2.5695769786834717,5.8616042137146
1753063932053,2.1805191040039062,-4.6956281661987305,10.616488456726074
1753063932102,2.4390928745269775,-3.316567897796631,7.159261703491211
1753063932153,1.4574702978134155,-4.235941410064697,9.06983470916748
1753063932202,2.1278467178344727,-3.6278140544891357,7.4752960205078125
1753063932253,2.1086931228637695,-3.958214044570923,9.711481094360352
1753063932302,1.7208324670791626,-3.9151182174682617,7.695562839508057
1753063932353,2.204461097717285,-4.393958568572998,
1753063932354,,,10.089764595031738
1753063932402,1.811812162399292,-4.173692226409912,7.93019437789917
1753063932453,1.9267338514328003,-4.053982257843018,10.09934139251709
1753063932502,1.8213889598846436,-4.350862979888916,8.892663955688477
1753063932553,2.558803081512451,-4.039616584777832,
1753063932554,,-3.5511996746063232,9.926959037780762
1753063932602,1.7016788721084595,-4.52803373336792,9.572616577148438
1753063932653,2.3098061084747314,-3.7187938690185547,
1753063932654,,-3.383605480194092,9.266159057617188
1753063932702,2.5109190940856934,-4.365228176116943,10.233416557312012
1753063932753,1.668160080909729,-3.2830491065979004,7.398681640625
1753063932802,1.7974469661712646,-4.149750232696533,10.22383975982666
1753063932853,2.4821887016296387,-3.24953031539917,7.441777229309082
1753063932902,1.8740613460540771,-4.250306606292725,9.965266227722168
1753063932953,2.2810757160186768,-3.18249249458313,7.3220672607421875
1753063933002,2.166153907775879,-5.222352504730225,10.094552993774414
1753063933053,1.3425486087799072,-3.3500866889953613,7.609371662139893
1753063933102,2.7551276683807373,-4.595071792602539,
1753063933103,,-3.9869444370269775,11.91893482208252
1753063933153,1.998559832572937,-3.2543187141418457,6.091447830200195
1753063933202,1.1749545335769653,-3.1202433109283447,
1753063933203,,,7.925405979156494
1753063933252,2.8365304470062256,,
1753063933253,,-4.709993362426758,9.515155792236328
1753063933302,1.8213889598846436,,
1753063933303,1.4814122915267944,-3.316567897796631,6.862380504608154
1753063933352,1.5867571830749512,,
1753063933353,1.7926585674285889,-4.389170169830322,9.448118209838867
1753063933402,2.6114754676818848,-3.78104305267334,8.361150741577148
1753063933453,1.3664906024932861,-3.685275077819824,8.816049575805664
1753063933502,1.898003339767456,,
1753063933503,,-4.135385036468506,8.437765121459961
1753063933553,2.3912088871002197,-4.025251388549805,10.262146949768066
1753063933602,1.7208324670791626,-4.116231441497803,
1753063933603,,,8.24622917175293
1753063933653,1.8309657573699951,-4.159327030181885,10.199897766113281
1753063933702,2.2475569248199463,-4.556764602661133,9.993996620178223
1753063933753,2.008136749267578,-3.4841620922088623,9.395445823669434
1753063933802,2.338536500930786,-4.724358558654785,11.674726486206055
1753063933853,2.625840663909912,-2.4690206050872803,7.6764092445373535
1753063933902,1.9219454526901245,,
1753063933903,,-3.757101058959961,10.25735855102539
1753063933953,2.1278467178344727,-2.7467479705810547,8.040328025817871
1753063934001,2.3337481021881104,,
1753063934002,2.764704465866089,-3.1202433109283447,9.989208221435547
1753063934053,2.233191728591919,-2.6222493648529053,7.346009254455566
1753063934102,1.2563573122024536,-3.599083662033081,9.601346969604492
1753063934153,2.3098061084747314,-2.9526493549346924,8.22228717803955
1753063934202,1.955464243888855,-3.0101101398468018,9.088988304138184
1753063934253,2.5348610877990723,-3.867234230041504,8.921394348144531
1753063934302,2.9897594451904297,-1.8177976608276367,7.992444038391113
1753063934353,2.601898670196533,-3.6709096431732178,9.505578994750977
1753063934402,2.056020736694336,-2.1769278049468994,6.613383769989014
1753063934452,2.324171304702759,,
1753063934453,2.228403329849243,-4.202422618865967,10.82239055633545
1753063934505,2.381632089614868,,
1753063934506,,-2.5312697887420654,6.646902561187744
1753063934553,1.6059107780456543,,
1753063934554,,-4.082712650299072,10.712257385253906
1753063934602,2.4869771003723145,-3.53204607963562,8.672396659851074
1753063934653,2.2810757160186768,-3.206434726715088,9.711481094360352
1753063934702,2.5061306953430176,-3.848080635070801,10.075399398803711
1753063934753,1.955464243888855,-2.1098902225494385,7.7865424156188965
1753063934802,0.48063600063323975,-2.895188331604004,7.326855659484863
1753063934853,3.492541790008545,-3.5942952632904053,11.205462455749512
1753063934902,3.9234981536865234,,
1753063934903,,-4.058770656585693,9.586981773376465
1753063934953,1.1414356231689453,-2.0189106464385986,7.844003200531006
1753063935002,2.079962730407715,-4.302978992462158,12.048221588134766
1753063935053,2.3529016971588135,-2.3062148094177246,6.943783283233643
1753063935102,1.9602526426315308,-3.3931822776794434,10.769718170166016
1753063935153,2.204461097717285,-2.890399932861328,7.9397711753845215
1753063935202,2.0272903442382812,-3.2160115242004395,9.510367393493652
1753063935253,1.4622586965560913,-2.914341926574707,7.4800848960876465
1753063935302,2.1709423065185547,-3.2830491065979004,10.161590576171875
1753063935353,1.9363106489181519,-3.493738889694214,7.504026889801025
1753063935403,2.917933225631714,-2.689286947250366,9.1847562789917
1753063935452,1.9698294401168823,-3.5703532695770264,10.391433715820312
1753063935453,,,10.386645317077637
1753063935503,2.2188265323638916,-2.7946319580078125,8.203133583068848
1753063935552,2.472611904144287,,
1753063935553,,-3.311779499053955,10.779294967651367
1753063935603,1.912368655204773,-2.914341926574707,7.073070526123047
1753063935652,2.3289597034454346,-3.1633388996124268,10.219051361083984
1753063935704,2.2810757160186768,-2.5983073711395264,6.943783283233643
1753063935753,1.9841946363449097,-2.7706899642944336,8.236652374267578
1753063935803,1.8070237636566162,-3.465008497238159,8.389881134033203
1753063935852,2.1326351165771484,-2.6557681560516357,7.422623634338379
1753063935903,1.4862006902694702,-2.5504233837127686,7.781754016876221
1753063935952,1.3856441974639893,,
1753063935953,,-4.259883403778076,9.658807754516602
1753063936003,2.448669672012329,-1.9901801347732544,8.069058418273926
1753063936052,0.839766263961792,-1.9039889574050903,5.531204700469971
1753063936103,3.3871967792510986,-4.595071792602539,12.752117156982422
1753063936152,3.133411407470703,-2.6414029598236084,7.154473304748535
1753063936203,2.410362482070923,-3.3069911003112793,10.659584045410156
1753063936252,2.496553897857666,-2.981379747390747,8.758588790893555
1753063936303,1.591545581817627,-2.2679076194763184,6.991667747497559
1753063936352,1.9937714338302612,-3.311779499053955,
1753063936353,,,10.147225379943848
1753063936403,2.3576900959014893,-2.7898435592651367,7.662044048309326
1753063936452,2.1326351165771484,-2.780266761779785,8.85435676574707
1753063936504,2.204461097717285,-4.149750232696533,9.481637001037598
1753063936553,2.721608877182007,-2.1338322162628174,8.236652374267578
1753063936603,2.3529016971588135,-4.039616584777832,10.171167373657227
1753063936652,1.7687164545059204,-2.65097975730896,7.863156795501709
1753063936703,3.1717185974121094,-3.824138641357422,12.07695198059082
1753063936752,2.3912088871002197,-3.1298201084136963,8.002020835876465
1753063936803,2.779069662094116,-3.3022027015686035,11.171943664550781
1753063936852,2.190095901489258,-2.919130325317383,7.144896507263184
1753063936903,1.7735048532485962,-2.694075345993042,9.855133056640625
1753063936952,2.8796260356903076,,
1753063936953,1.1079168319702148,-4.159327030181885,11.234192848205566
1753063937003,1.4431051015853882,-2.1098902225494385,6.12017822265625
1753063937052,1.9363106489181519,-2.852092742919922,9.428964614868164
1753063937053,,,8.509591102600098
1753063937103,2.5731682777404785,-3.5942952632904053,9.00279712677002
1753063937152,3.008913040161133,-3.139396905899048,10.080187797546387
1753063937153,,,8.61972427368164
1753063937202,2.3720552921295166,,
1753063937203,1.9698294401168823,-3.3452982902526855,9.055469512939453
1753063937252,2.5923218727111816,-2.9047651290893555,9.108141899108887
1753063937303,1.8596961498260498,,
1753063937304,2.7120320796966553,-3.3022027015686035,8.131307601928711
1753063937353,1.9650410413742065,-2.7946319580078125,6.977302074432373
1753063937403,2.204461097717285,-3.421912670135498,10.037092208862305
1753063937452,1.5388731956481934,-2.981379747390747,6.943783283233643
1753063937503,2.932298421859741,-3.24953031539917,10.458471298217773
1753063937552,2.735974073410034,-3.603872060775757,
1753063937553,,,9.06983470916748
1753063937603,2.1134815216064453,-2.7467479705810547,8.696338653564453
1753063937652,2.2858641147613525,-3.421912670135498,10.487201690673828
1753063937703,2.697666883468628,-2.8137855529785156,8.241440773010254
1753063937752,2.228403329849243,-2.6653449535369873,9.146449089050293
1753063937803,2.185307502746582,-3.4075474739074707,8.025962829589844
1753063937846,2.228403329849243,-2.4642322063446045,8.193556785583496
1753063937898,1.5628151893615723,-3.4314894676208496,7.958924770355225
1753063937948,2.252345323562622,-2.7036523818969727,8.940547943115234
1753063937997,2.2619221210479736,-3.7906198501586914,10.003573417663574
1753063938048,2.075174331665039,,
1753063938049,2.429516077041626,-2.80899715423584,7.470507621765137
1753063938098,2.0847511291503906,-3.206434726715088,9.749788284301758
1753063938148,2.3050177097320557,,
1753063938149,2.4007856845855713,-3.5224692821502686,8.485649108886719
1753063938197,2.961029052734375,,
1753063938198,2.4869771003723145,-3.1298201084136963,9.443329811096191
1753063938248,2.405574083328247,,
1753063938249,2.4917654991149902,-3.292625904083252,9.03631591796875
1753063938298,1.9937714338302612,-3.0101101398468018,6.761824131011963
1753063938349,2.0272903442382812,-3.4985272884368896,10.338761329650879
1753063938398,2.0416555404663086,-3.2782607078552246,7.436988830566406
1753063938448,2.5923218727111816,,
1753063938449,,-2.7467479705810547,9.730634689331055
1753063938497,2.2619221210479736,,
1753063938498,2.204461097717285,-3.800196647644043,9.232640266418457
1753063938549,2.214038133621216,-2.943072557449341,9.151237487792969
1753063938597,2.601898670196533,,
1753063938598,2.4630351066589355,-3.9821560382843018,11.478401184082031
1753063938648,2.7072436809539795,,
1753063938649,2.735974073410034,-2.1769278049468994,7.638102054595947
1753063938698,1.8309657573699951,,
1753063938699,,-3.7618894577026367,9.8599214553833
1753063938748,2.846107244491577,,
1753063938749,2.343324899673462,-4.0970778465271,9.88386344909668
1753063938798,2.324171304702759,-2.7323827743530273,8.06427001953125
1753063938848,2.9466638565063477,,
1753063938849,1.9841946363449097,-4.226364612579346,10.903793334960938
1753063938897,2.3529016971588135,,
1753063938898,2.4630351066589355,-3.3931822776794434,8.2127103805542
1753063938949,2.6593594551086426,-3.0196869373321533,10.49677848815918
1753063938999,2.0608091354370117,-3.6373908519744873,9.405022621154785
1753063939048,2.0033483505249023,-2.689286947250366,6.3069257736206055
1753063939098,2.0033483505249023,-3.273472309112549,9.879075050354004
1753063939149,2.214038133621216,-3.0627825260162354,
1753063939150,,-3.1681272983551025,7.915829181671143
1753063939198,2.496553897857666,,
1753063939199,1.931522250175476,-3.3692402839660645,9.634865760803223
1753063939248,2.846107244491577,-3.00053334236145,9.998785018920898
1753063939299,2.1278467178344727,-3.244741916656494,
1753063939300,,-3.9821560382843018,8.2127103805542
1753063939348,2.3912088871002197,-2.4642322063446045,9.136872291564941
1753063939398,2.228403329849243,,
1753063939399,2.0416555404663086,-4.015674591064453,9.261370658874512
1753063939447,2.5109190940856934,-2.8616695404052734,8.61972427368164
1753063939498,1.9363106489181519,,
1753063939499,,-3.048417329788208,8.380304336547852
1753063939548,1.8022353649139404,-3.09151291847229,7.537545680999756
1753063939599,2.1278467178344727,-3.2399535179138184,
1753063939600,,,9.007585525512695
1753063939648,2.075174331665039,-3.1250317096710205,8.270171165466309
1753063939699,2.2475569248199463,-3.445854902267456,9.443329811096191
1753063939748,2.147000312805176,,
1753063939749,,-3.1633388996124268,9.165602684020996
1753063939798,2.343324899673462,,
1753063939799,,-3.62302565574646,9.395445823669434
1753063939847,2.587533473968506,,
1753063939848,1.6729484796524048,-3.709217071533203,10.932523727416992
1753063939899,1.912368655204773,-2.9047651290893555,
1753063939900,,,6.953360080718994
1753063939947,1.5053542852401733,,
1753063939948,2.30022931098938,-2.698863983154297,7.776965618133545
1753063939998,2.477400302886963,,
1753063939999,,-3.5703532695770264,9.108141899108887
1753063940047,1.8309657573699951,,
1753063940048,2.0847511291503906,-2.80899715423584,6.498462200164795
1753063940098,2.3576900959014893,,
1753063940099,,-3.397970676422119,10.247781753540039
1753063940147,1.9506758451461792,,
1753063940148,2.2379801273345947,-3.7475242614746094,8.796895980834961
1753063940199,1.692102074623108,-3.2830491065979004,8.294113159179688
1753063940247,1.787870168685913,,
1753063940248,1.8453309535980225,-4.159327030181885,10.305242538452148
1753063940298,1.7256208658218384,,
1753063940299,2.05123233795166,-4.4705729484558105,8.160037994384766
1753063940347,1.3329718112945557,,
1753063940348,2.386420488357544,-3.3452982902526855,7.647678852081299
1753063940398,2.2906525135040283,,
1753063940399,,-5.389946460723877,10.8319673538208
1753063940447,2.448669672012329,-4.374804973602295,8.193556785583496
1753063940500,1.1174936294555664,-3.9007530212402344,9.179967880249023
1753063940548,1.5723919868469238,,
1753063940549,,-4.283825397491455,9.586981773376465
1753063940598,1.6585832834243774,-4.484938144683838,
1753063940599,,-3.9246952533721924,8.500014305114746
1753063940647,2.405574083328247,,
1753063940648,3.0137014389038086,-3.8145618438720703,9.256582260131836
1753063940699,0.7870938181877136,-4.748300552368164,8.274959564208984
1753063940747,1.1653777360916138,,
1753063940748,2.606687068939209,-3.6278140544891357,9.37629222869873
1753063940799,2.429516077041626,-5.112219333648682,9.831191062927246
1753063940847,2.3145945072174072,,
1753063940848,1.8501193523406982,-4.4274773597717285,9.12729549407959
1753063940898,1.2659341096878052,,
1753063940899,2.477400302886963,-3.5511996746063232,7.978078842163086
1753063940947,0.11671733111143112,,
1753063940948,2.036867141723633,-4.039616584777832,6.4266357421875
1753063940998,2.324171304702759,,
1753063940999,,-4.116231441497803,10.228628158569336
1753063941047,2.2810757160186768,,
1753063941048,0.882861852645874,-5.2893900871276855,9.275735855102539
1753063941099,0.6913257241249084,-3.5895068645477295,6.910264492034912
1753063941100,,,8.327631950378418
1753063941147,1.7447744607925415,,
1753063941148,1.931522250175476,-3.886387825012207,9.055469512939453
1753063941198,1.4191631078720093,,
1753063941199,,-4.642955780029297,8.40424633026123
1753063941247,2.4007856845855713,,
1753063941248,,-4.1210198402404785,8.926182746887207
1753063941300,1.1174936294555664,-5.073912143707275,8.969278335571289
1753063941348,2.094327926635742,,
1753063941349,,-3.5416228771209717,8.126519203186035
1753063941399,2.1805191040039062,-5.279813289642334,9.721057891845703
1753063941400,,,8.715493202209473
1753063941447,2.1086931228637695,-4.3843817710876465,8.58620548248291
1753063941498,1.6202759742736816,,
1753063941499,1.2850877046585083,-4.417900562286377,9.448118209838867
1753063941547,1.61069917678833,-4.800972938537598,
1753063941548,,,10.295665740966797
1753063941598,2.1805191040039062,,
1753063941599,,-3.8289270401000977,7.389104843139648
1753063941648,0.8732850551605225,-3.0436289310455322,7.245452880859375
1753063941717,1.5005658864974976,-4.853645324707031,8.054693222045898
1753063941721,1.0983400344848633,-3.867234230041504,7.74823522567749
1753063941769,1.7208324670791626,-3.7427358627319336,7.235876083374023
1753063941820,1.3521254062652588,-4.839280128479004,8.605359077453613
1753063941869,1.1749545335769653,-4.733935356140137,7.384316444396973
1753063941919,1.7447744607925415,,
1753063941920,1.490989089012146,-5.342062473297119,10.851120948791504
1753063941969,2.7934348583221436,-5.796960830688477,12.287641525268555
1753063942019,1.9027918577194214,,
1753063942020,2.625840663909912,-4.307767391204834,8.284536361694336
1753063942069,2.30022931098938,-3.7475242614746094,10.056245803833008
1753063942120,1.6585832834243774,-4.149750232696533,7.18320369720459
1753063942169,1.0552444458007812,-3.2543187141418457,7.111377716064453
1753063947066,1.0648212432861328,-4.0970778465271,7.968502044677734
1753063947067,1.7830817699432373,-4.2550950050354,8.686761856079102
1753063947070,1.9267338514328003,-3.8337154388427734,9.323619842529297
1753063947122,1.9937714338302612,-3.958214044570923,9.740211486816406
1753063947173,1.9506758451461792,-4.322132587432861,8.916605949401855
1753063948487,2.4390928745269775,,
1753063948488,2.30022931098938,-3.1250317096710205,7.5902180671691895
1753063948498,1.4095861911773682,,
1753063948499,2.5492262840270996,-4.575918197631836,9.352350234985352
1753063948504,2.5683798789978027,-4.058770656585693,10.803236961364746
1753063948555,2.405574083328247,,
1753063948556,,-4.044404983520508,10.338761329650879
1753063948606,1.6729484796524048,-3.6996402740478516,8.3707275390625
1753063951026,2.319382905960083,-3.1968579292297363,
1753063951027,,-4.020462989807129,8.926182746887207
1753063951031,1.9458874464035034,-3.421912670135498,7.187992095947266
1753063951082,2.1134815216064453,-3.666121244430542,
1753063951083,,,8.686761856079102
1753063951133,2.0608091354370117,-3.5224692821502686,9.256582260131836
1753063952426,1.8884265422821045,,
1753063952427,1.9219454526901245,,
1753063952433,2.3576900959014893,-3.9246952533721924,8.94533634185791
1753063952478,2.094327926635742,,
1753063952479,1.8453309535980225,-3.0771477222442627,8.040328025817871
1753063952529,1.8596961498260498,-3.819350242614746,8.332420349121094
1753063952578,1.7304092645645142,-3.0148985385894775,6.929418087005615
1753063952629,2.0655975341796875,-4.379593372344971,9.797672271728516
1753063958049,2.338536500930786,,
1753063958050,1.8309657573699951,,
1753063958051,1.184531331062317,-3.3069911003112793,
1753063958052,,-3.7475242614746094,7.642890453338623
1753063958053,,,8.533533096313477
1753063958115,1.7064672708511353,,
1753063958116,1.8836381435394287,-3.757101058959961,9.280524253845215
1753063958149,2.362478494644165,-3.9390604496002197,8.567051887512207
1753063958200,1.6250643730163574,-4.2550950050354,9.314043045043945
1753063958249,2.410362482070923,-3.4841620922088623,8.581417083740234
1753063958300,2.032078742980957,-3.9390604496002197,9.357138633728027
1753063958349,2.079962730407715,-3.508104085922241,7.595006465911865
1753063958399,2.161365509033203,,
1753063958400,2.2810757160186768,-3.8720226287841797,10.084976196289062
1753063958448,2.123058319091797,,
1753063958449,1.2850877046585083,-3.848080635070801,8.18876838684082
1753063958499,1.2850877046585083,,
1753063958500,1.9937714338302612,-3.8097734451293945,9.189544677734375
1753063958548,2.1757307052612305,,
1753063958549,1.955464243888855,-4.039616584777832,8.720281600952148
1753063958600,1.9267338514328003,-3.757101058959961,9.37629222869873
1753063958649,2.5348610877990723,-3.9677908420562744,9.563039779663086
1753063958700,1.9841946363449097,-3.18249249458313,8.145672798156738
1753063958749,1.5053542852401733,-3.9199066162109375,7.882310390472412
1753063958800,1.8740613460540771,-4.015674591064453,9.46727180480957
1753063958849,1.854907751083374,-3.6373908519744873,7.762600421905518
1753063958899,1.9219454526901245,,
1753063958900,1.7591396570205688,-4.288613796234131,9.95090103149414
1753063958949,2.3576900959014893,-4.159327030181885,9.170391082763672
1753063959000,2.601898670196533,-4.480149745941162,10.678738594055176
1753063959049,2.252345323562622,-3.1489737033843994,8.514379501342773
1753063959101,2.30022931098938,-4.3173441886901855,10.841544151306152
1753063959149,1.8213889598846436,,
1753063959150,,-3.795408248901367,8.964489936828613
1753063959200,2.147000312805176,-3.1298201084136963,8.916605949401855
1753063959249,1.5101426839828491,-4.642955780029297,9.299677848815918
1753063959299,0.921169102191925,,
1753063959300,2.1709423065185547,-3.067570924758911,7.2789716720581055
1753063959348,1.73519766330719,,
1753063959349,1.6154875755310059,-4.13059663772583,9.199121475219727
1753063959400,2.0272903442382812,-3.6756980419158936,8.538321495056152
1753063959448,2.5061306953430176,,
1753063959449,,-3.9869444370269775,9.481637001037598
1753063959499,2.257133722305298,,
1753063959500,2.472611904144287,-3.426701068878174,9.223063468933105
1753063959549,1.5819687843322754,-4.240729808807373,9.12729549407959
1753063959600,2.496553897857666,-3.335721492767334,9.586981773376465
1753063959649,2.118269920349121,-4.465784549713135,9.725846290588379
1753063959699,1.8070237636566162,,
1753063959700,1.9075802564620972,-3.024475336074829,7.762600421905518
1753063959749,1.653794765472412,-4.264671802520752,9.333196640014648
1753063959800,1.447893500328064,-3.354875087738037,7.317278861999512
1753063959849,1.7495628595352173,-4.226364612579346,10.209474563598633
1753063959900,2.367266893386841,,
1753063959901,1.9171570539474487,-2.9765913486480713,7.820061206817627
1753063959949,2.4678235054016113,-4.561553001403809,
1753063959950,,,11.25334644317627
1753063960000,2.190095901489258,-2.65097975730896,7.240664482116699
1753063960001,,,9.16081428527832
1753063960049,2.012925148010254,-3.9390604496002197,
1753063960050,,-3.335721492767334,9.874286651611328
1753063960099,1.7926585674285889,,
1753063960100,1.711255669593811,-3.201646327972412,7.417835235595703
1753063960149,2.1086931228637695,-4.068347454071045,9.946112632751465
1753063960200,2.0272903442382812,-3.024475336074829,7.652467250823975
1753063960249,1.6777368783950806,-3.824138641357422,8.91181755065918
1753063960299,2.4678235054016113,,
1753063960300,2.079962730407715,-3.4745852947235107,8.509591102600098
1753063960349,2.1422119140625,-4.039616584777832,9.663596153259277
1753063960399,1.7160440683364868,,
1753063960400,1.7830817699432373,-3.053205728530884,7.815272808074951
1753063960448,1.9267338514328003,,
1753063960449,,-3.9199066162109375,9.946112632751465
1753063960499,2.137423515319824,,
1753063960500,2.338536500930786,-3.316567897796631,7.446565628051758
1753063960548,1.5723919868469238,,
1753063960549,1.998559832572937,-3.6565444469451904,9.146449089050293
1753063960600,2.6162638664245605,-3.469796895980835,8.217498779296875
1753063960649,1.8932149410247803,-3.5224692821502686,8.490437507629395
1753063960700,2.0033483505249023,-3.694851875305176,8.5287446975708
1753063960748,2.3050177097320557,,
1753063960749,2.1757307052612305,-3.4171242713928223,8.389881134033203
1753063960799,1.5532383918762207,,
1753063960800,1.3617022037506104,-3.4985272884368896,8.394669532775879
1753063960849,2.7694928646087646,-4.211999416351318,10.755352973937988
1753063960899,2.0272903442382812,,
1753063960900,,-2.6797101497650146,6.474519729614258
1753063960948,1.6298527717590332,,
1753063960949,2.5300726890563965,-3.4075474739074707,8.557475090026855
1753063960999,1.7495628595352173,,
1753063961000,1.7782933712005615,-3.757101058959961,7.49923849105835
1753063961049,1.8166005611419678,-3.4171242713928223,8.471283912658691
1753063961100,1.878849744796753,-3.53204607963562,7.494450092315674
1753063961148,1.9458874464035034,,
1753063961149,2.1757307052612305,-4.140173435211182,9.424176216125488
1753063961200,2.161365509033203,-3.6900634765625,8.169614791870117
1753063961249,2.4869771003723145,-3.421912670135498,9.496002197265625
1753063961299,1.9027918577194214,,
1753063961300,2.1326351165771484,-3.383605480194092,7.369951248168945
1753063961349,1.4622586965560913,-3.397970676422119,8.150461196899414
1753063961399,2.630629062652588,,
1753063961400,1.9171570539474487,-4.006097793579102,9.318831443786621
1753063961448,2.7072436809539795,,
1753063961449,,-3.268683910369873,7.436988830566406
1753063961499,1.3329718112945557,,
1753063961500,,-4.489726543426514,9.280524253845215
1753063961548,2.147000312805176,,
1753063961549,3.487753391265869,-3.067570924758911,7.776965618133545
1753063961600,1.6442179679870605,-4.389170169830322,8.87829875946045
1753063961648,1.931522250175476,,
1753063961649,0.9690531492233276,-4.5423994064331055,10.76492977142334
1753063961699,2.472611904144287,,
1753063961700,3.339312791824341,-3.2638955116271973,7.571064472198486
1753063961748,1.9506758451461792,,
1753063961749,2.3145945072174072,-3.488950490951538,8.648454666137695
1753063961800,1.6777368783950806,-4.010886192321777,8.969278335571289
1753063961849,2.3576900959014893,-3.1633388996124268,8.045116424560547
1753063961899,1.4431051015853882,,
1753063961900,1.4814122915267944,-3.9199066162109375,8.231863975524902
1753063961948,1.7735048532485962,,
1753063961949,1.9027918577194214,-3.09151291847229,7.346009254455566
1753063962000,2.0416555404663086,-3.6900634765625,
1753063962001,,,8.198345184326172
1753063962049,1.8692729473114014,-3.0148985385894775,6.9677252769470215
1753063962100,2.1278467178344727,-3.977367639541626,8.658031463623047
1753063962148,1.8884265422821045,,
1753063962149,2.1422119140625,-2.7036523818969727,6.215946197509766
1753063962199,1.912368655204773,,
1753063962200,1.8932149410247803,-4.580706596374512,9.874286651611328
1753063962249,2.429516077041626,-3.4554316997528076,7.844003200531006
1753063962299,1.8836381435394287,,
1753063962300,1.931522250175476,-4.355651378631592,9.630077362060547
1753063962348,2.5348610877990723,,
1753063962349,2.1134815216064453,-3.426701068878174,8.739435195922852
1753063962400,2.1278467178344727,-4.006097793579102,9.112930297851562
1753063962448,2.448669672012329,,
1753063962449,1.9889830350875854,,
1753063962450,,-3.508104085922241,8.543109893798828
1753063962499,1.6585832834243774,,
1753063962500,1.974617838859558,-3.383605480194092,8.136096000671387
1753063962548,2.515707492828369,,
1753063962549,1.653794765472412,-3.7283706665039062,9.021950721740723
1753063962600,1.323395013809204,-4.006097793579102,7.49923849105835
1753063962649,1.754351258277893,-2.7275943756103516,6.7714009284973145
1753063962699,2.7694928646087646,,
1753063962700,1.7495628595352173,-4.987720489501953,10.391433715820312
1753063962748,1.9841946363449097,,
1753063962749,2.257133722305298,-3.3500866889953613,6.982090473175049
1753063962799,2.012925148010254,,
1753063962800,1.8213889598846436,-4.748300552368164,10.966042518615723
1753063962849,2.6114754676818848,-3.5176808834075928,8.365939140319824
1753063962899,1.8022353649139404,,
1753063962900,2.472611904144287,-4.264671802520752,9.026739120483398
1753063962948,2.4390928745269775,,
1753063962949,2.3145945072174072,-3.24953031539917,7.8966755867004395
1753063962999,1.4814122915267944,,
1753063963000,2.0225019454956055,-3.9677908420562744,8.509591102600098
1753063963049,1.4431051015853882,-3.354875087738037,7.336432456970215
1753063963100,2.338536500930786,-4.240729808807373,9.328408241271973
1753063963148,2.252345323562622,,
1753063963149,1.878849744796753,-3.00053334236145,7.5662760734558105
1753063963201,1.835754156112671,-3.6517560482025146,8.892663955688477
1753063963249,2.1757307052612305,,
1753063963250,2.161365509033203,-2.583942174911499,7.302913665771484
1753063963300,2.036867141723633,-3.5033156871795654,8.969278335571289
1753063963349,2.3050177097320557,-2.8137855529785156,7.93019437789917
1753063963399,1.7591396570205688,,
1753063963400,2.137423515319824,-3.555988073348999,8.40424633026123
1753063963448,2.6833014488220215,,
1753063963449,1.4814122915267944,-2.8185739517211914,8.116942405700684
1753063963499,2.324171304702759,,
1753063963500,2.429516077041626,-4.192845821380615,9.8599214553833
1753063963549,2.803011655807495,-2.4211363792419434,7.187992095947266
1753063963599,2.0464439392089844,,
1753063963600,2.2619221210479736,-4.092289447784424,10.506355285644531
1753063963649,2.6114754676818848,-3.268683910369873,8.590993881225586
1753063963699,2.429516077041626,,
1753063963700,2.3050177097320557,-3.53204607963562,9.299677848815918
1753063963748,2.166153907775879,,
1753063963749,2.094327926635742,-3.2399535179138184,8.629301071166992
1753063963800,2.6210522651672363,-3.3069911003112793,8.849568367004395
1753063963849,1.9219454526901245,-2.9909565448760986,7.848791599273682
1753063963900,2.295440912246704,-3.5655648708343506,
1753063963901,,,8.8878755569458
1753063963948,2.4821887016296387,,
1753063963949,1.9458874464035034,-2.631826162338257,7.077858924865723
1753063964000,1.6490063667297363,-3.426701068878174,8.772953987121582
1753063964049,1.6968904733657837,-3.2207999229431152,6.709151744842529
1753063964100,2.2475569248199463,-3.6756980419158936,9.821614265441895
1753063964149,2.1422119140625,-3.287837505340576,7.446565628051758
1753063964199,2.539649486541748,,
1753063964200,2.606687068939209,-3.8768110275268555,10.152013778686523
1753063964249,2.3959972858428955,,
1753063964250,2.012925148010254,-3.029263734817505,7.867945194244385
1753063964298,2.7503392696380615,,
1753063964299,1.9219454526901245,-3.1681272983551025,10.017938613891602
1753063964349,2.204461097717285,,
1753063964350,2.779069662094116,-3.1250317096710205,7.369951248168945
1753063964399,2.228403329849243,-2.382829189300537,7.49923849105835
1753063964449,2.4678235054016113,-3.7044286727905273,
1753063964450,,,9.117718696594238
1753063964499,2.7886464595794678,-2.866457939147949,9.21827507019043
1753063964549,1.7926585674285889,,
1753063964550,,-2.871246337890625,7.417835235595703
1753063964598,2.1134815216064453,,
1753063964599,2.67372465133667,-3.1250317096710205,8.361150741577148
1753063964649,1.8213889598846436,,
1753063964650,1.0121487379074097,-3.445854902267456,8.466495513916016
1753063964699,3.2196028232574463,-3.512892484664917,10.290877342224121
1753063964749,2.0847511291503906,-3.0867245197296143,
1753063964750,,-3.7858314514160156,7.374739646911621
1753063964799,2.1996726989746094,-2.9765913486480713,8.8878755569458
1753063964850,2.539649486541748,-3.9246952533721924,9.625288963317871
1753063964899,2.961029052734375,-2.895188331604004,8.792107582092285
1753063964949,2.3576900959014893,,
1753063964950,2.1517887115478516,-4.0779242515563965,10.142436981201172
1753063964998,2.654571056365967,,
1753063964999,1.9363106489181519,-2.981379747390747,8.533533096313477
1753063965049,2.472611904144287,,
1753063965050,3.4973301887512207,-3.5033156871795654,9.112930297851562
1753063965099,1.3329718112945557,-2.081159830093384,6.134543418884277
1753063965149,2.980182647705078,,
1753063965150,,-4.523245334625244,11.64599609375
1753063965199,2.587533473968506,-2.162562608718872,6.263830184936523
1753063965249,2.8173768520355225,,
1753063965250,2.3098061084747314,-3.7187938690185547,10.808025360107422
1753063965299,1.9650410413742065,-2.713229179382324,6.675632953643799
1753063965349,1.7639280557632446,,
1753063965350,2.4582467079162598,-3.7283706665039062,9.869498252868652
1753063965398,1.668160080909729,,
1753063965399,1.7256208658218384,-3.493738889694214,8.174403190612793
1753063965449,2.501342296600342,-3.6900634765625,
1753063965450,,,10.755352973937988
1753063965499,2.606687068939209,-3.09151291847229,8.61972427368164
1753063965549,2.496553897857666,-3.5464112758636475,
1753063965550,,,10.841544151306152
1753063965599,2.4821887016296387,-3.9869444370269775,10.214262962341309
1753063965649,2.012925148010254,,
1753063965650,2.893991231918335,-2.4594438076019287,8.509591102600098
1753063965699,1.7830817699432373,-3.5224692821502686,9.337985038757324
1753063965750,2.075174331665039,-2.5121161937713623,8.811261177062988
1753063965799,2.453458309173584,-3.6996402740478516,8.940547943115234
1753063965849,1.8405425548553467,,
1753063965850,1.5436615943908691,-2.4163479804992676,7.997232437133789
1753063965898,2.630629062652588,,
1753063965899,1.6154875755310059,-4.073135852813721,11.368268013000488
1753063965949,1.9602526426315308,,
1753063965950,,-2.344521999359131,6.809708118438721
1753063965999,1.7974469661712646,-3.8768110275268555,9.725846290588379
1753063966049,2.4151508808135986,,
1753063966050,,-2.646191358566284,8.768165588378906
1753063966099,2.7982232570648193,-3.508104085922241,10.333972930908203
1753063966149,1.8261773586273193,,
1753063966150,2.3145945072174072,-2.7898435592651367,7.695562839508057
1753063966199,1.8644845485687256,-2.9765913486480713,9.567828178405762
1753063966249,2.3098061084747314,,
1753063966250,1.6873136758804321,-2.8808231353759766,7.83921480178833
1753063966299,2.3768436908721924,-2.847304344177246,8.926182746887207
1753063966350,1.8166005611419678,-3.00053334236145,7.585429668426514
1753063966399,2.5300726890563965,-2.7515363693237305,8.940547943115234
1753063966449,1.7830817699432373,-3.18249249458313,
1753063966450,,,7.638102054595947
1753063966499,1.653794765472412,-2.540846586227417,8.624512672424316
1753063966549,2.779069662094116,,
1753063966550,,-3.7666778564453125,9.49121379852295
1753063966600,2.539649486541748,-2.5073277950286865,7.0587053298950195
1753063966649,1.3664906024932861,,
1753063966650,2.0703859329223633,-4.173692226409912,10.219051361083984
1753063966698,2.2188265323638916,,
1753063966699,2.056020736694336,-2.80899715423584,7.8727335929870605
1753063966749,2.056020736694336,,
1753063966750,1.5197194814682007,-4.010886192321777,10.693103790283203
1753063966799,2.6162638664245605,-3.2543187141418457,8.571840286254883
1753063966849,2.252345323562622,,
1753063966850,2.917933225631714,-3.5464112758636475,10.142436981201172
1753063966899,1.567603588104248,-2.689286947250366,7.413046836853027
1753063966949,2.3050177097320557,,
1753063966950,1.9075802564620972,-3.7618894577026367,11.574169158935547
1753063966998,2.7072436809539795,,
1753063966999,2.5348610877990723,-3.072359323501587,8.12173080444336
1753063967049,2.2858641147613525,,
1753063967050,1.4574702978134155,-2.8377275466918945,10.003573417663574
1753063967099,2.123058319091797,-3.6996402740478516,9.677961349487305
1753063967149,2.118269920349121,,
1753063967150,,-2.5504233837127686,8.002020835876465
1753063967198,2.012925148010254,,
1753063967199,2.0655975341796875,-3.469796895980835,9.79288387298584
1753063967249,2.161365509033203,,
1753063967250,2.30022931098938,-3.153762102127075,8.236652374267578
1753063967299,2.166153907775879,-2.713229179382324,9.323619842529297
1753063967349,2.4678235054016113,,
1753063967350,1.6490063667297363,-3.00053334236145,8.581417083740234
1753063967399,2.472611904144287,-3.0196869373321533,10.611700057983398
1753063967449,1.9602526426315308,,
1753063967450,1.998559832572937,-2.876034736633301,7.374739646911621
1753063967498,2.563591480255127,,
1753063967499,2.4917654991149902,-2.6366145610809326,9.132083892822266
1753063967549,1.8932149410247803,,
1753063967550,1.6633716821670532,-3.230376720428467,7.7195048332214355
1753063967599,1.998559832572937,-3.00053334236145,8.55268669128418
1753063967649,1.912368655204773,,
1753063967650,,-3.661332845687866,8.432976722717285
1753063967699,2.5348610877990723,-2.7898435592651367,8.102577209472656
1753063967749,2.448669672012329,,
1753063967750,2.4151508808135986,-3.8337154388427734,10.1568021774292
1753063967798,2.4630351066589355,,
1753063967799,2.338536500930786,-2.9957449436187744,8.274959564208984
1753063967849,2.515707492828369,,
1753063967850,2.7120320796966553,-3.62302565574646,11.03786849975586
1753063967899,2.161365509033203,-3.6326024532318115,8.921394348144531
1753063967949,2.3959972858428955,-3.292625904083252,
1753063967950,,,9.730634689331055
1753063967998,1.6442179679870605,,
1753063967999,2.079962730407715,-3.067570924758911,8.22228717803955
1753063968049,3.0855274200439453,,
1753063968050,,-3.0771477222442627,9.55825138092041
1753063968099,2.4821887016296387,-2.80899715423584,8.667608261108398
1753063968149,1.9841946363449097,,
1753063968150,,-3.426701068878174,8.902240753173828
1753063968199,1.1701661348342896,-2.3924059867858887,7.5231804847717285
1753063968249,2.147000312805176,,
1753063968250,,-3.800196647644043,9.328408241271973
1753063968298,2.5540146827697754,,
1753063968299,2.429516077041626,-3.560776472091675,9.701904296875
1753063968350,1.9841946363449097,-3.4123358726501465,8.265382766723633
1753063968399,2.721608877182007,-3.3452982902526855,11.03786849975586
1753063968449,2.6402058601379395,-3.1202433109283447,
1753063968450,,,8.040328025817871
1753063968499,2.803011655807495,-2.713229179382324,8.67718505859375
1753063968549,1.7591396570205688,,
1753063968550,,-4.245518207550049,9.903017044067383
1753063968599,2.0416555404663086,-2.7275943756103516,7.3651628494262695
1753063968649,2.5252842903137207,,
1753063968650,,-3.575141668319702,10.13286018371582
1753063968699,2.3098061084747314,-3.2591071128845215,7.8296380043029785
1753063968750,1.7974469661712646,-3.2160115242004395,9.505578994750977
1753063968799,1.4622586965560913,-3.2351651191711426,7.738658428192139
1753063968849,2.429516077041626,,
1753063968850,,-3.642179250717163,10.310030937194824
1753063968899,2.228403329849243,-3.029263734817505,9.333196640014648
1753063968949,2.692878246307373,-3.9630024433135986,
1753063968950,,-3.8049850463867188,9.634865760803223
1753063968999,2.0608091354370117,-3.383605480194092,10.080187797546387
1753063969050,2.4630351066589355,-3.0101101398468018,7.997232437133789
1753063969099,2.429516077041626,-3.0579941272735596,9.95090103149414
1753063969149,2.1278467178344727,,
1753063969150,1.7208324670791626,-3.0627825260162354,7.336432456970215
1753063969199,2.4869771003723145,-2.7898435592651367,8.217498779296875
1753063969249,1.6585832834243774,,
1753063969250,2.0847511291503906,-3.666121244430542,8.236652374267578
1753063969299,1.2372037172317505,-3.029263734817505,6.852803707122803
1753063969349,3.2387564182281494,,
1753063969350,2.0272903442382812,-4.5854949951171875,12.091317176818848
1753063969399,2.870049238204956,-3.646967649459839,9.060257911682129
1753063969449,2.2858641147613525,-3.3692402839660645,
1753063969450,,-2.962226152420044,10.970830917358398
1753063969499,2.2619221210479736,-4.475361347198486,10.726622581481934
1753063969549,2.721608877182007,,
1753063969550,,-2.3971943855285645,9.170391082763672
1753063969599,2.3576900959014893,-3.694851875305176,10.597334861755371
1753063969650,1.9075802564620972,-2.823362350463867,6.517615795135498
1753063969699,1.8692729473114014,-2.3924059867858887,7.9637131690979
1753063969749,1.854907751083374,,
1753063969750,1.1749545335769653,-3.1250317096710205,7.542334079742432
1753063969798,2.2475569248199463,,
1753063969799,1.9698294401168823,-2.607884168624878,8.701127052307129
1753063969850,1.9363106489181519,-3.3069911003112793,6.498462200164795
1753063969899,1.5101426839828491,-2.890399932861328,7.4752960205078125
1753063969949,2.668936252593994,,
1753063969950,,-4.034828186035156,9.812037467956543
1753063969999,2.3912088871002197,-3.7714662551879883,8.571840286254883
1753063970050,2.257133722305298,-3.5511996746063232,11.181520462036133
1753063970099,2.4582467079162598,-4.6285905838012695,11.061810493469238
1753063970149,3.1429882049560547,-4.006097793579102,
1753063970150,,-3.3500866889953613,11.981184005737305
1753063970199,3.6745009422302246,-3.3213562965393066,10.942100524902344
1753063970249,1.447893500328064,,
1753063970250,1.955464243888855,-2.301426410675049,7.034763336181641
1753063970299,1.4622586965560913,-2.823362350463867,8.974066734313965
1753063970349,2.0703859329223633,,
1753063970350,,-1.932719349861145,6.21115779876709
1753063970399,1.4000093936920166,-2.1529858112335205,6.852803707122803
1753063970449,1.9506758451461792,,
1753063970450,,-4.609436988830566,8.97885513305664
1753063970499,2.20924973487854,-1.6262614727020264,5.880757808685303
1753063970549,1.7639280557632446,-3.929483652114868,
1753063970550,,-2.4690206050872803,9.898228645324707
1753063970599,1.6777368783950806,-3.6086604595184326,8.701127052307129
1753063970649,2.252345323562622,,
1753063970650,2.1805191040039062,-4.1210198402404785,10.434529304504395
1753063970699,2.539649486541748,-3.469796895980835,8.562263488769531
1753063970749,2.137423515319824,,
1753063970750,1.811812162399292,-3.7427358627319336,10.76492977142334
1753063970799,2.477400302886963,-4.015674591064453,10.53029727935791
1753063970849,2.429516077041626,,
1753063970850,1.6777368783950806,-2.981379747390747,8.974066734313965
1753063970899,2.6641478538513184,-4.101866245269775,11.449670791625977
1753063970949,2.233191728591919,,
1753063970950,2.630629062652588,-2.6653449535369873,7.350797653198242
1753063970999,1.998559832572937,-3.153762102127075,10.06582260131836
1753063971049,2.123058319091797,,
1753063971050,,-3.0436289310455322,7.2789716720581055
1753063971098,1.8740613460540771,,
1753063971099,1.9363106489181519,-2.9909565448760986,8.753800392150879
1753063971149,2.3481132984161377,,
1753063971150,,-3.1489737033843994,8.533533096313477
1753063971199,1.7591396570205688,-2.765901565551758,6.996456146240234
1753063971249,2.123058319091797,,
1753063971250,1.7830817699432373,-3.512892484664917,9.807249069213867
1753063971299,2.319382905960083,-3.9199066162109375,8.825626373291016
1753063971350,1.8644845485687256,-3.1441853046417236,8.930971145629883
1753063971399,2.0608091354370117,-3.1968579292297363,9.572616577148438
1753063971449,2.7694928646087646,-3.493738889694214,
1753063971450,,,9.835979461669922
1753063971498,2.5492262840270996,,
1753063971499,2.7072436809539795,-3.230376720428467,10.108918190002441
1753063971550,1.9650410413742065,-2.93349552154541,7.83921480178833
1753063971599,2.166153907775879,-2.7898435592651367,8.590993881225586
1753063971649,1.7304092645645142,,
1753063971650,,-2.8377275466918945,6.886322498321533
1753063971699,2.0272903442382812,-2.6126725673675537,6.895899295806885
1753063971749,2.012925148010254,,
1753063971750,2.099116325378418,-3.3500866889953613,8.514379501342773
1753063971799,1.8309657573699951,-3.3022027015686035,7.09222412109375
1753063971850,2.3576900959014893,-3.618237257003784,10.34833812713623
1753063971898,2.8413188457489014,,
1753063971899,2.367266893386841,-4.049193859100342,10.49677848815918
1753063971949,2.5779566764831543,,
1753063971950,,-3.1872811317443848,9.692327499389648
1753063971998,2.6785130500793457,,
1753063971999,2.204461097717285,-3.4075474739074707,10.664372444152832
1753063972049,1.974617838859558,,
1753063972050,1.8596961498260498,-3.005321741104126,8.164826393127441
1753063972099,2.0847511291503906,-2.914341926574707,8.835203170776367
1753063972149,1.998559832572937,,
1753063972150,,-3.2543187141418457,7.609371662139893
1753063972199,2.094327926635742,-2.866457939147949,7.484873294830322
1753063972249,1.6202759742736816,,
1753063972250,1.835754156112671,-3.512892484664917,8.873510360717773
1753063972298,2.2379801273345947,,
1753063972299,2.630629062652588,-3.139396905899048,8.03075122833252
1753063972349,2.453458309173584,,
1753063972350,1.9650410413742065,-3.512892484664917,10.468048095703125
1753063972398,2.6114754676818848,,
1753063972399,2.3481132984161377,-3.8576574325561523,9.936535835266113
1753063972449,2.6880898475646973,,
1753063972450,,-3.5224692821502686,10.113706588745117
1753063972499,2.764704465866089,-3.7618894577026367,11.526285171508789
1753063972549,2.8604724407196045,,
1753063972550,2.9227216243743896,-3.18249249458313,8.753800392150879
1753063972599,2.668936252593994,-3.0388405323028564,8.801684379577637
1753063972650,1.4622586965560913,-2.5983073711395264,7.427412033081055
1753063972699,1.1893197298049927,-3.1298201084136963,7.638102054595947
1753063972749,1.7495628595352173,,
1753063972750,1.9841946363449097,-3.2112231254577637,7.767388820648193
1753063972799,2.228403329849243,-3.096301317214966,7.542334079742432
1753063972850,1.9650410413742065,-3.005321741104126,8.547898292541504
1753063972900,1.8692729473114014,-3.3644518852233887,8.897452354431152
1753063972948,2.6641478538513184,,
1753063972949,2.6114754676818848,-3.6709096431732178,9.151237487792969
1753063973000,2.1757307052612305,-3.2591071128845215,9.692327499389648
1753063973049,2.271498918533325,-3.646967649459839,
1753063973100,1.9506758451461792,-3.599083662033081,
1753063973101,,-3.3213562965393066,9.82640266418457
1753063973149,2.5109190940856934,-3.5703532695770264,10.616488456726074
1753063973199,1.8453309535980225,,
1753063973200,1.6490063667297363,-3.2160115242004395,7.911040782928467
1753063973249,2.870049238204956,-3.0627825260162354,10.616488456726074
1753063973299,2.1278467178344727,,
1753063973300,1.931522250175476,-3.0436289310455322,7.317278861999512
1753063973349,1.8836381435394287,-2.315791606903076,6.910264492034912
1753063973399,2.032078742980957,,
1753063973400,1.634641170501709,-3.6134488582611084,9.19433307647705
1753063973448,1.5245078802108765,,
1753063973449,,-2.7563247680664062,6.484096527099609
1753063973499,2.6593594551086426,,
1753063973500,0.7344213724136353,-4.858433723449707,11.382633209228516
1753063973548,3.822941541671753,,
1753063973549,2.7551276683807373,-5.083488941192627,11.837532043457031
1753063973600,1.2611457109451294,-2.4211363792419434,8.203133583068848
1753063973649,2.319382905960083,-3.9199066162109375,12.53184986114502
1753063973699,2.2379801273345947,,
1753063973700,2.3481132984161377,-3.316567897796631,7.652467250823975
1753063973748,2.099116325378418,,
1753063973749,2.3337481021881104,-2.564788579940796,9.381080627441406
1753063973799,2.692878246307373,,
1753063973800,1.5963339805603027,-4.001309394836426,8.543109893798828
1753063973849,1.591545581817627,-2.713229179382324,6.728305339813232
1753063973900,2.1805191040039062,,
1753063973901,,-3.2207999229431152,9.874286651611328
1753063973948,2.2427685260772705,,
1753063973949,1.878849744796753,-4.1210198402404785,9.208698272705078
1753063973999,1.61069917678833,,
1753063974000,2.190095901489258,-2.4402899742126465,8.025962829589844
1753063974048,1.653794765472412,,
1753063974049,2.3289597034454346,-3.3740286827087402,9.807249069213867
1753063974099,2.20924973487854,,
1753063974100,,-2.938283920288086,7.815272808074951
1753063974148,1.6490063667297363,,
1753063974149,1.8261773586273193,-2.6844985485076904,8.749011993408203
1753063974200,2.410362482070923,-4.619013786315918,10.171167373657227
1753063974249,3.3441011905670166,-2.9526493549346924,7.9637131690979
1753063974300,1.6825252771377563,-3.512892484664917,10.04188060760498
1753063974348,1.4814122915267944,,
1753063974349,2.075174331665039,-3.153762102127075,6.8575921058654785
1753063974399,2.520495891571045,,
1753063974400,1.7304092645645142,-3.4410665035247803,10.319607734680176
1753063974448,2.448669672012329,,
1753063974449,1.9889830350875854,-3.6756980419158936,9.639654159545898
1753063974499,1.4862006902694702,,
1753063974500,1.7016788721084595,-3.0771477222442627,7.417835235595703
1753063974548,2.2858641147613525,,
1753063974549,2.252345323562622,-2.7467479705810547,9.237428665161133
1753063974600,2.1326351165771484,-3.6756980419158936,7.8727335929870605
1753063974649,1.73519766330719,-3.230376720428467,9.012373924255371
1753063974700,2.601898670196533,-3.465008497238159,9.543886184692383
1753063974748,2.190095901489258,,
1753063974749,2.4390928745269775,-3.7618894577026367,7.954136371612549
1753063974799,1.8261773586273193,,
1753063974800,2.079962730407715,-3.2782607078552246,10.37228012084961
1753063974849,2.386420488357544,-3.694851875305176,9.768941879272461
1753063974899,1.9027918577194214,,
1753063974900,1.931522250175476,-2.737171173095703,7.494450092315674
1753063974948,2.1709423065185547,,
1753063974949,2.4678235054016113,-2.406771183013916,8.509591102600098
1753063974999,1.6585832834243774,,
1753063975000,,-3.7187938690185547,8.207921981811523
1753063975049,2.0177135467529297,-3.6517560482025146,9.8599214553833
1753063975099,2.012925148010254,,
1753063975100,2.587533473968506,-3.311779499053955,8.093000411987305
1753063975148,1.9363106489181519,,
1753063975149,2.338536500930786,-3.4171242713928223,7.642890453338623
1753063975199,2.2667105197906494,,
1753063975200,,-3.445854902267456,10.37228012084961
1753063975248,2.20924973487854,,
1753063975249,2.3959972858428955,-3.9486372470855713,9.457695007324219
1753063975300,2.386420488357544,-2.9239187240600586,8.97885513305664
1753063975349,2.5061306953430176,-3.465008497238159,10.185532569885254
1753063975399,1.5580267906188965,,
1753063975400,1.7495628595352173,-2.722805976867676,7.369951248168945
1753063975448,2.0608091354370117,,
1753063975449,1.4622586965560913,-2.65097975730896,9.12729549407959
1753063975500,2.1996726989746094,-3.7618894577026367,8.294113159179688
1753063975548,1.514931082725525,,
1753063975549,1.6298527717590332,-2.5791537761688232,6.364386558532715
1753063975600,2.2475569248199463,-3.666121244430542,9.725846290588379
1753063975648,1.8692729473114014,,
1753063975649,2.7120320796966553,-4.1880574226379395,8.131307601928711
1753063975699,1.8309657573699951,,
1753063975700,1.5580267906188965,-3.0436289310455322,9.405022621154785
1753063975748,2.2188265323638916,,
1753063975749,2.472611904144287,-3.8959646224975586,10.664372444152832
1753063975799,2.2188265323638916,,
1753063975800,,-3.072359323501587,8.088212013244629
1753063975849,2.362478494644165,-2.9526493549346924,9.448118209838867
1753063975899,2.1278467178344727,,
1753063975900,2.3576900959014893,-4.307767391204834,9.52473258972168
1753063975948,1.9937714338302612,,
1753063975949,1.9841946363449097,-2.9239187240600586,7.978078842163086
1753063975999,1.9267338514328003,,
1753063976000,2.2619221210479736,-3.757101058959961,9.8599214553833
1753063976049,1.8740613460540771,-3.8289270401000977,8.365939140319824
1753063976100,2.0416555404663086,-2.6605565547943115,8.653243064880371
1753063976148,1.8692729473114014,,
1753063976149,1.8932149410247803,-3.6086604595184326,9.625288963317871
1753063976199,1.6394295692443848,,
1753063976200,2.30022931098938,-3.110666513442993,7.911040782928467
1753063976249,2.3720552921295166,-3.067570924758911,9.40023422241211
1753063976299,1.634641170501709,,
1753063976300,,-3.5655648708343506,8.61972427368164
1753063976349,1.754351258277893,-3.3213562965393066,8.816049575805664
1753063976400,2.2858641147613525,-3.5511996746063232,9.888651847839355
1753063976449,1.9650410413742065,-3.6900634765625,8.58620548248291
1753063976500,2.3289597034454346,-3.493738889694214,10.199897766113281
1753063976549,2.324171304702759,-3.90554141998291,10.62127685546875
1753063976599,2.0225019454956055,,
1753063976600,2.252345323562622,-2.358887195587158,6.9677252769470215
1753063976649,1.3186066150665283,-3.1872811317443848,9.189544677734375
1753063976700,2.625840663909912,-3.3500866889953613,8.227075576782227
1753063976749,1.6394295692443848,-2.741959571838379,7.2789716720581055
1753063976800,2.276287317276001,-3.3500866889953613,
1753063976801,,,9.725846290588379
1753063976849,2.0033483505249023,-3.579930067062378,8.394669532775879
1753063976899,1.4143747091293335,,
1753063976900,1.8453309535980225,-2.981379747390747,8.87829875946045
1753063976948,2.0608091354370117,,
1753063976949,1.8501193523406982,-3.6709096431732178,10.592546463012695
1753063976999,1.9458874464035034,,
1753063977000,,-3.536834478378296,8.107365608215332
1753063977049,1.7304092645645142,-3.2543187141418457,9.25179386138916
1753063977100,2.338536500930786,-4.101866245269775,10.305242538452148
1753063977148,2.1134815216064453,,
1753063977149,2.3720552921295166,-3.4171242713928223,8.318055152893066
1753063977199,2.453458309173584,,
1753063977200,1.8836381435394287,-3.4602200984954834,10.520720481872559
1753063977249,2.2379801273345947,-3.096301317214966,7.7865424156188965
1753063977300,1.371279001235962,-2.9765913486480713,8.33720874786377
1753063977349,2.0847511291503906,-3.1729156970977783,9.567828178405762
1753063977399,1.6777368783950806,,
1753063977400,2.3481132984161377,-3.5033156871795654,7.618948459625244
1753063977448,1.4957774877548218,,
1753063977449,1.548449993133545,-3.153762102127075,8.581417083740234
1753063977499,2.846107244491577,,
1753063977500,2.2188265323638916,-4.192845821380615,9.764153480529785
1753063977548,1.912368655204773,,
1753063977549,2.889202833175659,-3.354875087738037,8.322843551635742
1753063977599,2.7551276683807373,,
1753063977600,1.447893500328064,-3.09151291847229,10.16637897491455
1753063977649,2.721608877182007,-3.316567897796631,9.43375301361084
1753063977699,1.7926585674285889,,
1753063977700,1.3952209949493408,-2.603095769882202,7.494450092315674
1753063977748,2.056020736694336,,
1753063977749,2.1086931228637695,-3.2207999229431152,9.261370658874512
1753063977799,1.7735048532485962,,
1753063977800,2.012925148010254,-3.115454912185669,7.393893241882324
1753063977848,1.7830817699432373,,
1753063977849,2.1996726989746094,-3.2830491065979004,7.8727335929870605
1753063977899,2.099116325378418,,
1753063977900,1.4622586965560913,-4.063559055328369,10.448894500732422
1753063977948,2.58274507522583,,
1753063977949,,-3.9677908420562744,10.056245803833008
1753063977999,2.961029052734375,,
1753063978000,2.2236149311065674,-3.508104085922241,11.066598892211914
1753063978048,3.4111387729644775,,
1753063978049,2.0272903442382812,-3.714005470275879,11.698668479919434
1753063978100,1.6011223793029785,-2.670133352279663,7.346009254455566
1753063978148,1.514931082725525,,
1753063978149,1.4957774877548218,-2.7994203567504883,8.749011993408203
1753063978199,1.7495628595352173,,
1753063978200,1.3952209949493408,-3.24953031539917,7.595006465911865
1753063978248,2.0464439392089844,,
1753063978249,1.7447744607925415,-3.0436289310455322,7.389104843139648
1753063978300,2.118269920349121,-3.508104085922241,9.25179386138916
1753063978349,2.870049238204956,-4.154538631439209,9.151237487792969
1753063978399,1.73519766330719,,
1753063978400,,-3.0340521335601807,9.443329811096191
1753063978448,2.5492262840270996,,
1753063978449,2.2236149311065674,-3.7714662551879883,12.096105575561523
1753063978500,2.343324899673462,-3.316567897796631,8.274959564208984
1753063978549,1.5005658864974976,-2.5983073711395264,8.624512672424316
1753063978599,2.807800054550171,,
1753063978600,2.1805191040039062,-3.8815994262695312,9.864709854125977
1753063978648,1.3281834125518799,,
1753063978649,2.735974073410034,-3.1298201084136963,6.512827396392822
1753063978699,2.1709423065185547,,
1753063978700,1.5005658864974976,-2.93349552154541,9.716269493103027
1753063978748,2.2667105197906494,,
1753063978749,1.8501193523406982,-3.230376720428467,9.658807754516602
1753063978800,1.811812162399292,-2.962226152420044,7.49923849105835
1753063978849,1.9841946363449097,-2.876034736633301,8.777742385864258
1753063978899,1.811812162399292,,
1753063978900,2.5061306953430176,-3.0867245197296143,8.476072311401367
1753063978949,1.5197194814682007,-2.943072557449341,7.226299285888672
1753063978999,2.4917654991149902,,
1753063979000,1.8405425548553467,-3.6134488582611084,10.487201690673828
1753063979049,2.0895395278930664,-3.53204607963562,8.801684379577637
1753063979100,1.9027918577194214,-2.9765913486480713,8.897452354431152
1753063979149,2.4390928745269775,-3.0867245197296143,9.998785018920898
1753063979200,1.3856441974639893,,
1753063979201,2.1422119140625,,
1753063979202,2.4438812732696533,,
1753063979203,,-2.689286947250366,
1753063979204,,,6.56071138381958
1753063979248,2.0033483505249023,,
1753063979249,,-3.1010897159576416,8.859145164489746
1753063979299,2.4630351066589355,,
1753063979300,2.544437885284424,-2.8808231353759766,8.590993881225586
1753063979349,1.634641170501709,-3.335721492767334,7.504026889801025
1753063979400,2.161365509033203,-3.292625904083252,9.75936508178711
1753063979448,2.5779566764831543,,
1753063979449,,-3.958214044570923,10.697892189025879
1753063979499,2.094327926635742,,
1753063979500,2.8604724407196045,-3.7187938690185547,8.547898292541504
1753063979549,2.118269920349121,-2.962226152420044,9.534309387207031
1753063979600,3.028066635131836,,
1753063979601,,-4.068347454071045,11.598111152648926
1753063979650,2.079962730407715,-3.9677908420562744,6.934206485748291
1753063979699,1.1414356231689453,,
1753063979700,3.0759506225585938,-2.9526493549346924,10.089764595031738
1753063979748,2.544437885284424,,
1753063979749,2.1278467178344727,-3.421912670135498,8.777742385864258
1753063979799,0.6434416770935059,,
1753063979800,1.8884265422821045,-3.0101101398468018,8.179191589355469
1753063979849,1.9506758451461792,-3.9390604496002197,10.918158531188965
1753063979900,2.3050177097320557,-2.7754783630371094,6.8575921058654785
1753063979949,1.5340847969055176,-2.6222493648529053,7.7865424156188965
1753063979999,2.501342296600342,,
1753063980000,1.9267338514328003,-3.800196647644043,10.04188060760498
1753063980049,2.4390928745269775,-3.4314894676208496,8.658031463623047
1753063980100,1.8501193523406982,-3.09151291847229,9.472060203552246
1753063980148,2.5923218727111816,,
1753063980149,1.4718354940414429,-3.800196647644043,11.41136360168457
1753063980199,1.9267338514328003,,
1753063980200,,-3.268683910369873,
1753063980249,1.8740613460540771,-2.80899715423584,8.720281600952148
1753063980299,2.3768436908721924,,
1753063980300,2.4007856845855713,-3.158550500869751,9.1847562789917
1753063980349,1.103128433227539,-2.7994203567504883,7.508815288543701
1753063980399,3.224391222000122,,
1753063980400,1.1749545335769653,-3.4745852947235107,10.903793334960938
1753063980448,2.7551276683807373,,
1753063980449,,-3.6134488582611084,9.639654159545898
1753063980500,1.3856441974639893,-2.6844985485076904,7.958924770355225
1753063980549,1.0313023328781128,-3.397970676422119,9.448118209838867
1753063980599,2.9035680294036865,,
1753063980600,2.6785130500793457,-3.867234230041504,10.386645317077637
1753063980649,1.9602526426315308,-3.6086604595184326,8.116942405700684
1753063980700,2.5300726890563965,-3.0867245197296143,10.745776176452637
1753063980749,2.5540146827697754,-3.3213562965393066,10.061034202575684
1753063980799,1.2850877046585083,,
1753063980800,,-2.4594438076019287,6.785766124725342
1753063980849,1.9027918577194214,-2.6126725673675537,9.088988304138184
1753063980900,1.9027918577194214,-3.096301317214966,7.7865424156188965
1753063980949,1.184531331062317,-3.2591071128845215,6.622960567474365
1753063980999,2.271498918533325,,
1753063981000,,-3.2351651191711426,9.984419822692871
1753063981049,2.4821887016296387,-3.512892484664917,9.428964614868164
1753063981100,1.6298527717590332,-3.0579941272735596,8.203133583068848
1753063981149,2.3289597034454346,-3.7427358627319336,10.966042518615723
1753063981200,2.214038133621216,-3.287837505340576,7.604583263397217
1753063981249,1.5245078802108765,-3.18249249458313,8.399457931518555
1753063981300,3.157353401184082,,
1753063981301,1.7974469661712646,-3.8145618438720703,11.689091682434082
1753063981349,2.9083564281463623,-3.7235822677612305,10.013150215148926
1753063981350,,,11.449670791625977
1753063981399,1.3664906024932861,,
1753063981400,2.1517887115478516,-2.65097975730896,8.447341918945312
1753063981448,1.8261773586273193,,
1753063981449,1.2659341096878052,-2.9718029499053955,9.654019355773926
1753063981499,1.9075802564620972,,
1753063981500,,-3.067570924758911,7.6333136558532715
1753063981549,1.0696096420288086,,
1753063981550,1.5197194814682007,-2.981379747390747,7.49923849105835
1753063981599,1.9937714338302612,-3.0101101398468018,9.749788284301758
1753063981650,2.4199392795562744,-3.316567897796631,7.767388820648193
1753063981699,1.4000093936920166,-2.962226152420044,7.599794864654541
1753063981749,2.429516077041626,,
1753063981750,,-3.4362781047821045,10.515932083129883
1753063981799,2.9275100231170654,-3.97257924079895,10.717045783996582
1753063981850,1.1414356231689453,-2.646191358566284,7.3220672607421875
1753063981899,1.490989089012146,-2.938283920288086,9.472060203552246
1753063981949,2.367266893386841,-3.6804866790771484,
1753063981950,,-3.00053334236145,9.620500564575195
1753063981999,1.7256208658218384,-3.273472309112549,6.8144965171813965
1753063982050,2.338536500930786,-2.9718029499053955,10.908581733703613
1753063982099,2.721608877182007,-3.1633388996124268,8.758588790893555
1753063982150,0.5333084464073181,-2.943072557449341,6.785766124725342
1753063982199,2.161365509033203,-2.382829189300537,8.456918716430664
1753063982250,1.9363106489181519,-3.737947463989258,8.863933563232422
1753063982299,1.2180501222610474,-3.5224692821502686,7.8966755867004395
1753063982349,3.0855274200439453,,
1753063982350,0.9690531492233276,-3.7475242614746094,11.607687950134277
1753063982399,4.124610900878906,-4.901529312133789,12.934076309204102
1753063982449,1.653794765472412,-2.6557681560516357,
1753063982450,,-4.5854949951171875,7.7434468269348145
1753063982499,2.381632089614868,-2.9909565448760986,10.09934139251709
1753063982549,2.6354174613952637,,
1753063982550,,-3.8289270401000977,10.319607734680176
1753063982599,1.6298527717590332,-2.5456349849700928,6.402693748474121
1753063982650,1.9363106489181519,-3.421912670135498,9.49121379852295
1753063982699,3.119046211242676,-3.1729156970977783,8.974066734313965
1753063982749,0.9977835416793823,,
1753063982750,,-2.358887195587158,6.450577735900879
1753063982798,1.270722508430481,,
1753063982799,1.2994530200958252,-3.072359323501587,7.93019437789917
1753063982850,2.6449942588806152,-3.512892484664917,9.677961349487305
1753063982899,1.3281834125518799,-3.1058781147003174,7.269394874572754
1753063982950,2.5252842903137207,-3.5511996746063232,9.979631423950195
1753063982999,3.2626984119415283,-3.4171242713928223,10.377068519592285
1753063983049,0.8158242106437683,,
1753063983050,2.7503392696380615,-3.029263734817505,7.5231804847717285
1753063983099,0.8876502513885498,-3.00053334236145,8.356362342834473
1753063983149,2.601898670196533,,
1753063983150,2.5252842903137207,-3.53204607963562,9.247005462646484
1753063983199,1.3952209949493408,-3.201646327972412,7.226299285888672
1753063983250,2.166153907775879,-3.2638955116271973,9.37629222869873
1753063983299,2.601898670196533,-3.397970676422119,9.567828178405762
1753063983349,1.347337007522583,,
1753063983350,2.7982232570648193,-3.6134488582611084,8.002020835876465
1753063983400,1.5723919868469238,-3.7427358627319336,9.304466247558594
1753063983449,2.7742812633514404,,
1753063983450,,-3.5224692821502686,10.017938613891602
1753063983499,2.7503392696380615,-3.3692402839660645,9.414599418640137
1753063983549,1.8022353649139404,,
1753063983550,1.5723919868469238,-3.9869444370269775,10.108918190002441
1753063983599,2.5300726890563965,-3.292625904083252,10.525508880615234
1753063983650,1.634641170501709,-3.354875087738037,7.441777229309082
1753063983699,0.8301894664764404,-3.1298201084136963,7.393893241882324
1753063983749,2.453458309173584,,
1753063983750,1.1079168319702148,-2.9765913486480713,9.170391082763672
1753063983799,2.520495891571045,-3.465008497238159,8.595782279968262
1753063983849,0.7583633661270142,,
1753063983850,1.668160080909729,-2.5552117824554443,7.408258438110352
1753063983899,1.490989089012146,-3.6278140544891357,10.286088943481445
1753063983949,2.6114754676818848,,
1753063983950,3.004124641418457,-4.13059663772583,9.290101051330566
1753063983999,1.9027918577194214,-3.6517560482025146,8.830414772033691
1753063984049,2.6641478538513184,,
1753063984050,,-3.292625904083252,10.678738594055176
1753063984098,2.8796260356903076,,
1753063984099,2.563591480255127,-3.6278140544891357,11.258134841918945
1753063984149,1.5005658864974976,-3.5033156871795654,8.054693222045898
1753063984199,1.5628151893615723,-3.0867245197296143,8.514379501342773
1753063984250,2.0416555404663086,-3.3069911003112793,8.55268669128418
1753063984298,1.2802993059158325,,
1753063984299,2.4343044757843018,-3.5416228771209717,7.456142425537109
1753063984349,2.147000312805176,,
1753063984350,0.8541314601898193,-2.3971943855285645,8.380304336547852
1753063984399,2.913144826889038,-2.7946319580078125,9.529520988464355
1753063984449,1.2802993059158325,,
1753063984450,,-3.244741916656494,7.820061206817627
1753063984499,1.4335283041000366,-3.4171242713928223,8.088212013244629
1753063984549,2.0703859329223633,,
1753063984550,2.3481132984161377,-3.005321741104126,9.553462982177734
1753063984598,1.548449993133545,,
1753063984599,2.367266893386841,-4.087501049041748,9.045892715454102
1753063984650,1.7687164545059204,-3.201646327972412,9.572616577148438
1753063984699,2.338536500930786,-3.225588321685791,9.744999885559082
1753063984749,1.854907751083374,,
1753063984750,,-4.211999416351318,9.73542308807373
1753063984799,1.4095861911773682,-3.4554316997528076,8.09778881072998
1753063984854,2.6880898475646973,-2.7754783630371094,9.835979461669922
1753063984899,2.3959972858428955,-2.9718029499053955,7.877521991729736
1753063984950,0.49978959560394287,-3.6086604595184326,8.696338653564453
1753063984998,2.367266893386841,,
1753063984999,,-3.1968579292297363,9.481637001037598
1753063985053,1.8213889598846436,,
1753063985054,2.9706058502197266,-3.642179250717163,8.734646797180176
1753063985098,1.3377602100372314,-3.4362781047821045,
1753063985099,,,8.346785545349121
1753063985149,2.9083564281463623,,
1753063985150,1.4718354940414429,-2.804208755493164,9.73542308807373
1753063985199,2.5731682777404785,-3.4793736934661865,10.209474563598633
1753063985250,1.246780514717102,-2.7563247680664062,7.073070526123047
1753063985300,1.4287399053573608,-3.206434726715088,
1753063985301,,,8.5287446975708
1753063985350,2.1134815216064453,,
1753063985351,1.8261773586273193,-3.115454912185669,8.868721961975098
1753063985399,1.9267338514328003,-3.5942952632904053,
1753063985400,,-3.2160115242004395,8.64366626739502
1753063985450,2.6114754676818848,-2.804208755493164,8.571840286254883
1753063985499,2.4869771003723145,-3.2638955116271973,
1753063985500,,,10.717045783996582
1753063985550,1.878849744796753,-3.4745852947235107,
1753063985551,,,8.3707275390625
1753063985599,1.2324153184890747,,
1753063985600,2.20924973487854,-3.910329818725586,8.653243064880371
1753063985651,3.4302923679351807,-2.8808231353759766,10.616488456726074
1753063985699,2.2427685260772705,-2.8568811416625977,8.016386032104492
1753063985700,,,9.601346969604492
1753063985751,1.4862006902694702,-2.9287071228027344,7.848791599273682
1753063985800,2.1757307052612305,,
1753063985801,,-2.6557681560516357,8.322843551635742
1753063985851,1.5819687843322754,-3.5655648708343506,8.409034729003906
1753063985899,0.9259575009346008,,
1753063985900,2.2906525135040283,-4.245518207550049,8.94533634185791
1753063985950,2.2427685260772705,-3.3452982902526855,10.195109367370605
1753063986000,2.889202833175659,-4.168903827667236,
1753063986001,,,12.033856391906738
1753063986050,2.123058319091797,,
1753063986051,3.176506996154785,-3.8959646224975586,9.227851867675781
1753063986100,2.271498918533325,-2.358887195587158,7.666832447052002
1753063986150,1.4862006902694702,,
1753063986151,2.012925148010254,-3.1250317096710205,8.868721961975098
1753063986199,1.371279001235962,-3.2207999229431152,7.097012519836426
1753063986251,1.7016788721084595,-2.4881742000579834,7.360374450683594
1753063986301,2.20924973487854,-2.9909565448760986,7.844003200531006
1753063986352,1.1653777360916138,,
1753063986353,2.956240653991699,-4.034828186035156,8.839991569519043
1753063986400,1.371279001235962,-3.62302565574646,8.758588790893555
1753063986451,3.066373825073242,-3.953425645828247,11.847108840942383
1753063986499,3.9187095165252686,,
1753063986500,2.252345323562622,-3.9438488483428955,12.268487930297852
1753063986551,1.5053542852401733,-3.1681272983551025,8.073846817016602
1753063986600,2.123058319091797,,
1753063986601,1.4095861911773682,-3.029263734817505,8.705916404724121
1753063986651,1.7399860620498657,-3.4793736934661865,9.443329811096191
1753063986699,1.6059107780456543,-3.6278140544891357,9.03631591796875
1753063986751,2.472611904144287,-1.8369512557983398,7.7195048332214355
1753063986800,1.8644845485687256,-3.09151291847229,7.800907611846924
1753063986850,1.0696096420288086,,
1753063986851,,-2.9095535278320312,7.3220672607421875
1753063986900,1.3952209949493408,-3.096301317214966,
1753063986901,,-4.0300397872924805,6.52719259262085
1753063986952,2.214038133621216,-3.9630024433135986,10.353126525878906
1753063986953,,,9.06983470916748
1753063987000,2.563591480255127,,
1753063987002,,-4.044404983520508,10.247781753540039
1753063987052,1.898003339767456,-4.053982257843018,9.122507095336914
1753063987101,2.3912088871002197,-3.5511996746063232,10.032303810119629
1753063987151,2.2427685260772705,-3.8720226287841797,9.424176216125488
1753063987202,1.2180501222610474,-3.666121244430542,7.978078842163086
1753063987254,1.8836381435394287,,
1753063987255,1.0408791303634644,-3.6134488582611084,9.065046310424805
1753063987301,1.8740613460540771,-3.201646327972412,8.51916790008545
1753063987352,1.2132617235183716,-3.9390604496002197,8.251017570495605
1753063987400,1.4526818990707397,,
1753063987401,1.184531331062317,-3.9486372470855713,7.753023624420166
1753063987451,2.008136749267578,-3.3069911003112793,8.61972427368164
1753063987502,2.0703859329223633,-4.604648590087891,
1753063987503,,,10.094552993774414
1753063987552,1.7256208658218384,-4.207211017608643,
1753063987553,,,8.753800392150879
1753063987601,1.9410990476608276,-3.953425645828247,9.52473258972168
1753063987651,2.362478494644165,-4.78660774230957,10.659584045410156
1753063987700,1.8309657573699951,,
1753063987701,1.8644845485687256,-3.134608507156372,8.681973457336426
1753063987754,2.7024552822113037,-3.4123358726501465,8.5287446975708
1753063987801,1.8405425548553467,,
1753063987802,,-2.871246337890625,6.345232963562012
1753063987850,1.184531331062317,,
1753063987851,,-3.397970676422119,7.504026889801025
1753063987900,0.9020155072212219,,
1753063987901,1.0983400344848633,-3.6756980419158936,7.5662760734558105
1753063987951,1.811812162399292,-4.355651378631592,8.67718505859375
1753063988003,2.4821887016296387,-4.523245334625244,10.73141098022461
1753063988051,1.931522250175476,-4.269460201263428,9.788095474243164
1753063988099,2.4678235054016113,,
1753063988100,,-4.413112163543701,10.717045783996582
1753063988150,1.8070237636566162,,
1753063988151,,-5.490502834320068,11.16236686706543
1753063988198,2.4917654991149902,,
1753063988199,2.276287317276001,-4.389170169830322,8.356362342834473
1753063988478,0.9690531492233276,,
1753063988479,0.9929951429367065,-3.3931822776794434,8.777742385864258
1753063988485,1.2994530200958252,-3.694851875305176,7.647678852081299
1753063988536,2.668936252593994,-4.432265758514404,8.294113159179688
1753063988587,1.0217255353927612,-4.75308895111084,8.145672798156738
1753063988588,,,10.836755752563477
1753063988915,0.619499683380127,-9.354744911193848,13.422492980957031
1753063988917,-0.17537526786327362,,
1753063988918,,-3.09151291847229,3.907935619354248
1753063988969,0.2172738015651703,-4.484938144683838,6.373963356018066
1753063989019,2.214038133621216,-4.623802185058594,8.375515937805176
1753063989069,0.8062474131584167,,
1753063989070,,-5.485714435577393,8.332420349121094
1753063989118,2.319382905960083,-4.733935356140137,11.588534355163574
1753063989119,,,10.98040771484375
1753063989169,1.653794765472412,,
1753063989170,1.8740613460540771,-5.126584529876709,10.760141372680664
1753063989428,2.2810757160186768,,
1753063989429,2.448669672012329,-5.777807235717773,11.507131576538086
1753063989432,1.3281834125518799,-3.795408248901367,6.464942932128906
1753063989481,1.304241418838501,-3.6134488582611084,7.101800918579102
1753063989530,0.7152677774429321,-3.8097734451293945,6.369174957275391
1753063989581,1.1127052307128906,,
1753063989582,0.5333084464073181,-4.4705729484558105,6.910264492034912
1753063994114,1.6011223793029785,-4.216787815093994,
1753063994116,0.9403226971626282,,
1753063994117,2.0703859329223633,-2.8377275466918945,7.7434468269348145
1753063994121,1.974617838859558,-3.6278140544891357,7.954136371612549
1753063994171,1.371279001235962,-3.2207999229431152,9.108141899108887
1753063994224,2.937086820602417,,
1753063994226,1.7735048532485962,-5.28460168838501,10.645218849182129
1753063994227,,,10.56381607055664
1753063994272,3.1238346099853516,-3.287837505340576,8.581417083740234
1753063994322,1.9937714338302612,-3.733159065246582,9.730634689331055
1753063994371,1.9027918577194214,,
1753063994372,,-4.063559055328369,9.165602684020996
1753063994422,2.1278467178344727,-3.0148985385894775,9.452906608581543
1753063994471,1.3664906024932861,-4.609436988830566,10.717045783996582
1753063994522,1.8932149410247803,-4.240729808807373,7.911040782928467
1753063994571,2.668936252593994,,
1753063994572,,-2.8808231353759766,7.671620845794678
1753063994623,0.5524620413780212,,
1753063994624,1.060032844543457,-4.0970778465271,7.71471643447876
1753063994674,1.8453309535980225,-4.978143692016602,9.074623107910156
1753063994724,1.4191631078720093,,
1753063994725,1.787870168685913,-3.273472309112549,7.595006465911865
1753063994772,0.08798690885305405,,
1753063994773,0.5428852438926697,-4.446630954742432,6.555922985076904
1753063994823,1.246780514717102,,
1753063994824,1.9410990476608276,-5.327697277069092,9.045892715454102
1753063994872,2.3768436908721924,,
1753063994873,2.1422119140625,-4.518456935882568,9.75936508178711
1753063994923,2.036867141723633,,
1753063994924,,-5.6676740646362305,10.894216537475586
1753064057393,0.12629413604736328,-2.689286947250366,
1753064057394,0.9020155072212219,-4.824914932250977,4.678868770599365
1753064057395,1.6729484796524048,-4.101866245269775,11.315595626831055
1753064057396,1.567603588104248,-4.556764602661133,10.075399398803711
1753064057397,2.520495891571045,-3.62302565574646,7.767388820648193
1753064057398,1.4335283041000366,-3.153762102127075,
1753064057399,,-3.7666778564453125,8.011597633361816
1753064057400,,,10.056245803833008
1753064057401,2.2667105197906494,,8.327631950378418
1753064057402,2.0272903442382812,-4.226364612579346,
1753064057403,2.094327926635742,,10.25735855102539
1753064057404,1.7495628595352173,,7.336432456970215
1753064057405,1.9841946363449097,-4.2311530113220215,9.644442558288574
1753064057406,1.9267338514328003,-4.020462989807129,6.421847343444824
1753064057407,2.5300726890563965,,
1753064057408,2.6354174613952637,-4.279036998748779,8.749011993408203
1753064057409,2.405574083328247,-3.714005470275879,9.409811019897461
1753064057410,1.7064672708511353,-3.5176808834075928,7.915829181671143
1753064057411,1.2659341096878052,4.17728328704834,9.189544677734375
1753064057412,2.381632089614868,-3.4123358726501465,9.09377670288086
1753064057413,2.05123233795166,-3.599083662033081,
1753064057415,2.2188265323638916,-4.417900562286377,9.227851867675781
1753064057416,2.2475569248199463,-2.7898435592651367,9.108141899108887
1753064057417,1.8596961498260498,,10.046669006347656
1753064057421,0.9786299467086792,-4.566341400146484,8.356362342834473
1753064057474,2.0177135467529297,-3.5942952632904053,8.701127052307129
1753064057523,1.567603588104248,,
1753064057524,,-3.8145618438720703,7.5231804847717285
1753064057572,2.3098061084747314,,
1753064057573,2.2619221210479736,-3.646967649459839,9.203909873962402
1753064057624,2.075174331665039,-3.886387825012207,
1753064057625,,,8.083423614501953
1753064057673,1.6873136758804321,-4.058770656585693,8.85435676574707
1753064057724,2.6210522651672363,-4.523245334625244,9.601346969604492
1753064057772,2.3050177097320557,,
1753064057773,1.912368655204773,-4.010886192321777,9.09377670288086
1753064057824,1.6394295692443848,-3.9630024433135986,8.91181755065918
1753064057873,2.2379801273345947,,
1753064057874,1.7304092645645142,-3.579930067062378,8.959701538085938
1753064057923,1.9602526426315308,,
1753064057924,1.490989089012146,-3.512892484664917,7.863156795501709
1753064057973,2.056020736694336,-3.4985272884368896,8.073846817016602
1753064058024,1.103128433227539,-4.154538631439209,7.389104843139648
1753064058072,1.974617838859558,,
1753064058073,2.075174331665039,-3.9246952533721924,8.868721961975098
1753064058124,2.4007856845855713,-3.9486372470855713,8.777742385864258
1753064058172,2.8987796306610107,,
1753064058173,2.539649486541748,-3.618237257003784,9.261370658874512
1753064058224,2.0033483505249023,-3.7666778564453125,8.777742385864258
1753064058272,2.295440912246704,,
1753064058273,2.515707492828369,-3.996521234512329,9.49121379852295
1753064058324,1.9794062376022339,-3.5703532695770264,8.03075122833252
1753064058372,2.228403329849243,,
1753064058373,2.0847511291503906,-3.8815994262695312,9.73542308807373
1753064058424,1.61069917678833,-3.5464112758636475,6.891110897064209
1753064058473,1.7687164545059204,-3.694851875305176,8.940547943115234
1753064058524,1.931522250175476,-3.752312660217285,7.796119213104248
1753064058572,2.271498918533325,,
1753064058573,1.998559832572937,-3.97257924079895,9.864709854125977
1753064058624,2.161365509033203,-3.642179250717163,7.920617580413818
1753064058673,1.5963339805603027,-3.714005470275879,9.098565101623535
1753064058723,2.3576900959014893,,
1753064058724,1.7782933712005615,-3.819350242614746,8.7298583984375
1753064058772,2.563591480255127,,
1753064058773,2.056020736694336,-3.579930067062378,9.12729549407959
1753064058824,1.7064672708511353,-3.6326024532318115,7.71471643447876
1753064058872,2.0416555404663086,,
1753064058873,2.558803081512451,-3.5655648708343506,8.816049575805664
1753064058923,2.1565771102905273,,
1753064058924,1.73519766330719,-3.3740286827087402,8.035539627075195
1753064058973,2.1709423065185547,-3.3452982902526855,9.318831443786621
1753064059024,2.233191728591919,-2.919130325317383,7.398681640625
1753064059072,1.955464243888855,,
1753064059073,1.8740613460540771,-3.426701068878174,8.816049575805664
1753064059124,1.711255669593811,-3.3931822776794434,6.848015308380127
1753064059172,1.2898762226104736,,
1753064059173,1.567603588104248,-3.819350242614746,8.500014305114746
1753064059224,1.7160440683364868,-4.135385036468506,8.504802703857422
1753064059273,2.3145945072174072,-3.891176223754883,9.519944190979004
1753064059323,2.7694928646087646,,
1753064059324,1.9219454526901245,-3.78104305267334,10.032303810119629
1753064059372,2.8604724407196045,,
1753064059373,2.649782657623291,-4.57112979888916,11.090540885925293
1753064059423,2.563591480255127,,
1753064059424,2.5300726890563965,-3.5033156871795654,9.165602684020996
1753064059472,1.6968904733657837,,
1753064059473,,-4.049193859100342,9.864709854125977
1753064059523,2.118269920349121,,
1753064059524,,-3.733159065246582,8.514379501342773
1753064059572,1.754351258277893,,
1753064059573,2.779069662094116,-3.795408248901367,8.629301071166992
1753064059624,2.5731682777404785,-3.5511996746063232,9.041104316711426
1753064059672,1.7447744607925415,,
1753064059673,2.3959972858428955,-3.929483652114868,9.074623107910156
1753064059723,2.5731682777404785,,
1753064059724,1.8692729473114014,-3.2351651191711426,8.681973457336426
1753064059772,1.7208324670791626,,
1753064059773,1.7974469661712646,-4.298190593719482,9.984419822692871
1753064059824,2.190095901489258,,
1753064059825,,-3.1489737033843994,7.690774440765381
1753064059873,1.974617838859558,-3.4985272884368896,9.275735855102539
1753064059923,2.520495891571045,-2.689286947250366,
1753064059924,,-2.9670145511627197,7.465719223022461
1753064059972,0.9690531492233276,,
1753064059973,1.653794765472412,-3.666121244430542,6.737882137298584
1753064060024,2.0272903442382812,-3.579930067062378,8.480860710144043
1753064060073,2.3768436908721924,-3.752312660217285,9.007585525512695
1753064060123,1.567603588104248,,
1753064060124,2.008136749267578,-2.7036523818969727,6.579864978790283
1753064060172,1.5388731956481934,,
1753064060173,2.42472767829895,-4.226364612579346,8.782530784606934
1753064060224,2.3337481021881104,-4.326920986175537,9.553462982177734
1753064060272,2.1134815216064453,,
1753064060273,2.4582467079162598,-5.2271409034729,11.052233695983887
1753064060324,2.6162638664245605,-4.159327030181885,10.841544151306152
1753064060373,2.9418752193450928,-4.954201698303223,12.814366340637207
1753064060424,3.6601357460021973,-3.8145618438720703,11.511919975280762
1753064060472,2.8365304470062256,,
1753064060473,,-3.426701068878174,9.223063468933105
1753064060523,1.692102074623108,,
1753064060524,,-3.62302565574646,8.490437507629395
1753064060572,2.099116325378418,,
1753064060573,1.390432596206665,-2.9526493549346924,7.231087684631348
1753064060624,1.4000093936920166,-2.6126725673675537,6.800131320953369
1753064060672,0.657806932926178,,
1753064060673,1.9650410413742065,-2.9239187240600586,5.550358295440674
1753064060723,1.4574702978134155,,
1753064060724,,-3.00053334236145,7.393893241882324
1753064060772,2.1517887115478516,,
1753064060773,1.6059107780456543,-4.087501049041748,8.543109893798828
1753064060824,1.3377602100372314,-3.5942952632904053,7.820061206817627
1753064060873,1.7687164545059204,-4.106654644012451,9.663596153259277
1753064060923,2.625840663909912,,
1753064060924,2.496553897857666,-4.173692226409912,10.8319673538208
1753064060972,3.2866404056549072,,
1753064060973,2.8413188457489014,-4.53761100769043,11.440093994140625
1753064061023,2.649782657623291,,
1753064061024,2.6593594551086426,-4.245518207550049,10.626065254211426
1753064061073,2.056020736694336,-3.733159065246582,8.82083797454834
1753064061124,2.367266893386841,-3.508104085922241,9.543886184692383
1753064061172,1.912368655204773,,
1753064061173,1.591545581817627,-3.493738889694214,7.5662760734558105
1753064061224,1.6250643730163574,,
1753064061225,,-3.1010897159576416,7.781754016876221
1753064061272,1.5532383918762207,,
1753064061273,1.7735048532485962,-3.8145618438720703,8.016386032104492
1753064061323,2.1039047241210938,,
1753064061324,1.6442179679870605,-3.560776472091675,8.500014305114746
1753064061372,2.123058319091797,,
1753064061373,2.30022931098938,-3.838503837585449,8.380304336547852
1753064061424,2.6162638664245605,-3.7475242614746094,9.654019355773926
1753064061472,2.276287317276001,,
1753064061473,,-3.733159065246582,8.744223594665527
1753064061523,2.956240653991699,,
1753064061524,1.9889830350875854,-4.211999416351318,10.420164108276367
1753064061572,2.6641478538513184,,
1753064061573,2.190095901489258,-4.235941410064697,9.596558570861816
1753064061624,1.9794062376022339,-3.8337154388427734,9.443329811096191
1753064061673,2.8125884532928467,-4.432265758514404,11.19588565826416
1753064061724,1.9889830350875854,-3.158550500869751,7.49923849105835
1753064061773,1.998559832572937,-3.5464112758636475,8.31326675415039
1753064061824,2.166153907775879,-3.757101058959961,8.950124740600586
1753064061872,2.5252842903137207,,
1753064061873,1.6633716821670532,-3.139396905899048,8.035539627075195
1753064061923,1.1797429323196411,,
1753064061924,2.214038133621216,-3.115454912185669,7.403470039367676
1753064061972,1.6442179679870605,,
1753064061973,1.591545581817627,-3.201646327972412,7.039551734924316
1753064062024,1.8453309535980225,-3.714005470275879,8.485649108886719
1753064062072,1.8070237636566162,,
1753064062073,2.0608091354370117,-3.1489737033843994,6.613383769989014
1753064062123,1.7735048532485962,,
1753064062124,1.1558008193969727,-4.307767391204834,9.3427734375
1753064062172,2.6785130500793457,,
1753064062173,1.9363106489181519,-3.6086604595184326,9.189544677734375
1753064062224,2.0655975341796875,-3.2830491065979004,8.600570678710938
1753064062272,3.0759506225585938,,
1753064062273,,-3.7475242614746094,10.075399398803711
1753064062323,1.6633716821670532,,
1753064062324,,-3.426701068878174,8.590993881225586
1753064062372,2.453458309173584,,
1753064062373,,-3.90554141998291,8.964489936828613
1753064062424,1.7064672708511353,-4.681262969970703,9.888651847839355
1753064062472,2.5923218727111816,,
1753064062473,2.8556840419769287,-3.508104085922241,8.844779968261719
1753064062523,2.1948843002319336,,
1753064062524,,-4.408323764801025,10.606911659240723
1753064062591,3.0376434326171875,,
1753064062592,3.4111387729644775,-3.9199066162109375,10.338761329650879
1753064062596,1.6490063667297363,-3.0101101398468018,7.8296380043029785
1753064062642,2.137423515319824,-2.406771183013916,6.019621849060059
1753064062693,1.7926585674285889,-2.3924059867858887,7.173626899719238
1753064062744,1.1701661348342896,-5.404311656951904,8.351573944091797
1753064062793,-3.1058781147003174,-0.03172317147254944,-0.2867056429386139
1753064062844,6.662464618682861,,
1753064062847,,-7.482479095458984,20.365678787231445
1753064062897,3.9187095165252686,-4.681262969970703,7.393893241882324
1753064062944,1.0456676483154297,-3.2543187141418457,11.64599609375
1753064062994,2.9897594451904297,-5.073912143707275,11.34432601928711
1753064063044,1.1749545335769653,-3.426701068878174,7.417835235595703
1753064063094,2.1422119140625,-2.5983073711395264,8.203133583068848
1753064063145,3.028066635131836,-2.1912930011749268,6.848015308380127
1753064064873,1.7064672708511353,,
1753064064874,2.362478494644165,-3.230376720428467,6.953360080718994
1753064064923,2.4630351066589355,,
1753064064924,,-3.378817081451416,8.61972427368164
1753064064974,1.9698294401168823,,
1753064064975,,-3.929483652114868,9.486425399780273
1753064065456,2.1134815216064453,,
1753064065457,2.4630351066589355,-3.359663486480713,8.327631950378418
1753064065502,2.5492262840270996,-3.1681272983551025,8.116942405700684
1753064065553,2.137423515319824,-3.603872060775757,9.266159057617188
1753064065603,2.6354174613952637,-3.4554316997528076,9.481637001037598
1753064065653,2.4007856845855713,,
1753064065654,,-3.838503837585449,8.988431930541992
1753064065702,2.2858641147613525,,
1753064065703,2.6449942588806152,-3.512892484664917,8.983643531799316
1753064065754,2.4343044757843018,-4.082712650299072,
1753064065755,,,10.295665740966797
1753064065826,2.271498918533325,-2.8377275466918945,8.562263488769531
1753064065873,2.8844144344329834,-3.862445831298828,10.161590576171875
1753064065924,2.094327926635742,-3.1489737033843994,7.575852870941162
1753064065976,1.8501193523406982,-3.536834478378296,9.065046310424805
1753064066024,1.6250643730163574,-3.6709096431732178,8.46170711517334
1753064066074,2.4151508808135986,,
1753064066075,2.496553897857666,-3.4985272884368896,8.705916404724121
1753064066195,2.501342296600342,-3.3883938789367676,9.21827507019043
1753064066246,2.2906525135040283,-3.603872060775757,8.203133583068848
1753064066297,1.5245078802108765,-4.7387237548828125,10.875062942504883
1753064066346,1.9889830350875854,-4.508880138397217,
1753064066347,,-3.646967649459839,11.109694480895996
1753064066397,2.9227216243743896,-3.465008497238159,9.697115898132324
1753064066447,2.606687068939209,,
1753064066448,2.257133722305298,-3.469796895980835,9.045892715454102
1753064066500,1.6873136758804321,-2.6653449535369873,7.796119213104248
1753064066549,1.1174936294555664,,
1753064066550,1.3808557987213135,-2.890399932861328,6.910264492034912
1753064066600,1.9506758451461792,,
1753064066601,1.8740613460540771,-2.4642322063446045,6.962936878204346
1753064066854,2.056020736694336,-2.425924777984619,
1753064066855,,,6.675632953643799
1753064066900,3.511695384979248,-4.566341400146484,11.904569625854492
1753064066951,1.5580267906188965,-3.177704095840454,7.164050102233887
1753064067000,1.9841946363449097,-3.1681272983551025,8.844779968261719
1753064067051,2.4390928745269775,-3.862445831298828,9.960477828979492
1753064067100,2.7934348583221436,-4.168903827667236,10.233416557312012
1753064067151,2.257133722305298,-2.9047651290893555,7.436988830566406
1753064067200,1.8022353649139404,-3.00053334236145,7.537545680999756
1753064067251,2.0225019454956055,-3.646967649459839,8.681973457336426
1753064067300,2.453458309173584,-3.8768110275268555,9.773730278015137
1753064067352,2.3481132984161377,-3.1202433109283447,7.705139636993408
1753064067400,1.5436615943908691,,
1753064067401,1.9027918577194214,-3.09151291847229,8.31326675415039
1753064067451,2.917933225631714,-3.910329818725586,9.06983470916748
1753064067501,2.501342296600342,-3.2974143028259277,8.82083797454834
1753064067555,1.5723919868469238,-3.7666778564453125,8.356362342834473
1753064067604,1.878849744796753,,
1753064067605,,-2.8377275466918945,7.403470039367676
1753064067655,2.147000312805176,-4.326920986175537,9.960477828979492
1753064067703,3.071162223815918,-3.230376720428467,9.237428665161133
1753064067731,1.5436615943908691,,
1753064067732,,-3.1968579292297363,7.413046836853027
1753064067751,2.252345323562622,,
1753064067752,,-4.125808238983154,10.640430450439453
1753064067802,1.2755109071731567,-2.876034736633301,
1753064067803,,-2.914341926574707,7.5231804847717285
1753064067853,3.205237627029419,-4.068347454071045,9.864709854125977
1753064067901,2.367266893386841,,
1753064067902,2.606687068939209,-2.6653449535369873,6.7714009284973145
1753064067952,1.787870168685913,,
1753064067953,2.429516077041626,-4.116231441497803,9.328408241271973
1753064068001,2.0416555404663086,-3.6804866790771484,8.605359077453613
1753064068053,2.0033483505249023,-3.3405098915100098,8.504802703857422
1753064068102,2.8556840419769287,-3.4171242713928223,9.596558570861816
1753064068154,1.854907751083374,-3.383605480194092,
1753064068155,,-4.1641154289245605,7.604583263397217
1753064068205,2.257133722305298,,
1753064068206,2.2475569248199463,-3.465008497238159,8.782530784606934
1753064068252,2.079962730407715,,
1753064068253,,-3.7187938690185547,8.418611526489258
1753064068301,2.501342296600342,-3.3261446952819824,8.830414772033691
1753064068352,1.7735048532485962,-3.1010897159576416,7.441777229309082
1753064068402,1.6154875755310059,-3.287837505340576,7.695562839508057
1753064068451,3.4542346000671387,-4.2550950050354,10.362703323364258
1753064068500,3.1286230087280273,,
1753064068501,2.807800054550171,-2.6222493648529053,7.74823522567749
1753064068551,0.7152677774429321,,
1753064068552,3.779845952987671,-3.508104085922241,7.460930824279785
1753064068600,-0.5153518915176392,,
1753064068601,1.811812162399292,-2.876034736633301,4.9805378913879395
1753064068652,3.473388195037842,-4.662109375,11.363479614257812
1753064068701,3.0376434326171875,,
1753064068702,1.8022353649139404,-2.7994203567504883,7.116166114807129
1753064068752,1.6250643730163574,,
1753064068753,,-3.603872060775757,9.060257911682129
1753064068803,1.447893500328064,-2.8425159454345703,6.21115779876709
1753064068854,2.501342296600342,,
1753064068855,1.9650410413742065,-4.681262969970703,11.023503303527832
1753064068904,2.6641478538513184,-3.1441853046417236,7.465719223022461
1753064068905,,,9.371503829956055
1753064068956,1.634641170501709,,
1753064068957,1.9841946363449097,-4.015674591064453,9.606135368347168
1753064069004,2.3720552921295166,-3.225588321685791,
1753064069005,,,8.265382766723633
1753064069056,2.343324899673462,-4.082712650299072,
1753064069057,,-4.441842555999756,9.496002197265625
1753064069104,1.2850877046585083,-3.268683910369873,6.876745700836182
1753064069157,2.803011655807495,-4.283825397491455,11.286865234375
1753064069206,2.448669672012329,-3.4793736934661865,7.6333136558532715
1753064069256,1.711255669593811,,
1753064069257,2.4869771003723145,-4.140173435211182,9.984419822692871
1753064069303,2.008136749267578,,
1753064069304,,-2.9909565448760986,7.5662760734558105
1753064069355,2.5971102714538574,,
1753064069356,2.3337481021881104,-3.9630024433135986,10.046669006347656
1753064069403,1.9458874464035034,-2.8999767303466797,
1753064069404,,-3.977367639541626,6.373963356018066
1753064069452,1.9794062376022339,-4.063559055328369,9.88386344909668
1753064069504,1.9698294401168823,-3.661332845687866,7.4800848960876465
1753064069505,,,9.141660690307617
1753064069555,2.0225019454956055,,
1753064069556,1.8884265422821045,-4.202422618865967,9.534309387207031
1753064069602,2.036867141723633,-4.609436988830566,9.132083892822266
1753064069603,,,9.654019355773926
1753064069655,2.0847511291503906,,
1753064069656,2.5683798789978027,-3.953425645828247,9.677961349487305
1753064069704,2.453458309173584,-4.729146957397461,9.749788284301758
1753064069755,1.5580267906188965,-3.9869444370269775,
1753064069756,,,8.897452354431152
1753064069804,1.8166005611419678,,
1753064069805,1.347337007522583,-5.030816555023193,10.4728364944458
1753064069857,2.625840663909912,-3.029263734817505,8.500014305114746
1753064069901,3.3057940006256104,,
1753064069902,0.9546879529953003,-4.451419353485107,10.4728364944458
1753064069952,0.5045779943466187,-2.6126725673675537,5.306149482727051
1753064070000,1.2946646213531494,-4.3843817710876465,
1753064070001,,,9.017162322998047
1753064070055,1.8022353649139404,,
1753064070056,2.539649486541748,-3.2830491065979004,7.374739646911621
1753064070101,1.3329718112945557,-4.307767391204834,7.8296380043029785
1753064070155,2.1565771102905273,-4.556764602661133,
1753064070156,,-5.28460168838501,8.87829875946045
1753064070204,1.8453309535980225,-4.575918197631836,
1753064070205,,-4.302978992462158,8.356362342834473
1753064070254,2.6449942588806152,-3.7475242614746094,
1753064070255,,-3.3883938789367676,9.740211486816406
1753064070303,1.7687164545059204,-2.449866771697998,
1753064070304,,,6.225522994995117
1753064070353,1.754351258277893,,
1753064070354,,-5.8209028244018555,9.630077362060547
1753064070404,-0.28072014451026917,,
1753064070405,,-3.7187938690185547,4.975749492645264
1753064070452,2.367266893386841,-5.538387298583984,12.732963562011719
1753064070453,,,5.971737384796143
1753064070501,2.8556840419769287,-5.351639270782471,10.899004936218262
1753064070553,1.0935516357421875,-3.714005470275879,7.767388820648193
1753064070602,1.5292962789535522,,
1753064070603,,-4.868010520935059,9.984419822692871
1753064070652,2.2810757160186768,,
1753064070653,,-4.240729808807373,9.256582260131836
1753064070702,1.323395013809204,-4.987720489501953,
1753064070703,,-4.6285905838012695,9.203909873962402
1753064070755,1.7208324670791626,,
1753064070756,,-4.31255578994751,8.725069999694824
1753064070806,1.7735048532485962,-4.978143692016602,9.247005462646484
1753064070855,1.3090298175811768,-3.737947463989258,7.8727335929870605
1753064070903,1.567603588104248,-4.973355293273926,8.935759544372559
1753064070955,1.5628151893615723,,
1753064070956,1.423951506614685,-3.5703532695770264,7.350797653198242
1753064071005,1.514931082725525,-5.054758548736572,9.19433307647705
1753064071054,1.5963339805603027,,
1753064071055,1.8596961498260498,-3.599083662033081,7.724293231964111
1753064071103,2.0655975341796875,-5.222352504730225,
1753064071104,,-4.642955780029297,9.122507095336914
1753064071155,1.0648212432861328,,
1753064071156,1.8836381435394287,-3.6996402740478516,7.638102054595947
1753064071204,1.73519766330719,,
1753064071205,1.4000093936920166,-6.012439250946045,11.01392650604248
1753064071255,1.3569138050079346,,
1753064071256,,-3.383605480194092,6.938994884490967
1753064071303,2.190095901489258,-4.671686172485352,9.486425399780273
1753064071355,1.8836381435394287,-4.159327030181885,
1753064071356,,-4.729146957397461,7.460930824279785
1753064071404,1.083974838256836,,
1753064071405,,-3.666121244430542,6.072294235229492
1753064071451,1.8644845485687256,,
1753064071452,0.9642647504806519,-4.75308895111084,10.3148193359375
1753064071501,1.7256208658218384,-4.839280128479004,8.241440773010254
1753064071552,1.060032844543457,,
1753064071553,1.811812162399292,-4.7818193435668945,8.954913139343262
1753064071602,1.5053542852401733,,
1753064071603,1.3952209949493408,-3.867234230041504,8.174403190612793
1753064071653,3.291428804397583,-4.84406852722168,10.453682899475098
1753064071704,1.9841946363449097,,
1753064071705,,-4.480149745941162,7.465719223022461
1753064071756,1.2850877046585083,,
1753064071757,1.8213889598846436,-4.925471305847168,10.62127685546875
1753064071806,1.653794765472412,-4.2742486000061035,8.974066734313965
1753064071855,1.6873136758804321,-4.350862979888916,8.361150741577148
1753064071903,1.8596961498260498,,
1753064071904,1.1366472244262695,-4.599860191345215,9.3427734375
1753064072436,1.3569138050079346,,
1753064072437,1.8261773586273193,-3.536834478378296,7.006032943725586
1753064072442,2.8413188457489014,,
1753064072443,1.3377602100372314,-4.408323764801025,10.56381607055664
1753064072495,-0.596754789352417,,
1753064072498,2.1422119140625,,
1753064072499,,-3.795408248901367,5.746682643890381
1753064072545,0.801459014415741,-4.872798919677734,9.807249069213867
1753064072594,1.591545581817627,-4.901529312133789,10.827178955078125
1753064072645,2.649782657623291,,
1753064072646,,-3.3261446952819824,7.451354026794434
1753064072694,1.7782933712005615,,
1753064072695,,-3.953425645828247,9.026739120483398
1753064072745,2.036867141723633,,
1753064072746,1.8884265422821045,-3.4554316997528076,7.456142425537109
1753064072834,1.4191631078720093,-4.389170169830322,8.46170711517334
1753064072887,1.5819687843322754,-4.484938144683838,8.87829875946045
1753064072936,2.166153907775879,-3.465008497238159,8.816049575805664
1753064072986,2.338536500930786,,
1753064072987,2.1757307052612305,-4.106654644012451,9.156025886535645
1753064073035,2.079962730407715,,
1753064073036,2.1517887115478516,-3.8049850463867188,9.146449089050293
1753064075398,2.4007856845855713,-4.748300552368164,9.395445823669434
1753064075399,,,10.1568021774292
1753064075449,1.7160440683364868,,
1753064075450,0.945111095905304,-4.87758731842041,10.061034202575684
1753064075505,1.835754156112671,-4.3412861824035645,
1753064075506,,-5.112219333648682,7.93019437789917
1753064075550,1.2228385210037231,-3.4841620922088623,6.852803707122803
1753064079090,1.692102074623108,-4.154538631439209,
1753064079091,,-4.125808238983154,7.49923849105835
1753064079094,1.1988965272903442,,
1753064079095,1.9219454526901245,-5.026028156280518,9.156025886535645
1753064079145,1.811812162399292,,
1753064079146,,-5.370792865753174,7.824849605560303
1753064079197,1.9506758451461792,-5.112219333648682,7.695562839508057
1753064103652,1.2659341096878052,,
1753064103654,0.9690531492233276,,
1753064103656,1.692102074623108,,
1753064103657,2.2236149311065674,,
1753064103658,0.6147112846374512,-5.720346450805664,
1753064103659,,-4.293402194976807,
1753064103660,,-2.670133352279663,8.921394348144531
1753064103661,,,7.71471643447876
1753064103662,,,8.12173080444336
1753064103663,0.595557689666748,-2.138620615005493,
1753064103664,2.42472767829895,,
1753064103709,3.420715570449829,-2.737171173095703,9.515155792236328
1753064103760,0.801459014415741,-2.6557681560516357,6.579864978790283
1753064103810,3.573944568634033,,
1753064103811,2.501342296600342,-3.273472309112549,11.267711639404297
1753064103859,3.420715570449829,,
1753064103860,3.0137014389038086,-2.2679076194763184,8.64366626739502
1753064103910,1.5005658864974976,,
1753064103911,2.0847511291503906,-2.076371431350708,7.638102054595947
1753064103960,3.6601357460021973,-3.244741916656494,10.994772911071777
1753064104010,0.15502455830574036,,
1753064104011,4.909909248352051,-1.4155718088150024,3.1848866939544678
1753064104062,1.002571940422058,-4.78660774230957,9.299677848815918
1753064104109,1.371279001235962,-4.068347454071045,
1753064104110,,-5.605424880981445,5.789778232574463
1753064104160,1.7208324670791626,-3.800196647644043,6.7043633460998535
1753064104210,3.095104217529297,-5.5096564292907715,12.182296752929688
1753064104259,3.066373825073242,-4.633378982543945,10.204686164855957
1753064104347,2.1565771102905273,-3.603872060775757,8.701127052307129
1753064104351,3.0615854263305664,,
1753064104352,2.668936252593994,-4.135385036468506,10.43931770324707
1753064104398,1.6202759742736816,,
1753064104399,,-4.3412861824035645,7.53275728225708
1753064104449,2.3481132984161377,-3.536834478378296,10.25735855102539
1753064104498,3.444657802581787,,
1753064104499,1.2755109071731567,-4.930259704589844,11.914146423339844
1753064104550,0.05446808785200119,-2.986168146133423,4.003703594207764
1753064104598,2.252345323562622,,
1753064104599,1.5388731956481934,-4.642955780029297,10.975619316101074
1753064104649,1.7016788721084595,-3.560776472091675,6.474519729614258
1753064104698,1.5053542852401733,-4.398746967315674,
1753064104699,,,7.9637131690979
1753064104749,2.961029052734375,-4.183269023895264,10.180744171142578
1753064104798,2.965817451477051,,
1753064104799,,-5.346850872039795,10.362703323364258
1753064108485,0.5428852438926697,,
1753064108486,1.490989089012146,-4.992508888244629,8.054693222045898
1753064108487,2.4917654991149902,-3.359663486480713,10.032303810119629
1753064108491,1.9602526426315308,-3.694851875305176,8.318055152893066
1753064108543,2.324171304702759,-2.9095535278320312,7.585429668426514
1753064108592,1.8166005611419678,-2.0667946338653564,6.613383769989014
1753064109690,3.55479097366333,-4.719570159912109,10.128071784973145
1753064109691,,,8.82083797454834
1753064109702,2.6833014488220215,-2.1577742099761963,7.149684906005859
1753064109703,2.9897594451904297,-2.6653449535369873,
1753064109706,2.7024552822113037,,
1753064109707,3.157353401184082,-2.2679076194763184,8.485649108886719
1753064109754,1.4431051015853882,,
1753064109755,,-2.9095535278320312,6.728305339813232
1753064109805,1.467047095298767,-3.450643301010132,7.642890453338623
1753064109854,3.0567970275878906,-2.627037763595581,8.839991569519043
1753064135531,1.6442179679870605,,
1753064135532,3.8804023265838623,,
1753064135533,2.8652608394622803,-2.2679076194763184,
1753064135534,,-4.398746967315674,
1753064135535,,-2.516904592514038,6.259041786193848
1753064135536,,,9.61571216583252
1753064135537,,,4.779425144195557
1753064135538,1.4622586965560913,,12.402563095092773
1753064135587,1.7974469661712646,-3.354875087738037,8.571840286254883
1753064135639,1.3760673999786377,-4.1880574226379395,7.810484409332275
1753064135687,0.284311443567276,-4.7387237548828125,8.476072311401367
1753064135739,2.544437885284424,-3.9199066162109375,9.25179386138916
1753064135787,2.3481132984161377,-3.714005470275879,9.385869026184082
1753064135838,1.2802993059158325,-4.001309394836426,8.284536361694336
1753064135887,1.2180501222610474,-4.633378982543945,8.274959564208984
1753064135938,2.0416555404663086,-3.575141668319702,8.926182746887207
1753064135986,2.252345323562622,,
1753064135987,2.2810757160186768,-3.5224692821502686,8.523956298828125
1753064136038,1.1988965272903442,-4.360439777374268,7.542334079742432
1753064136087,1.227626919746399,-4.350862979888916,9.754576683044434
1753064136138,1.7687164545059204,-3.5033156871795654,7.259818077087402
1753064136187,1.1127052307128906,-4.638167381286621,8.571840286254883
1753064136238,1.6873136758804321,-3.9677908420562744,8.715493202209473
1753064136287,1.5628151893615723,-4.504091739654541,8.744223594665527
1753064136338,1.4957774877548218,-3.5033156871795654,9.290101051330566
1753064136387,2.846107244491577,-3.7044286727905273,9.414599418640137
1753064136438,0.7296329736709595,-3.8576574325561523,7.034763336181641
1753064136487,2.3912088871002197,-4.719570159912109,11.215039253234863
1753064136538,1.7064672708511353,-2.914341926574707,6.531980991363525
1753064136539,,,7.901463985443115
1753064136587,2.0177135467529297,,
1753064136588,1.9075802564620972,-4.106654644012451,9.869498252868652
1753064136637,1.653794765472412,-3.819350242614746,7.934982776641846
1753064136687,1.9458874464035034,,
1753064136688,,-4.116231441497803,9.37629222869873
1753064136737,1.4383167028427124,-4.2311530113220215,8.217498779296875
1753064136788,1.060032844543457,-4.681262969970703,8.547898292541504
1753064136837,1.7974469661712646,-4.360439777374268,9.409811019897461
1753064136888,1.9219454526901245,-3.618237257003784,8.533533096313477
1753064136937,2.2858641147613525,-3.0627825260162354,8.543109893798828
1753064136988,2.630629062652588,-3.3069911003112793,9.371503829956055
1753064137036,1.7639280557632446,,
1753064137037,1.514931082725525,-4.082712650299072,8.002020835876465
1753064137087,1.5245078802108765,,
1753064137088,1.8644845485687256,-4.140173435211182,9.136872291564941
1753064137137,1.7304092645645142,-3.579930067062378,9.007585525512695
1753064137188,2.056020736694336,-3.230376720428467,8.303689956665039
1753064137237,2.2236149311065674,-3.685275077819824,9.476848602294922
1753064137288,1.711255669593811,-3.4314894676208496,8.399457931518555
1753064137336,1.811812162399292,,
1753064137337,2.6114754676818848,-3.7283706665039062,8.959701538085938
1753064137388,2.3912088871002197,-3.891176223754883,10.788871765136719
1753064137437,2.079962730407715,-3.6373908519744873,8.94533634185791
1753064137487,1.1174936294555664,,
1753064137488,1.8836381435394287,-4.1641154289245605,9.12729549407959
1753064137536,2.2810757160186768,,
1753064137537,2.3289597034454346,-3.134608507156372,9.30925464630127
1753064137588,2.4151508808135986,-3.603872060775757,8.06427001953125
1753064137637,1.3808557987213135,-3.579930067062378,8.610147476196289
1753064137687,2.2810757160186768,,
1753064137688,,-3.273472309112549,8.590993881225586
1753064137737,2.2619221210479736,-3.354875087738037,8.859145164489746
1753064137788,1.6394295692443848,-3.776254653930664,9.28531265258789
1753064137837,2.5683798789978027,-3.0771477222442627,8.145672798156738
1753064137887,1.61069917678833,,
1753064137888,1.9794062376022339,-3.9821560382843018,8.816049575805664
1753064137936,1.811812162399292,,
1753064137937,2.032078742980957,-3.2638955116271973,7.6333136558532715
1753064137988,2.008136749267578,-3.134608507156372,8.61972427368164
1753064138037,2.429516077041626,-3.09151291847229,8.571840286254883
1753064138088,1.9027918577194214,-3.426701068878174,8.634089469909668
1753064138137,2.0033483505249023,-3.838503837585449,8.772953987121582
1753064138187,2.606687068939209,,
1753064138188,2.2667105197906494,-3.3500866889953613,9.821614265441895
1753064138237,2.3576900959014893,,
1753064138238,2.6785130500793457,-3.005321741104126,7.369951248168945
1753064138287,2.5109190940856934,,
1753064138288,2.214038133621216,-3.8097734451293945,10.94688892364502
1753064138336,1.6777368783950806,,
1753064138337,3.334524393081665,-2.411559581756592,7.695562839508057
1753064138388,2.58274507522583,-3.4985272884368896,10.491990089416504
1753064138437,1.8836381435394287,-3.4985272884368896,8.744223594665527
1753064138487,2.123058319091797,,
1753064138488,2.846107244491577,-2.6605565547943115,8.437765121459961
1753064138537,2.3720552921295166,-3.9438488483428955,9.984419822692871
1753064138588,1.304241418838501,-3.0340521335601807,7.542334079742432
1753064138637,2.7120320796966553,-3.2974143028259277,9.572616577148438
1753064138687,2.3529016971588135,,
1753064138688,2.05123233795166,-3.7187938690185547,9.108141899108887
1753064138737,2.4151508808135986,-2.895188331604004,9.314043045043945
1753064138788,2.716820478439331,-3.134608507156372,9.045892715454102
1753064138837,2.032078742980957,-3.4410665035247803,8.926182746887207
1753064138888,1.9937714338302612,-2.852092742919922,8.744223594665527
1753064138937,1.8740613460540771,-3.8289270401000977,8.950124740600586
1753064138988,2.2188265323638916,-2.6222493648529053,8.533533096313477
1753064139037,3.2148144245147705,-3.7858314514160156,10.501566886901855
1753064139087,1.2755109071731567,,
1753064139088,1.7399860620498657,-3.2160115242004395,7.408258438110352
1753064139136,2.276287317276001,,
1753064139137,2.2188265323638916,-3.4362781047821045,10.927735328674316
1753064139188,2.8987796306610107,-2.8568811416625977,7.934982776641846
1753064139237,1.8166005611419678,-3.891176223754883,9.644442558288574
1753064139287,2.520495891571045,,
1753064139288,2.0847511291503906,-3.53204607963562,9.141660690307617
1753064139337,2.4438812732696533,-3.3692402839660645,9.074623107910156
1753064139387,2.185307502746582,,
1753064139388,2.099116325378418,-3.824138641357422,9.16081428527832
1753064139437,1.8932149410247803,-3.00053334236145,7.599794864654541
1753064139488,2.3959972858428955,-3.819350242614746,9.563039779663086
1753064139537,1.6729484796524048,-2.5073277950286865,
1753064139588,2.1948843002319336,-3.512892484664917,9.333196640014648
1753064139637,1.9889830350875854,-3.9390604496002197,8.64366626739502
1753064139688,1.3617022037506104,-3.3500866889953613,8.442553520202637
1753064139737,2.324171304702759,-3.97257924079895,9.333196640014648
1753064139787,2.5109190940856934,,
1753064139788,1.6154875755310059,-3.819350242614746,9.639654159545898
1753064139837,2.8604724407196045,-3.2591071128845215,9.802460670471191
1753064139888,1.854907751083374,-3.6900634765625,8.605359077453613
1753064139937,1.8453309535980225,,
1753064139938,,-3.910329818725586,9.783307075500488
1753064139988,2.1757307052612305,-2.828150749206543,7.915829181671143
1753064140037,2.606687068939209,-3.206434726715088,9.457695007324219
1753064140087,1.7399860620498657,,
1753064140088,1.7639280557632446,-2.7994203567504883,7.302913665771484
1753064140137,2.410362482070923,-3.1968579292297363,9.074623107910156
1753064140187,1.8261773586273193,,
1753064140188,1.878849744796753,-3.0771477222442627,8.351573944091797
1753064140237,1.6729484796524048,-3.4793736934661865,8.073846817016602
1753064140287,2.7503392696380615,,
1753064140288,1.6059107780456543,-3.8337154388427734,9.898228645324707
1753064140337,2.5779566764831543,-2.9526493549346924,8.811261177062988
1753064140388,2.30022931098938,-3.6756980419158936,9.117718696594238
1753064140437,1.7495628595352173,-3.6517560482025146,9.692327499389648
1753064140487,2.0177135467529297,,
1753064140488,3.3632547855377197,-3.230376720428467,8.107365608215332
1753064140537,2.056020736694336,-3.8528690338134766,10.022727012634277
1753064140588,1.854907751083374,-3.029263734817505,8.696338653564453
1753064142921,2.759916067123413,-2.588730573654175,8.562263488769531
1753064142927,1.7974469661712646,-2.6844985485076904,7.259818077087402
1753064142977,3.6505589485168457,,
1753064142978,2.9706058502197266,-3.488950490951538,12.321160316467285
1753064143028,1.2659341096878052,-3.096301317214966,6.206369400024414
1753064143077,2.3337481021881104,-4.9350481033325195,
1753064143078,,,11.636418342590332
1753064143128,0.6673837304115295,,
1753064143129,2.338536500930786,-2.722805976867676,5.832873821258545
1753064143177,2.1039047241210938,-4.154538631439209,
1753064143178,,,10.185532569885254
1753064143228,4.076726913452148,-3.776254653930664,
1753064143229,,,10.85590934753418
1753064143277,2.956240653991699,-2.689286947250366,
1753064143278,,,9.510367393493652
1753064143328,3.2196028232574463,,
1753064143329,,-3.5416228771209717,12.215815544128418
1753064143377,1.955464243888855,-3.397970676422119,
1753064143378,,,10.501566886901855
1753064143428,2.539649486541748,-2.876034736633301,8.873510360717773
1753064143477,1.9794062376022339,-3.6086604595184326,
1753064143478,,,8.40424633026123
1753064143528,2.1996726989746094,,
1753064143529,1.2850877046585083,-2.8616695404052734,8.356362342834473
1753064143577,2.7072436809539795,-2.5743653774261475,8.442553520202637
1753064143628,1.6825252771377563,-3.3740286827087402,
1753064143629,,,8.346785545349121
1753064143677,2.008136749267578,,
1753064143678,,-2.6366145610809326,8.164826393127441
1753064143728,3.1429882049560547,,
1753064143729,2.5061306953430176,-2.7946319580078125,9.314043045043945
1753064143777,2.2906525135040283,-3.292625904083252,9.175179481506348
1753064143828,2.012925148010254,-3.0579941272735596,8.705916404724121
1753064143877,2.984971046447754,,
1753064143878,,-3.273472309112549,9.778518676757812
1753064143928,2.30022931098938,-2.9957449436187744,
1753064143929,,,8.8878755569458
1753064143977,2.9514522552490234,-2.7898435592651367,
1753064143978,,,9.443329811096191
1753064144028,2.1709423065185547,-3.3644518852233887,8.720281600952148
1753064144077,1.9458874464035034,,
1753064144078,,-2.823362350463867,8.638877868652344
1753064144128,2.6641478538513184,-3.115454912185669,
1753064144129,,,8.811261177062988
1753064144177,1.9027918577194214,-2.7706899642944336,
1753064144178,,-2.5743653774261475,8.27974796295166
1753064144228,2.1757307052612305,-3.067570924758911,
1753064144229,,,9.074623107910156
1753064144277,2.4438812732696533,,
1753064144278,2.2810757160186768,-3.3069911003112793,8.284536361694336
1753064144328,2.5779566764831543,,
1753064144329,,-3.3213562965393066,10.324396133422852
1753064144377,2.870049238204956,-2.8999767303466797,8.270171165466309
1753064144428,2.453458309173584,-3.8145618438720703,10.611700057983398
1753064144477,2.539649486541748,-2.5073277950286865,
1753064144478,,,8.705916404724121
1753064144528,2.2188265323638916,,
1753064144529,,-3.2351651191711426,9.136872291564941
1753064144578,1.6059107780456543,-3.1681272983551025,8.935759544372559
1753064144627,2.7742812633514404,-2.718017578125,
1753064144628,,-3.1298201084136963,9.09377670288086
1753064144678,2.2379801273345947,-3.53204607963562,8.883087158203125
1753064144727,1.5436615943908691,-2.871246337890625,
1753064144728,,,7.7195048332214355
1753064144778,2.477400302886963,-3.2830491065979004,9.151237487792969
1753064144827,2.20924973487854,-3.005321741104126,
1753064144828,,-3.00053334236145,8.78731918334961
1753064144878,2.185307502746582,-3.24953031539917,
1753064144879,,,8.58620548248291
1753064144927,2.783858060836792,-3.599083662033081,
1753064144928,,-3.1010897159576416,10.013150215148926
1753064144978,1.9650410413742065,-2.785055160522461,7.824849605560303
1753064145027,2.3289597034454346,-3.512892484664917,
1753064145028,,-3.488950490951538,9.409811019897461
1753064145078,2.4917654991149902,-3.09151291847229,
1753064145079,,,9.017162322998047
1753064145127,2.079962730407715,-2.9957449436187744,8.33720874786377
1753064145178,2.324171304702759,-3.62302565574646,9.553462982177734
1753064145227,1.912368655204773,,
1753064145228,1.9698294401168823,-3.005321741104126,7.944559574127197
1753064145278,2.056020736694336,,
1753064145279,,-3.1633388996124268,8.658031463623047
1753064145327,2.343324899673462,,
1753064145328,1.7256208658218384,-3.4841620922088623,8.768165588378906
1753064145378,1.7304092645645142,-2.8568811416625977,7.815272808074951
1753064145427,2.764704465866089,,
1753064145428,,-3.445854902267456,9.428964614868164
1753064145478,1.61069917678833,-3.0819361209869385,7.97329044342041
1753064145527,2.1565771102905273,-3.450643301010132,
1753064145528,,,8.91181755065918
1753064145578,2.3768436908721924,-3.6900634765625,9.639654159545898
1753064145627,1.8692729473114014,,
1753064145628,,-3.4793736934661865,8.399457931518555
1753064145678,2.214038133621216,-3.661332845687866,9.821614265441895
1753064145727,2.012925148010254,,
1753064145728,,-3.397970676422119,9.5007905960083
1753064145778,1.9650410413742065,,
1753064145779,,-3.2543187141418457,8.351573944091797
1753064145827,2.2810757160186768,,
1753064145828,1.5963339805603027,-3.9677908420562744,10.683526992797852
1753064145878,1.912368655204773,-2.9765913486480713,7.111377716064453
1753064145927,2.056020736694336,-3.8576574325561523,
1753064145928,,,9.730634689331055
1753064145978,2.515707492828369,-3.0340521335601807,
1753064145979,,,8.772953987121582
1753064146027,2.05123233795166,,
1753064146028,2.8365304470062256,-4.073135852813721,9.5007905960083
1753064146078,2.429516077041626,,
1753064146079,,-3.646967649459839,9.457695007324219
1753064146127,2.7886464595794678,-3.642179250717163,
1753064146128,,,10.448894500732422
1753064146178,1.8932149410247803,-3.642179250717163,
1753064146179,,,8.547898292541504
1753064146227,1.0217255353927612,,
1753064146228,2.472611904144287,-3.1441853046417236,7.911040782928467
1753064146278,2.889202833175659,-4.106654644012451,10.271723747253418
1753064146327,2.0655975341796875,,
1753064146328,,-3.9007530212402344,9.711481094360352
1753064146378,1.692102074623108,-2.914341926574707,
1753064146379,,,7.5902180671691895
1753064146427,2.6641478538513184,,
1753064146428,1.9506758451461792,-4.063559055328369,10.760141372680664
1753064146478,1.711255669593811,-2.847304344177246,
1753064146479,,,7.044340133666992
1753064146527,1.8932149410247803,,
1753064146528,,-4.025251388549805,9.64923095703125
1753064146578,2.3098061084747314,-3.3883938789367676,8.863933563232422
1753064146627,1.7160440683364868,,
1753064146628,,-3.8528690338134766,8.600570678710938
1753064146678,2.405574083328247,-4.197634220123291,9.807249069213867
1753064146727,2.1278467178344727,,
1753064146728,,-3.5942952632904053,9.40023422241211
1753064146778,2.161365509033203,-3.646967649459839,8.605359077453613
1753064146827,1.9841946363449097,,
1753064146828,,-3.153762102127075,8.863933563232422
1753064146878,2.137423515319824,-3.5511996746063232,8.346785545349121
1753064146927,1.8884265422821045,-3.603872060775757,
1753064146928,,-3.273472309112549,8.701127052307129
1753064146978,2.161365509033203,-3.115454912185669,
1753064146979,,,8.51916790008545
1753064147027,2.094327926635742,,
1753064147028,,-3.685275077819824,9.261370658874512
1753064147078,2.453458309173584,-3.335721492767334,9.428964614868164
1753064147079,,,8.394669532775879
1753064147127,2.20924973487854,,
1753064147128,,-2.895188331604004,8.78731918334961
1753064147178,2.7886464595794678,-3.709217071533203,9.673172950744629
1753064147227,1.6585832834243774,,
1753064147228,,-2.871246337890625,7.446565628051758
1753064147278,2.697666883468628,,
1753064147279,,-3.512892484664917,10.319607734680176
1753064147327,2.8556840419769287,-2.876034736633301,
1753064147328,,,8.686761856079102
1753064147378,2.1996726989746094,-3.201646327972412,8.839991569519043
1753064147427,2.932298421859741,,
1753064147428,,-2.7946319580078125,9.898228645324707
1753064147478,1.711255669593811,-3.201646327972412,7.508815288543701
1753064147527,1.6968904733657837,-2.7994203567504883,
1753064147528,,,7.8056960105896
1753064147578,3.487753391265869,-3.354875087738037,
1753064147579,,,10.740987777709961
1753064147627,2.496553897857666,,
1753064147628,3.473388195037842,-2.6557681560516357,7.255029678344727
1753064147678,2.3289597034454346,,
1753064147679,,-3.450643301010132,11.057022094726562
1753064147727,2.889202833175659,,
1753064147728,,-3.0436289310455322,9.199121475219727
1753064147778,1.9698294401168823,-3.1681272983551025,9.088988304138184
1753064147827,1.6059107780456543,,
1753064147828,,-2.646191358566284,7.508815288543701
1753064147878,3.052008628845215,-3.2830491065979004,
1753064147879,,,9.409811019897461
1753064147928,2.4869771003723145,-3.1489737033843994,8.782530784606934
1753064147978,1.9219454526901245,-2.957437753677368,8.341997146606445
1753064178790,3.2770636081695557,,
1753064178791,1.9506758451461792,-3.311779499053955,
1753064178792,,-3.934272050857544,10.453682899475098
1753064178793,1.270722508430481,-2.938283920288086,9.299677848815918
1753064178794,2.3337481021881104,-3.934272050857544,9.28531265258789
1753064178795,1.8501193523406982,-4.460996150970459,6.2398881912231445
1753064178796,,,8.42818832397461
1753064178798,1.7256208658218384,,
1753064178799,2.5109190940856934,-2.0045454502105713,5.808931827545166
1753064178800,2.7263972759246826,-2.7994203567504883,9.084199905395508
1753064178801,1.912368655204773,-4.073135852813721,9.088988304138184
1753064178802,1.6011223793029785,-3.555988073348999,8.998008728027344
1753064178835,2.0703859329223633,-3.97257924079895,9.472060203552246
1753064178885,1.7830817699432373,,
1753064178886,1.3856441974639893,-4.504091739654541,9.543886184692383
1753064178934,1.878849744796753,,
1753064178935,,-4.513668537139893,9.19433307647705
1753064178986,2.4582467079162598,-3.53204607963562,9.007585525512695
1753064179035,2.1996726989746094,-3.9438488483428955,9.227851867675781
1753064179086,1.7208324670791626,-4.22157621383667,9.606135368347168
1753064179135,1.8644845485687256,-4.772242546081543,11.109694480895996
1753064179186,2.2236149311065674,-3.6804866790771484,8.58620548248291
1753064179235,2.4199392795562744,-4.556764602661133,11.095329284667969
1753064179286,1.6250643730163574,-4.192845821380615,7.853579998016357
1753064179334,1.668160080909729,,
1753064179335,1.9458874464035034,-3.8145618438720703,9.108141899108887
1753064179386,2.917933225631714,,
1753064179387,2.295440912246704,-3.7044286727905273,9.261370658874512
1753064179435,1.7591396570205688,-3.536834478378296,7.882310390472412
1753064179486,1.931522250175476,-3.53204607963562,9.060257911682129
1753064179535,1.9027918577194214,-4.9350481033325195,10.329184532165527
1753064179586,1.6825252771377563,-3.1968579292297363,7.7434468269348145
1753064179635,3.0759506225585938,-3.445854902267456,10.970830917358398
1753064179686,1.6154875755310059,-3.096301317214966,
1753064179687,,-3.7475242614746094,6.479308128356934
1753064179735,0.8637082576751709,-4.302978992462158,9.06983470916748
1753064179786,2.7934348583221436,-3.445854902267456,9.419387817382812
1753064179837,3.0807390213012695,-3.536834478378296,9.601346969604492
1753064179886,1.2850877046585083,-3.9438488483428955,7.9876556396484375
1753064179935,1.447893500328064,-3.3931822776794434,7.968502044677734
1753064179986,3.315370798110962,-3.824138641357422,9.82640266418457
1753064180035,2.3145945072174072,-3.1010897159576416,7.235876083374023
1753064180086,1.878849744796753,-3.6804866790771484,9.414599418640137
1753064180135,2.7886464595794678,-2.9909565448760986,9.783307075500488
1753064180185,2.032078742980957,,
1753064180186,,-2.3253684043884277,7.063493728637695
1753064180235,1.955464243888855,-4.216787815093994,9.75936508178711
1753064180286,2.1757307052612305,,
1753064180287,,-2.9239187240600586,8.3707275390625
1753064180334,2.630629062652588,,
1753064180335,2.4390928745269775,-2.7754783630371094,8.648454666137695
1753064180386,2.1422119140625,-4.2311530113220215,9.639654159545898
1753064180435,2.4007856845855713,,
1753064180436,3.468599796295166,-3.78104305267334,8.490437507629395
1753064180485,1.9937714338302612,-2.785055160522461,7.757812023162842
1753064180535,2.1086931228637695,,
1753064180536,2.649782657623291,-2.6222493648529053,7.74823522567749
1753064180585,2.779069662094116,-3.752312660217285,9.448118209838867
1753064180635,1.0552444458007812,,
1753064180636,2.9897594451904297,-2.6844985485076904,6.895899295806885
1753064180684,3.1908724308013916,,
1753064180685,3.004124641418457,-3.7475242614746094,9.64923095703125
1753064180735,1.6298527717590332,,
1753064180736,0.40880993008613586,-3.158550500869751,7.695562839508057
1753064180784,4.354454517364502,,
1753064180785,,-3.7714662551879883,11.674726486206055
1753064180835,1.6154875755310059,,
1753064180836,,-3.3883938789367676,7.312490463256836
1753064180884,1.9075802564620972,-3.7618894577026367,9.663596153259277
1753064180935,3.3010056018829346,,
1753064180936,,-3.2830491065979004,8.921394348144531
1753064180984,2.204461097717285,-4.365228176116943,9.577404975891113
1753064181035,1.2515689134597778,,
1753064181036,,-3.330933094024658,6.297348976135254
1753064181085,1.5532383918762207,-4.1880574226379395,8.844779968261719
1753064181136,1.7160440683364868,-3.795408248901367,7.331644058227539
1753064181184,1.4814122915267944,,
1753064181185,,-4.379593372344971,8.150461196899414
1753064181236,0.7583633661270142,-4.6285905838012695,8.270171165466309
1753064181284,3.2579100131988525,,
1753064181285,2.9706058502197266,-3.7906198501586914,10.702680587768555
1753064181336,1.0313023328781128,-4.4705729484558105,7.192780494689941
1753064181385,1.4287399053573608,-4.944624900817871,10.53029727935791
1753064181435,2.826953649520874,-2.962226152420044,
1753064181436,,-4.322132587432861,7.882310390472412
1753064181484,2.0655975341796875,-4.116231441497803,8.614935874938965
1753064181535,0.6530185341835022,-3.9869444370269775,8.093000411987305
1753064181584,0.9642647504806519,-3.8145618438720703,
1753064181585,,-3.5464112758636475,6.689998149871826
1753064181636,1.931522250175476,-4.3412861824035645,8.251017570495605
1753064181685,1.490989089012146,-2.7754783630371094,5.507262229919434
1753064181735,1.371279001235962,,
1753064181736,1.9794062376022339,-5.394734859466553,8.897452354431152
1753064181785,0.9690531492233276,-3.7283706665039062,6.546346187591553
1753064181835,2.625840663909912,,
1753064181836,2.9514522552490234,-4.073135852813721,10.147225379943848
1753064181884,2.83174204826355,-3.9390604496002197,
1753064181885,,,8.021174430847168
1753064181935,1.9602526426315308,-4.34607458114624,10.760141372680664
1753064181984,2.036867141723633,-4.293402194976807,8.998008728027344
1753064182035,2.1422119140625,,
1753064182036,1.73519766330719,-3.3931822776794434,9.79288387298584
1753064182085,3.0998926162719727,-2.6222493648529053,8.198345184326172
1753064182135,1.8070237636566162,,
1753064182136,-0.2232593148946762,-4.144961833953857,8.480860710144043
1753064182184,1.787870168685913,,
1753064182185,2.8844144344329834,-2.8856115341186523,8.485649108886719
1753064182236,2.9897594451904297,,
1753064182237,3.02327823638916,-3.096301317214966,9.232640266418457
1753064182285,0.8158242106437683,-4.547187805175781,8.710704803466797
1753064182335,2.1086931228637695,-3.90554141998291,
1753064182336,,-3.7666778564453125,9.00279712677002
1753064182385,3.0855274200439453,,
1753064182386,1.6729484796524048,-3.1202433109283447,9.95090103149414
1753064182435,1.7208324670791626,-3.2399535179138184,7.173626899719238
1753064182485,2.190095901489258,-4.547187805175781,9.5007905960083
1753064182535,1.692102074623108,,
1753064182536,,-3.316567897796631,8.514379501342773
1753064182584,3.296217203140259,,
1753064182585,,-3.5176808834075928,10.329184532165527
1753064182635,2.3481132984161377,,
1753064182636,,-3.244741916656494,8.581417083740234
1753064182684,2.0847511291503906,,
1753064182685,3.267486810684204,-2.9287071228027344,8.610147476196289
1753064182736,3.095104217529297,-3.2351651191711426,9.912593841552734
1753064182785,2.2379801273345947,-2.4355015754699707,8.131307601928711
1753064182836,2.185307502746582,-3.053205728530884,8.078635215759277
1753064182885,1.653794765472412,-3.1441853046417236,8.140884399414062
1753064182936,2.338536500930786,-2.583942174911499,8.107365608215332
1753064182985,3.008913040161133,-4.082712650299072,10.56381607055664
1753064183036,1.5388731956481934,-3.048417329788208,7.326855659484863
1753064183084,2.67372465133667,,
1753064183085,2.8604724407196045,-4.566341400146484,11.976395606994629
1753064183136,2.381632089614868,-4.211999416351318,8.035539627075195
1753064183185,1.1797429323196411,-5.198410511016846,10.37228012084961
1753064183236,2.9035680294036865,-4.633378982543945,10.089764595031738
1753064183284,0.8158242106437683,,
1753064183285,1.7447744607925415,-4.159327030181885,7.283760070800781
1753064183336,1.7830817699432373,-5.294178485870361,9.270947456359863
1753064183385,0.25079262256622314,-4.178480625152588,6.737882137298584
1753064183436,2.0703859329223633,-4.269460201263428,8.638877868652344
1753064183484,0.6482301354408264,,
1753064183485,0.322618693113327,-5.653308868408203,7.724293231964111
1753064183536,0.7870938181877136,-5.648520469665527,7.815272808074951
1753064183585,2.893991231918335,-4.84406852722168,10.549450874328613
1753064183636,1.146224021911621,-4.393958568572998,6.824073314666748
1753064183684,1.4191631078720093,,
1753064183685,,-6.2614359855651855,9.936535835266113
1753064183736,1.2898762226104736,-5.083488941192627,7.978078842163086
1753064183785,0.9115923047065735,-4.729146957397461,7.221510887145996
1753064183835,1.931522250175476,,
1753064183836,2.448669672012329,-4.5854949951171875,9.232640266418457
1753064183885,1.4143747091293335,-4.106654644012451,7.456142425537109
1753064183936,2.185307502746582,-4.322132587432861,8.825626373291016
1753064183985,2.4917654991149902,-4.159327030181885,9.529520988464355
1753064184036,1.653794765472412,-3.9821560382843018,7.187992095947266
1753064184084,0.921169102191925,,
1753064184085,1.1941081285476685,-5.9741315841674805,8.94533634185791
1753064184136,0.8637082576751709,-5.883152008056641,8.193556785583496
1753064184185,0.6386532783508301,-6.615777969360352,8.025962829589844
1753064184236,0.29388827085494995,-6.117784023284912,7.3651628494262695
1753064184284,2.4821887016296387,,
1753064184285,2.2619221210479736,-4.901529312133789,8.811261177062988
1753064184335,1.0552444458007812,,
1753064184336,0.5907692909240723,-5.164891719818115,7.494450092315674
1753064184385,2.1517887115478516,-5.107430934906006,8.658031463623047
1753064184435,0.8254010081291199,-5.538387298583984,
1753064184436,,,7.039551734924316
1753064184484,0.9068039059638977,-5.897517204284668,8.533533096313477
1753064184485,,,8.298901557922363
1753064184536,1.4814122915267944,,
1753064184537,,-5.217564105987549,8.260594367980957
1753064184585,1.227626919746399,-5.533598899841309,8.00680923461914
1753064184636,0.7296329736709595,-5.998073577880859,8.274959564208984
1753064184684,1.4622586965560913,,
1753064184685,1.2659341096878052,-4.992508888244629,7.901463985443115
1753064184736,1.6202759742736816,-5.308543682098389,8.8878755569458
1753064184785,1.4622586965560913,-5.217564105987549,8.270171165466309
1753064184835,1.5340847969055176,,
1753064184836,1.4383167028427124,-5.198410511016846,8.64366626739502
1753064184884,1.2132617235183716,,
1753064184885,1.3090298175811768,-5.145738124847412,8.332420349121094
1753064184935,1.6250643730163574,,
1753064184936,1.7830817699432373,-4.662109375,8.581417083740234
1753064184985,1.8166005611419678,-4.561553001403809,8.557475090026855
1753064185036,1.591545581817627,-4.398746967315674,8.06427001953125
1753064185084,1.8596961498260498,,
1753064185085,2.166153907775879,-4.101866245269775,8.303689956665039
1753064185136,1.8836381435394287,-4.580706596374512,8.58620548248291
1753064185185,0.5859808921813965,-3.996521234512329,6.838438510894775
1753064185235,2.0895395278930664,,
1753064185236,2.6210522651672363,-4.125808238983154,9.28531265258789
1753064185284,2.012925148010254,,
1753064185285,1.5340847969055176,-3.953425645828247,7.911040782928467
1753064185336,1.634641170501709,-4.408323764801025,8.7298583984375
1753064185384,2.8796260356903076,,
1753064185385,2.6449942588806152,-4.633378982543945,10.40579891204834
1753064185435,2.075174331665039,-3.465008497238159,
1753064185436,,,8.231863975524902
1753064185484,2.276287317276001,,
1753064185485,,-4.796184539794922,10.262146949768066
1753064185535,2.870049238204956,,
1753064185536,,-4.336497783660889,9.91738224029541
1753064185585,1.854907751083374,-3.8576574325561523,7.671620845794678
1753064185635,1.0360907316207886,,
1753064185636,0.05925649031996727,-5.337274074554443,8.164826393127441
1753064185684,1.2084733247756958,,
1753064185685,2.4821887016296387,-4.504091739654541,8.705916404724121
1753064185735,2.4917654991149902,,
1753064185736,2.276287317276001,-4.22157621383667,8.954913139343262
1753064185785,1.4143747091293335,-3.8337154388427734,7.824849605560303
1753064185836,1.7208324670791626,-4.101866245269775,7.9876556396484375
1753064185884,1.4287399053573608,,
1753064185885,1.1127052307128906,-5.275024890899658,8.811261177062988
1753064185936,0.8589198589324951,,
1753064185937,0.6817489266395569,-5.413888454437256,7.508815288543701
1753064185985,2.5252842903137207,,
1753064185986,1.8740613460540771,-5.40910005569458,9.749788284301758
1753064186036,0.9594763517379761,-5.294178485870361,7.820061206817627
1753064186084,1.0887632369995117,,
1753064186085,0.7918822169303894,-5.705981254577637,7.853579998016357
1753064186135,1.1988965272903442,,
1753064186136,1.5819687843322754,-5.854421615600586,8.42818832397461
1753064186184,0.8780734539031982,,
1753064186185,0.7487865686416626,-5.413888454437256,7.298125267028809
1753064186236,1.246780514717102,-5.806537628173828,8.76337718963623
1753064186285,0.5764040350914001,-5.830479621887207,7.954136371612549
1753064186335,1.7782933712005615,,
1753064186336,1.4000093936920166,-5.1361613273620605,8.399457931518555
1753064186384,1.347337007522583,,
1753064186385,1.8405425548553467,-4.982932090759277,8.55268669128418
1753064186436,1.7639280557632446,-5.006874084472656,8.442553520202637
1753064186484,1.7208324670791626,,
1753064186485,,-4.326920986175537,8.432976722717285
1753064186535,1.4431051015853882,,
1753064186536,,-4.484938144683838,8.217498779296875
1753064186585,1.9602526426315308,-4.111443042755127,8.303689956665039
1753064186636,1.754351258277893,-4.135385036468506,8.466495513916016
1753064186685,2.075174331665039,-4.393958568572998,8.954913139343262
1753064186736,1.692102074623108,-4.31255578994751,8.045116424560547
1753064186785,2.0177135467529297,-4.638167381286621,9.88386344909668
1753064186835,2.4007856845855713,,
1753064186836,1.9027918577194214,-3.62302565574646,8.2127103805542
1753064186884,1.898003339767456,,
1753064186885,2.5779566764831543,-4.393958568572998,9.40023422241211
1753064186935,1.974617838859558,,
1753064186936,,-4.245518207550049,8.251017570495605
1753064186984,2.0225019454956055,,
1753064186985,2.3145945072174072,-4.235941410064697,9.457695007324219
1753064187036,2.515707492828369,-3.7906198501586914,8.24622917175293
1753064187084,1.6011223793029785,,
1753064187085,1.9219454526901245,-4.068347454071045,8.270171165466309
1753064187136,1.7782933712005615,-4.729146957397461,8.796895980834961
1753064187184,1.931522250175476,,
1753064187185,1.6873136758804321,-3.953425645828247,8.456918716430664
1753064187236,1.5532383918762207,-4.006097793579102,8.203133583068848
1753064187284,1.6585832834243774,,
1753064187285,1.7256208658218384,-4.652532577514648,8.85435676574707
1753064187335,2.1422119140625,,
1753064187336,2.3576900959014893,-4.006097793579102,9.012373924255371
1753064187384,1.7782933712005615,,
1753064187385,1.567603588104248,-4.365228176116943,8.3707275390625
1753064187435,2.012925148010254,,
1753064187436,2.185307502746582,-4.417900562286377,
1753064187484,1.3760673999786377,,
1753064187485,2.228403329849243,-4.068347454071045,7.997232437133789
1753064187536,2.0464439392089844,-3.6326024532318115,8.423399925231934
1753064187585,1.347337007522583,-4.0300397872924805,8.15524959564209
1753064187636,2.1326351165771484,-4.915894508361816,9.280524253845215
1753064187684,1.9506758451461792,,
1753064187685,1.5819687843322754,-3.996521234512329,7.920617580413818
1753064187736,1.653794765472412,-4.532822132110596,8.85435676574707
1753064187785,2.0703859329223633,-3.9199066162109375,8.332420349121094
1753064187836,1.5101426839828491,-4.4274773597717285,8.284536361694336
1753064187885,2.257133722305298,-3.862445831298828,8.725069999694824
1753064187936,1.998559832572937,-3.929483652114868,8.696338653564453
1753064187985,2.1948843002319336,-4.34607458114624,9.462483406066895
1753064188035,2.1565771102905273,,
1753064188036,1.898003339767456,-3.512892484664917,8.490437507629395
1753064188084,2.9897594451904297,,
1753064188085,3.866037130355835,-2.713229179382324,9.754576683044434
1753064188408,3.751115560531616,-2.210446834564209,9.275735855102539
1753064188414,1.4526818990707397,-3.685275077819824,8.045116424560547
1753064188466,2.190095901489258,,
1753064188467,,-2.9670145511627197,8.476072311401367
1753064188515,2.3576900959014893,,
1753064188516,2.0464439392089844,-3.2638955116271973,9.00279712677002
1753064188566,2.429516077041626,-3.752312660217285,8.863933563232422
1753064188615,2.692878246307373,,
1753064188616,,-3.555988073348999,8.959701538085938
1753064189885,1.7495628595352173,,
1753064189886,1.5819687843322754,-3.397970676422119,9.007585525512695
1753064189891,2.271498918533325,-3.4793736934661865,8.3707275390625
1753064189942,1.8740613460540771,-4.140173435211182,8.624512672424316
1753064189993,1.7639280557632446,-4.4945149421691895,8.303689956665039
1753064190042,2.204461097717285,-3.8815994262695312,8.744223594665527
1753064190092,1.6154875755310059,,
1753064190093,1.6442179679870605,-3.694851875305176,7.705139636993408
1753064190142,1.9794062376022339,-4.389170169830322,8.739435195922852
1753064190413,2.1086931228637695,,
1753064190414,,-4.757877349853516,9.19433307647705
1753064190418,1.5340847969055176,-4.504091739654541,8.78731918334961
1753064190419,,,9.041104316711426
1753064190469,1.6298527717590332,-3.8097734451293945,
1753064190470,,,7.944559574127197
1753064190520,2.0225019454956055,-3.9917328357696533,8.576628684997559
1753064190570,1.490989089012146,,
1753064190571,1.6825252771377563,-4.547187805175781,8.91181755065918
1753064190620,1.912368655204773,-3.8768110275268555,8.42818832397461
1753064191711,1.6490063667297363,-4.020462989807129,
1753064191712,,-4.379593372344971,8.093000411987305
1753064191715,1.3425486087799072,-4.575918197631836,7.83921480178833
1753064191763,1.4047977924346924,,
1753064191764,1.5628151893615723,-5.279813289642334,9.299677848815918
1753064191812,1.6394295692443848,-5.480926036834717,
1753064191813,,,10.606911659240723
1753064191863,2.4821887016296387,,
1753064191864,,-3.7858314514160156,9.687539100646973
1753064191912,2.9418752193450928,,
1753064191913,,-4.068347454071045,11.808801651000977
1753064191963,2.3529016971588135,-3.709217071533203,
1753064191964,,,10.717045783996582
1753064192012,1.8692729473114014,-3.560776472091675,
1753064192013,,,10.089764595031738
1753064192063,2.8604724407196045,-3.024475336074829,
1753064192064,,,10.803236961364746
1753064192428,0.8110358119010925,-4.853645324707031,7.997232437133789
1753064192435,2.8604724407196045,-3.426701068878174,10.515932083129883
1753064192436,,,13.068151473999023
1753064192487,3.3441011905670166,-4.010886192321777,11.669938087463379
1753064192488,,,10.468048095703125
1753064192536,1.514931082725525,,
1753064192537,,-3.311779499053955,8.916605949401855
1753064192587,2.2475569248199463,-3.292625904083252,9.232640266418457
1753064192588,,,8.456918716430664
1753064192636,1.7399860620498657,-3.0388405323028564,9.28531265258789
1753064198164,1.7256208658218384,,
1753064198165,1.7974469661712646,-3.110666513442993,8.131307601928711
1753064198166,1.5340847969055176,-3.752312660217285,9.337985038757324
1753064198169,1.8022353649139404,,
1753064198170,1.4335283041000366,-3.3644518852233887,8.51916790008545
1753064198221,1.026513934135437,-4.058770656585693,8.67718505859375
1753064198271,2.3289597034454346,-4.604648590087891,10.032303810119629
1753064198322,1.1941081285476685,,
1753064198323,0.6338648796081543,-4.551976203918457,8.150461196899414
1753064198370,1.3760673999786377,,
1753064198371,,-4.638167381286621,9.548674583435059
1753064198422,2.6449942588806152,-3.996521234512329,10.06582260131836
1753064198470,1.3521254062652588,,
1753064198471,1.3808557987213135,-3.6565444469451904,7.733870029449463
1753064198522,1.8405425548553467,-4.336497783660889,9.88386344909668
1753064198571,1.5340847969055176,-4.642955780029297,8.576628684997559
1753064198621,0.6625953316688538,,
1753064198622,1.3569138050079346,-4.211999416351318,8.385092735290527
1753064198671,1.9027918577194214,-4.5854949951171875,9.706692695617676
1753064198721,1.6825252771377563,,
1753064198722,1.912368655204773,-3.7283706665039062,8.432976722717285
1753064198771,1.692102074623108,-4.063559055328369,8.514379501342773
1753064198821,1.6442179679870605,,
1753064198822,1.8836381435394287,-4.7387237548828125,9.553462982177734
1753064198871,1.6202759742736816,-4.3412861824035645,8.504802703857422
1753064198922,1.490989089012146,-4.686051368713379,9.519944190979004
1753064198971,2.0033483505249023,-4.144961833953857,10.037092208862305
1753064199021,1.2372037172317505,,
1753064199022,1.2611457109451294,-3.1298201084136963,7.796119213104248
1753064199071,2.343324899673462,-3.1441853046417236,10.113706588745117
1753064199121,2.0655975341796875,,
1753064199122,1.5053542852401733,-4.31255578994751,8.849568367004395
1753064199171,1.3569138050079346,-4.001309394836426,8.935759544372559
1753064199221,3.004124641418457,,
1753064199222,1.9698294401168823,-3.709217071533203,9.821614265441895
1753064199270,1.811812162399292,,
1753064199271,1.9171570539474487,-3.8097734451293945,8.140884399414062
1753064199321,1.4718354940414429,,
1753064199322,1.8740613460540771,-4.523245334625244,9.49121379852295
1753064199371,1.8405425548553467,-4.642955780029297,
1753064199372,,,10.09934139251709
1753064199422,2.0847511291503906,-3.4745852947235107,8.00680923461914
1753064199470,1.878849744796753,,
1753064199471,1.811812162399292,-4.2742486000061035,8.916605949401855
1753064199522,1.9410990476608276,-4.78660774230957,10.482413291931152
1753064199571,1.754351258277893,-3.3500866889953613,8.03075122833252
1753064199622,1.6442179679870605,-4.183269023895264,9.663596153259277
1753064199672,2.233191728591919,,
1753064199677,1.5819687843322754,-3.737947463989258,9.95090103149414
1753064199678,,,9.448118209838867
1753064199721,1.390432596206665,,
1753064199722,1.304241418838501,-3.383605480194092,7.887098789215088
1753064199770,2.1134815216064453,,
1753064199771,,-4.432265758514404,10.808025360107422
1753064199822,2.3768436908721924,-3.287837505340576,8.341997146606445
1753064199871,1.0935516357421875,-4.2742486000061035,9.543886184692383
1753064199921,2.472611904144287,,
1753064199922,2.544437885284424,-3.4362781047821045,9.30925464630127
1753064199971,1.2324153184890747,-3.1633388996124268,7.83921480178833
1753064200021,2.6449942588806152,,
1753064200022,2.8221652507781982,-2.93349552154541,10.434529304504395
1753064200070,3.0424318313598633,,
1753064200071,,-2.014122247695923,8.567051887512207
1753064200121,2.324171304702759,-3.1729156970977783,9.055469512939453
1753064200171,0.7200561761856079,-3.9390604496002197,8.078635215759277
1753064200221,1.5053542852401733,,
1753064200222,2.692878246307373,-3.3740286827087402,8.658031463623047
1753064200271,3.2818520069122314,-4.489726543426514,11.82795524597168
1753064200322,1.7208324670791626,-2.631826162338257,7.346009254455566
1753064200408,2.161365509033203,-3.0340521335601807,9.625288963317871
1753064200459,2.405574083328247,-3.733159065246582,10.683526992797852
1753064200509,1.8261773586273193,-3.335721492767334,8.907029151916504
1753064200559,2.4917654991149902,,
1753064200560,2.8173768520355225,-3.5464112758636475,9.816825866699219
1753064200608,1.1079168319702148,,
1753064200609,0.24121582508087158,-2.607884168624878,8.322843551635742
1753064200952,0.5811924338340759,-3.1441853046417236,8.169614791870117
1753064200958,2.0225019454956055,-4.408323764801025,10.884639739990234
1753064201009,1.7016788721084595,,
1753064201010,2.1757307052612305,-3.402759075164795,9.227851867675781
1753064201060,2.3337481021881104,,
1753064201061,2.3576900959014893,-4.020462989807129,9.515155792236328
1753064201292,1.6298527717590332,-3.1633388996124268,7.8056960105896
1753064201297,1.9841946363449097,-4.020462989807129,10.09934139251709
1753064201348,1.3569138050079346,,
1753064201349,2.721608877182007,-3.1489737033843994,7.781754016876221
1753064201400,2.7551276683807373,-4.178480625152588,10.956465721130371
1753064201448,2.5540146827697754,-3.776254653930664,
1753064201449,,-3.7618894577026367,9.21827507019043
1753064201499,1.4191631078720093,-2.823362350463867,
1753064201500,,-2.607884168624878,8.241440773010254
1753064201548,2.4917654991149902,-3.7235822677612305,10.089764595031738
1753064201549,,,9.515155792236328
1753064201599,2.214038133621216,,
1753064201600,,-3.2830491065979004,8.547898292541504
1753064201648,2.0416555404663086,,
1753064201649,2.4678235054016113,-3.886387825012207,9.405022621154785
1753064201699,2.826953649520874,,
1753064201700,2.472611904144287,-3.287837505340576,9.797672271728516
1753064201749,1.7639280557632446,-3.646967649459839,8.816049575805664
1753064201799,2.5109190940856934,,
1753064201800,2.4390928745269775,-3.5942952632904053,10.113706588745117
1753064201848,2.606687068939209,,
1753064201849,,-3.1920695304870605,10.147225379943848
1753064201935,1.8884265422821045,-3.493738889694214,8.514379501342773
1753064201939,2.846107244491577,-2.9909565448760986,
1753064201940,,,10.09934139251709
1753064201988,2.1326351165771484,-2.339733600616455,7.978078842163086
1753064202037,2.5683798789978027,,
1753064202038,,-3.244741916656494,9.855133056640625
1753064202086,2.4007856845855713,,
1753064202087,1.9841946363449097,-3.4602200984954834,9.337985038757324
1753064202137,2.185307502746582,,
1753064202138,2.0895395278930664,-2.943072557449341,8.859145164489746
1753064202139,,,8.298901557922363
1753064202186,2.6785130500793457,,
1753064202187,,-3.139396905899048,9.419387817382812
1753064202237,2.2667105197906494,-3.4362781047821045,9.553462982177734
1753064202286,2.362478494644165,-2.9287071228027344,
1753064202287,,,9.357138633728027
1753064202337,2.1422119140625,,
1753064202338,2.606687068939209,-2.162562608718872,7.609371662139893
1753064202387,2.6449942588806152,-3.1489737033843994,9.773730278015137
1753064202580,2.716820478439331,,
1753064202581,2.3050177097320557,-3.4554316997528076,10.022727012634277
1753064202632,2.008136749267578,,
1753064202633,2.5540146827697754,-3.4314894676208496,8.974066734313965
1753064202682,2.6402058601379395,-2.871246337890625,
1753064202683,,,9.223063468933105
1753064202733,2.5061306953430176,,
1753064202734,2.075174331665039,-2.8425159454345703,8.954913139343262
1753064207035,2.826953649520874,-3.3452982902526855,
1753064207036,2.4007856845855713,-2.339733600616455,10.214262962341309
1753064207037,2.2906525135040283,-3.8145618438720703,9.677961349487305
1753064207040,2.1326351165771484,-2.9670145511627197,10.147225379943848
1753064207091,2.58274507522583,,
1753064207092,2.5109190940856934,-1.4395138025283813,8.327631950378418
1753064207141,2.3720552921295166,,
1753064207142,,-2.9478609561920166,9.812037467956543
1753064207192,1.8884265422821045,-1.1761516332626343,
1753064207193,,,7.053916931152344
1753064225613,2.161365509033203,-2.588730573654175,
1753064225614,,-1.568800687789917,
1753064225616,3.353677988052368,-1.9662381410598755,
1753064225617,,-3.603872060775757,9.989208221435547
1753064225618,,,8.423399925231934
1753064225619,0.6961141228675842,-3.225588321685791,
1753064225620,3.004124641418457,-1.9518729448318481,9.711481094360352
1753064225667,2.7694928646087646,-3.714005470275879,10.803236961364746
1753064225668,,,8.691550254821777
1753064225717,1.9841946363449097,,
1753064225718,,-2.631826162338257,7.978078842163086
1753064226249,3.4781765937805176,-4.207211017608643,10.597334861755371
1753064226252,2.5540146827697754,-3.8097734451293945,8.983643531799316
1753064226303,2.324171304702759,,
1753064226304,,-4.001309394836426,8.605359077453613
1753064226353,1.4191631078720093,-4.523245334625244,9.381080627441406
1753064226404,2.1278467178344727,,
1753064226405,,-4.413112163543701,9.16081428527832
1753064226452,2.324171304702759,-4.686051368713379,9.716269493103027
1753064226503,2.0177135467529297,-4.082712650299072,7.8966755867004395
1753064226552,1.9889830350875854,-4.053982257843018,9.610923767089844
1753064226603,2.137423515319824,-3.9486372470855713,
1753064226604,,,8.327631950378418
1753064226652,1.9698294401168823,,
1753064226653,2.2188265323638916,-4.235941410064697,9.16081428527832
1753064226703,2.2427685260772705,,
1753064226704,1.7926585674285889,-4.058770656585693,8.816049575805664
1753064226753,2.008136749267578,-4.197634220123291,9.381080627441406
1753064226803,2.1039047241210938,,
1753064226804,1.6059107780456543,-3.958214044570923,8.46170711517334
1753064226852,1.9027918577194214,,
1753064226853,1.8309657573699951,-4.987720489501953,10.62127685546875
1753064226903,1.6777368783950806,,
1753064226904,,-3.685275077819824,6.848015308380127
1753064226953,2.05123233795166,-4.4274773597717285,10.037092208862305
1753064227003,1.8453309535980225,,
1753064227004,1.6873136758804321,-3.737947463989258,6.972513675689697
1753064227052,1.8596961498260498,,
1753064227053,,-4.269460201263428,9.132083892822266
1753064227103,2.362478494644165,,
1753064227104,,-4.2742486000061035,8.179191589355469
1753064227152,1.8932149410247803,-3.9007530212402344,
1753064227153,,-3.929483652114868,8.51916790008545
1753064227204,2.1948843002319336,-4.599860191345215,9.074623107910156
1753064227252,1.3856441974639893,,
1753064227253,1.0121487379074097,-5.270236492156982,9.314043045043945
1753064227303,1.8596961498260498,,
1753064227304,2.917933225631714,-3.9438488483428955,8.332420349121094
1753064227352,1.974617838859558,,
1753064227353,2.123058319091797,-3.7906198501586914,8.638877868652344
1753064227404,2.319382905960083,-2.713229179382324,8.768165588378906
1753064227452,2.367266893386841,-2.981379747390747,
1753064227453,,-3.1441853046417236,7.379528045654297
1753064227503,1.7016788721084595,,
1753064227504,,-3.5033156871795654,7.638102054595947
1753064227552,2.4151508808135986,,
1753064227553,2.1326351165771484,-3.0627825260162354,7.772177219390869
1753064227603,2.3481132984161377,,
1753064227604,2.271498918533325,-4.963778495788574,9.768941879272461
1753064227652,1.3425486087799072,,
1753064227653,2.8556840419769287,-3.4745852947235107,6.996456146240234
1753064227703,3.229179620742798,,
1753064227704,,-4.556764602661133,12.282853126525879
1753064227752,2.7024552822113037,,
1753064227753,2.324171304702759,-3.488950490951538,8.294113159179688
1753064227803,2.405574083328247,,
1753064227804,,-3.9007530212402344,10.82239055633545
1753064227852,2.7742812633514404,,
1753064227853,,-3.7714662551879883,9.170391082763672
1753064227903,1.8261773586273193,,
1753064227904,,-3.5511996746063232,9.031527519226074
1753064227952,2.1517887115478516,,
1753064227953,2.1086931228637695,-3.18249249458313,7.781754016876221
1753064228003,1.9602526426315308,,
1753064228004,1.7208324670791626,-4.111443042755127,9.706692695617676
1753064228052,2.429516077041626,,
1753064228053,,-3.618237257003784,8.327631950378418
1753064228103,1.9602526426315308,,
1753064228104,,-4.149750232696533,9.816825866699219
1753064228152,2.2810757160186768,,
1753064228153,2.520495891571045,-3.9821560382843018,9.25179386138916
1753064228203,2.6210522651672363,,
1753064228204,,-3.5176808834075928,10.061034202575684
1753064228252,2.721608877182007,,
1753064228253,,-4.168903827667236,9.907805442810059
1753064228303,1.9698294401168823,,
1753064228304,,-3.0436289310455322,8.183979988098145
1753064228352,2.257133722305298,,
1753064228353,1.912368655204773,-3.891176223754883,8.940547943115234
1753064228403,1.6873136758804321,,
1753064228404,1.8070237636566162,-2.9047651290893555,7.53275728225708
1753064228452,2.056020736694336,,
1753064228453,1.8501193523406982,-3.244741916656494,7.513603687286377
1753064228503,1.898003339767456,,
1753064228504,1.7639280557632446,-3.953425645828247,8.5287446975708
1753064228552,1.9363106489181519,,
1753064228553,2.453458309173584,-3.330933094024658,7.436988830566406
1753064228603,2.6402058601379395,,
1753064228604,2.2427685260772705,-4.092289447784424,10.525508880615234
1753064228653,2.601898670196533,-3.4602200984954834,8.016386032104492
1753064228704,2.4582467079162598,-4.0300397872924805,10.721834182739258
1753064228752,2.1326351165771484,,
1753064228753,2.036867141723633,-4.5854949951171875,9.098565101623535
1753064228804,2.2810757160186768,-4.006097793579102,10.357914924621582
1753064228853,3.6840779781341553,-4.365228176116943,11.200674057006836
1753064228903,1.5532383918762207,-3.618237257003784,
1753064228904,,,7.8966755867004395
1753064228952,2.2379801273345947,,
1753064228953,3.138199806213379,-3.599083662033081,9.55825138092041
1753064229003,3.052008628845215,,
1753064229004,,-4.087501049041748,10.003573417663574
1753064229052,1.7735048532485962,,
1753064229053,,-3.4602200984954834,8.490437507629395
1753064229103,2.668936252593994,-4.226364612579346,
1753064229104,,,10.094552993774414
1753064229152,1.4622586965560913,,
1753064229153,2.4917654991149902,-3.354875087738037,8.5287446975708
1753064229203,2.779069662094116,,
1753064229204,1.8836381435394287,-4.149750232696533,9.802460670471191
1753064229252,1.4862006902694702,,
1753064229253,2.3050177097320557,-2.9909565448760986,7.877521991729736
1753064229303,2.980182647705078,-3.958214044570923,
1753064229304,,,9.931747436523438
1753064229352,1.4047977924346924,,
1753064229353,1.8453309535980225,-3.1968579292297363,7.235876083374023
1753064229403,2.5683798789978027,,
1753064229404,2.4151508808135986,-4.1880574226379395,9.970054626464844
1753064229452,1.6777368783950806,,
1753064229453,,-3.1729156970977783,7.264606475830078
1753064229503,2.6114754676818848,,
1753064229504,,-4.686051368713379,10.58775806427002
1753064229552,2.4678235054016113,,
1753064229553,2.472611904144287,-3.2830491065979004,8.18876838684082
1753064229603,2.7503392696380615,,
1753064229604,,-3.9246952533721924,10.367491722106934
1753064229652,2.338536500930786,,
1753064229653,2.692878246307373,-3.819350242614746,8.859145164489746
1753064229704,1.878849744796753,-4.365228176116943,9.610923767089844
1753064229753,1.9889830350875854,-3.3069911003112793,9.768941879272461
1753064229803,2.9083564281463623,-3.6134488582611084,
1753064229804,,-4.053982257843018,8.796895980834961
1753064229852,1.6202759742736816,,
1753064229853,2.3050177097320557,-3.3931822776794434,8.083423614501953
1753064229903,1.9506758451461792,,
1753064229904,,-3.3883938789367676,8.22228717803955
1753064229952,1.5245078802108765,,
1753064229953,1.3090298175811768,-3.3644518852233887,8.361150741577148
1753064230004,2.099116325378418,-3.7187938690185547,7.844003200531006
1753064230052,2.1709423065185547,,
1753064230053,2.3481132984161377,-3.0436289310455322,8.049904823303223
1753064230103,2.5300726890563965,,
1753064230104,,-3.618237257003784,8.49522590637207
1753064230152,2.3481132984161377,,
1753064230153,2.1805191040039062,-3.848080635070801,9.5007905960083
1753064230203,2.324171304702759,,
1753064230204,2.8173768520355225,-3.3452982902526855,7.776965618133545
1753064230252,1.8644845485687256,,
1753064230253,1.9698294401168823,-3.757101058959961,9.074623107910156
1753064230303,2.42472767829895,-3.618237257003784,
1753064230304,,,8.562263488769531
1753064230352,1.8261773586273193,,
1753064230353,2.5252842903137207,-3.3740286827087402,7.968502044677734
1753064230403,2.166153907775879,,
1753064230404,1.6011223793029785,-3.934272050857544,9.09377670288086
1753064230452,2.3337481021881104,,
1753064230453,2.1948843002319336,-3.421912670135498,9.634865760803223
1753064230503,2.477400302886963,,
1753064230504,,-3.1489737033843994,7.681197643280029
1753064230553,1.5053542852401733,-3.9246952533721924,9.199121475219727
1753064230603,2.324171304702759,,
1753064230604,2.5731682777404785,-3.206434726715088,8.490437507629395
1753064230652,2.1565771102905273,,
1753064230653,1.9602526426315308,-4.432265758514404,10.391433715820312
1753064230703,2.1086931228637695,,
1753064230704,,-3.0771477222442627,7.958924770355225
1753064230753,2.7120320796966553,-4.52803373336792,10.870274543762207
1753064230803,1.7782933712005615,,
1753064230804,2.3337481021881104,-3.005321741104126,7.039551734924316
1753064230852,2.2667105197906494,,
1753064230853,2.1805191040039062,-3.934272050857544,9.812037467956543
1753064230903,2.3576900959014893,,
1753064230904,,-2.8616695404052734,7.484873294830322
1753064230953,2.515707492828369,-3.5511996746063232,8.835203170776367
1753064231003,1.567603588104248,,
1753064231004,1.7495628595352173,-2.7563247680664062,7.073070526123047
1753064231052,1.4814122915267944,,
1753064231053,1.5292962789535522,-3.8145618438720703,8.658031463623047
1753064231103,2.276287317276001,,
1753064231104,,-3.62302565574646,8.413823127746582
1753064231152,1.4095861911773682,,
1753064231153,2.9227216243743896,-3.402759075164795,7.039551734924316
1753064231204,2.6880898475646973,-4.590283393859863,11.41136360168457
1753064231252,3.8133647441864014,,
1753064231253,2.448669672012329,-4.772242546081543,11.741764068603516
1753064231303,1.8405425548553467,,
1753064231304,,-3.2160115242004395,8.466495513916016
1753064231399,2.161365509033203,,
1753064231400,2.1134815216064453,-4.609436988830566,11.50234317779541
1753064231451,2.204461097717285,-3.757101058959961,9.021950721740723
1753064231501,2.1422119140625,,
1753064231502,1.2180501222610474,-3.3500866889953613,8.456918716430664
1753064231551,2.692878246307373,-3.2974143028259277,8.571840286254883
1753064231601,1.634641170501709,,
1753064231602,1.8405425548553467,-3.575141668319702,7.834426403045654
1753064231651,1.8453309535980225,-3.7475242614746094,8.998008728027344
1753064232863,2.3145945072174072,-3.886387825012207,9.146449089050293
1753064232868,3.0328550338745117,-3.5942952632904053,11.205462455749512
1753064232918,2.5971102714538574,-2.2822728157043457,8.523956298828125
1753064232964,3.1429882049560547,-3.838503837585449,9.586981773376465
1753064233019,0.48063600063323975,-2.631826162338257,5.670068264007568
1753064233064,4.263474464416504,-4.949413299560547,
1753064233065,,,12.330737113952637
1753064233116,0.2364274114370346,-2.1960813999176025,4.439448356628418
1753064233165,2.7503392696380615,-4.829703330993652,12.771270751953125
1753064233261,3.0376434326171875,-2.8137855529785156,6.766612529754639
1753064233265,2.779069662094116,,
1753064233266,1.8596961498260498,-4.044404983520508,11.574169158935547
1753064233315,4.301782131195068,-3.737947463989258,10.56381607055664
1753064233364,3.468599796295166,-3.8289270401000977,10.199897766113281
1753064233414,1.9841946363449097,-3.287837505340576,8.5287446975708
1753064233463,2.008136749267578,-3.3500866889953613,8.825626373291016
1753064235176,2.094327926635742,,
1753064235177,1.7256208658218384,-3.6517560482025146,
1753064235182,,-3.2974143028259277,8.471283912658691
1753064235187,1.5723919868469238,,
1753064235226,1.490989089012146,-3.1250317096710205,6.503250598907471
1753064235277,2.984971046447754,-4.298190593719482,10.276512145996094
1753064235325,1.811812162399292,,
1753064235326,1.878849744796753,-4.652532577514648,6.115389823913574
1753064237011,0.6003460884094238,-5.064335346221924,10.386645317077637
1753064237012,,,8.490437507629395
1753064237015,2.544437885284424,-4.662109375,10.650007247924805
1753064237066,1.2611457109451294,-4.96856689453125,
1753064237067,,-4.31255578994751,8.902240753173828
1753064237118,2.601898670196533,-4.049193859100342,8.892663955688477
1753064237166,2.515707492828369,,
1753064237167,,-4.604648590087891,9.280524253845215
1753064237217,1.1893197298049927,,
1753064237218,,-4.235941410064697,8.15524959564209
1753064237266,1.9219454526901245,,
1753064237267,,-4.724358558654785,10.582969665527344
1753064237317,2.257133722305298,-4.1210198402404785,7.30770206451416
1753064237885,1.2419921159744263,,
1753064237886,,-4.5423994064331055,9.103353500366211
1753064237894,2.0033483505249023,,
1753064237895,2.0703859329223633,-3.9821560382843018,8.543109893798828
1753064237947,1.6154875755310059,-4.733935356140137,8.749011993408203
1753064237997,1.811812162399292,-4.690839767456055,
1753064237998,,,8.471283912658691
1753064238046,2.42472767829895,-4.13059663772583,9.49121379852295
1753064238097,1.548449993133545,,
1753064238098,1.9841946363449097,-4.144961833953857,8.394669532775879
1753064238146,1.467047095298767,,
1753064238147,,-3.8576574325561523,7.978078842163086
1753064238197,1.7591396570205688,-4.31255578994751,
1753064238198,,,8.418611526489258
1753064239067,1.6250643730163574,,
1753064239068,,-3.752312660217285,7.753023624420166
1753064239071,2.779069662094116,,
1753064239072,,-3.6373908519744873,8.035539627075195
1753064239120,1.5436615943908691,-3.862445831298828,9.577404975891113
1753064239121,,,9.261370658874512
1753064239173,1.5963339805603027,-3.953425645828247,8.255805969238281
1753064239220,2.2667105197906494,-4.293402194976807,
1753064239221,,,9.965266227722168
1753064244950,1.7256208658218384,,
1753064244951,,-3.1633388996124268,7.3651628494262695
1753064244952,,,8.634089469909668
1753064244955,1.634641170501709,-4.743512153625488,8.18876838684082
1753064245006,1.2132617235183716,-4.3173441886901855,7.585429668426514
1753064245057,1.4574702978134155,,
1753064245058,,-4.705204963684082,8.107365608215332
1753064257797,1.9075802564620972,-4.216787815093994,8.993220329284668
1753064257798,2.0655975341796875,-4.5423994064331055,8.839991569519043
1753064257799,2.5300726890563965,-3.996521234512329,8.610147476196289
1753064257800,0.49978959560394287,-7.635707855224609,8.145672798156738
1753064257801,0.7727286219596863,-7.108983516693115,6.962936878204346
1753064257806,0.9690531492233276,-7.199963092803955,6.4601545333862305
1753064257857,1.0552444458007812,-7.070676326751709,6.666056156158447
1753064257908,0.8637082576751709,,
1753064257909,0.7631517648696899,-7.113771915435791,6.646902561187744
1753064257957,0.7966706156730652,,
1753064257958,0.8637082576751709,,
1753064257959,,-7.113771915435791,6.484096527099609
1753064258008,0.8493430614471436,,
1753064258009,0.8493430614471436,-6.898293495178223,6.699574947357178
1753064258057,0.9403226971626282,-7.13771390914917,6.77618932723999
1753064258108,0.7104793787002563,,
1753064258109,,-7.1472907066345215,6.627748966217041
1753064258157,0.8254010081291199,-7.051522731781006,6.613383769989014
1753064258208,0.8541314601898193,-7.1903862953186035,6.584653377532959
1753064258258,0.839766263961792,-7.1472907066345215,6.522404193878174
1753064258309,0.9259575009346008,-7.195174694061279,6.6181721687316895
1753064258357,0.7583633661270142,-7.334038257598877,6.565499782562256
1753064258410,1.0456676483154297,-6.941389083862305,
1753064258411,,-7.0371575355529785,6.287772178649902
1753064258457,1.2515689134597778,-7.199963092803955,7.159261703491211
1753064258509,0.945111095905304,-7.051522731781006,6.479308128356934
1753064258558,0.7870938181877136,,
1753064258559,,-7.1041951179504395,6.517615795135498
1753064258609,0.7583633661270142,,
1753064258611,0.8110358119010925,-7.314884662628174,6.570288181304932
1753064258633,0.8732850551605225,-7.199963092803955,6.479308128356934
1753064258660,0.9068039059638977,-7.185597896575928,6.56071138381958
1753064258708,0.8732850551605225,,
1753064258709,,-7.113771915435791,6.555922985076904
1753064258758,0.9690531492233276,-7.329249858856201,6.579864978790283
1753064258809,0.9115923047065735,-7.156867504119873,
1753064258810,,-7.132925510406494,6.421847343444824
1753064258858,1.0648212432861328,,
1753064258859,,-7.056311130523682,6.886322498321533
1753064258909,0.9977835416793823,-7.156867504119873,
1753064258910,,-7.180809497833252,6.4601545333862305
1753064258957,0.7439981698989868,,
1753064258958,0.7631517648696899,-7.1041951179504395,6.412270545959473
1753064259008,0.9259575009346008,,
1753064259009,1.0121487379074097,-7.26221227645874,6.785766124725342
1753064259057,0.7918822169303894,,
1753064259058,,-6.965331077575684,6.273406982421875
1753064259109,0.8589198589324951,-7.04673433303833,6.948571681976318
1753064259158,0.6865373253822327,-7.085041522979736,6.613383769989014
1753064259210,0.7152677774429321,-7.065887928009033,6.627748966217041
1753064259258,0.8301894664764404,-7.099406719207764,
1753064259259,,-7.132925510406494,6.713940143585205
1753064259309,0.8206126093864441,-7.166444301605225,6.589441776275635
1753064259358,0.9259575009346008,,
1753064259359,0.9068039059638977,-7.152079105377197,6.713940143585205
1753064259410,0.8924387097358704,-7.219116687774658,6.522404193878174
1753064259458,1.127070426940918,-7.128137111663818,
1753064259459,,,6.541557788848877
1753064259509,1.1701661348342896,-6.955754280090332,
1753064259510,,-7.128137111663818,6.713940143585205
1753064259558,1.0696096420288086,-7.094618320465088,
1753064259559,,-7.032369136810303,6.627748966217041
1753064259609,0.8301894664764404,,
1753064259610,,-7.113771915435791,6.4601545333862305
1753064259658,0.8206126093864441,-7.04673433303833,
1753064259659,,,6.503250598907471
1753064259709,0.7823054194450378,-7.22869348526001,6.7474589347839355
1753064259758,0.9690531492233276,,
1753064259759,,-7.1712327003479,6.469731330871582
1753064259809,1.1318588256835938,,
1753064259810,,-7.1903862953186035,6.622960567474365
1753064259858,1.103128433227539,,
1753064259859,,-7.180809497833252,6.646902561187744
1753064259909,1.1414356231689453,,
1753064259910,1.1414356231689453,-7.199963092803955,6.536769390106201
1753064259958,1.1366472244262695,-7.070676326751709,6.627748966217041
1753064260009,1.0456676483154297,-7.22869348526001,6.522404193878174
1753064260058,0.9355342984199524,-7.142502307891846,
1753064260059,,,6.421847343444824
1753064260109,1.060032844543457,-7.152079105377197,6.6612677574157715
1753064260159,0.9498994946479797,-7.204751491546631,6.570288181304932
1753064260210,0.9307458996772766,-7.118560314178467,6.613383769989014
1753064260260,0.9690531492233276,-7.166444301605225,6.680421352386475
1753064260309,1.0648212432861328,-7.027580738067627,6.512827396392822
1753064260358,1.127070426940918,-6.9940619468688965,
1753064260359,,,6.642114162445068
1753064260360,,,6.718728542327881
1753064260410,0.9977835416793823,-7.199963092803955,6.632537364959717
1753064260459,0.7966706156730652,-7.2334818840026855,
1753064260461,,,6.484096527099609
1753064260511,0.9163807034492493,-7.180809497833252,6.599018573760986
1753064260559,1.0791864395141602,-7.128137111663818,6.656479358673096
1753064260613,1.0791864395141602,,
1753064260614,,-7.065887928009033,6.493673324584961
1753064260659,1.0743980407714844,-7.156867504119873,6.728305339813232
1753064260710,1.0935516357421875,-7.152079105377197,6.570288181304932
1753064260759,0.9882067441940308,-7.003638744354248,6.522404193878174
1753064260812,1.0169371366500854,-7.113771915435791,6.6181721687316895
1753064260858,0.8206126093864441,-7.018003940582275,
1753064260859,,,6.441000938415527
1753064260909,0.801459014415741,-7.199963092803955,6.819284915924072
1753064260959,0.9929951429367065,,
1753064260960,1.0456676483154297,-7.051522731781006,6.546346187591553
1753064261011,1.060032844543457,-6.998850345611572,6.838438510894775
1753064261060,1.026513934135437,-7.128137111663818,
1753064261061,,-7.0802531242370605,
1753064261062,,,6.713940143585205
1753064261108,0.983418345451355,,
1753064261109,1.0073603391647339,-7.161655902862549,6.484096527099609
1753064261158,0.9642647504806519,-7.1472907066345215,6.5511345863342285
1753064261208,1.1605892181396484,,
1753064261209,1.2324153184890747,-7.2334818840026855,6.52719259262085
1753064261257,1.2419921159744263,,
1753064261258,1.2515689134597778,-7.075464725494385,6.6181721687316895
1753064261308,1.184531331062317,-6.936600685119629,
1753064261309,,-6.936600685119629,6.570288181304932
1753064261357,0.9355342984199524,,
1753064261358,0.945111095905304,-7.113771915435791,6.512827396392822
1753064261408,0.9929951429367065,,
1753064261409,,-7.008427143096924,6.656479358673096
1753064261457,0.8637082576751709,,
1753064261458,,-6.979696273803711,6.728305339813232
1753064261508,0.9115923047065735,,
1753064261509,,-7.1041951179504395,6.642114162445068
1753064261558,0.9642647504806519,-6.998850345611572,6.74267053604126
1753064261609,1.1366472244262695,-7.1472907066345215,6.886322498321533
1753064261658,0.9307458996772766,-7.199963092803955,6.905476093292236
1753064261709,0.6865373253822327,-7.204751491546631,6.670844554901123
1753064261758,0.7775170207023621,-7.2574238777160645,
1753064261759,,,6.182427406311035
1753064261809,0.839766263961792,-7.276577472686768,6.680421352386475
1753064261857,1.4287399053573608,-6.764218330383301,
1753064261858,,-6.778583526611328,6.74267053604126
1753064261908,1.4095861911773682,,
1753064261909,1.3090298175811768,-7.018003940582275,6.642114162445068
1753064261958,0.7487865686416626,-7.209539890289307,6.445789337158203
1753064262010,0.7823054194450378,-7.434594631195068,6.397905349731445
1753064262058,0.9786299467086792,-7.310096263885498,6.56071138381958
1753064262110,1.390432596206665,-6.931812286376953,6.546346187591553
1753064262159,1.1318588256835938,-7.286154270172119,6.723516941070557
1753064262211,0.9068039059638977,-7.142502307891846,6.599018573760986
1753064262260,0.8541314601898193,-7.0132155418396,6.613383769989014
1753064262261,,,6.531980991363525
1753064262309,0.9690531492233276,,
1753064262310,1.026513934135437,-7.118560314178467,
1753064262312,,,6.536769390106201
1753064262363,1.002571940422058,-7.008427143096924,6.7043633460998535
1753064262364,,,6.450577735900879
1753064262409,1.0504560470581055,-7.281365871429443,6.74267053604126
1753064262460,0.8637082576751709,-7.3436150550842285,6.292560577392578
1753064262509,0.8349778652191162,-7.22869348526001,6.555922985076904
1753064262560,0.9355342984199524,,
1753064262561,,-7.176021099090576,6.584653377532959
1753064262609,1.0073603391647339,-6.989273548126221,6.450577735900879
1753064262662,0.9403226971626282,,
1753064262663,0.8732850551605225,-6.883928298950195,6.943783283233643
1753064262711,0.7775170207023621,-7.061099529266357,
1753064262712,,-7.018003940582275,6.512827396392822
1753064262760,0.8493430614471436,,
1753064262761,0.8158242106437683,-7.1041951179504395,6.713940143585205
1753064262809,0.9115923047065735,-7.152079105377197,6.9006876945495605
1753064262860,0.9259575009346008,-7.401075839996338,
1753064262861,,-7.209539890289307,6.235099792480469
1753064262909,0.945111095905304,-7.295731067657471,6.316502571105957
1753064262959,1.4143747091293335,-7.2334818840026855,
1753064262960,,,6.871957302093506
1753064263009,1.2084733247756958,-7.027580738067627,6.441000938415527
1753064263060,1.1127052307128906,-6.936600685119629,6.6181721687316895
1753064263109,1.026513934135437,-7.041945934295654,6.733093738555908
1753064263110,,,6.8336501121521
1753064263160,0.9690531492233276,-7.223905086517334,6.68520975112915
1753064263209,1.0313023328781128,,
1753064263210,1.026513934135437,-7.032369136810303,6.675632953643799
1753064263259,1.026513934135437,,
1753064263260,0.8493430614471436,-7.027580738067627,6.699574947357178
1753064263309,0.945111095905304,-7.142502307891846,6.7714009284973145
1753064263360,1.0360907316207886,-6.9940619468688965,6.575076580047607
1753064263409,0.9882067441940308,-7.056311130523682,
1753064263410,,-7.008427143096924,6.565499782562256
1753064263460,1.1605892181396484,-7.094618320465088,6.733093738555908
1753064263508,1.1318588256835938,,
1753064263509,1.0121487379074097,-6.941389083862305,6.522404193878174
1753064263560,0.9642647504806519,,
1753064263561,,-7.214328289031982,6.579864978790283
1753064263609,1.0983400344848633,-7.161655902862549,6.632537364959717
1753064263662,1.0983400344848633,-7.142502307891846,6.536769390106201
1753064263710,0.9642647504806519,-7.563881874084473,6.565499782562256
1753064263763,1.1366472244262695,-7.4106526374816895,6.287772178649902
1753064263809,1.2563573122024536,-7.056311130523682,6.7714009284973145
1753064263860,1.5005658864974976,-7.041945934295654,
1753064263861,,-7.089829921722412,6.613383769989014
1753064263908,1.227626919746399,-7.027580738067627,6.479308128356934
1753064263958,1.0408791303634644,,
1753064263959,,-7.209539890289307,6.436212539672852
1753064264007,1.0648212432861328,,
1753064264008,,-7.267000675201416,6.441000938415527
1753064264058,1.0456676483154297,-7.094618320465088,
1753064264059,,,6.536769390106201
1753064264107,0.9738415479660034,,
1753064264108,,-7.267000675201416,6.599018573760986
1753064264159,1.0887632369995117,-7.1903862953186035,6.622960567474365
1753064264208,1.1701661348342896,-6.998850345611572,6.632537364959717
1753064264261,1.1414356231689453,-7.26221227645874,6.369174957275391
1753064264309,0.921169102191925,-7.204751491546631,6.378751754760742
1753064264359,1.103128433227539,,
1753064264360,,-7.247847080230713,6.579864978790283
1753064264408,1.1414356231689453,,
1753064264409,1.246780514717102,-7.185597896575928,6.56071138381958
1753064264459,1.20368492603302,,
1753064264460,1.1127052307128906,-7.022792339324951,6.6612677574157715
1753064264509,1.0073603391647339,-7.1041951179504395,6.603806972503662
1753064264563,0.8493430614471436,-7.1712327003479,6.469731330871582
1753064264607,1.1174936294555664,-7.085041522979736,6.632537364959717
1753064264659,1.1414356231689453,-6.950965881347656,6.709151744842529
1753064264707,0.9786299467086792,,
1753064264708,0.9259575009346008,-7.022792339324951,6.1967926025390625
1753064264759,1.0504560470581055,-7.061099529266357,6.8336501121521
1753064264809,0.9882067441940308,,
1753064264810,1.0169371366500854,-7.2574238777160645,6.646902561187744
1753064264859,0.9690531492233276,-7.108983516693115,6.599018573760986
1753064264860,,,6.575076580047607
1753064264909,0.983418345451355,-7.0371575355529785,
1753064264910,,,6.7474589347839355
1753064264960,0.839766263961792,-6.9940619468688965,
1753064264962,,,6.570288181304932
1753064265009,1.103128433227539,-7.027580738067627,6.828861713409424
1753064265060,1.2324153184890747,-7.061099529266357,
1753064265061,,-6.82167911529541,
1753064265108,1.0456676483154297,,
1753064265109,1.127070426940918,-6.998850345611572,
1753064265110,,,6.56071138381958
1753064265160,1.0887632369995117,,
1753064265161,,-6.9940619468688965,6.795342922210693
1753064265210,0.9355342984199524,-7.161655902862549,6.546346187591553
1753064265263,1.0360907316207886,-7.142502307891846,6.584653377532959
1753064265310,1.0217255353927612,,
1753064265311,,-7.022792339324951,6.795342922210693
1753064265363,1.2180501222610474,-7.132925510406494,6.584653377532959
1753064265409,1.060032844543457,-7.118560314178467,6.689998149871826
1753064265460,1.2850877046585083,-7.113771915435791,
1753064265461,,,6.656479358673096
1753064265509,1.1941081285476685,-7.128137111663818,6.599018573760986
1753064265560,1.1941081285476685,,
1753064265561,1.1414356231689453,-7.056311130523682,6.5942301750183105
1753064265608,1.146224021911621,-7.085041522979736,6.666056156158447
1753064265658,1.0504560470581055,,
1753064265659,,-7.176021099090576,6.469731330871582
1753064265707,1.1988965272903442,,
1753064265708,1.2228385210037231,-7.0802531242370605,6.65169095993042
1753064265759,1.2324153184890747,-7.003638744354248,6.56071138381958
1753064265808,1.1797429323196411,,
1753064265809,,-7.185597896575928,6.656479358673096
1753064265859,1.20368492603302,-6.764218330383301,6.637325763702393
1753064265908,1.1701661348342896,,
1753064265909,,-7.123348712921143,6.713940143585205
1753064265959,1.060032844543457,-7.061099529266357,6.680421352386475
1753064265960,,,6.512827396392822
1753064266008,0.8206126093864441,,
1753064266009,,-6.955754280090332,6.546346187591553
1753064266059,1.0313023328781128,,
1753064266060,,-7.458536624908447,6.603806972503662
1753064266108,0.9738415479660034,-6.927023887634277,6.622960567474365
1753064266160,1.0887632369995117,,
1753064266161,,-7.032369136810303,6.761824131011963
1753064266210,1.0169371366500854,,
1753064266211,0.9882067441940308,-7.204751491546631,6.493673324584961
1753064266263,1.0121487379074097,-6.9940619468688965,6.546346187591553
1753064266309,1.4814122915267944,-6.91265869140625,6.838438510894775
1753064266360,1.2419921159744263,,
1753064266361,,-7.0371575355529785,6.728305339813232
1753064266409,0.9977835416793823,-7.070676326751709,6.666056156158447
1753064266462,0.9355342984199524,-7.142502307891846,6.541557788848877
1753064266510,0.9929951429367065,,
1753064266511,,-7.223905086517334,6.541557788848877
1753064266561,1.0983400344848633,,
1753064266562,1.0456676483154297,-7.018003940582275,6.637325763702393
1753064266608,1.2563573122024536,-7.065887928009033,6.824073314666748
1753064266659,1.083974838256836,-6.979696273803711,6.469731330871582
1753064266708,1.0887632369995117,-7.0802531242370605,6.689998149871826
1753064266759,1.0887632369995117,,
1753064266760,1.0743980407714844,-7.22869348526001,6.608595371246338
1753064266808,1.0648212432861328,-7.152079105377197,6.632537364959717
1753064266860,1.2611457109451294,-6.970119476318359,6.752247333526611
1753064266909,1.1605892181396484,-7.056311130523682,6.7043633460998535
1753064266960,1.1127052307128906,-6.950965881347656,6.627748966217041
1753064267009,1.060032844543457,-7.085041522979736,
1753064267010,,,6.7043633460998535
1753064267061,1.0360907316207886,,
1753064267062,1.1079168319702148,-7.152079105377197,6.498462200164795
1753064267111,1.1510124206542969,,
1753064267112,1.1366472244262695,-6.998850345611572,6.632537364959717
1753064267161,1.146224021911621,-7.022792339324951,6.68520975112915
1753064267209,1.026513934135437,-7.113771915435791,6.570288181304932
1753064267260,1.1318588256835938,,
1753064267261,1.1366472244262695,-6.931812286376953,6.666056156158447
1753064267310,1.246780514717102,-7.0371575355529785,6.852803707122803
1753064267363,1.1366472244262695,-7.056311130523682,6.517615795135498
1753064267411,1.0313023328781128,,
1753064267412,,-7.0371575355529785,6.642114162445068
1753064267460,1.1318588256835938,-7.118560314178467,6.68520975112915
1753064267461,,,6.766612529754639
1753064267509,1.1222820281982422,-7.108983516693115,6.52719259262085
1753064267561,1.1174936294555664,,
1753064267562,1.1701661348342896,-7.099406719207764,6.8336501121521
1753064267608,1.184531331062317,-7.070676326751709,
1753064267609,,,6.642114162445068
1753064267659,1.127070426940918,-6.989273548126221,6.656479358673096
1753064267708,1.1605892181396484,-6.950965881347656,6.8144965171813965
1753064267759,1.0983400344848633,-7.065887928009033,6.455366134643555
1753064267809,1.103128433227539,-7.051522731781006,
1753064267810,,,6.689998149871826
1753064267860,1.0983400344848633,-7.108983516693115,6.613383769989014
1753064267911,1.103128433227539,-7.123348712921143,6.570288181304932
1753064267960,1.1318588256835938,-6.960542678833008,6.709151744842529
1753064268009,1.0456676483154297,-7.132925510406494,6.670844554901123
1753064268060,0.9929951429367065,-7.1041951179504395,6.575076580047607
1753064268108,1.0696096420288086,,
1753064268109,1.0073603391647339,-6.9940619468688965,6.694786548614502
1753064268158,0.9786299467086792,,
1753064268159,,-7.176021099090576,6.531980991363525
1753064268208,1.0552444458007812,-7.061099529266357,6.517615795135498
1753064268263,1.0504560470581055,-7.070676326751709,6.752247333526611
1753064268309,1.0743980407714844,,
1753064268310,1.0887632369995117,-7.13771390914917,6.608595371246338
1753064268361,0.9929951429367065,-7.003638744354248,6.68520975112915
1753064268409,1.026513934135437,-7.0132155418396,6.737882137298584
1753064268459,1.0169371366500854,,
1753064268460,1.0456676483154297,-7.166444301605225,6.52719259262085
1753064268508,0.9929951429367065,,
1753064268509,1.026513934135437,-7.089829921722412,6.541557788848877
1753064268563,1.083974838256836,-7.132925510406494,6.728305339813232
1753064268608,1.0696096420288086,-7.1472907066345215,6.522404193878174
1753064268659,1.0408791303634644,-6.989273548126221,6.699574947357178
1753064268707,0.9642647504806519,,
1753064268708,0.945111095905304,-7.142502307891846,
1753064268709,,,6.689998149871826
1753064268759,0.9690531492233276,-7.089829921722412,6.484096527099609
1753064268809,1.1127052307128906,-7.008427143096924,6.728305339813232
1753064268861,1.0791864395141602,-7.118560314178467,6.584653377532959
1753064268910,1.002571940422058,-7.0802531242370605,6.536769390106201
1753064268959,0.9977835416793823,-7.108983516693115,
1753064268960,,,6.737882137298584
1753064269009,0.9738415479660034,-7.13771390914917,
1753064269010,,,6.546346187591553
1753064269060,1.0360907316207886,,
1753064269061,1.0504560470581055,-7.04673433303833,6.74267053604126
1753064269109,1.1079168319702148,-6.998850345611572,6.656479358673096
1753064269158,0.8924387097358704,,
1753064269159,0.8541314601898193,-7.061099529266357,6.5511345863342285
1753064269207,0.8637082576751709,,
1753064269208,0.882861852645874,-7.032369136810303,6.656479358673096
1753064269259,0.9307458996772766,-7.166444301605225,6.7043633460998535
1753064269308,1.083974838256836,,
1753064269309,,-7.156867504119873,6.565499782562256
1753064269360,0.9786299467086792,-7.094618320465088,6.637325763702393
1753064269410,0.8732850551605225,-7.2334818840026855,6.369174957275391
1753064269463,1.3186066150665283,-7.032369136810303,6.824073314666748
1753064269510,1.2898762226104736,,
1753064269511,1.1366472244262695,-6.898293495178223,6.689998149871826
1753064269560,1.002571940422058,-7.156867504119873,6.555922985076904
1753064269609,0.839766263961792,-7.13771390914917,6.52719259262085
1753064269660,1.002571940422058,-7.099406719207764,6.656479358673096
1753064269708,1.0313023328781128,-7.118560314178467,6.599018573760986
1753064269759,0.9977835416793823,-6.989273548126221,6.675632953643799
1753064269808,1.0408791303634644,-7.118560314178467,6.7043633460998535
1753064269859,0.9786299467086792,-7.061099529266357,6.565499782562256
1753064269908,0.9738415479660034,,
1753064269909,,-7.018003940582275,6.699574947357178
1753064269959,1.0648212432861328,,
1753064269960,,-7.152079105377197,6.613383769989014
1753064270010,0.9690531492233276,-7.113771915435791,6.517615795135498
1753064270059,1.0360907316207886,-7.1041951179504395,6.7714009284973145
1753064270109,1.0983400344848633,-7.113771915435791,6.565499782562256
1753064270159,1.1510124206542969,,
1753064270160,1.0935516357421875,-6.965331077575684,6.713940143585205
1753064270209,1.1079168319702148,-7.061099529266357,6.8144965171813965
1753064270260,1.026513934135437,-7.065887928009033,6.450577735900879
1753064270310,1.0696096420288086,-7.075464725494385,6.699574947357178
1753064270359,1.1414356231689453,,
1753064270360,1.184531331062317,-7.128137111663818,6.608595371246338
1753064270409,1.2515689134597778,,
1753064270410,1.2372037172317505,-7.070676326751709,6.646902561187744
1753064270459,1.1893197298049927,,
1753064270460,1.127070426940918,-7.032369136810303,6.718728542327881
1753064270509,1.127070426940918,-7.128137111663818,6.6181721687316895
1753064270559,1.1749545335769653,,
1753064270560,1.2419921159744263,-6.979696273803711,6.718728542327881
1753064270609,1.3425486087799072,-6.8791399002075195,6.828861713409424
1753064270658,1.1893197298049927,-7.051522731781006,6.780977725982666
1753064270708,1.0360907316207886,-6.941389083862305,6.589441776275635
1753064270759,1.0696096420288086,-7.089829921722412,6.757035732269287
1753064270808,1.1366472244262695,,
1753064270809,,-7.070676326751709,6.642114162445068
1753064270858,1.184531331062317,,
1753064270859,1.227626919746399,-6.9461774826049805,6.74267053604126
1753064270909,1.2324153184890747,,
1753064270910,1.1605892181396484,-6.998850345611572,6.728305339813232
1753064270958,1.1653777360916138,,
1753064270959,1.1510124206542969,-7.089829921722412,6.599018573760986
1753064271009,1.1893197298049927,-6.9461774826049805,6.737882137298584
1753064271010,,,6.699574947357178
1753064271058,1.1605892181396484,-7.032369136810303,6.68520975112915
1753064271109,1.146224021911621,-7.061099529266357,6.666056156158447
1753064271110,,,6.575076580047607
1753064271158,1.2132617235183716,,
1753064271159,,-6.970119476318359,6.790554523468018
1753064271210,1.3760673999786377,-6.970119476318359,6.627748966217041
1753064271261,1.4287399053573608,-6.8791399002075195,
1753064271262,,-6.9461774826049805,6.819284915924072
1753064271312,1.390432596206665,-6.883928298950195,
1753064271313,,-6.859986305236816,6.895899295806885
1753064271361,1.2611457109451294,,
1753064271362,,-6.9461774826049805,6.728305339813232
1753064271409,1.2372037172317505,-6.8791399002075195,
1753064271410,,,6.737882137298584
1753064271459,1.1510124206542969,-7.027580738067627,6.613383769989014
1753064271510,1.0743980407714844,,
1753064271511,,-7.070676326751709,6.5942301750183105
1753064271559,1.3186066150665283,-6.917447090148926,6.589441776275635
1753064271610,1.2228385210037231,-7.003638744354248,6.752247333526611
1753064271658,1.0791864395141602,,
1753064271659,1.1749545335769653,-7.156867504119873,6.675632953643799
1753064271709,1.20368492603302,-6.998850345611572,
1753064271710,,,6.68520975112915
1753064271757,1.2802993059158325,,
1753064271758,1.3521254062652588,-7.061099529266357,6.790554523468018
1753064271809,1.3569138050079346,-6.950965881347656,6.656479358673096
1753064271860,1.270722508430481,,
1753064271861,1.2324153184890747,-6.979696273803711,6.713940143585205
1753064271909,1.20368492603302,,
1753064271910,,-7.099406719207764,6.575076580047607
1753064271959,1.1893197298049927,-6.9940619468688965,6.5511345863342285
1753064272009,1.2228385210037231,,
1753064272010,,-6.979696273803711,6.785766124725342
1753064272059,1.1701661348342896,-7.056311130523682,6.713940143585205
1753064272110,1.1174936294555664,-6.989273548126221,
1753064272111,,,6.622960567474365
1753064272162,1.1558008193969727,-6.974907875061035,6.737882137298584
1753064272213,1.1605892181396484,,
1753064272214,1.2132617235183716,-7.065887928009033,6.65169095993042
1753064272259,1.1414356231689453,-6.974907875061035,6.656479358673096
1753064272260,,,6.718728542327881
1753064272310,1.1797429323196411,-7.022792339324951,6.766612529754639
1753064272359,1.0935516357421875,-7.180809497833252,6.613383769989014
1753064272413,1.1318588256835938,-7.022792339324951,6.584653377532959
1753064272461,1.2324153184890747,-7.113771915435791,
1753064272463,,,6.728305339813232
1753064272510,1.2611457109451294,-6.974907875061035,6.493673324584961
1753064272559,1.2946646213531494,-6.998850345611572,6.603806972503662
1753064272610,1.1941081285476685,-7.108983516693115,6.728305339813232
1753064272659,1.146224021911621,-7.008427143096924,6.5942301750183105
1753064272709,1.146224021911621,-6.970119476318359,6.7474589347839355
1753064272757,1.0360907316207886,,
1753064272758,1.060032844543457,-7.1041951179504395,
1753064272809,1.002571940422058,-6.989273548126221,
1753064272810,,-7.056311130523682,6.709151744842529
1753064272858,1.103128433227539,,
1753064272859,1.0983400344848633,-6.974907875061035,6.804919719696045
1753064272909,1.103128433227539,-7.027580738067627,6.656479358673096
1753064272958,1.0648212432861328,-7.0371575355529785,
1753064272959,,-7.195174694061279,6.642114162445068
1753064273008,1.0456676483154297,,
1753064273009,1.0408791303634644,-7.132925510406494,6.68520975112915
1753064273057,1.0408791303634644,,
1753064273058,,-7.180809497833252,6.52719259262085
1753064273109,1.0983400344848633,-6.979696273803711,6.694786548614502
1753064273157,1.0648212432861328,,
1753064273158,,-7.065887928009033,6.761824131011963
1753064273209,1.0456676483154297,-7.0802531242370605,6.5942301750183105
1753064273257,0.9403226971626282,,
1753064273258,0.9546879529953003,-6.931812286376953,6.599018573760986
1753064273309,1.026513934135437,-7.1472907066345215,
1753064273310,,-7.051522731781006,6.637325763702393
1753064273359,1.0791864395141602,,
1753064273360,1.1174936294555664,-7.0132155418396,6.666056156158447
1753064273411,1.1222820281982422,,
1753064273412,,-6.998850345611572,6.77618932723999
1753064273459,1.0983400344848633,-7.1712327003479,6.8144965171813965
1753064273510,1.0217255353927612,-6.922235488891602,
1753064273511,,,6.622960567474365
1753064273559,1.0983400344848633,,
1753064273560,1.1079168319702148,-6.960542678833008,6.780977725982666
1753064273610,1.1174936294555664,-6.998850345611572,6.613383769989014
1753064273661,1.0360907316207886,,
1753064273663,,-7.032369136810303,6.646902561187744
1753064273710,1.0887632369995117,-7.085041522979736,6.694786548614502
1753064273759,1.1318588256835938,-7.13771390914917,6.608595371246338
1753064273810,1.1797429323196411,-6.998850345611572,6.670844554901123
1753064273860,1.2515689134597778,-7.118560314178467,
1753064273861,,-7.108983516693115,6.613383769989014
1753064273912,1.1749545335769653,-7.085041522979736,
1753064273913,,-7.176021099090576,6.613383769989014
1753064273958,1.1701661348342896,-7.041945934295654,6.627748966217041
1753064274010,1.184531331062317,-7.113771915435791,6.546346187591553
1753064274059,1.146224021911621,-6.998850345611572,6.608595371246338
1753064274110,1.2324153184890747,-7.04673433303833,6.7714009284973145
1753064274159,1.1174936294555664,-7.018003940582275,6.656479358673096
1753064274212,1.060032844543457,-6.984484672546387,6.709151744842529
1753064274262,0.9882067441940308,-7.051522731781006,6.694786548614502
1753064274313,1.1127052307128906,-7.003638744354248,6.709151744842529
1753064274359,1.1510124206542969,,
1753064274360,,-7.008427143096924,6.699574947357178
1753064274410,1.0983400344848633,-7.108983516693115,6.5511345863342285
1753064274461,1.2850877046585083,-7.008427143096924,6.723516941070557
1753064274462,,,6.608595371246338
1753064274513,1.246780514717102,,
1753064274515,,-7.1041951179504395,6.699574947357178
1753064274561,1.246780514717102,-7.061099529266357,6.493673324584961
1753064274562,,,6.5511345863342285
1753064274609,1.2372037172317505,-7.094618320465088,6.689998149871826
1753064274610,,,6.627748966217041
1753064274659,1.2324153184890747,,
1753064274660,1.2611457109451294,-7.123348712921143,6.6181721687316895
1753064274710,1.2228385210037231,-7.0132155418396,
1753064274711,,-7.070676326751709,6.689998149871826
1753064274761,1.1605892181396484,,
1753064274762,1.1222820281982422,-7.022792339324951,6.737882137298584
1753064274812,1.0935516357421875,,
1753064274813,1.083974838256836,-7.113771915435791,6.421847343444824
1753064274858,1.0791864395141602,-7.018003940582275,6.579864978790283
1753064274910,1.246780514717102,-7.070676326751709,
1753064274911,,-6.917447090148926,6.752247333526611
1753064274959,1.2802993059158325,,
1753064274960,1.323395013809204,-7.0371575355529785,6.579864978790283
1753064275012,1.2994530200958252,,
1753064275013,1.1988965272903442,-6.898293495178223,6.809708118438721
1753064275061,1.0360907316207886,,
1753064275062,1.0169371366500854,-7.128137111663818,6.670844554901123
1753064275109,1.060032844543457,,
1753064275110,1.1701661348342896,-7.099406719207764,6.613383769989014
1753064275162,1.2228385210037231,-6.950965881347656,6.656479358673096
1753064275210,1.1941081285476685,-7.089829921722412,6.670844554901123
1753064275259,1.1749545335769653,-7.022792339324951,6.603806972503662
1753064275312,1.3138182163238525,,
1753064275313,,-6.9940619468688965,6.718728542327881
1753064275361,1.1653777360916138,,
1753064275362,1.127070426940918,-7.128137111663818,6.666056156158447
1753064275410,1.1366472244262695,-7.0132155418396,
1753064275411,,-7.022792339324951,6.74267053604126
1753064275462,1.2802993059158325,-6.998850345611572,6.718728542327881
1753064275510,1.2563573122024536,-7.0132155418396,
1753064275511,,,6.536769390106201
1753064275559,1.1605892181396484,-6.998850345611572,6.699574947357178
1753064275610,1.2802993059158325,-7.094618320465088,6.632537364959717
1753064275661,1.2180501222610474,,
1753064275662,,-7.032369136810303,6.493673324584961
1753064275712,1.246780514717102,,
1753064275713,,-7.089829921722412,6.800131320953369
1753064275759,1.2946646213531494,-7.051522731781006,6.680421352386475
1753064275810,1.3521254062652588,-6.91265869140625,6.718728542327881
1753064275811,,,6.632537364959717
1753064275859,1.1127052307128906,-7.018003940582275,
1753064275860,,-6.91265869140625,6.728305339813232
1753064275913,1.0743980407714844,-6.998850345611572,6.479308128356934
1753064275961,1.1510124206542969,,
1753064275962,,-6.989273548126221,6.757035732269287
1753064276010,1.103128433227539,-7.061099529266357,6.613383769989014
1753064276059,1.1988965272903442,-7.04673433303833,6.65169095993042
1753064276110,1.1605892181396484,-6.941389083862305,6.74267053604126
1753064276158,1.2419921159744263,,
1753064276159,,-7.089829921722412,6.74267053604126
1753064276209,1.127070426940918,,
1753064276210,1.1318588256835938,-6.955754280090332,6.536769390106201
1753064276258,1.270722508430481,-7.051522731781006,6.8144965171813965
1753064276309,1.2994530200958252,,
1753064276310,1.347337007522583,-7.056311130523682,6.517615795135498
1753064276358,1.2659341096878052,,
1753064276359,1.2850877046585083,-6.9940619468688965,6.613383769989014
1753064276410,1.2802993059158325,-7.089829921722412,6.723516941070557
1753064276459,1.2659341096878052,-7.113771915435791,6.575076580047607
1753064276509,1.227626919746399,,
1753064276510,1.2084733247756958,-6.960542678833008,6.737882137298584
1753064276560,1.2563573122024536,-7.008427143096924,6.862380504608154
1753064276609,1.2802993059158325,,
1753064276610,1.2372037172317505,-6.936600685119629,6.603806972503662
1753064276658,1.2419921159744263,,
1753064276659,1.127070426940918,-6.936600685119629,6.733093738555908
1753064276709,1.0648212432861328,,
1753064276710,1.1174936294555664,-7.118560314178467,6.584653377532959
1753064276758,1.103128433227539,-7.003638744354248,6.613383769989014
1753064276810,1.1749545335769653,-7.003638744354248,6.666056156158447
1753064276858,1.1941081285476685,,
1753064276859,,-7.1041951179504395,6.608595371246338
1753064276911,1.2755109071731567,-6.931812286376953,6.7714009284973145
1753064276912,,,6.718728542327881
1753064276963,1.2180501222610474,-7.0132155418396,6.757035732269287
1753064277010,1.1988965272903442,-6.955754280090332,6.5942301750183105
1753064277059,1.2372037172317505,-7.032369136810303,6.752247333526611
1753064277110,1.1749545335769653,,
1753064277111,1.227626919746399,,
1753064277113,,-7.132925510406494,6.56071138381958
1753064277161,1.2802993059158325,,
1753064277163,,-7.051522731781006,6.484096527099609
1753064277212,4.249109268188477,-3.6565444469451904,
1753064277214,,,0.8146271109580994
1753064277259,0.2890998423099518,,
1753064277260,,-11.07378101348877,2.07397723197937
1753064277310,1.3521254062652588,,
1753064277311,0.9355342984199524,-5.088277339935303,4.918288707733154
1753064277359,0.801459014415741,,
1753064277360,1.3760673999786377,-7.530363082885742,6.637325763702393
1753064277410,1.371279001235962,,
1753064277411,,-6.869563102722168,6.163273811340332
1753064277459,1.083974838256836,-7.1472907066345215,6.584653377532959
1753064277510,1.3281834125518799,-7.70274543762207,6.943783283233643
1753064277559,0.7775170207023621,-7.554305076599121,6.512827396392822
1753064277610,1.083974838256836,-6.831255912780762,
1753064277611,,,6.278195381164551
1753064277658,1.5292962789535522,,
1753064277659,,-7.0371575355529785,6.56071138381958
1753064277709,1.4143747091293335,-6.893505096435547,
1753064277710,,-7.0802531242370605,6.464942932128906
1753064277759,1.3425486087799072,-6.989273548126221,6.364386558532715
1753064277811,1.2084733247756958,,
1753064277812,1.2659341096878052,-7.290942668914795,6.6181721687316895
1753064277859,1.184531331062317,-6.395511150360107,
1753064277860,,,6.263830184936523
1753064277914,1.2611457109451294,-7.094618320465088,6.699574947357178
1753064277962,1.060032844543457,-7.3867106437683105,6.627748966217041
1753064278010,1.0983400344848633,-7.13771390914917,6.546346187591553
1753064278059,1.3138182163238525,-7.04673433303833,
1753064278060,,,6.575076580047607
1753064278113,1.184531331062317,-7.22869348526001,6.503250598907471
1753064278161,1.1701661348342896,,
1753064278162,1.1605892181396484,-7.089829921722412,6.484096527099609
1753064278213,1.1941081285476685,-7.1041951179504395,6.675632953643799
1753064278259,1.1941081285476685,,
1753064278260,1.2084733247756958,-7.032369136810303,6.455366134643555
1753064278310,1.1222820281982422,-6.979696273803711,6.737882137298584
1753064278359,0.9403226971626282,-7.314884662628174,6.589441776275635
1753064278410,0.945111095905304,-7.123348712921143,6.402693748474121
1753064278459,1.2850877046585083,-7.142502307891846,6.689998149871826
1753064278513,1.1749545335769653,-7.0802531242370605,6.474519729614258
1753064278559,1.1558008193969727,-7.1712327003479,6.488884925842285
1753064278610,1.1222820281982422,-7.214328289031982,
1753064278611,,-7.099406719207764,6.555922985076904
1753064278659,1.0360907316207886,-7.31967306137085,6.570288181304932
1753064278710,1.447893500328064,-6.970119476318359,6.656479358673096
1753064278759,1.4143747091293335,-6.965331077575684,
1753064278760,,-6.8791399002075195,6.723516941070557
1753064278810,1.1222820281982422,-7.094618320465088,
1753064278811,,,6.555922985076904
1753064278861,0.7535749673843384,,
1753064278862,0.7679402232170105,-7.085041522979736,6.450577735900879
1753064278912,0.9786299467086792,,
1753064278913,1.2132617235183716,-7.31967306137085,6.536769390106201
1753064278961,1.2850877046585083,-7.0802531242370605,6.637325763702393
1753064279011,1.1749545335769653,,
1753064279012,1.0935516357421875,-6.927023887634277,6.6181721687316895
1753064279060,1.0696096420288086,-7.1472907066345215,6.575076580047607
1753064279061,,,6.584653377532959
1753064279111,1.002571940422058,,
1753064279112,,-7.214328289031982,6.5080389976501465
1753064279160,1.0791864395141602,,
1753064279161,1.1127052307128906,-6.9940619468688965,6.646902561187744
1753064279208,1.1941081285476685,,
1753064279209,,-7.166444301605225,6.689998149871826
1753064279260,1.0743980407714844,,
1753064279261,1.1222820281982422,-7.061099529266357,6.455366134643555
1753064279311,1.2372037172317505,-7.128137111663818,6.670844554901123
1753064279362,1.1510124206542969,-7.204751491546631,6.297348976135254
1753064279410,1.3377602100372314,,
1753064279411,1.390432596206665,-7.161655902862549,6.531980991363525
1753064279460,1.4143747091293335,-7.056311130523682,6.694786548614502
1753064279509,1.3138182163238525,-7.118560314178467,6.546346187591553
1753064279561,1.2563573122024536,,
1753064279562,1.184531331062317,-7.04673433303833,6.632537364959717
1753064279608,1.0935516357421875,,
1753064279609,,-7.022792339324951,6.589441776275635
1753064279660,1.060032844543457,,
1753064279661,,-7.2334818840026855,6.541557788848877
1753064279709,1.127070426940918,-7.0802531242370605,6.484096527099609
1753064279762,1.1988965272903442,-7.075464725494385,6.637325763702393
1753064279809,1.2755109071731567,,
1753064279810,1.2324153184890747,-7.161655902862549,6.541557788848877
1753064279859,1.1653777360916138,,
1753064279860,1.1079168319702148,-7.04673433303833,6.622960567474365
1753064279908,1.0983400344848633,,
1753064279909,1.0648212432861328,-7.166444301605225,6.579864978790283
1753064279960,1.0743980407714844,,
1753064279961,1.1318588256835938,-7.152079105377197,6.464942932128906
1753064280009,1.246780514717102,-7.003638744354248,6.56071138381958
1753064280060,1.4191631078720093,-7.209539890289307,6.733093738555908
1753064280109,0.983418345451355,-7.199963092803955,6.364386558532715
1753064280160,1.127070426940918,,
1753064280161,,-7.132925510406494,6.74267053604126
1753064280208,1.0791864395141602,,
1753064280209,1.1605892181396484,-7.123348712921143,6.627748966217041
1753064280260,1.1605892181396484,-6.984484672546387,6.575076580047607
1753064280308,1.0887632369995117,,
1753064280309,1.0121487379074097,-7.051522731781006,6.718728542327881
1753064280360,1.026513934135437,-7.152079105377197,6.589441776275635
1753064280408,1.0169371366500854,-7.032369136810303,6.479308128356934
1753064280459,1.060032844543457,-7.113771915435791,6.637325763702393
1753064280509,1.1318588256835938,,
1753064280510,1.184531331062317,-7.118560314178467,6.622960567474365
1753064280559,1.184531331062317,-6.922235488891602,
1753064280560,,-6.989273548126221,6.675632953643799
1753064280608,1.127070426940918,,
1753064280609,,-7.0802531242370605,6.656479358673096
1753064280659,1.0408791303634644,-7.032369136810303,6.584653377532959
1753064280708,1.1605892181396484,-7.0371575355529785,
1753064280709,,-6.989273548126221,6.790554523468018
1753064280760,1.1653777360916138,-7.008427143096924,6.575076580047607
1753064280809,1.2132617235183716,-7.0371575355529785,6.68520975112915
1753064280860,1.1558008193969727,-7.0132155418396,6.7043633460998535
1753064280909,1.146224021911621,-7.113771915435791,6.699574947357178
1753064280962,1.1558008193969727,-6.970119476318359,6.627748966217041
1753064281008,1.2611457109451294,,
1753064281009,,-6.907870292663574,6.737882137298584
1753064281062,1.227626919746399,,
1753064281063,,-7.041945934295654,6.613383769989014
1753064281109,1.1127052307128906,-7.075464725494385,6.575076580047607
1753064281160,1.103128433227539,,
1753064281161,,-7.13771390914917,6.613383769989014
1753064281209,1.1605892181396484,-7.128137111663818,6.498462200164795
1753064281261,1.2563573122024536,,
1753064281262,1.2850877046585083,-7.022792339324951,6.7714009284973145
1753064281309,1.2994530200958252,-6.998850345611572,6.675632953643799
1753064281360,1.2180501222610474,,
1753064281361,1.2228385210037231,-7.032369136810303,6.584653377532959
1753064281409,1.1893197298049927,-6.927023887634277,6.713940143585205
1753064281460,1.1318588256835938,-7.018003940582275,6.5511345863342285
1753064281509,1.1222820281982422,-7.089829921722412,6.689998149871826
1753064281562,1.0791864395141602,-7.018003940582275,6.699574947357178
1753064281609,1.184531331062317,-7.123348712921143,6.7714009284973145
1753064281660,1.1653777360916138,-6.888716697692871,
1753064281661,,-6.941389083862305,6.608595371246338
1753064281708,1.2372037172317505,-7.027580738067627,6.795342922210693
1753064281759,1.1318588256835938,,
1753064281760,1.1510124206542969,-7.1472907066345215,6.565499782562256
1753064281809,1.1174936294555664,-6.984484672546387,6.627748966217041
1753064281859,1.2659341096878052,,
1753064281860,,-7.108983516693115,6.728305339813232
1753064281908,1.1653777360916138,,
1753064281909,1.227626919746399,-7.065887928009033,6.52719259262085
1753064281960,1.2755109071731567,-6.941389083862305,6.7474589347839355
1753064282009,1.3377602100372314,-6.955754280090332,6.795342922210693
1753064282061,1.246780514717102,-6.941389083862305,6.656479358673096
1753064282109,1.1510124206542969,-6.927023887634277,
1753064282110,,-7.056311130523682,6.675632953643799
1753064282160,1.1127052307128906,-7.1712327003479,6.785766124725342
1753064282161,,,6.718728542327881
1753064282209,1.184531331062317,-7.003638744354248,
1753064282210,,,6.632537364959717
1753064282261,1.2372037172317505,-7.022792339324951,6.761824131011963
1753064282312,1.2563573122024536,-7.1041951179504395,6.627748966217041
1753064282363,1.20368492603302,-6.9940619468688965,
1753064282364,,,6.7474589347839355
1753064282413,1.3186066150665283,-6.970119476318359,6.790554523468018
1753064282460,1.184531331062317,-7.051522731781006,6.579864978790283
1753064282509,1.1701661348342896,-6.974907875061035,6.6181721687316895
1753064282563,1.227626919746399,-7.113771915435791,6.7043633460998535
1753064282611,0.9355342984199524,,
1753064282612,0.9882067441940308,-7.085041522979736,6.531980991363525
1753064282660,1.0504560470581055,-7.04673433303833,
1753064282661,,-7.018003940582275,6.694786548614502
1753064282709,1.0791864395141602,-7.118560314178467,6.7474589347839355
1753064282760,1.1174936294555664,,
1753064282761,1.1510124206542969,-6.922235488891602,6.6181721687316895
1753064282811,1.1079168319702148,-7.022792339324951,
1753064282812,,-7.04673433303833,6.766612529754639
1753064282860,1.0313023328781128,-7.142502307891846,6.531980991363525
1753064282909,1.083974838256836,-7.0132155418396,6.579864978790283
1753064282961,1.227626919746399,-7.051522731781006,6.804919719696045
1753064283009,1.0791864395141602,-7.142502307891846,6.608595371246338
1753064283062,1.0552444458007812,-7.027580738067627,
1753064283063,,-7.065887928009033,6.6612677574157715
1753064283111,1.1222820281982422,,
1753064283112,1.1318588256835938,-7.022792339324951,6.74267053604126
1753064283163,1.1366472244262695,-7.04673433303833,6.608595371246338
1753064283209,1.060032844543457,-6.970119476318359,6.6181721687316895
1753064283259,1.1127052307128906,,
1753064283260,1.0935516357421875,-7.094618320465088,6.694786548614502
1753064283309,1.060032844543457,-7.056311130523682,6.56071138381958
1753064283363,1.0935516357421875,,
1753064283364,1.0648212432861328,-7.061099529266357,6.785766124725342
1753064283409,1.1222820281982422,-7.089829921722412,6.694786548614502
1753064283459,1.0696096420288086,,
1753064283460,1.0552444458007812,-6.974907875061035,6.570288181304932
1753064283509,1.0983400344848633,-6.9940619468688965,6.752247333526611
1753064283563,1.0935516357421875,,
1753064283564,1.1701661348342896,-7.108983516693115,6.531980991363525
1753064283612,1.127070426940918,-7.008427143096924,6.608595371246338
1753064283661,1.1558008193969727,,
1753064283662,1.1318588256835938,,
1753064283663,,-7.051522731781006,6.723516941070557
1753064283709,1.0743980407714844,-7.128137111663818,6.599018573760986
1753064283760,1.0456676483154297,,
1753064283761,,-6.989273548126221,6.680421352386475
1753064283809,1.0408791303634644,-7.108983516693115,6.723516941070557
1753064283859,1.1127052307128906,,
1753064283860,1.184531331062317,-7.032369136810303,
1753064283861,,,6.694786548614502
1753064283908,1.0648212432861328,-6.965331077575684,6.666056156158447
1753064283964,0.945111095905304,-7.13771390914917,6.632537364959717
1753064284009,1.0791864395141602,-7.018003940582275,6.5080389976501465
1753064284060,1.1701661348342896,-7.056311130523682,6.804919719696045
1753064284061,,,6.737882137298584
1753064284109,1.1653777360916138,-7.118560314178467,6.637325763702393
1753064284162,1.1653777360916138,-7.018003940582275,6.680421352386475
1753064284211,1.1079168319702148,,
1753064284212,1.1222820281982422,-7.085041522979736,6.689998149871826
1753064284260,1.1701661348342896,-7.089829921722412,6.56071138381958
1753064284309,1.0360907316207886,-6.984484672546387,6.608595371246338
1753064284310,,,6.4601545333862305
1753064284359,1.0983400344848633,,
1753064284360,1.1893197298049927,-7.056311130523682,6.565499782562256
1753064284411,1.1988965272903442,,
1753064284412,1.1366472244262695,-7.1041951179504395,6.656479358673096
1753064284462,1.0887632369995117,-6.955754280090332,
1753064284463,,,6.752247333526611
1753064284511,1.1222820281982422,,
1753064284512,1.0935516357421875,-7.161655902862549,6.694786548614502
1753064284559,1.0217255353927612,,
1753064284560,1.0217255353927612,-7.022792339324951,6.642114162445068
1753064284608,1.1366472244262695,,
1753064284609,,-7.032369136810303,6.752247333526611
1753064284659,1.1127052307128906,,
1753064284660,,-7.132925510406494,6.608595371246338
1753064284708,1.0887632369995117,,
1753064284709,,-6.970119476318359,6.575076580047607
1753064284760,1.1653777360916138,-7.061099529266357,6.646902561187744
1753064284809,1.1701661348342896,-7.13771390914917,6.646902561187744
1753064284859,1.0983400344848633,-7.041945934295654,
1753064284860,,,6.632537364959717
1753064284909,1.1749545335769653,-7.094618320465088,6.670844554901123
1753064284960,1.1749545335769653,,
1753064284961,,-6.998850345611572,6.632537364959717
1753064285008,1.1941081285476685,,
1753064285009,,-6.974907875061035,6.7714009284973145
1753064285060,1.0743980407714844,-7.075464725494385,6.52719259262085
1753064285107,1.1174936294555664,,
1753064285108,1.0983400344848633,-7.041945934295654,6.637325763702393
1753064285160,1.0983400344848633,-7.061099529266357,6.752247333526611
1753064285208,1.1222820281982422,,
1753064285209,1.1414356231689453,-7.061099529266357,6.603806972503662
1753064285259,1.1222820281982422,-6.955754280090332,6.74267053604126
1753064285260,,,6.632537364959717
1753064285310,1.1079168319702148,-6.9940619468688965,6.737882137298584
1753064285359,1.0887632369995117,,
1753064285360,,-7.032369136810303,6.565499782562256
1753064285408,1.1127052307128906,,
1753064285409,1.103128433227539,-6.974907875061035,6.699574947357178
1753064285459,1.1127052307128906,-7.070676326751709,6.694786548614502
1753064285510,1.0983400344848633,-7.008427143096924,6.570288181304932
1753064285561,1.103128433227539,,
1753064285562,1.127070426940918,-7.003638744354248,6.757035732269287
1753064285611,1.0935516357421875,,
1753064285613,,-7.085041522979736,6.670844554901123
1753064285660,1.0983400344848633,-6.936600685119629,
1753064285661,,,6.728305339813232
1753064285709,1.103128433227539,-7.04673433303833,6.804919719696045
1753064285761,1.0504560470581055,-7.0371575355529785,6.632537364959717
1753064285812,1.0791864395141602,,
1753064285813,1.0552444458007812,-6.9461774826049805,6.680421352386475
1753064285860,1.0504560470581055,-7.099406719207764,6.680421352386475
1753064285911,1.0887632369995117,,
1753064285912,1.1127052307128906,-7.041945934295654,6.637325763702393
1753064285964,1.1366472244262695,-6.950965881347656,6.7043633460998535
1753064286009,1.1749545335769653,-7.142502307891846,6.795342922210693
1753064286060,0.9403226971626282,,
1753064286061,0.8924387097358704,-6.950965881347656,6.613383769989014
1753064286109,0.9977835416793823,-6.989273548126221,6.68520975112915
1753064286163,1.1558008193969727,-7.041945934295654,6.723516941070557
1753064286211,1.1558008193969727,,
1753064286212,,-6.974907875061035,6.809708118438721
1753064286262,1.0887632369995117,,
1753064286263,,-6.9461774826049805,6.52719259262085
1753064286309,1.0073603391647339,-7.204751491546631,6.656479358673096
1753064286360,1.0743980407714844,,
1753064286361,1.0456676483154297,-6.974907875061035,6.689998149871826
1753064286408,1.146224021911621,,
1753064286409,,-7.099406719207764,6.713940143585205
1753064286462,0.9882067441940308,,
1753064286463,1.0504560470581055,-7.041945934295654,6.555922985076904
1753064286511,1.20368492603302,,
1753064286512,1.0983400344848633,-6.989273548126221,6.637325763702393
1753064286562,1.103128433227539,,
1753064286563,,-7.089829921722412,6.603806972503662
1753064286609,1.0648212432861328,-7.132925510406494,6.608595371246338
1753064286660,1.1988965272903442,,
1753064286661,1.0935516357421875,-7.128137111663818,6.675632953643799
1753064286709,1.1414356231689453,-7.219116687774658,6.608595371246338
1753064286760,1.2802993059158325,-6.907870292663574,6.68520975112915
1753064286761,,,6.627748966217041
1753064286809,1.2563573122024536,-6.931812286376953,6.77618932723999
1753064286859,1.0648212432861328,-7.094618320465088,6.52719259262085
1753064286909,0.9594763517379761,-7.070676326751709,6.5942301750183105
1753064286960,0.9882067441940308,,
1753064286961,,-7.1712327003479,6.689998149871826
1753064287009,1.127070426940918,-7.094618320465088,6.531980991363525
1753064287059,1.246780514717102,,
1753064287060,,-7.051522731781006,6.8336501121521
1753064287111,1.146224021911621,-7.099406719207764,6.599018573760986
1753064287163,1.127070426940918,-7.061099529266357,6.627748966217041
1753064287209,1.1127052307128906,-7.041945934295654,6.694786548614502
1753064287260,1.127070426940918,,
1753064287261,1.1941081285476685,-7.13771390914917,6.52719259262085
1753064287309,1.1222820281982422,-7.075464725494385,6.579864978790283
1753064287362,1.1414356231689453,-7.123348712921143,
1753064287364,,,6.613383769989014
1753064287410,1.1605892181396484,-7.13771390914917,6.555922985076904
1753064287462,1.0935516357421875,-6.998850345611572,6.5080389976501465
1753064287510,1.1366472244262695,-7.118560314178467,
1753064287511,,-6.974907875061035,6.7474589347839355
1753064287559,1.0743980407714844,-7.161655902862549,6.632537364959717
1753064287610,1.1222820281982422,-6.9940619468688965,
1753064287611,,-7.118560314178467,6.689998149871826
1753064287659,1.0983400344848633,-6.960542678833008,6.65169095993042
1753064287710,1.0504560470581055,-7.089829921722412,
1753064287711,,,6.575076580047607
1753064287758,1.0791864395141602,,
1753064287809,1.0743980407714844,,
1753064287810,1.103128433227539,-7.089829921722412,6.603806972503662
1753064287858,1.1174936294555664,,
1753064287859,1.1079168319702148,-7.128137111663818,6.675632953643799
1753064287911,1.0552444458007812,,
1753064287912,1.002571940422058,-7.0132155418396,6.694786548614502
1753064287959,1.1127052307128906,-7.1041951179504395,6.689998149871826
1753064288010,1.1127052307128906,-7.0132155418396,6.5942301750183105
1753064288059,1.1605892181396484,,
1753064288060,,-6.9940619468688965,6.752247333526611
1753064288111,1.1222820281982422,-7.099406719207764,
1753064288112,,-7.099406719207764,6.579864978790283
1753064288159,1.0696096420288086,-7.04673433303833,6.584653377532959
1753064288210,1.1174936294555664,-7.094618320465088,6.689998149871826
1753064288259,1.0791864395141602,,
1753064288260,,-7.142502307891846,6.522404193878174
1753064288310,1.146224021911621,,
1753064288311,1.1366472244262695,-6.965331077575684,
1753064288313,,,6.757035732269287
1753064288359,1.2132617235183716,-7.094618320465088,
1753064288360,,,6.752247333526611
1753064288413,1.0648212432861328,-7.051522731781006,6.522404193878174
1753064288414,,,6.570288181304932
1753064288459,1.0791864395141602,-7.008427143096924,6.718728542327881
1753064288510,1.1174936294555664,-7.123348712921143,6.579864978790283
1753064288559,1.0791864395141602,-7.018003940582275,6.52719259262085
1753064288614,1.1558008193969727,-7.018003940582275,6.8144965171813965
1753064288661,1.1174936294555664,,
1753064288663,,-7.1041951179504395,6.632537364959717
1753064288710,1.060032844543457,-7.003638744354248,6.670844554901123
1753064293716,1.1079168319702148,,
1753064293717,1.0935516357421875,,
1753064293720,1.1079168319702148,,
1753064293722,1.0121487379074097,-7.04673433303833,6.728305339813232
1753064293723,,,6.622960567474365
1753064293764,1.1653777360916138,,
1753064293765,1.127070426940918,-7.04673433303833,6.565499782562256
1753064293816,1.1174936294555664,-7.0802531242370605,6.733093738555908
1753064293866,1.1749545335769653,-7.099406719207764,6.713940143585205
1753064299794,1.0696096420288086,-7.219116687774658,6.5511345863342285
1753064299795,1.127070426940918,-7.070676326751709,6.493673324584961
1753064299796,,-7.056311130523682,6.699574947357178
1753064299797,0.9882067441940308,,6.517615795135498
1753064299845,0.9307458996772766,-7.128137111663818,6.469731330871582
1753064299895,0.9642647504806519,-7.142502307891846,6.7714009284973145
1753064299896,,,6.622960567474365
1753064299944,1.1127052307128906,-7.108983516693115,6.6612677574157715
1753064299945,,,6.824073314666748
1753064299995,1.0169371366500854,,
1753064299996,,-6.955754280090332,6.752247333526611
1753064300044,1.3281834125518799,,
1753064300045,,-7.032369136810303,6.86716890335083
1753064300096,1.1558008193969727,-7.056311130523682,6.536769390106201
1753064300144,0.9882067441940308,-7.056311130523682,
1753064300145,,,6.579864978790283
1753064300195,1.0696096420288086,,
1753064300196,1.083974838256836,-7.252635478973389,6.56071138381958
1753064300244,1.146224021911621,,
1753064300245,1.2755109071731567,-7.094618320465088,6.531980991363525
1753064300295,1.3521254062652588,-7.041945934295654,6.852803707122803
1753064300344,1.1558008193969727,,
1753064300345,,-7.070676326751709,6.642114162445068
1753064300395,1.1222820281982422,-7.051522731781006,
1753064300396,,-7.142502307891846,6.646902561187744
1753064300444,1.0456676483154297,-7.061099529266357,6.656479358673096
1753064300495,1.0073603391647339,-7.118560314178467,6.493673324584961
1753064300544,1.0935516357421875,,
1753064300545,1.0887632369995117,-6.989273548126221,6.603806972503662
1753064300595,1.1174936294555664,,
1753064300596,,-7.04673433303833,6.608595371246338
1753064300644,1.146224021911621,,
1753064300645,1.0791864395141602,-7.1472907066345215,6.627748966217041
1753064300695,0.9642647504806519,,
1753064300696,,-7.022792339324951,6.570288181304932
1753064300744,1.0887632369995117,,
1753064300745,,-7.238270282745361,6.790554523468018
1753064300795,1.0743980407714844,-7.027580738067627,6.469731330871582
1753064300847,1.0504560470581055,-7.180809497833252,
1753064300848,,-7.128137111663818,6.646902561187744
1753064300898,1.1079168319702148,-7.152079105377197,
1753064300899,,,6.421847343444824
1753064300945,1.2659341096878052,-7.056311130523682,6.599018573760986
1753064305053,1.304241418838501,,
1753064305054,0.9498994946479797,-7.281365871429443,6.632537364959717
1753064305059,1.1174936294555664,-6.9940619468688965,6.531980991363525
1753064305115,1.1127052307128906,,
1753064305116,,-7.022792339324951,6.603806972503662
1753064305161,1.0887632369995117,,
1753064305162,1.060032844543457,-7.13771390914917,6.709151744842529
1753064305640,1.0408791303634644,-7.094618320465088,6.512827396392822
1753064305643,1.0504560470581055,-6.998850345611572,6.6612677574157715
1753064305692,1.0696096420288086,,
1753064305693,1.0456676483154297,-7.051522731781006,6.603806972503662
1753064305742,1.0743980407714844,,
1753064305743,,-6.955754280090332,6.68520975112915
1753064305793,1.0887632369995117,-7.118560314178467,6.6181721687316895
1753064317273,0.8110358119010925,,
1753064317274,1.2802993059158325,-7.142502307891846,
1753064317275,,-6.955754280090332,6.517615795135498
1753064317276,,,7.020398139953613
1753064317325,1.7687164545059204,,
1753064317326,2.0655975341796875,-2.1338322162628174,7.738658428192139
1753064317377,2.4007856845855713,-3.354875087738037,10.228628158569336
1753064317426,2.779069662094116,-3.2974143028259277,9.175179481506348
1753064317477,2.2427685260772705,-3.6373908519744873,9.744999885559082
1753064317524,2.0272903442382812,,
1753064317525,2.1805191040039062,-4.240729808807373,9.146449089050293
1753064317575,1.6825252771377563,,
1753064317576,1.2180501222610474,-4.063559055328369,9.261370658874512
1753064317625,1.2611457109451294,-4.34607458114624,8.954913139343262
1753064317675,1.878849744796753,,
1753064317676,,-3.776254653930664,8.76337718963623
1753064345773,1.3329718112945557,-3.5224692821502686,8.447341918945312
1753064345789,2.295440912246704,-4.101866245269775,8.576628684997559
1753064345790,1.4862006902694702,-2.8185739517211914,8.27974796295166
1753064345791,2.5683798789978027,-3.139396905899048,9.223063468933105
1753064345792,1.2946646213531494,-4.302978992462158,8.610147476196289
1753064345793,1.754351258277893,-3.115454912185669,7.733870029449463
1753064345794,,,9.256582260131836
1753064345796,2.448669672012329,,
1753064345797,2.3337481021881104,,
1753064345798,2.1039047241210938,-3.330933094024658,
1753064345799,,-3.8097734451293945,8.543109893798828
1753064345800,1.7304092645645142,-3.848080635070801,9.03631591796875
1753064345801,1.931522250175476,-3.6326024532318115,8.849568367004395
1753064345802,,,7.800907611846924
1753064345854,1.8932149410247803,-3.6996402740478516,8.251017570495605
1753064345904,1.7495628595352173,-3.737947463989258,9.3427734375
1753064345953,2.214038133621216,-3.0340521335601807,8.227075576782227
1753064346004,2.5109190940856934,-3.800196647644043,9.452906608581543
1753064346053,1.692102074623108,-3.7714662551879883,8.567051887512207
1753064346104,2.1039047241210938,-3.153762102127075,8.437765121459961
1753064346153,2.67372465133667,-4.092289447784424,9.366715431213379
1753064346204,1.5197194814682007,-4.432265758514404,9.156025886535645
1753064346253,2.42472767829895,-3.4745852947235107,9.16081428527832
1753064346304,2.9227216243743896,-3.97257924079895,10.448894500732422
1753064346353,2.1278467178344727,-3.7235822677612305,9.098565101623535
1753064346404,1.898003339767456,-3.958214044570923,10.525508880615234
1753064346453,2.539649486541748,-3.3452982902526855,9.232640266418457
1753064346504,2.2475569248199463,,
1753064346505,,-3.6517560482025146,9.601346969604492
1753064346553,1.5771803855895996,,
1753064346554,,-3.024475336074829,7.7195048332214355
1753064346604,2.6210522651672363,,
1753064346605,,-3.378817081451416,8.844779968261719
1753064346653,0.557250440120697,-3.397970676422119,6.129755020141602
1753064346704,1.835754156112671,-3.934272050857544,9.117718696594238
1753064346753,2.2906525135040283,-2.7563247680664062,7.164050102233887
1753064346804,2.147000312805176,,
1753064346805,,-3.7858314514160156,9.347561836242676
1753064346853,2.2906525135040283,-3.5942952632904053,9.117718696594238
1753064346904,2.4917654991149902,-3.0196869373321533,9.299677848815918
1753064346953,2.7072436809539795,-3.9007530212402344,9.773730278015137
1753064347004,1.6250643730163574,-3.599083662033081,8.442553520202637
1753064347053,2.3337481021881104,,
1753064347054,2.606687068939209,-2.986168146133423,8.55268669128418
1753064347351,2.4678235054016113,,
1753064347352,,-2.938283920288086,8.18876838684082
1753064347357,1.7782933712005615,-3.7187938690185547,8.749011993408203
1753064347408,2.448669672012329,-3.2638955116271973,
1753064347409,,,8.567051887512207
1753064347459,2.118269920349121,-3.737947463989258,9.294889450073242
1753064347508,2.1086931228637695,,
1753064347509,,-3.4075474739074707,9.366715431213379
1753064347559,2.338536500930786,,
1753064347560,,-2.8999767303466797,7.925405979156494
1753064347607,1.7974469661712646,,
1753064347608,2.0895395278930664,-3.536834478378296,8.610147476196289
1753064347655,1.9410990476608276,-3.8576574325561523,9.179967880249023
1753064347706,2.0225019454956055,-3.24953031539917,7.705139636993408
1753064347755,2.2188265323638916,-3.642179250717163,9.314043045043945
1753064347806,1.912368655204773,,
1753064347807,,-3.599083662033081,8.452130317687988
1753064347855,2.429516077041626,,
1753064347856,2.5300726890563965,-3.450643301010132,9.266159057617188
1753064347906,2.3912088871002197,,
1753064347907,,-3.4793736934661865,8.705916404724121
1753064347955,2.0847511291503906,,
1753064347956,2.094327926635742,-3.4745852947235107,9.438541412353516
1753064348006,2.0177135467529297,-3.225588321685791,8.03075122833252
1753064348007,,,9.156025886535645
1753064348055,2.0608091354370117,,
1753064348056,1.227626919746399,-3.8145618438720703,9.026739120483398
1753064348106,1.9363106489181519,-3.6134488582611084,8.284536361694336
1753064348155,1.8596961498260498,,
1753064348156,2.3481132984161377,-2.56000018119812,6.986878871917725
1753064348206,2.6402058601379395,-3.757101058959961,9.582193374633789
1753064348207,,,10.013150215148926
1753064348256,1.6729484796524048,-4.006097793579102,
1753064348257,,,7.858368396759033
1753064348305,1.6729484796524048,-2.8856115341186523,
1753064348306,,,7.638102054595947
1753064348356,2.83174204826355,-3.397970676422119,9.835979461669922
1753064348405,1.6011223793029785,-3.5703532695770264,
1753064348406,,-4.020462989807129,7.738658428192139
1753064348457,3.229179620742798,-4.556764602661133,11.143213272094727
1753064348506,2.204461097717285,-2.919130325317383,6.709151744842529
1753064348556,2.3912088871002197,-4.240729808807373,11.315595626831055
1753064348605,1.8884265422821045,-3.096301317214966,
1753064348606,,,7.71471643447876
1753064348656,1.567603588104248,-3.4123358726501465,
1753064348657,,-3.934272050857544,8.839991569519043
1753064348705,2.807800054550171,-3.709217071533203,
1753064348706,,,10.645218849182129
1753064348756,0.9163807034492493,,
1753064348757,1.7926585674285889,-2.7563247680664062,5.55514669418335
1753064353791,4.3640313148498535,,
1753064353793,2.099116325378418,,
1753064353794,1.6873136758804321,-3.465008497238159,11.238981246948242
1753064353795,,,8.466495513916016
1753064353840,2.1134815216064453,,
1753064353841,1.6777368783950806,-4.202422618865967,8.91181755065918
1753064353891,1.5819687843322754,-4.140173435211182,9.28531265258789
1753064353892,,,8.31326675415039
1753064353940,2.453458309173584,,
1753064353941,,-3.421912670135498,9.314043045043945
1753064357190,2.7503392696380615,,
1753064357191,0.4183867573738098,-3.4554316997528076,8.638877868652344
1753064357192,2.20924973487854,,
1753064357193,,-4.063559055328369,
1753064357194,3.047220230102539,-3.2591071128845215,9.151237487792969
1753064357241,2.58274507522583,-3.330933094024658,8.112154006958008
1753064357292,2.721608877182007,-3.4602200984954834,9.773730278015137
1753064357341,2.515707492828369,-3.7906198501586914,
1753064357342,,-3.733159065246582,9.088988304138184
1753064420790,1.567603588104248,-2.8377275466918945,7.09222412109375
1753064420791,2.381632089614868,-3.6756980419158936,8.346785545349121
1753064420792,2.147000312805176,-4.40353536605835,10.434529304504395
1753064420793,2.2188265323638916,-3.9917328357696533,8.093000411987305
1753064420794,1.7926585674285889,-5.10264253616333,9.409811019897461
1753064420795,2.099116325378418,,
1753064420796,1.9841946363449097,,
1753064420797,,,8.500014305114746
1753064420798,2.362478494644165,,8.365939140319824
1753064420799,,-4.599860191345215,7.882310390472412
1753064420800,2.5300726890563965,-2.7515363693237305,
1753064420801,2.850895643234253,,7.8727335929870605
1753064420802,1.9841946363449097,-2.986168146133423,8.998008728027344
1753064420810,2.2475569248199463,-3.4314894676208496,
1753064420811,,-3.0867245197296143,8.78731918334961
1753064420813,3.358466386795044,-2.3780407905578613,9.132083892822266
1753064420848,2.692878246307373,-2.4163479804992676,9.151237487792969
1753064420899,2.8221652507781982,-2.4402899742126465,
1753064420900,,,9.055469512939453
1753064420948,3.2866404056549072,-2.478597402572632,8.830414772033691
1753064420998,3.0759506225585938,,
1753064420999,3.4829649925231934,-3.2591071128845215,9.55825138092041
1753064421047,2.3959972858428955,,
1753064421048,2.4007856845855713,-3.206434726715088,8.8878755569458
1753064421099,3.334524393081665,-3.1441853046417236,10.650007247924805
1753064421148,3.119046211242676,-2.181716203689575,8.231863975524902
1753064421199,3.6074633598327637,-2.6366145610809326,
1753064421200,,,10.506355285644531
1753064421248,2.7311856746673584,,
1753064421249,,-2.6797101497650146,8.78731918334961
1753064421299,3.621828556060791,-3.0579941272735596,11.258134841918945
1753064421348,3.6361937522888184,,
1753064421349,,-2.081159830093384,8.964489936828613
1753064421398,3.4063503742218018,,
1753064421399,,-2.2248120307922363,9.12729549407959
1753064421449,2.9227216243743896,-2.229600429534912,9.55825138092041
1753064421498,3.3632547855377197,-3.0196869373321533,9.754576683044434
1753064421549,3.3441011905670166,,
1753064421550,2.1805191040039062,-2.11946702003479,10.511143684387207
1753064421598,3.3297359943389893,-2.272696018218994,9.476848602294922
1753064421649,3.4063503742218018,-2.033275842666626,
1753064421650,,-1.3341689109802246,9.567828178405762
1753064421698,3.27227520942688,,
1753064421699,2.649782657623291,-1.789067268371582,9.199121475219727
1753064421749,2.6449942588806152,,
1753064421750,3.310582399368286,-1.7651251554489136,7.8966755867004395
1753064421799,2.2379801273345947,-2.890399932861328,9.82640266418457
1753064421849,3.7463271617889404,,
1753064421850,,-2.492962598800659,10.295665740966797
1753064421898,3.205237627029419,-1.3868412971496582,7.958924770355225
1753064421949,2.826953649520874,-1.813009262084961,9.663596153259277
1753064421998,2.9418752193450928,,
1753064421999,,-2.4211363792419434,9.46727180480957
1753064422049,2.343324899673462,-2.603095769882202,8.8878755569458
1753064422098,2.6114754676818848,-1.9518729448318481,8.969278335571289
1753064422392,3.3010056018829346,,
1753064422393,2.980182647705078,-1.7986440658569336,9.290101051330566
1753064422398,2.079962730407715,-2.2200236320495605,9.012373924255371
1753064422450,3.133411407470703,-2.301426410675049,9.323619842529297
1753064422500,2.4678235054016113,-2.8185739517211914,9.687539100646973
1753064422550,2.5348610877990723,,
1753064422551,,-1.7363947629928589,8.160037994384766
1753064422599,3.3441011905670166,-1.9901801347732544,
1753064422600,,,9.687539100646973
1753064422704,3.119046211242676,-2.234388828277588,
1753064422705,,-2.4450783729553223,9.481637001037598
1753064422710,2.5252842903137207,,
1753064422711,,-2.919130325317383,9.663596153259277
1753064422762,3.004124641418457,-1.635838270187378,8.7298583984375
1753064422812,3.2579100131988525,,
1753064422813,3.028066635131836,-2.076371431350708,9.788095474243164
1753064422862,3.0567970275878906,-2.4355015754699707,9.424176216125488
1753064422912,2.7311856746673584,,
1753064422913,,-2.871246337890625,9.840767860412598
1753064426862,2.343324899673462,,
1753064426863,2.716820478439331,,
1753064426864,5.307346820831299,-2.2631192207336426,
1753064426865,,-2.5264813899993896,8.447341918945312
1753064426869,1.9267338514328003,-3.90554141998291,8.64366626739502
1753064426919,1.9889830350875854,,
1753064426920,1.8166005611419678,-3.9486372470855713,8.150461196899414
1753064426970,1.9171570539474487,,
1753064426971,1.9506758451461792,-4.3412861824035645,8.696338653564453
1753064427046,1.4957774877548218,,
1753064427047,1.9650410413742065,-4.269460201263428,7.7434468269348145
1753064427064,2.6114754676818848,,
1753064427065,,-3.9869444370269775,9.371503829956055
1753064427111,2.2810757160186768,,
1753064427112,2.721608877182007,-3.469796895980835,8.002020835876465
1753064427163,2.601898670196533,-3.0196869373321533,9.357138633728027
1753064427212,2.5492262840270996,-4.858433723449707,11.416152000427246
1753064427262,2.185307502746582,,
1753064427263,1.083974838256836,-2.4355015754699707,7.542334079742432
1753064427312,3.751115560531616,-2.0380642414093018,11.396998405456543
1753064427363,3.9665937423706055,-2.473809003829956,9.108141899108887
1753064427411,3.0376434326171875,,
1753064427412,1.8022353649139404,-3.1010897159576416,10.721834182739258
1753064429537,2.429516077041626,,
1753064429538,,-2.2487540245056152,7.465719223022461
1753064429546,2.759916067123413,-2.387617588043213,9.017162322998047
1753064429592,2.324171304702759,-3.6804866790771484,9.472060203552246
1753064429593,,,9.543886184692383
1753064429643,2.7886464595794678,-2.3540987968444824,
1753064429644,,,7.5902180671691895
1753064434526,2.9945478439331055,,
1753064434527,2.008136749267578,-2.9526493549346924,
1753064434528,1.8501193523406982,-2.876034736633301,9.347561836242676
1753064434529,,,9.931747436523438
1753064434530,2.6354174613952637,-3.0388405323028564,8.22228717803955
1753064434578,2.4821887016296387,-3.8576574325561523,10.147225379943848
1753064434627,2.874837636947632,-3.359663486480713,
1753064434628,,-3.3740286827087402,8.97885513305664
1753064434678,2.759916067123413,-2.7036523818969727,
1753064434679,,,10.051457405090332
1753064434742,3.473388195037842,-4.159327030181885,10.640430450439453
1753064434790,1.7974469661712646,-2.210446834564209,6.225522994995117
1753064434840,3.904344320297241,-3.1298201084136963,11.583745956420898
1753064434889,3.2339680194854736,-2.9478609561920166,7.350797653198242
1753064434940,1.5819687843322754,-2.871246337890625,9.361927032470703
1753064434989,3.224391222000122,-2.9526493549346924,8.78731918334961
1753064436220,1.7639280557632446,-2.7706899642944336,
1753064436221,,-3.661332845687866,
1753064436223,,,7.9397711753845215
1753064436224,,,7.74823522567749
1753064436225,3.4302923679351807,-3.6804866790771484,9.740211486816406
1753064436273,2.870049238204956,-3.139396905899048,8.772953987121582
1753064436321,2.5779566764831543,-2.5073277950286865,
1753064436322,,-3.0196869373321533,7.949347972869873
1753064436371,3.109469413757324,-3.493738889694214,10.137648582458496
1753064436420,2.3912088871002197,-2.411559581756592,7.824849605560303
1753064436471,2.5109190940856934,-3.1010897159576416,9.117718696594238
1753064436520,1.9219454526901245,-2.6414029598236084,7.8966755867004395
1753064436571,2.4678235054016113,-3.177704095840454,8.681973457336426
1753064436620,2.6641478538513184,-2.6366145610809326,8.768165588378906
1753064436671,2.4678235054016113,-2.540846586227417,7.690774440765381
1753064436724,2.2188265323638916,-2.8185739517211914,8.251017570495605
1753064436772,2.5300726890563965,-3.206434726715088,7.609371662139893
1753064436822,1.811812162399292,-2.9526493549346924,7.537545680999756
1753064436873,2.8987796306610107,-3.1968579292297363,9.40023422241211
1753064436922,2.4390928745269775,-3.97257924079895,9.208698272705078
1753064436973,1.9889830350875854,-3.5511996746063232,9.567828178405762
1753064437031,3.861248731613159,,
1753064437032,,-4.652532577514648,12.40735149383545
1753064437079,2.410362482070923,-3.0148985385894775,7.580641269683838
1753064437129,3.1286230087280273,-4.34607458114624,12.249334335327148
1753064437180,2.0225019454956055,-3.0819361209869385,7.197568893432617
1753064437228,2.367266893386841,,
1753064437229,,-3.603872060775757,9.203909873962402
1753064437279,2.6354174613952637,,
1753064437280,2.0608091354370117,-3.402759075164795,8.739435195922852
1753064437328,2.42472767829895,,
1753064437329,2.1039047241210938,-3.445854902267456,8.442553520202637
1753064437380,1.9363106489181519,-3.733159065246582,8.55268669128418
1753064437429,2.4678235054016113,,
1753064437430,,-3.0819361209869385,8.18876838684082
1753064437478,2.4007856845855713,,
1753064437479,2.0272903442382812,-3.8337154388427734,9.5007905960083
1753064438251,2.343324899673462,,
1753064438252,2.448669672012329,-3.1920695304870605,7.944559574127197
1753064438260,2.257133722305298,,
1753064438261,2.079962730407715,-4.3843817710876465,10.003573417663574
1753064438314,2.0703859329223633,-3.3500866889953613,8.509591102600098
1753064438360,2.6785130500793457,,
1753064438361,2.1039047241210938,-4.614225387573242,10.290877342224121
1753064438412,1.1558008193969727,-3.3500866889953613,6.819284915924072
1753064438461,2.7024552822113037,,
1753064438462,2.099116325378418,-4.441842555999756,10.515932083129883
1753064438511,1.8309657573699951,,
1753064438512,2.0703859329223633,-3.201646327972412,6.192004203796387
1753064438561,2.429516077041626,-4.235941410064697,9.496002197265625
1753064438612,1.73519766330719,-3.757101058959961,7.542334079742432
1753064438661,1.9506758451461792,-3.7475242614746094,7.71471643447876
1753064438712,2.4343044757843018,-4.365228176116943,10.180744171142578
1753064438761,2.4390928745269775,,
1753064438762,,-4.106654644012451,8.64366626739502
1753064443280,2.0895395278930664,,
1753064443281,2.1086931228637695,,
1753064443282,2.870049238204956,-3.6278140544891357,8.993220329284668
1753064443283,,,7.00124454498291
1753064443286,4.019266128540039,-3.029263734817505,10.793660163879395
1753064443339,0.6530185341835022,-1.3533225059509277,
1753064443340,,-2.919130325317383,3.2136173248291016
1753064443388,4.613028049468994,-4.202422618865967,13.824719429016113
1753064443437,3.3010056018829346,,
1753064443438,,-2.698863983154297,6.699574947357178
1753064443488,1.9841946363449097,,
1753064443489,,-3.977367639541626,11.650784492492676
1753064443537,2.5779566764831543,,
1753064443538,2.7263972759246826,-3.5272576808929443,9.816825866699219
1753064443588,2.324171304702759,-2.6414029598236084,
1753064443589,,,9.381080627441406
1753064443657,3.822941541671753,-4.106654644012451,12.302006721496582
1753064443660,2.0895395278930664,-2.27748441696167,6.201581001281738
1753064443710,2.625840663909912,-3.1250317096710205,7.1688385009765625
1753064443758,0.7535749673843384,,
1753064443759,2.0464439392089844,-2.449866771697998,7.020398139953613
1753064443809,3.9713821411132812,-3.488950490951538,
1753064443810,,,10.084976196289062
1753064443858,2.5779566764831543,,
1753064443859,3.4829649925231934,-2.7754783630371094,7.164050102233887
1753064443909,2.6114754676818848,,
1753064443910,1.9219454526901245,-2.7467479705810547,9.701904296875
1753064446303,4.440645694732666,,
1753064446304,1.2372037172317505,,
1753064446305,3.1717185974121094,-4.149750232696533,11.70345687866211
1753064446306,,,11.50234317779541
1753064446307,2.7072436809539795,,
1753064446308,2.2379801273345947,-3.4123358726501465,8.954913139343262
1753064446358,2.362478494644165,-3.029263734817505,8.916605949401855
1753064446409,2.668936252593994,-3.0388405323028564,7.915829181671143
1753064468373,2.5061306953430176,-2.7563247680664062,8.12173080444336
1753064468374,2.6593594551086426,-3.4602200984954834,7.652467250823975
1753064468375,2.803011655807495,-3.359663486480713,9.462483406066895
1753064468376,2.2906525135040283,-3.555988073348999,9.610923767089844
1753064468377,2.826953649520874,-3.383605480194092,6.436212539672852
1753064468378,2.5540146827697754,-3.694851875305176,8.236652374267578
1753064468379,2.4678235054016113,-2.646191358566284,7.00124454498291
1753064468380,2.012925148010254,-3.2112231254577637,7.834426403045654
1753064468381,,,9.639654159545898
1753064468385,2.668936252593994,-5.413888454437256,9.146449089050293
1753064468436,2.2475569248199463,,
1753064468437,2.5779566764831543,-5.054758548736572,10.683526992797852
1753064468487,3.248333215713501,-2.962226152420044,9.663596153259277
1753064468537,2.779069662094116,,
1753064468538,,-4.259883403778076,10.094552993774414
1753064468586,1.692102074623108,-3.2543187141418457,
1753064468587,,,8.480860710144043
1753064468664,3.3297359943389893,,
1753064468665,3.310582399368286,-3.2160115242004395,9.175179481506348
1753064468670,1.2850877046585083,-3.6756980419158936,8.093000411987305
1753064468717,2.8987796306610107,-4.863222122192383,10.28130054473877
1753064468766,4.091092109680176,,
1753064468767,,-3.9199066162109375,9.395445823669434
1753064468817,2.515707492828369,-5.538387298583984,12.656349182128906
1753064468866,4.694430828094482,,
1753064468867,3.229179620742798,-5.298966884613037,15.62515926361084
1753064473425,3.7223851680755615,-2.11946702003479,8.327631950378418
1753064473429,2.5348610877990723,,
1753064473430,2.7455508708953857,,
1753064473431,1.6011223793029785,-4.7818193435668945,
1753064473432,,-3.115454912185669,11.760917663574219
1753064473435,2.094327926635742,,
1753064473436,2.6162638664245605,-3.733159065246582,8.667608261108398
1753064473488,1.8070237636566162,-3.2638955116271973,8.3707275390625
1753064473537,2.965817451477051,-3.934272050857544,9.318831443786621
1753064474581,1.4622586965560913,,
1753064474582,2.5492262840270996,-2.9670145511627197,6.934206485748291
1753064474633,1.103128433227539,,
1753064474635,,-4.13059663772583,8.298901557922363
1753064474683,0.945111095905304,-3.201646327972412,7.671620845794678
1753064474734,2.8796260356903076,,
1753064474735,,-3.776254653930664,9.09377670288086
1753064490946,1.998559832572937,-2.8377275466918945,6.56071138381958
1753064490948,2.2236149311065674,-3.421912670135498,
1753064490949,,-4.719570159912109,
1753064490950,,-5.447407245635986,8.432976722717285
1753064490951,2.3959972858428955,-4.700416564941406,
1753064490952,1.9794062376022339,-4.915894508361816,6.962936878204346
1753064491000,1.0504560470581055,-5.94061279296875,7.8056960105896
1753064491051,1.1510124206542969,-5.447407245635986,8.614935874938965
1753064506574,1.7064672708511353,-5.787384033203125,
1753064506575,1.8836381435394287,-6.146514415740967,8.571840286254883
1753064506576,2.362478494644165,-4.791396141052246,8.624512672424316
1753064506577,1.9650410413742065,-4.183269023895264,8.140884399414062
1753064506578,1.8740613460540771,-4.087501049041748,8.284536361694336
1753064506579,1.2515689134597778,-7.027580738067627,9.299677848815918
1753064506582,1.2132617235183716,,
1753064506583,1.2324153184890747,-3.7235822677612305,8.839991569519043
1753064506633,1.2419921159744263,,
1753064506634,1.2755109071731567,-3.752312660217285,8.777742385864258
1753064506664,1.3425486087799072,-3.694851875305176,8.696338653564453
1753064506685,1.4047977924346924,-3.6900634765625,8.863933563232422
1753064506735,1.4574702978134155,-3.7283706665039062,9.1847562789917
1753064506784,1.3617022037506104,-3.7235822677612305,8.907029151916504
1753064506837,1.3569138050079346,-3.757101058959961,8.825626373291016
1753064506884,1.3856441974639893,,
1753064506885,,-3.7906198501586914,9.026739120483398
1753064506935,1.467047095298767,,
1753064506936,,-3.6134488582611084,8.863933563232422
1753064506984,1.61069917678833,,
1753064506985,,-3.6709096431732178,8.935759544372559
1753064507035,1.1701661348342896,-3.795408248901367,8.715493202209473
1753064507084,1.4000093936920166,-3.752312660217285,8.930971145629883
1753064507135,1.3521254062652588,,
1753064507136,,-3.7044286727905273,8.964489936828613
1753064507184,1.4143747091293335,-3.800196647644043,9.045892715454102
1753064507235,1.4000093936920166,,
1753064507236,1.3090298175811768,-3.7427358627319336,8.988431930541992
1753064507284,1.4143747091293335,,
1753064507285,,-3.7283706665039062,8.863933563232422
1753064507335,1.548449993133545,-3.7666778564453125,8.916605949401855
1753064507384,1.5101426839828491,,
1753064507385,1.5963339805603027,-3.795408248901367,8.835203170776367
1753064507435,1.490989089012146,-3.6996402740478516,8.94533634185791
1753064507484,1.5723919868469238,-3.7666778564453125,9.088988304138184
1753064507535,1.3808557987213135,-3.5942952632904053,8.91181755065918
1753064507584,1.490989089012146,,
1753064507585,1.6059107780456543,-3.4171242713928223,8.859145164489746
1753064507636,1.5245078802108765,-3.512892484664917,9.021950721740723
1753064507685,1.6633716821670532,-3.465008497238159,9.12729549407959
1753064507735,1.4622586965560913,-3.402759075164795,8.916605949401855
1753064507784,1.5340847969055176,-3.2543187141418457,
1753064507785,,-3.2207999229431152,9.28531265258789
1753064507835,1.8166005611419678,-3.1010897159576416,9.366715431213379
1753064507884,1.6825252771377563,-3.110666513442993,9.156025886535645
1753064507885,,,9.103353500366211
1753064507935,1.811812162399292,-3.053205728530884,9.146449089050293
1753064507985,1.5628151893615723,-3.1250317096710205,9.21827507019043
1753064508034,1.7495628595352173,-2.986168146133423,9.256582260131836
1753064508085,1.7687164545059204,,
1753064508086,,-2.847304344177246,9.098565101623535
1753064508134,2.2619221210479736,-2.7467479705810547,9.065046310424805
1753064508185,1.9889830350875854,-2.828150749206543,9.170391082763672
1753064508234,1.8405425548553467,-2.5552117824554443,8.940547943115234
1753064508285,2.032078742980957,,
1753064508286,2.032078742980957,-2.627037763595581,9.337985038757324
1753064508334,1.9458874464035034,-2.3971943855285645,9.19433307647705
1753064508385,2.094327926635742,,
1753064508386,,-2.4642322063446045,9.510367393493652
1753064508434,2.587533473968506,-2.320580005645752,
1753064508435,,,9.428964614868164
1753064508485,2.5348610877990723,,
1753064508486,2.1996726989746094,-2.4211363792419434,
1753064508487,,,9.299677848815918
1753064508534,1.9410990476608276,-2.6126725673675537,
1753064508535,,,9.156025886535645
1753064508585,2.453458309173584,-2.6605565547943115,9.347561836242676
1753064508634,2.0225019454956055,-2.8329391479492188,9.43375301361084
1753064508685,1.8932149410247803,-2.564788579940796,9.28531265258789
1753064508686,,,9.050681114196777
1753064508734,2.1326351165771484,-2.5025393962860107,9.52473258972168
1753064508785,2.161365509033203,-1.9614497423171997,9.227851867675781
1753064508834,2.343324899673462,-2.076371431350708,9.606135368347168
1753064508885,2.5348610877990723,,
1753064508886,,-2.076371431350708,9.232640266418457
1753064508934,2.429516077041626,-2.2487540245056152,9.486425399780273
1753064508985,2.3529016971588135,-1.899200439453125,9.103353500366211
1753064509034,2.386420488357544,-2.234388828277588,9.673172950744629
1753064509085,2.5492262840270996,-2.229600429534912,9.452906608581543
1753064509134,1.9027918577194214,-1.9231425523757935,8.897452354431152
1753064509185,1.9937714338302612,-1.913565754890442,8.959701538085938
1753064509234,3.028066635131836,-2.3349452018737793,9.586981773376465
1753064509285,2.252345323562622,-2.1960813999176025,8.658031463623047
1753064509334,2.692878246307373,-3.225588321685791,10.199897766113281
1753064509385,2.1709423065185547,-1.9710265398025513,8.083423614501953
1753064509434,2.4630351066589355,-2.5983073711395264,9.706692695617676
1753064509485,2.9418752193450928,-2.2391772270202637,9.936535835266113
1753064509534,1.9602526426315308,-2.425924777984619,8.844779968261719
1753064509585,2.5348610877990723,-2.765901565551758,10.290877342224121
1753064509634,2.779069662094116,-1.899200439453125,8.940547943115234
1753064509685,2.008136749267578,,
1753064509686,,-2.516904592514038,8.634089469909668
1753064509734,2.630629062652588,-3.53204607963562,10.219051361083984
1753064509785,1.3377602100372314,-3.1058781147003174,7.8966755867004395
1753064509834,1.931522250175476,-3.397970676422119,10.262146949768066
1753064509885,2.539649486541748,-2.895188331604004,
1753064509886,,,9.242217063903809
1753064509934,2.410362482070923,-2.5073277950286865,
1753064509935,,,8.662819862365723
1753064509985,2.2475569248199463,-2.603095769882202,9.045892715454102
1753064510034,2.6785130500793457,-2.4881742000579834,8.533533096313477
1753064510085,2.8652608394622803,-2.9095535278320312,
1753064510086,,,9.103353500366211
1753064510134,2.1039047241210938,-3.0196869373321533,8.959701538085938
1753064510186,1.8261773586273193,-2.957437753677368,8.768165588378906
1753064510235,2.3959972858428955,-2.492962598800659,8.270171165466309
1753064510285,2.1996726989746094,,
1753064510286,,-3.2160115242004395,9.050681114196777
1753064510334,1.8884265422821045,-3.666121244430542,9.299677848815918
1753064510385,1.8692729473114014,-3.3931822776794434,8.672396659851074
1753064510434,1.5340847969055176,-2.8616695404052734,8.480860710144043
1753064510435,,,8.739435195922852
1753064510485,2.3050177097320557,-2.7898435592651367,9.199121475219727
1753064510534,2.5252842903137207,-3.6086604595184326,9.304466247558594
1753064510585,1.6968904733657837,-3.134608507156372,8.590993881225586
1753064510634,2.1805191040039062,-3.134608507156372,8.605359077453613
1753064510685,2.4678235054016113,-3.292625904083252,9.481637001037598
1753064510686,,,9.156025886535645
1753064510734,1.4814122915267944,-3.560776472091675,9.122507095336914
1753064510785,2.1517887115478516,-3.599083662033081,9.687539100646973
1753064510834,2.276287317276001,-3.737947463989258,9.275735855102539
1753064510885,1.9794062376022339,-3.661332845687866,
1753064510886,,,9.021950721740723
1753064510934,1.955464243888855,-4.044404983520508,
1753064510935,,,9.582193374633789
1753064510986,1.998559832572937,-3.3405098915100098,8.686761856079102
1753064511034,2.1709423065185547,-3.18249249458313,
1753064511035,,,8.638877868652344
1753064511085,1.9075802564620972,-3.3692402839660645,8.902240753173828
1753064511134,1.811812162399292,-3.0867245197296143,8.562263488769531
1753064511185,2.4199392795562744,-3.316567897796631,9.065046310424805
1753064511234,1.835754156112671,-3.536834478378296,9.175179481506348
1753064511285,2.1709423065185547,-3.560776472091675,
1753064511286,,,9.122507095336914
1753064511334,2.166153907775879,-3.752312660217285,9.28531265258789
1753064511385,2.012925148010254,-3.4314894676208496,8.744223594665527
1753064511434,1.8309657573699951,-3.3692402839660645,
1753064511435,,,8.538321495056152
1753064511485,1.548449993133545,-3.445854902267456,8.614935874938965
1753064511534,1.5436615943908691,-3.5895068645477295,8.385092735290527
1753064511585,1.5436615943908691,-3.268683910369873,8.203133583068848
1753064511634,2.630629062652588,-3.848080635070801,9.170391082763672
1753064511685,1.8692729473114014,,
1753064511686,,-3.97257924079895,8.907029151916504
1753064511734,2.1517887115478516,-4.173692226409912,
1753064511735,,,9.472060203552246
1753064511785,2.30022931098938,-3.3740286827087402,9.280524253845215
1753064511834,2.1565771102905273,-2.80899715423584,8.998008728027344
1753064511885,2.3768436908721924,,
1753064511886,2.3576900959014893,-3.00053334236145,9.270947456359863
1753064511935,1.73519766330719,-3.469796895980835,8.58620548248291
1753064511985,1.8453309535980225,-3.4841620922088623,8.897452354431152
1753064511986,,,9.12729549407959
1753064512034,1.7687164545059204,-3.378817081451416,8.97885513305664
1753064512085,2.1805191040039062,-3.1729156970977783,8.863933563232422
1753064512134,2.147000312805176,-3.0388405323028564,
1753064512135,,,8.844779968261719
1753064512185,1.9650410413742065,-3.230376720428467,
1753064512186,,,8.58620548248291
1753064512234,1.8596961498260498,-3.714005470275879,9.079411506652832
1753064512285,1.7735048532485962,,
1753064512286,,-3.6086604595184326,9.208698272705078
1753064512334,2.228403329849243,-3.3500866889953613,9.1847562789917
1753064512385,1.9410990476608276,-3.1729156970977783,9.112930297851562
1753064512434,1.8166005611419678,-3.110666513442993,8.701127052307129
1753064512485,1.9075802564620972,-3.2399535179138184,9.041104316711426
1753064512534,2.1565771102905273,-3.5272576808929443,9.371503829956055
1753064512585,1.8405425548553467,-3.287837505340576,9.21827507019043
1753064512634,1.8836381435394287,-2.981379747390747,8.749011993408203
1753064512685,1.9267338514328003,-3.3069911003112793,
1753064512686,,,9.21827507019043
1753064512734,2.1996726989746094,-3.1729156970977783,8.739435195922852
1753064512785,1.423951506614685,-2.670133352279663,7.887098789215088
1753064512834,1.9602526426315308,-3.139396905899048,8.126519203186035
1753064512885,3.468599796295166,-3.910329818725586,12.04343318939209
1753064512934,1.4431051015853882,-3.177704095840454,
1753064512935,,,7.020398139953613
1753064512985,2.094327926635742,-3.4602200984954834,9.347561836242676
1753064513034,2.539649486541748,-3.5895068645477295,9.136872291564941
1753064513085,1.5340847969055176,-3.6565444469451904,8.749011993408203
1753064513134,2.8125884532928467,-3.316567897796631,10.266935348510742
1753064513185,2.42472767829895,-3.1920695304870605,9.49121379852295
1753064513186,,,9.946112632751465
1753064513234,2.8604724407196045,-2.4163479804992676,9.242217063903809
1753064513285,2.4821887016296387,,
1753064513286,2.3098061084747314,-2.847304344177246,9.37629222869873
1753064513334,2.2427685260772705,-3.8145618438720703,9.304466247558594
1753064513385,2.4678235054016113,-3.512892484664917,9.457695007324219
1753064513434,1.6585832834243774,-3.9630024433135986,8.303689956665039
1753064513485,1.7208324670791626,-4.456207752227783,8.739435195922852
1753064513534,1.4287399053573608,-4.053982257843018,8.093000411987305
1753064513585,1.7830817699432373,-3.8049850463867188,
1753064513586,,,8.236652374267578
1753064513634,1.8405425548553467,-4.331709384918213,8.18876838684082
1753064513685,1.692102074623108,-4.609436988830566,
1753064513686,,,8.76337718963623
1753064513734,1.7160440683364868,-4.082712650299072,8.557475090026855
1753064513785,1.998559832572937,-4.441842555999756,9.505578994750977
1753064513834,2.3959972858428955,-4.039616584777832,9.12729549407959
1753064513885,1.787870168685913,-4.192845821380615,8.437765121459961
1753064513934,2.2427685260772705,,
1753064513935,1.974617838859558,-4.561553001403809,9.61571216583252
1753064513985,1.73519766330719,-4.2550950050354,
1753064513986,,,8.500014305114746
1753064514034,1.6729484796524048,-3.5703532695770264,8.274959564208984
1753064514085,1.7016788721084595,-3.9151182174682617,
1753064514086,,-4.298190593719482,8.274959564208984
1753064514134,2.2427685260772705,-3.9821560382843018,8.691550254821777
1753064514185,1.7447744607925415,-3.886387825012207,8.672396659851074
1753064514234,2.3337481021881104,-3.8959646224975586,9.151237487792969
1753064514235,,,8.816049575805664
1753064514285,2.3720552921295166,,
1753064514286,,-3.421912670135498,8.863933563232422
1753064514334,2.496553897857666,-3.067570924758911,8.672396659851074
1753064514385,2.1565771102905273,-3.3213562965393066,8.744223594665527
1753064514434,2.3576900959014893,-3.6134488582611084,
1753064514435,,,9.294889450073242
1753064514485,2.123058319091797,-3.6278140544891357,8.801684379577637
1753064514534,2.2427685260772705,-3.6900634765625,9.03631591796875
1753064514585,1.8884265422821045,-3.9151182174682617,8.921394348144531
1753064514634,2.2619221210479736,-3.273472309112549,8.409034729003906
1753064514685,2.477400302886963,,
1753064514686,,-3.115454912185669,9.136872291564941
1753064514734,1.668160080909729,-2.718017578125,8.361150741577148
1753064514785,2.3050177097320557,-2.847304344177246,9.630077362060547
1753064514834,3.138199806213379,-2.7754783630371094,
1753064514835,,,9.539097785949707
1753064514885,2.558803081512451,,
1753064514886,2.625840663909912,-3.1058781147003174,9.725846290588379
1753064514934,2.3481132984161377,,
1753064514935,,-3.139396905899048,9.462483406066895
1753064514985,2.6593594551086426,-3.354875087738037,10.06582260131836
1753064515034,2.74076247215271,-2.205658197402954,9.371503829956055
1753064515085,2.3529016971588135,,
1753064515086,2.3145945072174072,-1.9183541536331177,8.892663955688477
1753064515134,2.5252842903137207,-3.426701068878174,9.323619842529297
1753064515185,1.8309657573699951,-3.929483652114868,8.255805969238281
1753064515235,2.3145945072174072,-3.268683910369873,
1753064515239,,,10.022727012634277
1753064515285,3.4590229988098145,,
1753064515286,,-2.1912930011749268,9.457695007324219
1753064515334,2.2188265323638916,,
1753064515335,,-3.005321741104126,8.744223594665527
1753064515385,1.9219454526901245,-3.7618894577026367,10.118494987487793
1753064515434,2.4678235054016113,-2.56000018119812,9.3427734375
1753064515485,2.4390928745269775,-2.80899715423584,9.30925464630127
1753064515534,2.1278467178344727,-3.1250317096710205,8.921394348144531
1753064515585,1.7782933712005615,-3.1298201084136963,8.82083797454834
1753064515634,2.8221652507781982,-2.6605565547943115,9.122507095336914
1753064515685,2.008136749267578,-2.9765913486480713,8.696338653564453
1753064515686,,,9.25179386138916
1753064515734,2.606687068939209,-2.8137855529785156,
1753064515735,,,9.270947456359863
1753064515785,2.324171304702759,-2.713229179382324,
1753064515786,,-3.0101101398468018,8.954913139343262
1753064515834,2.324171304702759,,
1753064515835,,-3.230376720428467,10.027515411376953
1753064515885,2.1565771102905273,,
1753064515886,,-2.8856115341186523,9.03631591796875
1753064515934,2.1805191040039062,-2.5983073711395264,8.921394348144531
1753064515985,2.7024552822113037,-2.962226152420044,9.764153480529785
1753064516034,2.190095901489258,-2.2918496131896973,8.686761856079102
1753064516085,2.324171304702759,-2.6174609661102295,
1753064516086,,,8.811261177062988
1753064516134,2.2667105197906494,-3.694851875305176,
1753064516135,,,9.405022621154785
1753064516185,1.9794062376022339,-3.62302565574646,
1753064516186,,,9.654019355773926
1753064516235,2.362478494644165,-2.804208755493164,8.629301071166992
1753064516284,2.032078742980957,-2.4450783729553223,8.236652374267578
1753064516335,2.5348610877990723,-2.80899715423584,9.993996620178223
1753064516384,2.668936252593994,-2.540846586227417,9.428964614868164
1753064516385,,,9.00279712677002
1753064516435,2.4630351066589355,,
1753064516436,,-3.383605480194092,9.548674583435059
1753064516484,2.2427685260772705,,
1753064516485,,-2.9478609561920166,8.629301071166992
1753064516535,2.501342296600342,,
1753064516536,,-3.0148985385894775,9.998785018920898
1753064516584,2.630629062652588,,
1753064516585,1.9219454526901245,-2.6557681560516357,8.054693222045898
1753064516635,1.9506758451461792,,
1753064516636,,-3.0819361209869385,8.7298583984375
1753064516684,2.367266893386841,-2.7946319580078125,
1753064516685,,,8.500014305114746
1753064516735,2.3529016971588135,-3.3452982902526855,9.088988304138184
1753064516784,2.5348610877990723,-3.110666513442993,
1753064516785,,,8.883087158203125
1753064516835,2.2379801273345947,-2.7754783630371094,9.103353500366211
1753064516884,3.0137014389038086,-2.895188331604004,9.577404975891113
1753064516935,2.8173768520355225,-2.8856115341186523,9.831191062927246
1753064516984,2.295440912246704,,
1753064516985,,-3.1729156970977783,9.711481094360352
1753064517036,2.937086820602417,-3.709217071533203,10.539874076843262
1753064517084,2.2667105197906494,,
1753064517085,2.5683798789978027,-2.0236990451812744,8.231863975524902
1753064517135,3.071162223815918,-2.4355015754699707,9.385869026184082
1753064517184,2.6785130500793457,-2.4690206050872803,
1753064517185,,,8.571840286254883
1753064517235,2.5061306953430176,-3.1920695304870605,9.30925464630127
1753064517284,1.9841946363449097,-3.244741916656494,7.7434468269348145
1753064517335,2.094327926635742,-3.646967649459839,9.457695007324219
1753064517384,2.3959972858428955,-2.425924777984619,
1753064517385,,,8.227075576782227
1753064517435,2.721608877182007,-2.828150749206543,8.935759544372559
1753064517484,2.6114754676818848,-2.8137855529785156,8.595782279968262
1753064517535,2.3289597034454346,-3.330933094024658,9.692327499389648
1753064517584,2.4678235054016113,,
1753064517585,,-3.53204607963562,9.855133056640625
1753064517635,2.5731682777404785,-3.225588321685791,9.64923095703125
1753064517684,2.716820478439331,-3.0436289310455322,9.452906608581543
1753064517735,2.2906525135040283,-2.9239187240600586,8.76337718963623
1753064517784,2.3720552921295166,-2.9478609561920166,
1753064517785,,,8.385092735290527
1753064517835,2.204461097717285,-3.5272576808929443,8.87829875946045
1753064517884,1.9363106489181519,-2.7563247680664062,8.093000411987305
1753064517935,2.3289597034454346,-3.2543187141418457,8.87829875946045
1753064517984,2.1039047241210938,-3.053205728530884,8.03075122833252
1753064518035,2.0177135467529297,-3.8720226287841797,9.481637001037598
1753064518084,2.1422119140625,-3.330933094024658,8.452130317687988
1753064518135,2.319382905960083,-3.5895068645477295,9.582193374633789
1753064518184,2.7503392696380615,-2.7946319580078125,
1753064518185,,,8.681973457336426
1753064518235,2.319382905960083,-3.4985272884368896,9.314043045043945
1753064518284,1.9698294401168823,-3.536834478378296,8.734646797180176
1753064518335,2.3098061084747314,-3.426701068878174,9.323619842529297
1753064518384,1.9219454526901245,-3.3022027015686035,
1753064518385,,,8.658031463623047
1753064518435,2.1134815216064453,-3.18249249458313,8.744223594665527
1753064518484,2.2475569248199463,-2.674921751022339,
1753064518485,,,8.016386032104492
1753064518535,2.20924973487854,-3.3213562965393066,8.715493202209473
1753064518584,2.2906525135040283,,
1753064518585,2.271498918533325,-3.862445831298828,9.701904296875
1753064518635,1.878849744796753,-2.8616695404052734,8.102577209472656
1753064518636,,,8.241440773010254
1753064518684,2.6641478538513184,-4.125808238983154,10.458471298217773
1753064518736,2.1757307052612305,-2.6844985485076904,7.695562839508057
1753064518785,2.036867141723633,-3.3740286827087402,9.19433307647705
1753064518835,2.42472767829895,-3.397970676422119,8.686761856079102
1753064518884,2.05123233795166,-3.09151291847229,8.485649108886719
1753064518885,,,8.193556785583496
1753064518935,2.850895643234253,-2.9095535278320312,9.117718696594238
1753064518984,2.515707492828369,-2.957437753677368,
1753064518985,,,8.394669532775879
1753064519035,2.0464439392089844,,
1753064519036,,-3.115454912185669,8.749011993408203
1753064519084,2.807800054550171,-4.259883403778076,9.989208221435547
1753064519135,1.7160440683364868,-2.9526493549346924,7.226299285888672
1753064519184,2.2475569248199463,,
1753064519185,,-3.4314894676208496,9.007585525512695
1753064519235,2.5492262840270996,-3.2351651191711426,7.863156795501709
1753064519284,1.998559832572937,-3.8959646224975586,
1753064519285,,,8.82083797454834
1753064519335,2.099116325378418,-3.9199066162109375,9.007585525512695
1753064519384,2.2236149311065674,,
1753064519385,2.2858641147613525,-2.895188331604004,8.667608261108398
1753064519435,3.243544816970825,-3.603872060775757,9.8599214553833
1753064519484,2.6162638664245605,-3.397970676422119,8.839991569519043
1753064519535,2.2236149311065674,-3.335721492767334,9.045892715454102
1753064519584,2.937086820602417,-3.244741916656494,9.103353500366211
1753064519635,1.9650410413742065,-3.3405098915100098,8.251017570495605
1753064519684,1.8501193523406982,-3.3500866889953613,
1753064519685,,,8.169614791870117
1753064519735,2.606687068939209,-3.4075474739074707,8.51916790008545
1753064519784,2.3959972858428955,-3.3931822776794434,8.409034729003906
1753064519835,2.008136749267578,-3.292625904083252,8.768165588378906
1753064519884,2.4917654991149902,-4.063559055328369,9.472060203552246
1753064519935,2.5683798789978027,-3.402759075164795,
1753064519936,,-2.986168146133423,8.954913139343262
1753064519984,1.8740613460540771,-3.886387825012207,
1753064519985,,-4.049193859100342,8.710704803466797
1753064520035,2.6402058601379395,-3.8768110275268555,9.347561836242676
1753064520084,1.8692729473114014,-3.1729156970977783,8.835203170776367
1753064520135,2.319382905960083,-2.8808231353759766,8.610147476196289
1753064520184,2.5109190940856934,-4.226364612579346,
1753064520185,,,9.390657424926758
1753064520235,2.4199392795562744,-3.6756980419158936,9.5007905960083
1753064520284,1.653794765472412,-3.9390604496002197,
1753064520285,,,8.710704803466797
1753064520335,2.4630351066589355,-3.867234230041504,
1753064520336,,-2.4642322063446045,9.40023422241211
1753064520384,2.4007856845855713,,
1753064520385,,-4.207211017608643,10.568604469299316
1753064520435,1.711255669593811,,
1753064520436,,-2.627037763595581,6.962936878204346
1753064520485,3.109469413757324,-4.216787815093994,11.176732063293457
1753064520535,1.8022353649139404,-3.268683910369873,7.302913665771484
1753064520536,,,8.590993881225586
1753064520584,2.3959972858428955,,
1753064520585,,-3.4554316997528076,9.898228645324707
1753064520635,2.7024552822113037,-3.4410665035247803,8.476072311401367
1753064520684,2.094327926635742,-4.566341400146484,9.261370658874512
1753064520735,3.028066635131836,-3.6900634765625,10.424952507019043
1753064520736,,,8.614935874938965
1753064520784,2.276287317276001,,
1753064520785,,-2.603095769882202,8.270171165466309
1753064520835,2.496553897857666,-2.780266761779785,8.930971145629883
1753064520836,,,7.250241279602051
1753064520884,3.0137014389038086,-4.681262969970703,11.430517196655273
1753064520935,0.8445546627044678,-2.344521999359131,5.229535102844238
1753064520984,1.3521254062652588,-2.9670145511627197,
1753064520985,,,8.112154006958008
1753064521035,2.5971102714538574,-2.205658197402954,6.910264492034912
1753064521084,1.4622586965560913,-3.560776472091675,7.891887187957764
1753064521135,1.2611457109451294,-4.063559055328369,6.991667747497559
1753064521184,1.5723919868469238,,
1753064521185,,-4.901529312133789,9.074623107910156
1753064521235,1.3664906024932861,-4.820126533508301,8.22228717803955
1753064521284,1.6202759742736816,-3.6373908519744873,7.882310390472412
1753064521285,,,7.74823522567749
1753064521335,2.913144826889038,-4.063559055328369,10.137648582458496
1753064521384,2.74076247215271,-4.43705415725708,9.43375301361084
1753064521435,2.204461097717285,-4.714781761169434,10.161590576171875
1753064521484,1.6490063667297363,-4.6285905838012695,
1753064521485,,-4.044404983520508,9.156025886535645
1753064521535,1.8596961498260498,-4.034828186035156,7.8727335929870605
1753064521584,1.9267338514328003,,
1753064521585,,,8.42818832397461
1753064521635,1.2132617235183716,-3.2638955116271973,5.938218593597412
1753064521636,,,9.668384552001953
1753064521684,1.3521254062652588,,
1753064521685,2.1422119140625,-4.235941410064697,8.863933563232422
1753064521735,2.7742812633514404,-4.408323764801025,9.639654159545898
1753064521784,1.1510124206542969,-4.666897773742676,
1753064521785,,,7.2789716720581055
1753064521835,2.826953649520874,-5.164891719818115,11.492766380310059
1753064521884,2.5348610877990723,-4.997297286987305,10.286088943481445
1753064521935,1.6394295692443848,-3.6134488582611084,8.500014305114746
1753064521984,2.606687068939209,-3.6517560482025146,
1753064521985,,-4.183269023895264,9.879075050354004
1753064522035,1.6490063667297363,-4.168903827667236,8.131307601928711
1753064522084,2.204461097717285,,
1753064522085,2.3289597034454346,-3.8815994262695312,9.361927032470703
1753064522135,1.5053542852401733,-3.4362781047821045,
1753064522136,,,6.972513675689697
1753064522184,2.094327926635742,,
1753064522185,2.6449942588806152,-2.957437753677368,8.7298583984375
1753064522235,2.4582467079162598,-2.4211363792419434,7.4322004318237305
1753064522284,1.9075802564620972,,
1753064522285,,-2.780266761779785,8.696338653564453
1753064522335,3.071162223815918,-2.0715830326080322,8.351573944091797
1753064522384,2.544437885284424,-4.777030944824219,
1753064522385,,,10.175955772399902
1753064522435,1.9698294401168823,-4.834491729736328,10.568604469299316
1753064522484,2.2379801273345947,-4.863222122192383,10.769718170166016
1753064522535,1.514931082725525,-2.564788579940796,7.71471643447876
1753064522584,3.1286230087280273,-3.4985272884368896,
1753064522585,,,11.995549201965332
1753064522635,2.3720552921295166,-3.1489737033843994,6.68520975112915
1753064522684,1.9171570539474487,,
1753064522685,,-2.7946319580078125,8.073846817016602
1753064522735,3.8373067378997803,-3.891176223754883,10.113706588745117
1753064522784,0.8349778652191162,-2.411559581756592,
1753064522785,,,5.081094741821289
1753064522835,1.73519766330719,-3.6756980419158936,8.701127052307129
1753064522884,2.9035680294036865,,
1753064522885,,-2.3349452018737793,7.685986042022705
1753064522935,1.3329718112945557,,
1753064522936,,-3.1010897159576416,7.264606475830078
1753064522984,2.5683798789978027,-3.958214044570923,9.577404975891113
1753064522985,,,9.275735855102539
1753064523035,2.4007856845855713,,
1753064523036,2.1709423065185547,-3.6086604595184326,8.969278335571289
1753064523084,2.1086931228637695,,
1753064523085,3.3728315830230713,-4.015674591064453,9.481637001037598
1753064523135,3.066373825073242,-3.206434726715088,10.487201690673828
1753064523184,2.83174204826355,-4.135385036468506,
1753064523185,,-3.6900634765625,10.539874076843262
1753064523235,2.123058319091797,-2.7754783630371094,8.341997146606445
1753064523284,2.233191728591919,-3.4793736934661865,9.424176216125488
1753064523285,,,7.2119340896606445
1753064523335,2.0225019454956055,-3.09151291847229,7.1257429122924805
1753064523384,1.7591396570205688,,
1753064523385,,-3.9199066162109375,8.389881134033203
1753064523435,1.3617022037506104,-3.402759075164795,7.374739646911621
1753064523484,2.6402058601379395,-3.134608507156372,9.203909873962402
1753064523535,2.05123233795166,-2.2152352333068848,7.800907611846924
1753064523584,2.7024552822113037,,
1753064523585,,-3.8337154388427734,10.817602157592773
1753064523635,2.8796260356903076,-2.9909565448760986,9.050681114196777
1753064523684,1.931522250175476,-4.446630954742432,10.094552993774414
1753064523685,,,9.079411506652832
1753064523735,2.161365509033203,-3.268683910369873,8.476072311401367
1753064523784,2.1086931228637695,-3.421912670135498,8.653243064880371
1753064523835,2.079962730407715,,
1753064523836,2.429516077041626,-3.0819361209869385,8.24622917175293
1753064523885,1.898003339767456,-3.4841620922088623,8.46170711517334
1753064523935,1.811812162399292,-3.6565444469451904,8.466495513916016
1753064523984,2.2619221210479736,-3.096301317214966,8.571840286254883
1753064524035,2.166153907775879,-3.287837505340576,8.930971145629883
1753064524084,2.9753942489624023,-3.3452982902526855,10.032303810119629
1753064524135,2.386420488357544,-2.7275943756103516,8.423399925231934
1753064524184,2.3289597034454346,,
1753064524185,,-3.603872060775757,9.931747436523438
1753064524235,2.4199392795562744,-2.9047651290893555,8.093000411987305
1753064524284,1.7304092645645142,-3.4410665035247803,8.681973457336426
1753064524285,,,6.824073314666748
1753064524335,1.7591396570205688,-2.8377275466918945,6.6181721687316895
1753064524384,1.4047977924346924,-2.5121161937713623,8.318055152893066
1753064524385,,,5.808931827545166
1753064524435,2.5348610877990723,-3.402759075164795,
1753064524436,,-4.370016574859619,7.4800848960876465
1753064524484,1.0552444458007812,-3.029263734817505,
1753064524485,,-3.4123358726501465,6.599018573760986
1753064524535,3.4111387729644775,-4.398746967315674,11.01392650604248
1753064524584,2.7311856746673584,,
1753064524585,2.6785130500793457,-3.843292236328125,7.934982776641846
1753064524634,2.4343044757843018,,
1753064524635,,-3.891176223754883,9.12729549407959
1753064524685,2.429516077041626,-4.379593372344971,10.28130054473877
1753064524734,2.8221652507781982,-2.895188331604004,8.18876838684082
1753064524785,3.176506996154785,-4.173692226409912,11.555015563964844
1753064524834,2.8125884532928467,-3.18249249458313,8.255805969238281
1753064524885,1.5005658864974976,-2.9095535278320312,8.33720874786377
1753064524934,2.6449942588806152,-3.838503837585449,
1753064524935,,,10.147225379943848
1753064524985,0.6913257241249084,-2.689286947250366,5.445013046264648
1753064525034,1.2324153184890747,-2.8329391479492188,7.346009254455566
1753064525085,3.3297359943389893,-3.067570924758911,8.715493202209473
1753064525134,1.7064672708511353,-3.910329818725586,7.408258438110352
1753064525185,1.2132617235183716,-3.9486372470855713,
1753064525186,,,8.94533634185791
1753064525234,3.052008628845215,-4.365228176116943,10.94688892364502
1753064525285,2.692878246307373,-2.718017578125,8.76337718963623
1753064525334,2.601898670196533,-4.058770656585693,10.602123260498047
1753064525385,2.4869771003723145,-3.62302565574646,9.25179386138916
1753064525434,1.9841946363449097,-3.8097734451293945,9.515155792236328
1753064525485,2.324171304702759,-2.871246337890625,8.782530784606934
1753064525534,2.501342296600342,-3.8337154388427734,9.175179481506348
1753064525585,1.9602526426315308,-2.713229179382324,8.480860710144043
1753064525586,,,6.599018573760986
1753064525634,1.974617838859558,-3.1920695304870605,9.179967880249023
1753064525685,2.166153907775879,-2.9957449436187744,7.863156795501709
1753064525734,0.6242880821228027,-3.0819361209869385,6.919841289520264
1753064525785,2.496553897857666,-4.5423994064331055,
1753064525786,,-4.642955780029297,10.06582260131836
1753064525834,2.965817451477051,-3.1441853046417236,8.85435676574707
1753064525885,1.9027918577194214,-3.7235822677612305,
1753064525886,,,9.280524253845215
1753064525934,2.5540146827697754,-3.5464112758636475,9.845556259155273
1753064525935,,,10.611700057983398
1753064525985,2.846107244491577,-4.140173435211182,10.817602157592773
1753064526034,2.8987796306610107,-3.153762102127075,9.012373924255371
1753064526035,,,9.625288963317871
1753064526085,1.6585832834243774,-2.8377275466918945,7.867945194244385
1753064526134,2.1134815216064453,-3.3931822776794434,9.227851867675781
1753064526185,0.9355342984199524,-3.2974143028259277,5.282207489013672
1753064526234,1.7639280557632446,-2.536058187484741,7.810484409332275
1753064526285,2.204461097717285,-4.034828186035156,8.284536361694336
1753064526334,1.447893500328064,-4.31255578994751,8.868721961975098
1753064526385,2.8652608394622803,-4.240729808807373,10.242993354797363
1753064526434,2.338536500930786,-3.7714662551879883,
1753064526435,,,9.529520988464355
1753064526485,2.874837636947632,-3.4362781047821045,10.310030937194824
1753064526534,1.5819687843322754,-4.508880138397217,
1753064526535,,,9.189544677734375
1753064526585,1.5580267906188965,-3.9821560382843018,9.12729549407959
1753064526634,1.73519766330719,-3.867234230041504,9.00279712677002
1753064526685,1.567603588104248,-3.206434726715088,7.662044048309326
1753064526734,1.7639280557632446,-3.0579941272735596,7.326855659484863
1753064526785,2.759916067123413,-4.489726543426514,10.386645317077637
1753064526834,1.3425486087799072,-2.943072557449341,5.492897033691406
1753064526885,1.4335283041000366,-4.791396141052246,10.381856918334961
1753064526934,2.668936252593994,-5.629366874694824,
1753064526935,,,10.56381607055664
1753064526985,-0.23283611238002777,-3.4123358726501465,5.157709121704102
1753064527034,2.7263972759246826,-4.7387237548828125,
1753064527035,,,11.07138729095459
1753064527085,2.544437885284424,-3.5033156871795654,7.647678852081299
1753064527134,1.7830817699432373,-4.374804973602295,8.365939140319824
1753064527185,2.7503392696380615,-4.724358558654785,10.434529304504395
1753064527234,0.8062474131584167,-4.858433723449707,8.069058418273926
1753064527285,1.4047977924346924,-4.690839767456055,8.638877868652344
1753064527334,1.9698294401168823,-4.264671802520752,9.136872291564941
1753064527385,1.7687164545059204,-4.250306606292725,8.27974796295166
1753064527434,2.161365509033203,-3.7475242614746094,8.164826393127441
1753064527485,1.9889830350875854,-4.1641154289245605,9.16081428527832
1753064527534,1.7208324670791626,,
1753064527535,,-5.131372928619385,8.691550254821777
1753064527585,1.127070426940918,-4.87758731842041,8.471283912658691
1753064527586,,,7.729081630706787
1753064527634,1.668160080909729,,
1753064527635,,-4.561553001403809,9.40023422241211
1753064527685,1.974617838859558,-4.068347454071045,7.551910877227783
1753064527734,1.347337007522583,-4.365228176116943,8.093000411987305
1753064527785,1.9937714338302612,-4.4274773597717285,8.772953987121582
1753064527834,2.1422119140625,-4.446630954742432,
1753064527835,,-4.4705729484558105,8.504802703857422
1753064527885,1.787870168685913,-3.867234230041504,8.33720874786377
1753064527934,1.6490063667297363,-4.954201698303223,9.424176216125488
1753064527935,,,8.33720874786377
1753064527985,1.7208324670791626,,
1753064527986,,-4.4705729484558105,8.040328025817871
1753064528034,1.447893500328064,-4.523245334625244,7.685986042022705
1753064528085,1.7064672708511353,-4.302978992462158,
1753064528086,,,8.964489936828613
1753064528134,1.5245078802108765,-4.523245334625244,
1753064528135,,,9.06983470916748
1753064528185,1.4383167028427124,-3.934272050857544,8.025962829589844
1753064528234,1.692102074623108,-4.547187805175781,
1753064528235,,,9.931747436523438
1753064528285,1.7639280557632446,-3.867234230041504,7.585429668426514
1753064528334,1.3569138050079346,-4.638167381286621,8.78731918334961
1753064528385,2.1086931228637695,-4.116231441497803,8.543109893798828
1753064528434,0.8732850551605225,-4.092289447784424,
1753064528435,,,7.187992095947266
1753064528486,1.4622586965560913,-4.714781761169434,9.438541412353516
1753064528535,1.9650410413742065,-3.7666778564453125,7.9397711753845215
1753064528585,1.323395013809204,-4.5423994064331055,8.696338653564453
1753064528634,2.228403329849243,-4.379593372344971,9.00279712677002
1753064528685,1.6059107780456543,-4.413112163543701,8.409034729003906
1753064528734,2.0177135467529297,-3.996521234512329,8.538321495056152
1753064528785,1.8166005611419678,-4.001309394836426,8.136096000671387
1753064528834,1.8644845485687256,-4.4945149421691895,9.189544677734375
1753064528885,1.5532383918762207,-4.4705729484558105,7.906252384185791
1753064528934,1.2802993059158325,-4.75308895111084,8.485649108886719
1753064528935,,,7.74823522567749
1753064528985,1.5340847969055176,-4.0300397872924805,7.652467250823975
1753064529034,1.3952209949493408,-4.326920986175537,8.169614791870117
1753064529085,2.228403329849243,-4.135385036468506,9.390657424926758
1753064529134,1.7687164545059204,-4.604648590087891,
1753064529135,,,8.777742385864258
1753064529185,1.711255669593811,-4.671686172485352,
1753064529186,,,9.156025886535645
1753064529234,2.0225019454956055,-4.906317710876465,9.95090103149414
1753064529285,1.9027918577194214,-4.039616584777832,8.432976722717285
1753064529286,,,8.002020835876465
1753064529334,1.8740613460540771,-4.676474571228027,
1753064529335,,-4.662109375,9.448118209838867
1753064529385,1.8166005611419678,,
1753064529386,,-4.633378982543945,8.485649108886719
1753064529434,1.5532383918762207,,
1753064529435,1.3760673999786377,-3.421912670135498,7.010821342468262
1753064529485,1.4047977924346924,-4.719570159912109,7.834426403045654
1753064529534,1.2419921159744263,-4.451419353485107,8.040328025817871
1753064529585,1.6442179679870605,-4.820126533508301,8.839991569519043
1753064529634,1.4000093936920166,-3.560776472091675,6.713940143585205
1753064529685,0.9738415479660034,-4.0779242515563965,
1753064529686,,,7.360374450683594
1753064529734,1.9602526426315308,-4.556764602661133,9.136872291564941
1753064529785,1.5292962789535522,-4.475361347198486,8.040328025817871
1753064529834,1.2228385210037231,-4.820126533508301,8.116942405700684
1753064529885,2.2475569248199463,-4.920682907104492,9.879075050354004
1753064529934,1.7639280557632446,-4.595071792602539,
1753064529935,,,7.915829181671143
1753064529985,1.4718354940414429,-4.513668537139893,8.341997146606445
1753064530034,2.3145945072174072,-5.155314922332764,9.175179481506348
1753064530085,1.2228385210037231,-5.073912143707275,8.33720874786377
1753064530086,,,9.012373924255371
1753064530134,2.056020736694336,-4.561553001403809,
1753064530135,,,9.122507095336914
1753064530185,2.1086931228637695,-4.168903827667236,8.002020835876465
1753064530234,1.653794765472412,-4.3412861824035645,
1753064530235,,,8.083423614501953
1753064530285,1.878849744796753,-4.53761100769043,8.8878755569458
1753064530334,2.1326351165771484,,
1753064530335,1.7495628595352173,-4.930259704589844,9.3427734375
1753064530387,1.854907751083374,-4.762665748596191,8.198345184326172
1753064530434,1.835754156112671,,
1753064530435,,-4.460996150970459,7.992444038391113
1753064530485,1.7639280557632446,-4.547187805175781,8.64366626739502
1753064530534,1.7782933712005615,-4.915894508361816,9.09377670288086
1753064530585,2.0464439392089844,-4.432265758514404,8.509591102600098
1753064530634,2.012925148010254,-4.709993362426758,
1753064530635,,,8.409034729003906
1753064530685,1.8070237636566162,-5.394734859466553,9.673172950744629
1753064530734,2.147000312805176,-4.326920986175537,8.490437507629395
1753064530785,2.204461097717285,-4.882375717163086,
1753064530786,,,8.600570678710938
1753064530834,1.5532383918762207,-4.662109375,8.284536361694336
1753064530835,,,8.193556785583496
1753064530885,2.2810757160186768,-4.714781761169434,9.103353500366211
1753064530934,1.9027918577194214,,
1753064530935,,-4.058770656585693,6.915052890777588
1753064530985,1.6777368783950806,,
1753064530986,,-4.709993362426758,9.37629222869873
1753064531034,2.2379801273345947,-4.556764602661133,8.308478355407715
1753064531035,,,8.921394348144531
1753064531085,1.7830817699432373,-5.064335346221924,8.595782279968262
1753064531086,,,8.260594367980957
1753064531134,1.6011223793029785,,
1753064531135,1.246780514717102,-5.121796131134033,
1753064531136,,,9.12729549407959
1753064531185,1.5436615943908691,-6.1752448081970215,8.998008728027344
1753064531234,2.2858641147613525,-3.4075474739074707,8.557475090026855
1753064531285,2.42472767829895,-3.9630024433135986,7.298125267028809
1753064531334,2.4869771003723145,-3.029263734817505,8.844779968261719
1753064531335,,,8.686761856079102
1753064531385,2.874837636947632,-4.475361347198486,9.00279712677002
1753064531434,2.233191728591919,-3.8815994262695312,
1753064531435,,-4.178480625152588,9.40023422241211
1753064531485,1.974617838859558,-4.417900562286377,8.940547943115234
1753064531534,3.095104217529297,-3.5224692821502686,9.539097785949707
1753064531535,,,8.380304336547852
1753064531585,2.3576900959014893,-4.154538631439209,7.705139636993408
1753064531634,1.6298527717590332,-4.647744178771973,8.361150741577148
1753064531685,2.05123233795166,,
1753064531686,,-5.164891719818115,9.280524253845215
1753064531734,2.295440912246704,-3.666121244430542,
1753064531735,,,8.485649108886719
1753064531785,2.319382905960083,-3.3261446952819824,7.776965618133545
1753064531834,2.4917654991149902,-3.929483652114868,
1753064531835,,-4.298190593719482,8.490437507629395
1753064531885,2.2188265323638916,-4.355651378631592,9.146449089050293
1753064531934,2.8125884532928467,-4.202422618865967,10.147225379943848
1753064531935,,,10.094552993774414
1753064531985,2.9945478439331055,-3.3500866889953613,
1753064531986,,-2.765901565551758,9.103353500366211
1753064532034,2.7263972759246826,,
1753064532035,2.7551276683807373,-2.387617588043213,7.93019437789917
1753064532085,2.649782657623291,,
1753064532086,,-3.1729156970977783,8.327631950378418
1753064532134,1.3521254062652588,-3.536834478378296,
1753064532135,,,7.398681640625
1753064532185,2.0033483505249023,-4.614225387573242,8.720281600952148
1753064532234,2.3529016971588135,-3.555988073348999,
1753064532235,,-3.4745852947235107,8.06427001953125
1753064532285,1.9363106489181519,-3.824138641357422,
1753064532286,,,8.054693222045898
1753064532334,2.30022931098938,-3.6565444469451904,8.576628684997559
1753064532335,,,9.074623107910156
1753064532385,2.3720552921295166,-4.154538631439209,9.371503829956055
1753064532434,2.1709423065185547,-2.9957449436187744,7.298125267028809
1753064532435,,,8.58620548248291
1753064532485,4.138976097106934,-6.242282390594482,12.771270751953125
1753064532534,1.9841946363449097,-5.959766387939453,
1753064532535,,,9.8599214553833
1753064532585,2.6162638664245605,-4.1641154289245605,10.142436981201172
1753064532634,3.597886562347412,,
1753064532635,,-2.7706899642944336,8.844779968261719
1753064532685,1.6059107780456543,-0.960673451423645,6.378751754760742
1753064532734,3.3919851779937744,-2.2822728157043457,
1753064532735,,-2.6414029598236084,9.701904296875
1753064532785,5.417479991912842,-3.709217071533203,11.13842487335205
1753064532834,3.2387564182281494,-3.7858314514160156,9.768941879272461
1753064532885,2.3720552921295166,-3.7235822677612305,9.050681114196777
1753064532935,1.0408791303634644,-2.9095535278320312,7.1688385009765625
1753064532984,4.70879602432251,,
1753064532985,2.6641478538513184,-3.5272576808929443,12.89098072052002
1753064533035,2.204461097717285,-2.5073277950286865,6.555922985076904
1753064533084,0.48063600063323975,-2.670133352279663,8.638877868652344
1753064533135,4.723161220550537,-2.8616695404052734,10.903793334960938
1753064533184,3.1429882049560547,,
1753064533185,,-2.7898435592651367,8.298901557922363
1753064533235,2.2810757160186768,-2.02848744392395,8.069058418273926
1753064533284,3.310582399368286,,
1753064533285,2.161365509033203,-4.053982257843018,10.37228012084961
1753064533335,1.567603588104248,-3.3452982902526855,7.231087684631348
1753064533384,2.0272903442382812,-3.292625904083252,
1753064533385,,,8.82083797454834
1753064533435,3.0137014389038086,-2.8329391479492188,7.934982776641846
1753064533484,3.7271735668182373,-3.5033156871795654,9.816825866699219
1753064533535,2.850895643234253,-2.871246337890625,9.256582260131836
1753064533584,3.9857473373413086,-3.934272050857544,11.119271278381348
1753064533635,2.917933225631714,-2.5312697887420654,8.274959564208984
1753064533684,3.3297359943389893,,
1753064533685,3.7894227504730225,-3.3644518852233887,10.075399398803711
1753064533735,3.4638113975524902,-4.532822132110596,11.100117683410645
1753064533736,,,8.389881134033203
1753064533784,3.4973301887512207,-3.4985272884368896,
1753064533785,,,10.391433715820312
1753064533835,2.4869771003723145,-2.8185739517211914,
1753064533836,,,7.9637131690979
1753064533884,2.012925148010254,-3.7618894577026367,8.672396659851074
1753064533935,4.225167274475098,-2.3780407905578613,10.927735328674316
1753064533984,4.804564476013184,-3.599083662033081,
1753064533985,,,11.871050834655762
1753064534035,2.3720552921295166,-2.2152352333068848,7.446565628051758
1753064534084,2.807800054550171,,
1753064534085,4.0527849197387695,-2.425924777984619,10.22383975982666
1753064534135,2.3576900959014893,-1.932719349861145,7.604583263397217
1753064534136,,,5.512050628662109
1753064534184,4.6273932456970215,,
1753064534185,,-1.9901801347732544,9.79288387298584
1753064534235,2.7694928646087646,-3.1633388996124268,9.424176216125488
1753064534284,3.095104217529297,-2.4690206050872803,8.361150741577148
1753064534335,0.8493430614471436,-2.301426410675049,7.585429668426514
1753064534384,3.296217203140259,-3.6804866790771484,
1753064534385,,,9.788095474243164
1753064534435,2.1948843002319336,-3.7475242614746094,8.859145164489746
1753064534436,,,7.0587053298950195
1753064534484,2.984971046447754,-3.7618894577026367,
1753064534485,,,10.94688892364502
1753064534535,1.8022353649139404,,
1753064534536,2.515707492828369,-2.9909565448760986,7.944559574127197
1753064534584,2.9945478439331055,,
1753064534585,2.7742812633514404,-2.866457939147949,11.349114418029785
1753064534635,2.558803081512451,-2.3301568031311035,8.078635215759277
1753064534684,4.359242916107178,,
1753064534685,3.9905357360839844,-3.3452982902526855,11.243769645690918
1753064534735,3.6745009422302246,-2.9239187240600586,11.612476348876953
1753064534784,1.6442179679870605,,
1753064534785,,-3.4075474739074707,7.781754016876221
1753064534835,3.1669301986694336,-3.508104085922241,
1753064534836,,,10.448894500732422
1753064534884,3.4542346000671387,,
1753064534885,1.8213889598846436,-3.1920695304870605,10.683526992797852
1753064534935,-0.18495208024978638,-3.421912670135498,
1753064534936,,,5.789778232574463
1753064534984,3.2579100131988525,-2.938283920288086,10.444106101989746
1753064535034,2.558803081512451,,
1753064535035,3.3297359943389893,-3.139396905899048,8.203133583068848
1753064535084,1.5340847969055176,,
1753064535085,2.961029052734375,-2.9957449436187744,8.471283912658691
1753064535135,4.4741644859313965,,
1753064535136,,-3.201646327972412,11.550227165222168
1753064535184,3.0615854263305664,,
1753064535185,3.162141799926758,-1.4730325937271118,7.020398139953613
1753064535235,3.9618053436279297,-3.6134488582611084,
1753064535236,,-4.595071792602539,11.598111152648926
1753064535284,1.548449993133545,,
1753064535285,1.1318588256835938,-3.153762102127075,7.029974937438965
1753064535335,1.4814122915267944,-4.4274773597717285,
1753064535336,,,9.065046310424805
1753064535385,1.246780514717102,-2.014122247695923,
1753064535386,,,5.449801445007324
1753064535435,4.110245704650879,-2.536058187484741,
1753064535436,,,10.927735328674316
1753064535484,1.9794062376022339,-1.7794904708862305,
1753064535485,,,6.168062210083008
1753064535535,2.5971102714538574,-3.4554316997528076,9.965266227722168
1753064535584,3.6170401573181152,-2.6174609661102295,10.013150215148926
1753064535635,2.5300726890563965,-2.981379747390747,9.017162322998047
1753064535684,2.0608091354370117,,
1753064535685,2.893991231918335,-2.7563247680664062,7.853579998016357
1753064535735,2.9227216243743896,-3.8337154388427734,
1753064535736,,,11.052233695983887
1753064535784,2.2188265323638916,,
1753064535785,,-1.8369512557983398,7.063493728637695
1753064535835,2.9706058502197266,-2.9765913486480713,10.424952507019043
1753064535884,2.8844144344329834,-2.2822728157043457,7.901463985443115
1753064535935,2.654571056365967,,
1753064535936,,-3.3931822776794434,10.793660163879395
1753064535984,2.5109190940856934,-2.7467479705810547,8.547898292541504
1753064536035,2.0895395278930664,,
1753064536036,,-3.2543187141418457,9.199121475219727
1753064536084,2.4151508808135986,,
1753064536085,,-2.9478609561920166,9.352350234985352
1753064536135,2.214038133621216,,
1753064536136,,-2.6557681560516357,8.322843551635742
1753064536184,3.066373825073242,,
1753064536185,3.0376434326171875,-3.0388405323028564,9.668384552001953
1753064536235,2.6880898475646973,-2.80899715423584,9.46727180480957
1753064536284,2.410362482070923,,
1753064536285,2.668936252593994,-3.048417329788208,8.859145164489746
1753064536335,2.6641478538513184,-3.139396905899048,9.577404975891113
1753064536384,2.5252842903137207,,
1753064536385,,-4.053982257843018,10.56381607055664
1753064536435,1.9698294401168823,,
1753064536436,,-2.765901565551758,8.183979988098145
1753064536484,3.6745009422302246,-2.895188331604004,
1753064536485,,-1.9710265398025513,10.961254119873047
1753064536535,3.334524393081665,-1.367687702178955,
1753064536536,,-1.7699135541915894,8.51916790008545
1753064536584,3.8085763454437256,,
1753064536585,2.0416555404663086,-3.6996402740478516,12.20145034790039
1753064536635,1.7495628595352173,-2.2918496131896973,
1753064536636,,,6.6612677574157715
1753064536684,1.8836381435394287,,
1753064536685,2.343324899673462,-3.493738889694214,9.610923767089844
1753064536735,2.807800054550171,-1.2623428106307983,7.097012519836426
1753064536784,2.850895643234253,,
1753064536785,2.1134815216064453,-3.2782607078552246,9.82640266418457
1753064536835,1.0887632369995117,-2.014122247695923,5.406705856323242
1753064536836,,,6.622960567474365
1753064536884,2.601898670196533,-3.886387825012207,11.325172424316406
1753064536885,,,7.71471643447876
1753064536935,2.185307502746582,-1.391629695892334,
1753064536936,,-2.1912930011749268,5.837662220001221
1753064536984,2.1805191040039062,,
1753064536985,2.7886464595794678,-3.1298201084136963,10.032303810119629
1753064537035,3.751115560531616,-2.5312697887420654,
1753064537084,2.7551276683807373,-3.776254653930664,
1753064537085,,,10.377068519592285
1753064537135,2.319382905960083,-2.7898435592651367,
1753064537136,,-2.9287071228027344,8.341997146606445
1753064537184,2.803011655807495,,
1753064537185,1.7830817699432373,-2.234388828277588,9.266159057617188
1753064537235,3.1525650024414062,-2.454655408859253,8.179191589355469
1753064537284,2.233191728591919,-3.09151291847229,
1753064537285,,,8.298901557922363
1753064537335,1.8932149410247803,-3.8815994262695312,9.529520988464355
1753064537384,3.1142578125,,
1753064537385,3.8995559215545654,-2.9047651290893555,9.06983470916748
1753064537435,3.6553473472595215,-2.3684639930725098,
1753064537436,,-1.6454150676727295,10.841544151306152
1753064537484,3.157353401184082,,
1753064537485,,-2.3493103981018066,8.825626373291016
1753064538673,2.386420488357544,,
1753064538674,3.779845952987671,-2.631826162338257,9.25179386138916
1753064538681,2.7886464595794678,-4.288613796234131,10.401010513305664
1753064538732,3.9618053436279297,,
1753064538733,2.956240653991699,-4.063559055328369,11.325172424316406
1753064538783,1.6633716821670532,-3.62302565574646,7.863156795501709
1753064538833,2.185307502746582,-3.067570924758911,
1753064538834,,-1.4299370050430298,9.510367393493652
1753064538882,3.157353401184082,,
1753064538883,1.9458874464035034,-1.8656816482543945,8.394669532775879
1753064538933,3.2100260257720947,-3.402759075164795,
1753064538934,,,9.428964614868164
1753064538984,0.7679402232170105,-3.97257924079895,6.062717437744141
1753064539033,-0.1562216579914093,-3.1058781147003174,5.794566631317139
1753064539082,5.460575580596924,,
1753064539083,,-2.785055160522461,12.019491195678711
1753064539133,2.1422119140625,-2.9478609561920166,7.489661693572998
1753064539134,,,7.384316444396973
1753064539182,0.6673837304115295,,
1753064539183,,-4.226364612579346,9.347561836242676
1753064539324,3.1477766036987305,,
1753064539325,3.909132719039917,-4.413112163543701,9.52473258972168
1753064539331,3.535637378692627,-5.021239280700684,12.977171897888184
1753064539382,2.803011655807495,,
1753064539383,,-3.90554141998291,10.003573417663574
1753064539433,5.14932918548584,,
1753064539434,1.2611457109451294,-3.225588321685791,13.254899024963379
1753064539482,3.516483783721924,,
1753064539483,1.5532383918762207,-3.1202433109283447,8.442553520202637
1753064539533,0.20769700407981873,,
1753064539534,,-0.7499836683273315,6.254253387451172
1753064539583,1.4526818990707397,-3.9630024433135986,7.853579998016357
1753064539634,2.6880898475646973,-3.1058781147003174,7.111377716064453
1753064539682,0.9738415479660034,,
1753064539683,0.7344213724136353,-3.7906198501586914,6.067505836486816
1753064539734,1.2611457109451294,-2.411559581756592,7.298125267028809
1753064539783,3.090315818786621,-4.144961833953857,10.549450874328613
1753064539834,3.1669301986694336,-3.3931822776794434,10.13286018371582
1753064539882,3.095104217529297,,
1753064539883,4.186860084533691,-3.62302565574646,9.773730278015137
1753064539934,3.71280837059021,-3.0771477222442627,11.449670791625977
1753064539983,2.4821887016296387,-4.666897773742676,9.864709854125977
1753064540034,3.119046211242676,-4.75308895111084,11.98597240447998
1753064540083,1.4383167028427124,-3.0340521335601807,5.938218593597412
1753064540134,0.45190557837486267,-1.5735890865325928,6.74267053604126
1753064540182,4.84287166595459,,
1753064540183,2.233191728591919,-3.268683910369873,11.933300018310547
1753064540233,0.40880993008613586,-1.3628993034362793,
1753064540234,,,3.515286684036255
1753064540282,1.8692729473114014,-4.853645324707031,
1753064540283,,-2.627037763595581,12.206238746643066
1753064540333,3.511695384979248,,
1753064540334,2.448669672012329,-3.0101101398468018,6.541557788848877
1753064540382,0.518943190574646,,
1753064540383,2.271498918533325,-1.875258445739746,7.781754016876221
1753064540434,4.656123638153076,-3.1298201084136963,10.46325969696045
1753064540482,2.8652608394622803,,
1753064540483,2.214038133621216,-2.296638011932373,7.029974937438965
1753064540533,0.6003460884094238,,
1753064540534,,-4.279036998748779,8.571840286254883
1753064540582,2.9275100231170654,,
1753064540583,2.386420488357544,-3.0627825260162354,8.974066734313965
1753064540633,1.4287399053573608,,
1753064540634,1.6968904733657837,-2.8808231353759766,6.819284915924072
1753064540682,2.228403329849243,,
1753064540683,2.3768436908721924,-3.733159065246582,9.754576683044434
1753064540734,2.7120320796966553,-2.8425159454345703,7.21672248840332
1753064540782,2.0272903442382812,,
1753064540783,2.625840663909912,-3.958214044570923,8.974066734313965
1753064540834,3.444657802581787,-4.298190593719482,11.669938087463379
1753064540882,1.787870168685913,,
1753064540883,2.1996726989746094,-3.383605480194092,7.844003200531006
1753064540934,2.6210522651672363,-3.666121244430542,11.16236686706543
1753064540983,3.3057940006256104,-4.039616584777832,10.185532569885254
1753064541033,1.3952209949493408,,
1753064541034,2.7742812633514404,-3.153762102127075,8.605359077453613
1753064541082,2.67372465133667,,
1753064541083,,-3.5703532695770264,9.754576683044434
1753064541133,2.0895395278930664,,
1753064541134,2.20924973487854,-3.90554141998291,9.275735855102539
1753064541183,2.0272903442382812,,
1753064541184,,-2.11946702003479,7.250241279602051
1753064541234,2.3145945072174072,-3.3069911003112793,8.653243064880371
1753064541282,2.697666883468628,,
1753064541283,2.4821887016296387,-1.956661343574524,7.355586051940918
1753064541334,1.5963339805603027,-4.259883403778076,8.116942405700684
1753064541382,2.8221652507781982,,
1753064541383,3.028066635131836,-2.7898435592651367,8.600570678710938
1753064541433,2.0608091354370117,,
1753064541434,1.2850877046585083,-2.7515363693237305,7.504026889801025
1753064541482,2.4199392795562744,,
1753064541483,3.798999547958374,-3.737947463989258,9.06983470916748
1753064541533,3.248333215713501,,
1753064541534,0.5859808921813965,-4.370016574859619,10.879851341247559
1753064541583,1.5819687843322754,-5.078700542449951,8.849568367004395
1753064541634,2.008136749267578,-2.540846586227417,8.514379501342773
1753064541682,2.7455508708953857,,
1753064541683,2.1805191040039062,-3.7906198501586914,11.061810493469238
1753064541734,2.9514522552490234,-1.492186188697815,7.27418327331543
1753064541782,3.71280837059021,,
1753064541783,2.496553897857666,-5.294178485870361,12.7760591506958
1753064541834,2.5252842903137207,-3.4554316997528076,7.2789716720581055
1753064541882,-0.6685808300971985,,
1753064541883,,-2.7084407806396484,6.603806972503662
1753064543748,4.818929672241211,-3.0436289310455322,
1753064543749,1.8644845485687256,-3.5511996746063232,11.033080101013184
1753064543753,1.9889830350875854,-3.8145618438720703,8.777742385864258
1753064543805,1.9794062376022339,,
1753064543806,2.0655975341796875,-3.4362781047821045,7.384316444396973
1753064543855,1.8596961498260498,-3.8289270401000977,7.992444038391113
1753064543906,1.9219454526901245,,
1753064543907,,-4.173692226409912,8.792107582092285
1753064543955,2.410362482070923,-4.302978992462158,
1753064543956,,,9.539097785949707
1753064544006,2.386420488357544,-3.488950490951538,8.85435676574707
1753064544466,2.448669672012329,,
1753064544467,2.233191728591919,-3.891176223754883,10.329184532165527
1753064544470,1.8596961498260498,-3.891176223754883,8.935759544372559
1753064544519,2.0464439392089844,-3.555988073348999,
1753064544520,,,8.49522590637207
1753064544569,2.410362482070923,-4.020462989807129,
1753064544570,,-4.22157621383667,8.839991569519043
1753064547017,1.8166005611419678,,
1753064547018,1.4718354940414429,-4.259883403778076,
1753064547019,,-5.241506099700928,8.744223594665527
1753064547020,,,7.911040782928467
1753064547021,,,9.448118209838867
1753064547022,,,9.452906608581543
1753064547023,,,10.520720481872559
1753064547066,1.8501193523406982,-4.829703330993652,8.94533634185791
1753064547116,1.490989089012146,-4.40353536605835,
1753064547117,,,7.6333136558532715
1753064572788,1.227626919746399,,
1753064572789,2.558803081512451,-3.8720226287841797,
1753064572790,,-4.1210198402404785,
1753064572791,2.3720552921295166,-3.8815994262695312,7.887098789215088
1753064572792,2.233191728591919,-3.1202433109283447,
1753064572793,,-1.8177976608276367,8.452130317687988
1753064572794,,,7.609371662139893
1753064572795,,,8.442553520202637
1753064572796,3.2100260257720947,,8.083423614501953
1753064572797,1.8166005611419678,-2.6797101497650146,
1753064572798,,-3.824138641357422,8.7298583984375
1753064572840,2.271498918533325,,
1753064572841,2.2810757160186768,-3.4793736934661865,8.64366626739502
1753064572895,2.3289597034454346,,
1753064572896,2.056020736694336,-1.7747019529342651,7.27418327331543
1753064572945,4.024054527282715,-1.71245276927948,9.673172950744629
1753064572996,3.248333215713501,-3.1441853046417236,
1753064572997,,-2.9526493549346924,9.61571216583252
1753064573045,2.0655975341796875,-5.174468517303467,10.903793334960938
1753064573096,2.362478494644165,-3.953425645828247,8.183979988098145
1753064573146,0.9068039059638977,-3.4123358726501465,6.838438510894775
1753064573147,,,5.373187065124512
1753064573196,0.9690531492233276,-2.627037763595581,5.325303077697754
1753064573245,0.9642647504806519,-2.4355015754699707,5.138555526733398
1753064573296,1.3617022037506104,-2.5121161937713623,5.152920722961426
1753064573370,1.7687164545059204,-3.2974143028259277,6.9246296882629395
1753064573374,0.9594763517379761,-3.5847184658050537,5.229535102844238
1753064573426,1.246780514717102,-5.682039260864258,9.065046310424805
1753064573472,1.3090298175811768,-6.500856399536133,
1753064573473,,,9.361927032470703
1753064573521,2.1565771102905273,,
1753064573522,,-5.638943672180176,10.774506568908691
1753064573573,2.5923218727111816,-4.006097793579102,9.740211486816406
1753064573621,1.4431051015853882,,
1753064573622,2.4151508808135986,-3.1441853046417236,8.040328025817871
1753064573672,4.215590476989746,,
1753064573673,5.326500415802002,-2.4163479804992676,11.023503303527832
1753064577910,2.6833014488220215,,
1753064577911,2.099116325378418,-4.595071792602539,
1753064577912,,-1.8417396545410156,9.970054626464844
1753064577959,3.028066635131836,-3.5464112758636475,10.951677322387695
1753064577968,3.5691561698913574,-2.694075345993042,
1753064577969,,,10.113706588745117
1753064578015,2.42472767829895,,
1753064578017,1.6394295692443848,-2.2870612144470215,8.136096000671387
1753064578059,1.7447744607925415,-3.1010897159576416,
1753064578060,,,9.050681114196777
1753064578110,2.697666883468628,-3.287837505340576,10.506355285644531
1753064578159,2.6210522651672363,,
1753064578160,,-2.3349452018737793,8.87829875946045
1753064578210,2.4821887016296387,-2.564788579940796,
1753064578211,,-2.5121161937713623,9.505578994750977
1753064578259,2.7455508708953857,-2.4355015754699707,
1753064578260,,-2.3349452018737793,9.438541412353516
1753064579025,2.850895643234253,,
1753064579026,2.472611904144287,-2.0620062351226807,9.37629222869873
1753064579032,2.625840663909912,,
1753064579033,2.257133722305298,-3.1441853046417236,9.007585525512695
1753064579085,2.735974073410034,-2.315791606903076,8.361150741577148
1753064579134,2.3529016971588135,-3.1441853046417236,8.926182746887207
1753064632441,2.4582467079162598,,
1753064632442,3.1717185974121094,-2.9095535278320312,8.935759544372559
1753064632443,2.5252842903137207,-3.053205728530884,8.533533096313477
1753064632444,2.58274507522583,-3.292625904083252,8.547898292541504
1753064632445,2.6210522651672363,-2.5264813899993896,9.697115898132324
1753064632446,2.889202833175659,-3.9486372470855713,10.40579891204834
1753064632447,,,7.053916931152344
1753064632448,0.9594763517379761,,8.03075122833252
1753064632449,2.257133722305298,-3.996521234512329,
1753064632450,,-3.268683910369873,9.831191062927246
1753064632451,2.1517887115478516,-2.8185739517211914,8.318055152893066
1753064632452,2.1039047241210938,-3.1010897159576416,9.146449089050293
1753064632453,0.43754035234451294,-3.5176808834075928,8.610147476196289
1753064632454,2.3145945072174072,-2.823362350463867,9.30925464630127
1753064632455,2.0225019454956055,-4.044404983520508,8.701127052307129
1753064632456,0.6673837304115295,,6.388328552246094
1753064632457,0.5668272376060486,-7.659649848937988,6.407482147216797
1753064632458,2.8125884532928467,-5.064335346221924,8.557475090026855
1753064632459,3.818153142929077,-0.13706804811954498,9.716269493103027
1753064632460,2.83174204826355,-1.7220295667648315,
1753064632464,3.1477766036987305,-2.076371431350708,9.170391082763672
1753064632516,3.1860837936401367,-1.9518729448318481,9.534309387207031
1753064632565,3.6601357460021973,,
1753064632566,3.0998926162719727,-2.014122247695923,9.663596153259277
1753064632627,2.7886464595794678,-2.1051018238067627,8.768165588378906
1753064632674,3.4781765937805176,-2.2487540245056152,9.663596153259277
1753064632675,,,8.217498779296875
1753064632725,2.8796260356903076,,
1753064632726,3.229179620742798,-1.8800468444824219,7.834426403045654
1753064632774,3.3441011905670166,-1.856104850769043,
1753064632775,,,9.352350234985352
1753064632825,3.5930981636047363,-1.6741455793380737,9.060257911682129
1753064632874,3.5835213661193848,-1.999756932258606,
1753064632875,,-1.6645687818527222,9.821614265441895
1753064634650,3.02327823638916,-1.6071078777313232,
1753064634651,2.8125884532928467,-1.8369512557983398,8.351573944091797
1753064634659,2.5348610877990723,-1.8704700469970703,8.00680923461914
1753064634710,3.420715570449829,-1.9231425523757935,
1753064634711,,,9.773730278015137
1753064634761,3.5883097648620605,-1.6023194789886475,9.548674583435059
1753064634850,3.334524393081665,-1.449090600013733,9.457695007324219
1753064634855,3.511695384979248,-1.7220295667648315,9.68274974822998
1753064634902,3.090315818786621,-1.999756932258606,9.328408241271973
1753064634952,2.606687068939209,-1.688510775566101,8.418611526489258
1753064635003,3.157353401184082,-2.0667946338653564,9.175179481506348
1753064635052,3.621828556060791,-1.5735890865325928,
1753064635053,,-1.4155718088150024,8.409034729003906
1753064635103,2.8652608394622803,-1.4059948921203613,8.150461196899414
1753064635956,3.6601357460021973,,
1753064635957,3.7654807567596436,-1.7747019529342651,9.189544677734375
1753064635961,4.043208122253418,,
1753064635962,,-1.5640122890472412,10.147225379943848
1753064636009,2.7982232570648193,-1.932719349861145,9.12729549407959
1753064636059,3.119046211242676,-2.0859482288360596,9.716269493103027
1753064636109,3.224391222000122,-1.2671312093734741,8.744223594665527
1753064636160,3.39677357673645,-1.6502034664154053,9.3427734375
1753064636209,2.601898670196533,-2.0620062351226807,8.658031463623047
1753064636260,2.6449942588806152,-1.9614497423171997,9.199121475219727
1753064639663,3.1477766036987305,,
1753064639664,3.229179620742798,,
1753064639666,3.5069069862365723,-1.932719349861145,9.304466247558594
1753064639667,3.1046810150146484,,9.304466247558594
1753064639714,2.094327926635742,-2.363675594329834,8.863933563232422
1753064639764,3.99532413482666,-2.5935189723968506,
1753064639765,,-2.4594438076019287,9.725846290588379
1753064639814,1.6777368783950806,,
1753064639815,1.3329718112945557,-2.694075345993042,7.120954513549805
1753064640162,3.0615854263305664,-1.975814938545227,8.907029151916504
1753064640167,3.7032315731048584,-2.8999767303466797,11.464035987854004
1753064640214,5.034407615661621,,
1753064640215,4.440645694732666,-1.8608932495117188,10.779294967651367
1753064640265,2.721608877182007,-2.2679076194763184,8.792107582092285
1753064640316,2.67372465133667,-1.7794904708862305,8.7298583984375
1753064648652,3.5643677711486816,,
1753064648653,3.028066635131836,-1.224035620689392,
1753064648654,,-2.0620062351226807,8.739435195922852
1753064648655,,,9.256582260131836
1753064648657,2.5971102714538574,,
1753064648658,,-2.4690206050872803,9.017162322998047
1753064648708,2.58274507522583,-2.057217836380005,8.571840286254883
1753064648760,2.6880898475646973,,
1753064648761,3.1429882049560547,-1.9231425523757935,8.744223594665527
1753064648809,3.119046211242676,-1.832162857055664,9.21827507019043
1753064648860,3.2100260257720947,-1.9853917360305786,9.64923095703125
1753064648908,2.870049238204956,,
1753064648909,,-2.3971943855285645,9.802460670471191
1753064648960,3.55479097366333,-2.3349452018737793,10.43931770324707
1753064649009,2.5109190940856934,-2.076371431350708,
1753064649010,,-2.3780407905578613,8.902240753173828
1753064649060,3.1429882049560547,-1.9710265398025513,9.8599214553833
1753064649109,2.7120320796966553,-1.5209165811538696,8.069058418273926
1753064649160,3.5021185874938965,,
1753064649161,,-1.7699135541915894,9.486425399780273
1753064649211,3.1908724308013916,,
1753064649212,,-1.9806033372879028,9.146449089050293
1753064649263,3.468599796295166,,
1753064649264,3.2196028232574463,-2.2487540245056152,10.022727012634277
1753064649311,3.2531216144561768,-1.856104850769043,9.840767860412598
1753064649361,3.315370798110962,-1.511339783668518,9.294889450073242
1753064649410,3.7032315731048584,-2.7084407806396484,11.86147403717041
1753064649461,2.0703859329223633,,
1753064649462,2.2379801273345947,-1.3820528984069824,
1753064649463,,,7.614160060882568
1753064649510,3.468599796295166,-2.1960813999176025,10.827178955078125
1753064649561,2.7311856746673584,-1.0420763492584229,7.116166114807129
1753064649610,3.3680431842803955,-2.607884168624878,11.727398872375488
1753064649663,2.6162638664245605,-1.875258445739746,7.053916931152344
1753064649711,2.9466638565063477,-1.975814938545227,
1753064649713,,,10.43931770324707
1753064649765,3.39677357673645,-1.247977614402771,8.174403190612793
1753064649810,3.2866404056549072,-1.7363947629928589,9.965266227722168
1753064649861,3.27227520942688,-1.9853917360305786,8.907029151916504
1753064649910,3.0807390213012695,-1.7411831617355347,9.03631591796875
1753064649963,2.9227216243743896,,
1753064649964,3.267486810684204,-2.2391772270202637,9.486425399780273
1753064650012,2.8365304470062256,,
1753064650013,,-2.081159830093384,
1753064650014,,,8.64366626739502
1753064650064,2.6833014488220215,-2.210446834564209,9.031527519226074
1753064650109,2.6880898475646973,-1.8177976608276367,
1753064650110,,,8.480860710144043
1753064650161,2.7455508708953857,-1.5975310802459717,8.399457931518555
1753064650210,3.339312791824341,-1.9901801347732544,9.534309387207031
1753064650264,2.4151508808135986,-1.5735890865325928,
1753064650265,,,8.265382766723633
1753064650311,3.1525650024414062,,
1753064650312,3.358466386795044,-2.603095769882202,10.262146949768066
1753064650363,3.4159271717071533,,
1753064650364,2.496553897857666,-1.731606364250183,9.385869026184082
1753064650410,3.5452141761779785,-1.5640122890472412,9.563039779663086
1753064650461,3.1477766036987305,-1.8896236419677734,8.346785545349121
1753064650510,2.9035680294036865,-1.71245276927948,9.323619842529297
1753064650564,2.6210522651672363,,
1753064650565,3.1429882049560547,-1.224035620689392,7.609371662139893
1753064650612,3.80378794670105,,
1753064650613,3.1525650024414062,-2.3349452018737793,
1753064650615,,,10.118494987487793
1753064650661,2.5779566764831543,,
1753064650662,2.036867141723633,-1.9183541536331177,8.375515937805176
1753064650709,3.5930981636047363,-3.2591071128845215,10.865486145019531
1753064650763,2.5971102714538574,,
1753064650764,1.9363106489181519,-1.4012064933776855,7.264606475830078
1753064650813,4.771045207977295,-2.9047651290893555,13.245322227478027
1753064650860,2.3576900959014893,,
1753064650861,,-1.3006501197814941,7.757812023162842
1753064650909,4.167706489562988,,
1753064650910,,-2.866457939147949,14.547767639160156
1753064650961,2.9897594451904297,-0.9127894043922424,6.804919719696045
1753064651010,5.925050735473633,-1.6980875730514526,14.50946044921875
1753064651063,0.8732850551605225,,
1753064651064,,-1.5640122890472412,5.152920722961426
1753064651111,2.625840663909912,-3.115454912185669,
1753064651112,,,11.866262435913086
1753064651161,3.047220230102539,-1.544858694076538,7.393893241882324
1753064651210,2.764704465866089,-1.0660183429718018,8.576628684997559
1753064651261,3.0184898376464844,,
1753064651262,,-1.5352818965911865,8.217498779296875
1753064651309,2.1517887115478516,,
1753064651310,2.161365509033203,-1.956661343574524,8.160037994384766
1753064651363,3.2770636081695557,,
1753064651364,,-2.0715830326080322,9.965266227722168
1753064651412,2.7072436809539795,,
1753064651413,2.965817451477051,-1.5831658840179443,7.958924770355225
1753064651464,3.5069069862365723,-1.4969745874404907,10.415375709533691
1753064651509,3.1046810150146484,,
1753064651510,,-1.7076643705368042,8.543109893798828
1753064651561,3.6170401573181152,-2.4642322063446045,11.219827651977539
1753064651612,1.7782933712005615,,
1753064651613,2.257133722305298,-1.8369512557983398,7.331644058227539
1753064651663,2.6593594551086426,,
1753064651664,2.764704465866089,-2.4450783729553223,9.61571216583252
1753064651711,2.8796260356903076,-1.6549919843673706,
1753064651712,,,8.634089469909668
1753064651761,3.296217203140259,-1.425148606300354,9.165602684020996
1753064651810,1.6059107780456543,-3.00053334236145,7.231087684631348
1753064651862,1.4622586965560913,-3.575141668319702,8.782530784606934
1753064651909,1.467047095298767,-4.355651378631592,9.060257911682129
1753064651961,2.338536500930786,-4.269460201263428,9.337985038757324
1753064652010,2.147000312805176,-3.8720226287841797,9.041104316711426
1753064652061,1.9889830350875854,-4.614225387573242,9.730634689331055
1753064652109,1.1318588256835938,,
1753064652110,,-4.43705415725708,9.266159057617188
1753064652160,2.214038133621216,,
1753064652161,,-2.895188331604004,8.442553520202637
1753064652210,1.9602526426315308,-3.2591071128845215,8.562263488769531
1753064652264,2.735974073410034,-3.646967649459839,9.16081428527832
1753064652309,1.974617838859558,-3.383605480194092,
1753064652310,,,7.944559574127197
1753064652361,1.9506758451461792,,
1753064652362,,-3.4745852947235107,8.083423614501953
1753064652410,1.4335283041000366,-3.848080635070801,7.796119213104248
1753064652461,1.7926585674285889,-4.398746967315674,
1753064652462,,-4.279036998748779,8.624512672424316
1753064652510,2.012925148010254,-3.8576574325561523,8.950124740600586
1753064652561,1.668160080909729,-3.6373908519744873,9.213486671447754
1753064652610,4.2060136795043945,-1.6549919843673706,10.875062942504883
1753064652661,4.579509258270264,-0.0077811554074287415,
1753064652662,,,9.946112632751465
1753064652710,3.71280837059021,0.7727286219596863,9.03631591796875
1753064652761,3.1429882049560547,0.0975637212395668,8.921394348144531
1753064652810,2.6354174613952637,-1.468244194984436,8.040328025817871
1753064652861,3.109469413757324,-1.856104850769043,9.802460670471191
1753064652911,2.9466638565063477,,
1753064652912,,-1.2288240194320679,8.691550254821777
1753064652961,2.9897594451904297,-1.2431892156600952,9.922170639038086
1753064653010,3.597886562347412,,
1753064653011,3.315370798110962,-1.2192472219467163,8.715493202209473
1753064653060,2.7742812633514404,-1.3533225059509277,9.428964614868164
1753064653110,3.937863349914551,-0.8170213103294373,9.586981773376465
1753064653161,3.5930981636047363,-0.6254851818084717,8.777742385864258
1753064653212,3.8133647441864014,,
1753064653213,4.263474464416504,-0.9510966539382935,9.922170639038086
1753064653261,3.9139211177825928,-1.1378443241119385,8.950124740600586
1753064653309,3.2579100131988525,-0.8696937561035156,
1753064653310,,,9.381080627441406
1753064653363,4.378396511077881,,
1753064653364,3.7175967693328857,-0.639850378036499,9.409811019897461
1753064653412,2.803011655807495,,
1753064653413,,-0.21847090125083923,9.103353500366211
1753064653463,3.6601357460021973,,
1753064653464,,-0.8074445128440857,9.773730278015137
1753064653511,2.6833014488220215,,
1753064653512,,-1.3533225059509277,8.500014305114746
1753064653560,3.559579372406006,-1.4730325937271118,9.323619842529297
1753064653609,3.162141799926758,-0.5488707423210144,8.274959564208984
1753064653662,3.2339680194854736,,
1753064653663,,-0.3381809890270233,9.122507095336914
1753064653712,3.02327823638916,,
1753064653713,,-0.35254621505737305,9.103353500366211
1753064653763,4.215590476989746,,
1753064653764,4.469376087188721,-0.6685808300971985,11.114482879638672
1753064653810,3.751115560531616,-0.2902969419956207,8.94533634185791
1753064653861,3.573944568634033,,
1753064653862,3.2148144245147705,-0.9894038438796997,10.396222114562988
1753064653910,2.338536500930786,-1.1091139316558838,
1753064653911,,-0.9032126069068909,8.46170711517334
1753064653961,3.3488895893096924,,
1753064653962,3.487753391265869,-0.8074445128440857,9.43375301361084
1753064654013,3.2818520069122314,-0.8265981078147888,9.19433307647705
1753064654064,2.6449942588806152,-0.8026561141014099,8.15524959564209
1753064654110,3.6553473472595215,-1.4347254037857056,
1753064654111,,-1.1186907291412354,10.262146949768066
1753064654160,3.420715570449829,-0.5536591410636902,8.753800392150879
1753064654213,3.6122517585754395,-0.9846154451370239,9.855133056640625
1753064654264,3.2818520069122314,-0.3669114112854004,9.007585525512695
1753064654311,5.0918684005737305,-1.6932991743087769,
1753064654312,,,12.843096733093262
1753064654360,2.5300726890563965,-1.1665748357772827,8.471283912658691
1753064654411,3.9426517486572266,,
1753064654412,,-1.1522095203399658,11.133636474609375
1753064654460,4.244320869445801,-0.1801636815071106,
1753064654461,,,8.720281600952148
1753064654513,2.8796260356903076,,
1753064654514,2.4007856845855713,-1.204882025718689,10.961254119873047
1753064654562,3.444657802581787,-0.7068880796432495,
1753064654563,,-0.3669114112854004,9.074623107910156
1753064654613,3.2866404056549072,,
1753064654614,,-0.2041056901216507,8.590993881225586
1753064654660,3.736750364303589,-0.7882909178733826,9.357138633728027
1753064654711,3.2387564182281494,-1.027711033821106,9.017162322998047
1753064654759,2.3959972858428955,,
1753064654760,,-1.8082208633422852,8.571840286254883
1753064654810,3.5212721824645996,-1.247977614402771,9.668384552001953
1753064654859,3.3919851779937744,-0.8074445128440857,8.624512672424316
1753064654911,3.1477766036987305,-0.5105634927749634,8.634089469909668
1753064654960,4.325724124908447,-0.5153518915176392,9.821614265441895
1753064655011,3.162141799926758,-1.0133458375930786,9.668384552001953
1753064655062,3.02327823638916,-1.4155718088150024,8.863933563232422
1753064655113,3.6170401573181152,,
1753064655114,3.9234981536865234,-1.2814964056015015,9.476848602294922
1753064655162,3.176506996154785,,
1753064655163,3.1908724308013916,-0.8026561141014099,8.653243064880371
1753064655210,3.0855274200439453,-1.0468647480010986,9.299677848815918
1753064655259,3.4398694038391113,-0.884058952331543,
1753064655260,,,8.935759544372559
1753064655311,3.2579100131988525,-0.6973112225532532,8.758588790893555
1753064655364,3.640982151031494,-1.3341689109802246,10.032303810119629
1753064655414,2.630629062652588,,
1753064655415,,-1.2431892156600952,8.140884399414062
1753064655462,3.909132719039917,,
1753064655463,3.425503969192505,-1.2814964056015015,10.554239273071289
1753064655512,2.9083564281463623,-0.7930793166160583,7.724293231964111
1753064655560,3.8085763454437256,,
1753064655561,2.496553897857666,-1.5592238903045654,10.027515411376953
1753064655611,2.8556840419769287,-1.1139023303985596,8.27974796295166
1753064655664,2.692878246307373,-0.6015431880950928,8.025962829589844
1753064655714,4.359242916107178,-0.960673451423645,
1753064655715,,,10.544662475585938
1753064655762,3.2339680194854736,,
1753064655763,3.047220230102539,-1.391629695892334,8.614935874938965
1753064655811,3.008913040161133,,
1753064655812,3.4973301887512207,-1.449090600013733,9.457695007324219
1753064655862,3.0567970275878906,-1.1761516332626343,9.151237487792969
1753064655914,3.444657802581787,,
1753064655915,3.6984431743621826,-1.4778209924697876,9.840767860412598
1753064655959,2.7934348583221436,,
1753064655960,2.783858060836792,-1.1186907291412354,8.231863975524902
1753064656011,3.4542346000671387,-1.3006501197814941,10.108918190002441
1753064656060,2.846107244491577,,
1753064656061,3.1956608295440674,-0.9750386476516724,8.169614791870117
1753064656112,2.7934348583221436,,
1753064656113,3.047220230102539,-1.6980875730514526,9.55825138092041
1753064656162,3.5021185874938965,,
1753064656164,,-2.014122247695923,9.606135368347168
1753064656214,2.6114754676818848,-2.536058187484741,8.131307601928711
1753064656260,1.2802993059158325,-4.235941410064697,9.055469512939453
1753064656311,1.1605892181396484,,
1753064656312,1.5101426839828491,-4.4274773597717285,8.389881134033203
1753064656360,1.7399860620498657,,
1753064656361,2.3145945072174072,-3.6278140544891357,8.638877868652344
1753064656413,2.649782657623291,-3.383605480194092,9.409811019897461
1753064656463,2.3050177097320557,-4.417900562286377,9.208698272705078
1753064656513,2.9706058502197266,,
1753064656514,,-2.718017578125,8.907029151916504
1753064656560,2.3959972858428955,-4.264671802520752,8.638877868652344
1753064656611,2.779069662094116,,
1753064656612,2.0177135467529297,-4.235941410064697,9.060257911682129
1753064656663,0.9690531492233276,-3.3931822776794434,8.251017570495605
1753064656664,,,9.060257911682129
1753064656714,3.2770636081695557,-2.962226152420044,8.82083797454834
1753064656760,2.032078742980957,,
1753064656761,2.6162638664245605,-2.957437753677368,10.123283386230469
1753064656811,3.248333215713501,-1.9949685335159302,9.237428665161133
1753064656859,3.2770636081695557,,
1753064656860,3.052008628845215,-1.3868412971496582,9.280524253845215
1753064656910,3.3728315830230713,-0.9558850526809692,8.835203170776367
1753064656959,3.798999547958374,,
1753064656960,,-0.7260416746139526,9.395445823669434
1753064657011,3.8708255290985107,,
1753064657012,3.3488895893096924,-1.104325532913208,9.438541412353516
1753064657060,3.4590229988098145,-0.7930793166160583,
1753064657061,,,9.639654159545898
1753064657114,2.716820478439331,-0.6542156338691711,
1753064657115,,-0.9941922426223755,8.06427001953125
1753064657161,3.6505589485168457,-0.884058952331543,9.677961349487305
1753064657214,3.708019971847534,-0.6733692288398743,
1753064657215,,-0.7978677153587341,9.170391082763672
1753064657260,2.7263972759246826,,
1753064657261,,-0.5105634927749634,7.240664482116699
1753064657311,4.191648483276367,,
1753064657312,3.2339680194854736,-0.041299980133771896,9.519944190979004
1753064657360,3.511695384979248,,
1753064657361,,-1.2623428106307983,8.251017570495605
1753064657410,1.1366472244262695,,
1753064657411,,-3.1489737033843994,8.605359077453613
1753064657462,3.1238346099853516,-2.603095769882202,
1753064657463,,,10.444106101989746
1753064657513,3.6361937522888184,,
1753064657514,3.487753391265869,-2.2822728157043457,9.050681114196777
1753064657559,1.931522250175476,-1.9901801347732544,8.03075122833252
1753064657610,4.172494888305664,-1.3293805122375488,
1753064657611,,-1.3724761009216309,10.803236961364746
1753064657661,3.818153142929077,-0.6206967830657959,9.079411506652832
1753064657710,2.7120320796966553,-2.0667946338653564,10.310030937194824
1753064657761,3.2770636081695557,,
1753064657762,,-1.6023194789886475,8.82083797454834
1753064657811,3.3201591968536377,-1.8225860595703125,
1753064657812,,-1.8465280532836914,9.21827507019043
1753064657863,2.7694928646087646,-1.9662381410598755,
1753064657864,,,7.920617580413818
1753064657910,2.4151508808135986,,
1753064657911,,-2.2631192207336426,9.165602684020996
1753064657960,3.229179620742798,-1.4155718088150024,8.116942405700684
1753064658011,3.4590229988098145,-1.6071078777313232,9.49121379852295
1753064658063,3.229179620742798,-1.0947487354278564,9.084199905395508
1753064658113,2.6402058601379395,,
1753064658114,,-2.1098902225494385,9.543886184692383
1753064658162,3.449446201324463,,
1753064658163,2.343324899673462,-1.975814938545227,9.744999885559082
1753064658211,3.4398694038391113,,
1753064658212,2.716820478439331,-1.0899603366851807,8.839991569519043
1753064658261,2.893991231918335,,
1753064658262,3.0328550338745117,-1.7986440658569336,8.638877868652344
1753064658311,2.932298421859741,-2.5025393962860107,10.094552993774414
1753064658360,2.5923218727111816,-1.5017629861831665,
1753064658361,,,7.820061206817627
1753064658411,3.492541790008545,,
1753064658412,,-1.5065513849258423,9.936535835266113
1753064658460,3.2387564182281494,-1.5496470928192139,8.959701538085938
1753064658511,2.6402058601379395,-2.081159830093384,9.668384552001953
1753064658560,2.803011655807495,-2.3924059867858887,9.807249069213867
1753064658610,3.1238346099853516,-1.8225860595703125,9.299677848815918
1753064658611,,,8.734646797180176
1753064658660,4.115034103393555,-1.592742681503296,10.434529304504395
1753064658661,,,9.740211486816406
1753064658710,1.3760673999786377,,
1753064658711,,-1.635838270187378,7.164050102233887
1753064658761,2.5540146827697754,-2.1481974124908447,10.123283386230469
1753064658810,4.100668907165527,,
1753064658811,,-2.583942174911499,10.602123260498047
1753064658859,-0.7068880796432495,-1.2192472219467163,4.334103584289551
1753064658910,6.523601055145264,,
1753064658911,3.205237627029419,-2.4163479804992676,14.911686897277832
1753064658960,3.109469413757324,-0.25677812099456787,5.1816511154174805
1753064659011,3.4590229988098145,-3.646967649459839,14.23652172088623
1753064659059,4.847660064697266,-2.1912930011749268,9.855133056640625
1753064659112,0.6051344871520996,,
1753064659113,,-1.999756932258606,7.465719223022461
1753064659163,4.704007625579834,-1.899200439453125,12.493542671203613
1753064659214,2.0272903442382812,-1.3964180946350098,6.479308128356934
1753064659260,2.654571056365967,,
1753064659261,,-2.181716203689575,11.143213272094727
1753064659311,3.2770636081695557,-0.314238965511322,7.441777229309082
1753064659360,3.511695384979248,-1.3772644996643066,
1753064659361,,,10.444106101989746
1753064659413,3.6792895793914795,,
1753064659414,,-0.09876082092523575,7.2789716720581055
1753064659460,1.8261773586273193,,
1753064659461,3.8947675228118896,-2.5456349849700928,8.562263488769531
1753064659511,2.692878246307373,,
1753064659512,,-2.1051018238067627,8.308478355407715
1753064659559,3.5021185874938965,-2.6414029598236084,9.692327499389648
1753064659611,1.514931082725525,-2.6126725673675537,7.71471643447876
1753064659660,1.6394295692443848,-2.382829189300537,8.97885513305664
1753064659712,5.963357925415039,,
1753064659713,3.5500025749206543,-1.6454150676727295,13.393762588500977
1753064659760,3.9474401473999023,-1.4969745874404907,
1753064659761,,-1.1569979190826416,10.142436981201172
1753064659810,3.9187095165252686,,
1753064659811,4.225167274475098,-1.7651251554489136,12.000337600708008
1753064659860,2.889202833175659,,
1753064659861,2.0655975341796875,-1.956661343574524,7.74823522567749
1753064659911,3.9426517486572266,,
1753064659912,,-1.7938556671142578,10.70746898651123
1753064659962,2.161365509033203,-1.0229226350784302,
1753064659963,,,6.6181721687316895
1753064660014,3.779845952987671,-2.210446834564209,11.55980396270752
1753064660060,3.9187095165252686,-2.11946702003479,8.954913139343262
1753064660112,1.20368492603302,-1.5400702953338623,7.738658428192139
1753064660160,3.1238346099853516,-1.7411831617355347,10.013150215148926
1753064660213,3.0376434326171875,-1.1186907291412354,7.815272808074951
1753064660263,3.4638113975524902,-1.8944120407104492,10.247781753540039
1753064660314,2.7503392696380615,-1.8656816482543945,8.863933563232422
1753064660360,3.449446201324463,,
1753064660361,,-2.2631192207336426,10.324396133422852
1753064660410,2.721608877182007,,
1753064660411,2.9945478439331055,-2.033275842666626,8.471283912658691
1753064660460,3.9426517486572266,-3.024475336074829,11.799224853515625
1753064660514,2.0177135467529297,-1.5017629861831665,
1753064660515,,,7.00124454498291
1753064660563,3.0567970275878906,-0.8026561141014099,
1753064660564,,0.518943190574646,9.012373924255371
1753064660611,2.8844144344329834,1.1127052307128906,7.034763336181641
1753064660661,3.6840779781341553,-1.4347254037857056,8.940547943115234
1753064660711,0.6817489266395569,-2.828150749206543,6.177639007568359
1753064660763,0.4279635548591614,-2.5025393962860107,5.626972675323486
1753064660812,4.818929672241211,,
1753064660813,3.7942111492156982,-2.7036523818969727,10.592546463012695
1753064660862,2.161365509033203,,
1753064660863,1.8405425548553467,-1.789067268371582,7.911040782928467
1753064660909,1.5532383918762207,,
1753064660910,,-2.56000018119812,8.241440773010254
1753064660961,4.124610900878906,-1.367687702178955,10.535085678100586
1753064661009,5.867589950561523,,
1753064661010,,-1.6741455793380737,12.498331069946289
1753064661059,3.755903959274292,-1.9853917360305786,9.156025886535645
1753064661110,2.6449942588806152,-2.2200236320495605,10.70746898651123
1753064661159,3.377619981765747,-1.2862848043441772,
1753064661160,,,8.849568367004395
1753064661209,2.276287317276001,,
1753064661210,3.976170539855957,,
1753064661211,,-2.358887195587158,9.06983470916748
1753064661260,1.7447744607925415,-2.4163479804992676,8.093000411987305
1753064661309,3.008913040161133,,
1753064661310,1.5388731956481934,-2.6653449535369873,9.716269493103027
1753064661359,4.153341293334961,-0.8361749649047852,8.839991569519043
1753064661409,2.4869771003723145,-0.9894038438796997,8.744223594665527
1753064661458,3.535637378692627,,
1753064661459,,-0.9558850526809692,10.233416557312012
1753064661509,2.7934348583221436,,
1753064661510,,-2.3924059867858887,8.686761856079102
1753064661558,3.4973301887512207,,
1753064661559,2.6449942588806152,-2.033275842666626,10.300454139709473
1753064661608,2.668936252593994,-1.6789339780807495,
1753064661609,,,7.638102054595947
1753064661658,1.8596961498260498,,
1753064661659,2.1805191040039062,-2.258330821990967,8.64366626739502
1753064661709,3.2770636081695557,,
1753064661710,2.984971046447754,-1.6837223768234253,8.734646797180176
1753064661758,3.334524393081665,,
1753064661759,3.7942111492156982,-2.052429437637329,9.926959037780762
1753064661809,2.8796260356903076,,
1753064661810,,-1.0468647480010986,8.021174430847168
1753064661858,4.335300922393799,,
1753064661859,4.220378875732422,-1.1091139316558838,11.234192848205566
1753064661860,,,10.602123260498047
1753064661911,3.573944568634033,-0.5871779918670654,8.935759544372559
1753064661960,2.012925148010254,,
1753064661961,,-2.229600429534912,7.709928035736084
1753064662010,1.8692729473114014,-1.9806033372879028,7.417835235595703
1753064662060,2.5923218727111816,-1.3150153160095215,7.7434468269348145
1753064662108,3.425503969192505,,
1753064662109,1.2755109071731567,-2.1338322162628174,9.03631591796875
1753064662160,3.449446201324463,,
1753064662210,2.1805191040039062,,
1753064662211,2.5971102714538574,-2.234388828277588,8.490437507629395
1753064662260,3.7463271617889404,,
1753064662261,2.668936252593994,-1.4586673974990845,9.95090103149414
1753064662311,3.4590229988098145,,
1753064662312,,-0.5249287486076355,9.256582260131836
1753064662359,4.761468410491943,,
1753064662360,3.8564603328704834,-0.9894038438796997,10.549450874328613
1753064662409,2.9706058502197266,,
1753064662410,,-1.9710265398025513,9.060257911682129
1753064662459,2.0272903442382812,,
1753064662460,,-1.4634557962417603,7.6764092445373535
1753064662511,4.1198225021362305,-1.6980875730514526,9.79288387298584
1753064662560,2.1948843002319336,,
1753064662561,,-1.5209165811538696,6.263830184936523
1753064662608,2.410362482070923,,
1753064662609,2.324171304702759,-1.3533225059509277,7.240664482116699
1753064662660,3.004124641418457,,
1753064662661,4.129399299621582,-2.3110032081604004,8.85435676574707
1753064662713,3.291428804397583,-2.564788579940796,10.286088943481445
1753064662763,2.917933225631714,,
1753064662764,2.118269920349121,-2.1098902225494385,9.390657424926758
1753064662814,3.626616954803467,-1.27191960811615,9.79288387298584
1753064662861,3.8804023265838623,-1.5735890865325928,10.56381607055664
1753064662910,1.7687164545059204,-2.301426410675049,8.375515937805176
1753064662963,2.9993362426757812,-2.181716203689575,
1753064662965,,,9.68274974822998
1753064663012,5.264250755310059,,
1753064663013,,-0.5057750940322876,10.128071784973145
1753064663063,2.7503392696380615,,
1753064663064,2.544437885284424,-1.7651251554489136,
1753064663066,,,7.968502044677734
1753064663110,1.7016788721084595,-1.4155718088150024,
1753064663111,,-1.3341689109802246,7.74823522567749
1753064663161,2.937086820602417,-1.3628993034362793,8.5287446975708
1753064663209,3.664924144744873,-1.9183541536331177,
1753064663210,,,9.304466247558594
1753064663261,2.2427685260772705,-2.4163479804992676,8.471283912658691
1753064663312,2.937086820602417,,
1753064663313,2.472611904144287,-1.7842788696289062,9.352350234985352
1753064663364,3.3201591968536377,-1.7842788696289062,9.337985038757324
1753064663410,3.8995559215545654,-1.7938556671142578,9.998785018920898
1753064663460,2.759916067123413,,
1753064663461,2.3529016971588135,-2.0907366275787354,9.098565101623535
1753064663509,3.693654775619507,,
1753064663510,5.187636375427246,-1.789067268371582,10.214262962341309
1753064663561,5.388749599456787,,
1753064663562,2.6880898475646973,-1.899200439453125,11.64599609375
1753064663609,2.429516077041626,-2.02848744392395,7.767388820648193
1753064663660,1.567603588104248,,
1753064663661,,-1.2814964056015015,7.49923849105835
1753064663710,4.6513352394104,-2.4019827842712402,11.526285171508789
1753064663761,2.563591480255127,-1.5161281824111938,7.00124454498291
1753064663762,,,7.159261703491211
1753064663809,2.625840663909912,-2.009333848953247,9.041104316711426
1753064663861,4.033631324768066,-0.9319429993629456,9.496002197265625
1753064663909,3.6984431743621826,-2.1338322162628174,9.730634689331055
1753064663960,3.420715570449829,-2.1051018238067627,
1753064663961,,-1.8656816482543945,9.840767860412598
1753064664009,3.420715570449829,-1.932719349861145,
1753064664010,,,8.87829875946045
1753064664061,4.349666118621826,-1.5017629861831665,
1753064664062,,-1.6023194789886475,10.391433715820312
1753064664109,2.1565771102905273,-2.339733600616455,7.542334079742432
1753064664160,2.214038133621216,,
1753064664161,,-1.688510775566101,8.011597633361816
1753064664209,3.7463271617889404,-1.6597803831100464,9.247005462646484
1753064664263,3.1429882049560547,-1.3964180946350098,8.749011993408203
1753064664309,3.39677357673645,,
1753064664310,,-1.7459715604782104,9.946112632751465
1753064664361,3.5835213661193848,-1.568800687789917,9.37629222869873
1753064664409,2.5109190940856934,,
1753064664410,2.7072436809539795,-1.3581109046936035,8.40424633026123
1753064664460,3.473388195037842,,
1753064664461,,-1.4538789987564087,9.06983470916748
1753064664510,3.052008628845215,-1.3150153160095215,8.217498779296875
1753064664560,2.980182647705078,,
1753064664561,,-2.229600429534912,9.357138633728027
1753064664610,2.1757307052612305,-2.3780407905578613,7.954136371612549
1753064664663,2.257133722305298,-2.0236990451812744,8.00680923461914
1753064664711,3.353677988052368,-1.061229944229126,7.844003200531006
1753064664766,3.4590229988098145,-1.8417396545410156,9.189544677734375
1753064664813,3.7846343517303467,-1.1857284307479858,
1753064664814,,,9.179967880249023
1753064664861,2.6880898475646973,,
1753064664862,2.980182647705078,-2.081159830093384,9.539097785949707
1753064664910,3.0424318313598633,-1.8034324645996094,
1753064664911,,,8.61972427368164
1753064664964,3.6314053535461426,-1.9949685335159302,9.630077362060547
1753064665013,1.974617838859558,,
1753064665014,,-1.6597803831100464,6.9006876945495605
1753064665064,4.450222492218018,-2.8856115341186523,
1753064665066,,,12.139201164245605
1753064665110,3.846883535385132,-1.8896236419677734,
1753064665111,,,8.198345184326172
1753064665161,0.48063600063323975,-0.884058952331543,5.516839504241943
1753064665162,,,8.562263488769531
1753064665210,6.0639142990112305,-1.8417396545410156,14.279617309570312
1753064665258,1.974617838859558,,
1753064665259,1.2419921159744263,-1.8273744583129883,4.817732334136963
1753064665311,2.980182647705078,-1.6023194789886475,10.894216537475586
1753064665361,4.26826286315918,,
1753064665362,5.470152378082275,-1.6741455793380737,9.381080627441406
1753064665413,2.501342296600342,,
1753064665414,,-0.6829460263252258,8.686761856079102
1753064665464,2.7694928646087646,-2.2152352333068848,8.509591102600098
1753064665510,4.680065631866455,,
1753064665511,,-1.6262614727020264,11.41136360168457
1753064665561,3.535637378692627,,
1753064665562,1.9267338514328003,-1.8225860595703125,9.30925464630127
1753064665610,0.2603694200515747,-1.9422961473464966,
1753064665611,,-1.8417396545410156,6.886322498321533
1753064665661,4.608239650726318,,
1753064665662,4.895544052124023,-1.856104850769043,11.8040132522583
1753064665709,3.775057554244995,,
1753064665710,,-0.6206967830657959,7.346009254455566
1753064665759,0.9977835416793823,-2.009333848953247,8.088212013244629
1753064665810,2.846107244491577,-1.3868412971496582,7.844003200531006
1753064665861,3.7702691555023193,-4.073135852813721,10.788871765136719
1753064665910,4.469376087188721,0.13108254969120026,6.699574947357178
1753064665960,-0.6542156338691711,,
1753064665961,4.747103214263916,-2.0045454502105713,6.388328552246094
1753064666010,7.8547773361206055,,
1753064666011,,-1.1665748357772827,12.397774696350098
1753064666060,-2.828150749206543,,
1753064666061,0.5285200476646423,-2.315791606903076,2.935889720916748
1753064666110,2.1517887115478516,-1.9710265398025513,9.553462982177734
1753064666161,4.483741283416748,,
1753064666162,,-0.17537526786327362,7.2119340896606445
1753064666210,1.6490063667297363,-1.6837223768234253,8.136096000671387
1753064666261,2.668936252593994,,
1753064666262,5.786187171936035,-0.6015431880950928,8.164826393127441
1753064666309,2.295440912246704,,
1753064666310,,-1.5352818965911865,7.1257429122924805
1753064666360,4.680065631866455,,
1753064666361,2.8221652507781982,-2.100313425064087,10.8319673538208
1753064666409,0.3130418658256531,,
1753064666410,1.4383167028427124,-2.3540987968444824,6.192004203796387
1753064666461,4.445434093475342,-1.4155718088150024,10.961254119873047
1753064666510,2.1757307052612305,-1.5161281824111938,6.589441776275635
1753064666561,4.823718070983887,,
1753064666562,,-1.71245276927948,10.147225379943848
1753064666611,0.9498994946479797,-1.2671312093734741,4.429871559143066
1753064666663,3.818153142929077,-2.0620062351226807,8.720281600952148
1753064666714,3.7415387630462646,-1.9231425523757935,7.2789716720581055
1753064666761,0.557250440120697,,
1753064666762,5.412691593170166,-2.2248120307922363,
1753064666763,,,5.914276599884033
1753064666810,0.7056909799575806,,
1753064666811,2.2236149311065674,-2.93349552154541,8.605359077453613
1753064666861,5.431845188140869,,
1753064666862,4.943428039550781,-1.7411831617355347,8.504802703857422
1753064666914,2.850895643234253,-1.688510775566101,8.241440773010254
1753064666964,4.919486045837402,,
1753064666965,4.488529682159424,-2.387617588043213,11.507131576538086
1753064667012,3.1908724308013916,,
1753064667013,3.0424318313598633,-2.852092742919922,9.764153480529785
1753064667064,4.158129692077637,,
1753064667066,,-1.1713632345199585,9.041104316711426
1753064667110,3.229179620742798,,
1753064667111,6.116586685180664,-1.2336124181747437,8.533533096313477
1753064667161,4.263474464416504,,
1753064667162,,-2.1146786212921143,11.004349708557129
1753064667210,1.2132617235183716,,
1753064667211,-0.44831427931785583,-3.469796895980835,7.733870029449463
1753064667264,2.429516077041626,-1.9087773561477661,6.800131320953369
1753064667313,3.9474401473999023,-0.6302735805511475,8.796895980834961
1753064667364,5.24030876159668,-2.943072557449341,11.904569625854492
1753064667410,2.2906525135040283,,
1753064667411,2.343324899673462,-1.6932991743087769,7.269394874572754
1753064667461,4.536413669586182,,
1753064667462,5.331288814544678,-1.875258445739746,11.090540885925293
1753064667513,3.4638113975524902,-1.899200439453125,7.164050102233887
1753064667561,1.5340847969055176,,
1753064667562,2.4869771003723145,-2.804208755493164,7.824849605560303
1753064667613,4.914697647094727,-2.9478609561920166,
1753064667614,,,10.774506568908691
1753064667661,2.7455508708953857,-2.1529858112335205,
1753064667662,,-2.3493103981018066,6.8336501121521
1753064667711,3.4350810050964355,-2.3540987968444824,11.291653633117676
1753064667764,4.8716020584106445,-2.0045454502105713,9.577404975891113
1753064667813,3.7894227504730225,,
1753064667814,,-2.1912930011749268,10.204686164855957
1753064667864,4.330512523651123,-2.7467479705810547,
1753064667865,,-2.7994203567504883,10.626065254211426
1753064667913,3.8085763454437256,-2.014122247695923,9.266159057617188
1753064667961,3.846883535385132,-1.8273744583129883,8.921394348144531
1753064667962,,,9.041104316711426
1753064668011,3.1525650024414062,-1.975814938545227,8.318055152893066
1753064668064,3.6122517585754395,-2.1481974124908447,9.807249069213867
1753064668113,3.310582399368286,-1.9183541536331177,8.179191589355469
1753064668164,3.6601357460021973,-1.688510775566101,9.108141899108887
1753064668211,3.5212721824645996,-2.6174609661102295,9.55825138092041
1753064668261,3.597886562347412,,
1753064668262,3.7223851680755615,-1.9662381410598755,9.30925464630127
1753064668312,4.392761707305908,,
1753064668313,3.597886562347412,-1.9949685335159302,9.725846290588379
1753064668365,3.39677357673645,-2.2631192207336426,9.371503829956055
1753064668413,3.8277299404144287,,
1753064668415,,-2.5312697887420654,9.816825866699219
1753064668461,3.736750364303589,,
1753064668462,3.8804023265838623,-2.3684639930725098,9.486425399780273
1753064668510,3.516483783721924,,
1753064668511,,-2.033275842666626,9.079411506652832
1753064668565,3.5643677711486816,-2.186504602432251,9.28531265258789
1753064668612,3.559579372406006,,
1753064668613,3.688866376876831,,
1753064668614,,-2.0428526401519775,
1753064668615,,-2.0907366275787354,9.242217063903809
1753064668665,4.067150115966797,,
1753064668666,3.8133647441864014,-2.2152352333068848,9.677961349487305
1753064668711,3.4781765937805176,-2.138620615005493,8.547898292541504
1753064668761,3.933074951171875,,
1753064668762,4.1629180908203125,-2.3540987968444824,10.669161796569824
1753064668810,3.3871967792510986,,
1753064668811,,-2.0620062351226807,8.303689956665039
1753064668863,4.115034103393555,-2.4881742000579834,
1753064668864,,,10.6739501953125
1753064668913,3.468599796295166,,
1753064668915,,-2.2008697986602783,9.357138633728027
1753064668964,3.6745009422302246,-1.6932991743087769,8.998008728027344
1753064668965,,,10.037092208862305
1753064669010,3.8995559215545654,-1.7986440658569336,9.199121475219727
1753064669062,2.74076247215271,-2.143409013748169,8.18876838684082
1753064669111,4.024054527282715,-2.100313425064087,9.658807754516602
1753064669161,3.6984431743621826,,
1753064669162,,-1.932719349861145,8.681973457336426
1753064669211,3.052008628845215,-2.095525026321411,8.294113159179688
1753064669261,4.220378875732422,,
1753064669262,4.0863037109375,-2.5791537761688232,10.970830917358398
1753064669310,3.382408380508423,-1.9470845460891724,8.102577209472656
1753064669361,4.292205333709717,-2.454655408859253,11.095329284667969
1753064669362,,,9.749788284301758
1753064669410,3.109469413757324,-2.339733600616455,8.758588790893555
1753064669411,,,10.061034202575684
1753064669461,4.004900932312012,,
1753064669462,,-2.1481974124908447,10.429740905761719
1753064669510,3.7606923580169678,,
1753064669511,2.9753942489624023,-1.7028759717941284,8.892663955688477
1753064669561,3.138199806213379,-2.057217836380005,9.045892715454102
1753064669610,3.9187095165252686,-1.9806033372879028,9.572616577148438
1753064669661,3.334524393081665,-1.669357180595398,8.480860710144043
1753064669710,3.5835213661193848,-2.1529858112335205,9.414599418640137
1753064669761,3.4398694038391113,-2.3493103981018066,9.644442558288574
1753064669809,3.5883097648620605,,
1753064669810,3.4829649925231934,-1.6310498714447021,8.538321495056152
1753064669861,3.530848979949951,-2.138620615005493,9.462483406066895
1753064669910,3.4542346000671387,-2.11946702003479,9.026739120483398
1753064669960,2.7886464595794678,,
1753064669961,3.6745009422302246,-2.124255418777466,8.361150741577148
1753064670009,4.244320869445801,-2.162562608718872,9.936535835266113
1753064670061,2.5252842903137207,-2.2152352333068848,8.078635215759277
1753064670112,3.4063503742218018,,
1753064670114,,-1.7028759717941284,8.605359077453613
1753064670162,4.182071685791016,-1.956661343574524,9.922170639038086
1753064670210,2.501342296600342,-2.1721394062042236,7.724293231964111
1753064670261,3.5835213661193848,,
1753064670262,,-2.2200236320495605,10.022727012634277
1753064670313,3.39677357673645,,
1753064670314,,-1.4059948921203613,7.7195048332214355
1753064670361,3.052008628845215,,
1753064670362,,-2.3301568031311035,9.232640266418457
1753064670414,3.4973301887512207,-2.2487540245056152,9.060257911682129
1753064670461,3.1286230087280273,-2.1912930011749268,8.768165588378906
1753064670510,3.688866376876831,-1.8177976608276367,8.375515937805176
1753064670561,3.3201591968536377,-2.536058187484741,9.874286651611328
1753064670562,,,11.296442031860352
1753064670612,2.8987796306610107,-1.8608932495117188,7.5662760734558105
1753064670661,4.426280498504639,-2.205658197402954,11.16236686706543
1753064670711,2.9993362426757812,-2.124255418777466,8.183979988098145
1753064670760,3.2148144245147705,,
1753064670762,3.1477766036987305,-1.7986440658569336,8.485649108886719
1753064670810,3.6792895793914795,-1.9518729448318481,8.950124740600586
1753064670861,2.965817451477051,-2.4163479804992676,8.998008728027344
1753064670914,3.315370798110962,,
1753064670915,,-2.363675594329834,9.505578994750977
1753064670959,3.8804023265838623,,
1753064670960,3.3680431842803955,-1.71245276927948,9.242217063903809
1753064671010,3.066373825073242,,
1753064671011,3.4781765937805176,-1.9183541536331177,8.624512672424316
1753064671060,3.842095136642456,-2.1577742099761963,9.788095474243164
1753064671111,3.597886562347412,,
1753064671112,3.7846343517303467,-1.592742681503296,8.547898292541504
1753064671160,3.7846343517303467,,
1753064671161,,-2.0715830326080322,9.371503829956055
1753064671214,3.353677988052368,-2.492962598800659,9.443329811096191
1753064671260,2.9706058502197266,-1.8225860595703125,7.8296380043029785
1753064671311,3.7415387630462646,-2.167351007461548,10.204686164855957
1753064671360,3.0807390213012695,-1.8800468444824219,
1753064671361,,-1.7699135541915894,8.231863975524902
1753064671410,3.052008628845215,,
1753064671411,,-1.9614497423171997,8.87829875946045
1753064671460,3.0184898376464844,-1.4107834100723267,7.810484409332275
1753064671512,2.9706058502197266,-2.5264813899993896,9.596558570861816
1753064671561,3.444657802581787,-1.8656816482543945,
1753064671562,,,8.849568367004395
1753064671611,3.6745009422302246,-1.3772644996643066,8.55268669128418
1753064671660,4.8285064697265625,,
1753064671661,,-1.832162857055664,
1753064671662,,,10.353126525878906
1753064671713,2.3145945072174072,-2.1912930011749268,7.393893241882324
1753064671761,3.2818520069122314,-2.0476410388946533,9.630077362060547
1753064671812,4.028842926025391,-2.430713176727295,9.993996620178223
1753064671860,2.6449942588806152,,
1753064671861,,-2.253542423248291,9.3427734375
1753064671912,4.478952884674072,-1.5592238903045654,9.821614265441895
1753064671963,3.8564603328704834,-1.9614497423171997,9.371503829956055
1753064672011,2.893991231918335,-2.2918496131896973,9.084199905395508
1753064672060,3.4111387729644775,-1.204882025718689,7.992444038391113
1753064672111,3.1286230087280273,,
1753064672112,3.6505589485168457,-1.4107834100723267,9.065046310424805
1753064672161,3.846883535385132,-2.4450783729553223,9.031527519226074
1753064672213,1.9698294401168823,-1.7794904708862305,
1753064672214,,,6.737882137298584
1753064672262,6.178835868835449,-1.875258445739746,
1753064672264,,,13.077728271484375
1753064672315,1.323395013809204,-0.9415197968482971,3.4961330890655518
1753064672361,5.728725910186768,-1.6502034664154053,14.107234954833984
1753064672412,0.9977835416793823,-1.669357180595398,4.903923511505127
1753064672460,1.7064672708511353,-3.134608507156372,
1753064672461,,,10.53029727935791
1753064672513,4.522048473358154,-1.204882025718689,
1753064672515,,,8.658031463623047
1753064672562,2.7742812633514404,,
1753064672563,3.5069069862365723,-1.4059948921203613,7.8966755867004395
1753064672610,3.315370798110962,,
1753064672611,3.248333215713501,-1.9853917360305786,9.749788284301758
1753064672660,3.3249475955963135,,
1753064672661,3.4398694038391113,-2.014122247695923,9.012373924255371
1753064672713,3.708019971847534,-1.7028759717941284,9.687539100646973
1753064672763,2.8796260356903076,-1.9901801347732544,
1753064672764,,-2.339733600616455,8.648454666137695
1753064672813,3.229179620742798,-2.4881742000579834,10.22383975982666
1753064672861,2.6880898475646973,-1.544858694076538,7.925405979156494
1753064672912,4.057573318481445,-1.913565754890442,10.836755752563477
1753064672963,2.386420488357544,-2.0236990451812744,
1753064672964,,-2.1960813999176025,7.695562839508057
1753064673013,3.6840779781341553,-2.2870612144470215,10.559027671813965
1753064673063,3.7463271617889404,-1.3868412971496582,8.7298583984375
1753064673111,3.047220230102539,,
1753064673112,2.9418752193450928,-1.9183541536331177,9.19433307647705
1753064673160,3.133411407470703,,
1753064673161,3.109469413757324,-1.8082208633422852,9.30925464630127
1753064673214,3.731961965560913,-1.3198037147521973,8.782530784606934
1753064673263,3.0137014389038086,-2.258330821990967,8.8878755569458
1753064673314,3.0759506225585938,-2.3732523918151855,
1753064673316,,,9.179967880249023
1753064673361,3.176506996154785,-1.14742112159729,8.318055152893066
1753064673411,3.4350810050964355,-1.688510775566101,9.663596153259277
1753064673460,2.716820478439331,-2.4019827842712402,8.902240753173828
1753064673513,3.358466386795044,-1.9853917360305786,9.505578994750977
1753064673514,,,10.061034202575684
1753064673563,3.775057554244995,,
1753064673564,3.3488895893096924,-1.449090600013733,9.084199905395508
1753064673611,3.4398694038391113,-2.1146786212921143,9.510367393493652
1753064673661,3.0328550338745117,-1.7938556671142578,8.5287446975708
1753064673711,3.8277299404144287,,
1753064673712,3.3871967792510986,-1.6741455793380737,9.620500564575195
1753064673764,3.1669301986694336,-2.0907366275787354,9.1847562789917
1753064673812,3.4781765937805176,,
1753064673813,2.893991231918335,,
1753064673814,,-2.081159830093384,
1753064673815,,,9.529520988464355
1753064673863,2.7694928646087646,-1.3772644996643066,7.992444038391113
1753064673911,4.301782131195068,,
1753064673912,,-1.7842788696289062,10.937312126159668
1753064673960,1.6059107780456543,,
1753064673961,2.6880898475646973,-2.2487540245056152,7.389104843139648
1753064674010,3.8995559215545654,,
1753064674011,3.755903959274292,-1.9614497423171997,10.784083366394043
1753064674063,3.315370798110962,-1.592742681503296,8.61972427368164
1753064674114,2.9945478439331055,-2.5025393962860107,10.199897766113281
1753064674161,3.377619981765747,-1.3293805122375488,8.749011993408203
1753064674211,3.798999547958374,-1.975814938545227,9.970054626464844
1753064674260,2.5540146827697754,,
1753064674261,2.5252842903137207,-2.411559581756592,7.642890453338623
1753064674311,3.1717185974121094,,
1753064674312,2.893991231918335,-1.8656816482543945,10.123283386230469
1753064674360,3.1238346099853516,,
1753064674361,4.852448463439941,-1.611896276473999,8.667608261108398
1753064674411,4.4310688972473145,-1.9279309511184692,10.247781753540039
1753064674459,3.5500025749206543,,
1753064674460,3.1860837936401367,-2.2439656257629395,10.228628158569336
1753064674514,3.315370798110962,-1.832162857055664,8.8878755569458
1753064674560,2.874837636947632,,
1753064674561,2.9993362426757812,-1.899200439453125,9.203909873962402
1753064674612,3.2818520069122314,-2.0907366275787354,9.97484302520752
1753064674660,3.6505589485168457,,
1753064674661,,-2.2391772270202637,10.075399398803711
1753064674710,3.751115560531616,,
1753064674711,2.405574083328247,-1.1953052282333374,8.8878755569458
1753064674761,3.928286552429199,-2.0859482288360596,11.62684154510498
1753064674812,3.425503969192505,,
1753064674813,0.9929951429367065,-1.7699135541915894,8.18876838684082
1753064674861,3.353677988052368,-1.731606364250183,10.238204956054688
1753064674911,3.334524393081665,-2.5743653774261475,10.070611000061035
1753064674961,2.204461097717285,-1.8177976608276367,8.174403190612793
1753064675013,3.0759506225585938,-1.0085574388504028,8.533533096313477
1753064675063,3.353677988052368,,
1753064675064,2.9945478439331055,-1.9853917360305786,9.203909873962402
1753064675115,2.324171304702759,-2.3924059867858887,8.634089469909668
1753064675165,2.9993362426757812,-1.6454150676727295,8.327631950378418
1753064675211,4.244320869445801,-1.7507599592208862,
1753064675212,,,10.688315391540527
1753064675258,1.3377602100372314,,
1753064675259,2.58274507522583,-1.9853917360305786,6.862380504608154
1753064675311,3.4542346000671387,-1.975814938545227,10.310030937194824
1753064675361,3.0137014389038086,,
1753064675362,,-1.6741455793380737,7.925405979156494
1753064675413,2.9753942489624023,-2.722805976867676,
1753064675414,,-2.2008697986602783,10.544662475585938
1753064675460,2.338536500930786,-1.5161281824111938,7.2789716720581055
1753064675510,4.143764495849609,-2.1338322162628174,11.19588565826416
1753064675559,1.6585832834243774,,
1753064675560,2.0847511291503906,-2.210446834564209,
1753064675561,,,6.972513675689697
1753064675613,3.2531216144561768,-2.7515363693237305,11.420940399169922
1753064675661,3.3201591968536377,-1.832162857055664,8.332420349121094
1753064675710,3.597886562347412,-2.052429437637329,
1753064675712,,,10.688315391540527
1753064675760,3.008913040161133,-1.5831658840179443,8.691550254821777
1753064675811,3.5404257774353027,-2.02848744392395,9.955689430236816
1753064675862,1.8022353649139404,-1.8369512557983398,6.441000938415527
1753064675913,2.850895643234253,-2.3253684043884277,
1753064675914,,,9.903017044067383
1753064675961,1.9410990476608276,,
1753064675962,1.931522250175476,-1.3628993034362793,6.067505836486816
1753064676011,3.004124641418457,-2.1051018238067627,9.084199905395508
1753064676060,2.3529016971588135,-2.1338322162628174,7.513603687286377
1753064676110,2.5779566764831543,-2.1769278049468994,8.816049575805664
1753064676158,3.6601357460021973,-2.009333848953247,9.606135368347168
1753064676210,2.558803081512451,-2.339733600616455,8.432976722717285
1753064676260,3.1525650024414062,-2.1051018238067627,9.156025886535645
1753064676310,2.721608877182007,-1.6837223768234253,8.150461196899414
1753064676360,3.02327823638916,,
1753064676361,2.386420488357544,-2.1481974124908447,8.859145164489746
1753064676410,2.3050177097320557,,
1753064676411,2.5540146827697754,-2.253542423248291,8.174403190612793
1753064676459,2.6402058601379395,-1.635838270187378,7.53275728225708
1753064676512,2.630629062652588,-1.975814938545227,7.949347972869873
1753064676558,2.008136749267578,,
1753064676559,2.386420488357544,-2.5121161937713623,7.877521991729736
1753064676611,2.5348610877990723,-2.5695769786834717,8.523956298828125
1753064676660,3.2770636081695557,-2.205658197402954,9.21827507019043
1753064676709,2.870049238204956,,
1753064676710,2.9418752193450928,-2.181716203689575,8.399457931518555
1753064676759,3.573944568634033,,
1753064676760,,-2.627037763595581,10.185532569885254
1753064676809,2.67372465133667,,
1753064676810,2.8413188457489014,-2.1098902225494385,8.7298583984375
1753064676861,3.8133647441864014,-2.8329391479492188,10.788871765136719
1753064676910,2.870049238204956,-2.583942174911499,8.476072311401367
1753064676959,2.893991231918335,-2.425924777984619,9.318831443786621
1753064677010,2.956240653991699,-2.2248120307922363,8.380304336547852
1753064677059,2.6641478538513184,-2.718017578125,
1753064677060,,,9.021950721740723
1753064677109,2.74076247215271,,
1753064677110,,-2.718017578125,8.720281600952148
1753064677159,2.558803081512451,-1.9422961473464966,7.925405979156494
1753064677160,,,8.389881134033203
1753064677210,3.1908724308013916,-2.301426410675049,9.328408241271973
1753064677259,2.477400302886963,,
1753064677260,2.008136749267578,-2.8377275466918945,8.55268669128418
1753064677309,2.3098061084747314,-2.5456349849700928,
1753064677310,,-2.631826162338257,8.691550254821777
1753064677359,3.8516719341278076,-2.646191358566284,
1753064677360,,,9.955689430236816
1753064677410,2.1709423065185547,-2.181716203689575,7.700351238250732
1753064677459,3.377619981765747,-2.804208755493164,
1753064677460,,,10.535085678100586
1753064677510,2.5300726890563965,-2.4881742000579834,7.288548469543457
1753064677558,2.6593594551086426,,
1753064677559,2.807800054550171,-2.253542423248291,8.720281600952148
1753064677610,2.4821887016296387,,
1753064677611,2.501342296600342,-3.1010897159576416,8.739435195922852
1753064677659,2.448669672012329,-3.0819361209869385,8.720281600952148
1753064677710,2.779069662094116,-2.4355015754699707,9.112930297851562
1753064677758,2.386420488357544,,
1753064677759,2.6210522651672363,-3.0101101398468018,9.09377670288086
1753064677812,3.3057940006256104,-2.8568811416625977,10.252570152282715
1753064677860,2.913144826889038,-2.478597402572632,9.203909873962402
1753064677910,3.4159271717071533,-2.4211363792419434,9.586981773376465
1753064677959,2.118269920349121,-3.072359323501587,9.409811019897461
1753064678010,2.9993362426757812,,
1753064678011,2.606687068939209,-2.627037763595581,9.175179481506348
1753064678059,2.520495891571045,-2.205658197402954,8.33720874786377
1753064678110,2.5061306953430176,-2.8616695404052734,8.863933563232422
1753064678160,2.30022931098938,-2.828150749206543,8.46170711517334
1753064678212,1.9027918577194214,-2.9670145511627197,8.31326675415039
1753064678260,3.530848979949951,-2.27748441696167,9.108141899108887
1753064678310,2.1134815216064453,-2.957437753677368,8.672396659851074
1753064678359,2.472611904144287,,
1753064678360,,-2.7946319580078125,7.906252384185791
1753064678412,1.8740613460540771,-2.8185739517211914,8.839991569519043
1753064678459,3.205237627029419,,
1753064678460,2.606687068939209,-3.1010897159576416,9.443329811096191
1753064678510,2.338536500930786,-2.847304344177246,8.830414772033691
1753064678559,2.4917654991149902,,
1753064678560,2.630629062652588,-2.6797101497650146,8.78731918334961
1753064678610,2.58274507522583,,
1753064678611,2.889202833175659,-2.866457939147949,9.227851867675781
1753064678661,2.6402058601379395,-3.1441853046417236,9.414599418640137
1753064678711,2.501342296600342,-2.7994203567504883,8.993220329284668
1753064678758,2.779069662094116,-3.00053334236145,10.28130054473877
1753064678810,3.1477766036987305,,
1753064678811,,-2.6222493648529053,9.318831443786621
1753064678859,1.8596961498260498,-2.9957449436187744,8.341997146606445
1753064678860,,,9.749788284301758
1753064678909,2.697666883468628,,
1753064678910,2.5252842903137207,-3.2974143028259277,10.37228012084961
1753064678959,2.4917654991149902,,
1753064678960,,-2.737171173095703,9.017162322998047
1753064679010,2.8221652507781982,-2.6174609661102295,9.486425399780273
1753064679059,1.6202759742736816,,
1753064679060,1.9794062376022339,-3.1010897159576416,8.183979988098145
1753064679110,2.9945478439331055,,
1753064679111,3.1142578125,-3.512892484664917,10.568604469299316
1753064679161,1.8166005611419678,-2.492962598800659,7.360374450683594
1753064679210,3.5691561698913574,,
1753064679211,,-1.789067268371582,9.582193374633789
1753064679261,2.4438812732696533,-2.454655408859253,
1753064679262,,-3.244741916656494,8.040328025817871
1753064679309,1.8932149410247803,,
1753064679310,2.889202833175659,-2.876034736633301,8.06427001953125
1753064679361,2.6114754676818848,-2.7084407806396484,
1753064679362,,-2.2487540245056152,9.017162322998047
1753064679409,3.310582399368286,,
1753064679410,2.735974073410034,-2.2200236320495605,9.812037467956543
1753064679460,2.343324899673462,-2.536058187484741,8.332420349121094
1753064679509,1.5340847969055176,,
1753064679510,1.5292962789535522,-2.320580005645752,7.398681640625
1753064679560,2.9418752193450928,,
1753064679561,3.5212721824645996,-3.5416228771209717,10.185532569885254
1753064679611,2.6402058601379395,-2.4355015754699707,7.355586051940918
1753064679663,1.6633716821670532,-2.737171173095703,8.634089469909668
1753064679710,3.425503969192505,,
1753064679711,,-2.2439656257629395,9.586981773376465
1753064679762,2.075174331665039,-2.4690206050872803,8.514379501342773
1753064679810,2.9418752193450928,,
1753064679811,,-2.583942174911499,8.950124740600586
1753064679861,1.8022353649139404,-2.7036523818969727,7.537545680999756
1753064679909,2.4630351066589355,-2.0620062351226807,8.073846817016602
1753064679910,,,7.681197643280029
1753064679961,2.099116325378418,,
1753064679962,2.3912088871002197,-3.0579941272735596,8.85435676574707
1753064680013,2.6402058601379395,-2.516904592514038,8.452130317687988
1753064680061,1.787870168685913,-2.8999767303466797,8.432976722717285
1753064680109,3.162141799926758,-3.0819361209869385,9.979631423950195
1753064680161,2.5923218727111816,,
1753064680162,,-2.852092742919922,9.132083892822266
1753064680209,2.5683798789978027,-2.8808231353759766,8.983643531799316
1753064680261,2.3050177097320557,-3.3740286827087402,9.711481094360352
1753064680310,2.123058319091797,-3.5895068645477295,9.060257911682129
1753064680360,2.3050177097320557,,
1753064680361,2.4869771003723145,,
1753064680362,,-3.2543187141418457,9.060257911682129
1753064680410,2.1565771102905273,-2.6557681560516357,8.150461196899414
1753064680468,2.295440912246704,-3.2974143028259277,9.09377670288086
1753064680517,2.4678235054016113,,
1753064680518,2.381632089614868,-3.3644518852233887,9.352350234985352
1753064680567,2.271498918533325,-3.397970676422119,
1753064680568,,,8.839991569519043
1753064680617,2.5731682777404785,-2.943072557449341,9.012373924255371
1753064680666,2.367266893386841,,
1753064680667,2.4199392795562744,-2.852092742919922,8.46170711517334
1753064680716,2.257133722305298,-3.4841620922088623,8.993220329284668
1753064680717,,,9.170391082763672
1753064685395,2.079962730407715,-3.776254653930664,9.213486671447754
1753064685396,,,8.863933563232422
1753064685399,2.7694928646087646,,
1753064685400,,-2.785055160522461,9.979631423950195
1753064685454,2.716820478439331,,
1753064685455,2.937086820602417,-1.8417396545410156,9.16081428527832
1753064685506,2.6833014488220215,,
1753064685507,,-1.8273744583129883,8.883087158203125
1753064685553,2.6833014488220215,-2.536058187484741,9.946112632751465
1753064685797,3.200449228286743,-2.540846586227417,10.645218849182129
1753064685800,2.74076247215271,-1.8704700469970703,8.567051887512207
1753064685849,3.2100260257720947,-2.2152352333068848,
1753064685850,,,9.572616577148438
1753064685900,3.2579100131988525,-2.6653449535369873,10.06582260131836
1753064685949,2.7982232570648193,-2.0667946338653564,9.132083892822266
1753064690656,2.956240653991699,,
1753064690657,3.5212721824645996,-1.932719349861145,
1753064690658,,-2.3540987968444824,9.041104316711426
1753064690661,3.1717185974121094,-1.128267526626587,
1753064690662,,-1.635838270187378,7.465719223022461
1753064690712,3.4638113975524902,,
1753064690713,,-1.9087773561477661,9.926959037780762
1753064690764,3.200449228286743,-2.167351007461548,8.87829875946045
1753064690814,3.6170401573181152,,
1753064690815,,-2.1338322162628174,9.946112632751465
1753064690862,3.109469413757324,,
1753064690863,3.1238346099853516,-1.688510775566101,8.595782279968262
1753064691010,2.7551276683807373,-1.5592238903045654,7.5902180671691895
1753064691062,2.6641478538513184,-1.635838270187378,7.997232437133789
1753064691113,3.8947675228118896,-1.71245276927948,9.706692695617676
1753064691162,3.5835213661193848,-1.9087773561477661,9.328408241271973
1753064691213,2.783858060836792,,
1753064691214,,-2.1529858112335205,8.64366626739502
1753064691265,3.693654775619507,-2.3349452018737793,10.003573417663574
1753064691315,3.004124641418457,,
1753064691316,3.0328550338745117,-1.789067268371582,8.308478355407715
1753064691363,3.5452141761779785,-2.315791606903076,9.548674583435059
1753064691413,2.6833014488220215,-2.0428526401519775,
1753064691415,,,7.949347972869873
1753064691462,3.2100260257720947,-2.454655408859253,9.079411506652832
1753064691522,3.296217203140259,-2.8999767303466797,9.438541412353516
1753064691563,2.3959972858428955,-2.344521999359131,
1753064691564,,,8.126519203186035
1753064691565,,,7.140108108520508
1753064691613,2.7072436809539795,-2.785055160522461,8.485649108886719
1753064691664,2.3768436908721924,-2.076371431350708,7.068282127380371
1753064691712,3.6505589485168457,-3.1250317096710205,10.573392868041992
1753064691762,2.453458309173584,-2.6174609661102295,6.780977725982666
1753064691813,3.1525650024414062,-3.8768110275268555,10.975619316101074
1753064691861,2.4007856845855713,-3.153762102127075,8.102577209472656
1753064691912,2.6354174613952637,-3.5416228771209717,9.318831443786621
1753064691961,2.937086820602417,-3.053205728530884,
1753064691962,,,9.275735855102539
1753064692012,2.7311856746673584,-3.225588321685791,8.514379501342773
1753064692061,3.176506996154785,-2.339733600616455,8.658031463623047
1753064692112,2.319382905960083,-2.9957449436187744,8.40424633026123
1753064692161,2.606687068939209,-2.943072557449341,8.758588790893555
1753064692212,2.889202833175659,-2.9765913486480713,8.988431930541992
1753064692261,3.008913040161133,,
1753064692262,,-2.722805976867676,8.653243064880371
1753064692312,2.5923218727111816,-2.5695769786834717,8.634089469909668
1753064692353,2.7311856746673584,-2.607884168624878,8.207921981811523
1753064692368,2.783858060836792,-2.5695769786834717,8.485649108886719
1753064692411,2.83174204826355,-3.0771477222442627,
1753064692412,,-3.005321741104126,9.519944190979004
1753064692461,2.6162638664245605,-2.7706899642944336,
1753064692462,,,8.078635215759277
1753064692511,2.9514522552490234,,
1753064692512,,-2.8856115341186523,9.179967880249023
1753064692561,2.3720552921295166,,
1753064692562,,-2.6222493648529053,7.800907611846924
1753064692611,2.8221652507781982,-2.919130325317383,9.199121475219727
1753064692638,2.4869771003723145,-2.6605565547943115,8.308478355407715
1753064692688,2.7263972759246826,-3.024475336074829,8.964489936828613
1753064692737,2.7311856746673584,,
1753064692738,,-2.358887195587158,7.982867240905762
1753064692787,2.2379801273345947,-2.583942174911499,8.207921981811523
1753064692788,,,8.696338653564453
1753064692836,3.1046810150146484,,
1753064692837,,-3.3883938789367676,9.64923095703125
1753064692887,2.429516077041626,-2.828150749206543,8.059481620788574
1753064692937,2.9897594451904297,-3.2351651191711426,8.926182746887207
1753064692987,2.74076247215271,-2.8999767303466797,8.33720874786377
1753064692988,,,9.103353500366211
1753064693036,3.0184898376464844,-2.6557681560516357,8.51916790008545
1753064693087,2.032078742980957,-2.3349452018737793,7.9397711753845215
1753064693136,3.2100260257720947,-3.7618894577026367,
1753064693137,,-4.4945149421691895,9.989208221435547
1753064693187,3.559579372406006,-5.251082897186279,11.73697566986084
1753064693236,2.4151508808135986,-4.906317710876465,10.233416557312012
1753064693287,2.965817451477051,-3.0388405323028564,9.912593841552734
1753064693336,2.7982232570648193,-1.1761516332626343,9.414599418640137
1753064693387,5.609015941619873,-0.18495208024978638,10.515932083129883
1753064693436,4.335300922393799,,
1753064693437,,0.025737667456269264,8.045116424560547
1753064693487,2.4343044757843018,-0.8888474106788635,7.62373685836792
1753064693536,2.783858060836792,,
1753064693537,2.185307502746582,-2.2631192207336426,7.685986042022705
1753064693587,1.371279001235962,-1.635838270187378,4.35804557800293
1753064693636,0.7823054194450378,-2.1577742099761963,5.191227912902832
1753064693687,0.9929951429367065,-1.9614497423171997,5.23911190032959
1753064693736,3.425503969192505,,
1753064693737,,-3.8337154388427734,9.49121379852295
1753064693787,1.2898762226104736,-4.413112163543701,7.705139636993408
1753064693836,1.9219454526901245,-4.4705729484558105,9.764153480529785
1753064693887,3.468599796295166,-2.1051018238067627,8.24622917175293
1753064693936,6.901885032653809,-1.4730325937271118,14.274828910827637
1753064693987,6.480505466461182,-1.731606364250183,
1753064693988,,,13.580510139465332
1753064694036,4.823718070983887,-4.197634220123291,
1753064694037,,,13.183073043823242
1753064694087,3.7942111492156982,-3.8145618438720703,10.4728364944458
1753064694136,1.9841946363449097,,
1753064694137,,-2.296638011932373,7.326855659484863
1753064694187,2.0464439392089844,,
1753064694188,,-2.0189106464385986,7.101800918579102
1753064694236,2.0608091354370117,,
1753064694237,,-1.544858694076538,6.220734596252441
1753064694287,2.961029052734375,-1.6789339780807495,8.270171165466309
1753064694336,2.3959972858428955,-2.3062148094177246,6.876745700836182
1753064694387,2.625840663909912,,
1753064694440,4.483741283416748,-2.5456349849700928,10.875062942504883
1753064694487,3.02327823638916,,
1753064694488,3.7032315731048584,-2.646191358566284,8.839991569519043
1753064694537,3.822941541671753,-2.4402899742126465,10.319607734680176
1753064694586,3.2196028232574463,,
1753064694587,4.909909248352051,-3.287837505340576,8.926182746887207
1753064694637,2.6785130500793457,-2.866457939147949,8.365939140319824
1753064694687,3.1046810150146484,-3.1681272983551025,8.638877868652344
1753064694736,1.8405425548553467,,
1753064694737,,-2.1481974124908447,6.412270545959473
1753064694787,4.392761707305908,-2.052429437637329,9.534309387207031
1753064694836,3.0137014389038086,,
1753064694837,,-1.913565754890442,7.2119340896606445
1753064694887,2.606687068939209,-2.674921751022339,8.15524959564209
1753064694936,3.708019971847534,-2.7467479705810547,
1753064694937,,,9.639654159545898
1753064694987,3.4350810050964355,-2.1529858112335205,8.969278335571289
1753064695037,3.6074633598327637,-2.9095535278320312,10.056245803833008
1753064695087,3.6074633598327637,-2.4642322063446045,8.667608261108398
1753064695136,3.779845952987671,-2.588730573654175,10.046669006347656
1753064695187,3.1956608295440674,-2.363675594329834,8.294113159179688
1753064695236,3.1956608295440674,-3.0340521335601807,
1753064695237,,,9.117718696594238
1753064695286,2.83174204826355,,
1753064695287,3.008913040161133,-2.93349552154541,8.883087158203125
1753064695336,3.5835213661193848,-2.315791606903076,8.863933563232422
1753064695387,2.8365304470062256,-2.4450783729553223,8.274959564208984
1753064695436,2.9753942489624023,,
1753064695437,,-2.5552117824554443,8.950124740600586
1753064695487,2.874837636947632,-2.4402899742126465,8.274959564208984
1753064695536,3.3680431842803955,-3.139396905899048,9.912593841552734
1753064695537,,,9.46727180480957
1753064695587,2.7886464595794678,-2.4690206050872803,8.06427001953125
1753064695636,2.9466638565063477,-3.7044286727905273,9.82640266418457
1753064695687,2.6641478538513184,-3.292625904083252,7.7195048332214355
1753064695736,2.2667105197906494,,
1753064695737,2.228403329849243,-3.5655648708343506,
1753064695738,,-3.5033156871795654,8.523956298828125
1753064695787,2.501342296600342,,
1753064695788,2.8413188457489014,-3.8576574325561523,8.227075576782227
1753064695836,2.1948843002319336,,
1753064695837,2.3768436908721924,-3.6996402740478516,8.270171165466309
1753064695887,2.735974073410034,-3.958214044570923,
1753064695888,,,9.12729549407959
1753064695936,2.649782657623291,-3.5847184658050537,
1753064695937,,,7.882310390472412
1753064695987,2.4199392795562744,,
1753064695988,,-3.776254653930664,9.017162322998047
1753064696036,2.2619221210479736,-3.9199066162109375,
1753064696037,,,8.523956298828125
1753064696087,2.3481132984161377,-3.891176223754883,8.811261177062988
1753064696136,1.8405425548553467,,
1753064696137,,-4.283825397491455,7.638102054595947
1753064696187,0.9307458996772766,-4.743512153625488,
1753064696188,,,7.695562839508057
1753064696236,2.381632089614868,-4.6285905838012695,
1753064696237,,,9.261370658874512
1753064696287,2.649782657623291,-3.795408248901367,
1753064696288,,,8.873510360717773
1753064696336,1.8884265422821045,,
1753064696337,,-3.62302565574646,8.31326675415039
1753064696387,2.4390928745269775,-3.426701068878174,8.298901557922363
1753064696436,1.7256208658218384,-4.3843817710876465,
1753064696437,,,8.093000411987305
1753064696487,2.0655975341796875,-4.5423994064331055,8.662819862365723
1753064696536,2.3337481021881104,,
1753064696537,,-4.465784549713135,8.67718505859375
1753064696588,2.472611904144287,-3.929483652114868,8.638877868652344
1753064696637,2.3337481021881104,-3.9199066162109375,8.863933563232422
1753064696687,2.166153907775879,-4.082712650299072,
1753064696688,,,8.198345184326172
1753064696736,2.3050177097320557,-4.259883403778076,
1753064696737,,-4.207211017608643,8.921394348144531
1753064696787,2.1757307052612305,-4.001309394836426,8.380304336547852
1753064696837,2.118269920349121,-4.604648590087891,9.515155792236328
1753064696887,2.0608091354370117,-3.7858314514160156,8.255805969238281
1753064696936,2.05123233795166,-4.264671802520752,9.103353500366211
1753064696987,2.2427685260772705,-4.149750232696533,8.935759544372559
1753064697036,2.036867141723633,-3.4554316997528076,
1753064697037,,,8.073846817016602
1753064697087,2.252345323562622,-4.4705729484558105,9.017162322998047
1753064697136,2.1278467178344727,-4.22157621383667,
1753064697137,,,8.772953987121582
1753064697187,2.3098061084747314,-4.298190593719482,8.892663955688477
1753064697188,,,8.768165588378906
1753064697236,1.6490063667297363,-4.159327030181885,
1753064697237,,,7.920617580413818
1753064697287,2.123058319091797,-3.848080635070801,8.356362342834473
1753064697336,2.099116325378418,-4.197634220123291,
1753064697337,,,8.31326675415039
1753064697387,1.8884265422821045,-4.1210198402404785,8.983643531799316
1753064697436,1.9937714338302612,-4.058770656585693,8.255805969238281
1753064697437,,,8.94533634185791
1753064697487,2.4007856845855713,-4.250306606292725,9.534309387207031
1753064697536,1.9506758451461792,-3.7906198501586914,7.97329044342041
1753064697587,2.3289597034454346,-4.2311530113220215,9.352350234985352
1753064697636,1.9937714338302612,,
1753064697637,,-3.78104305267334,
1753064697638,,,7.911040782928467
1753064697687,1.9506758451461792,-4.326920986175537,8.705916404724121
1753064697736,1.8166005611419678,-4.307767391204834,
1753064697737,,,8.198345184326172
1753064697787,1.9363106489181519,-3.862445831298828,8.40424633026123
1753064697836,2.1757307052612305,-3.819350242614746,8.33720874786377
1753064697837,,,8.198345184326172
1753064697887,1.9650410413742065,-3.977367639541626,8.270171165466309
1753064697936,2.3145945072174072,-4.125808238983154,8.907029151916504
1753064697987,2.4630351066589355,-3.8337154388427734,9.074623107910156
1753064698036,1.9889830350875854,-4.0779242515563965,8.595782279968262
1753064698087,2.4151508808135986,-4.350862979888916,9.534309387207031
1753064698136,1.9889830350875854,-3.378817081451416,8.002020835876465
1753064698187,2.05123233795166,-3.958214044570923,8.557475090026855
1753064698236,2.214038133621216,,
1753064698237,1.7926585674285889,-3.5464112758636475,8.409034729003906
1753064698286,1.9698294401168823,-4.3843817710876465,9.242217063903809
1753064698338,2.094327926635742,-4.480149745941162,8.835203170776367
1753064698389,1.591545581817627,-4.700416564941406,8.923788070678711
1753064698439,2.6665420532226562,-3.994127035140991,8.547898292541504
1753064698489,1.5029600858688354,,
1753064698490,,-4.087501049041748,8.052298545837402
1753064698539,2.604292869567871,-4.3628339767456055,8.938153266906738
1753064698589,2.1350293159484863,-4.360439777374268,
1753064698590,,,8.76337718963623
1753064698640,1.9075802564620972,-4.192845821380615,8.102577209472656
1753064698690,2.0009541511535645,-4.580706596374512,8.684368133544922
1753064698739,2.1517887115478516,,
1753064698740,,-4.31255578994751,8.521562576293945
1753064698789,1.8213889598846436,,
1753064698790,,-4.544793605804443,7.815272808074951
1753064698839,1.6418237686157227,,
1753064698840,1.3521254062652588,-4.3412861824035645,8.490437507629395
1753064698890,1.246780514717102,-4.769848346710205,8.219893455505371
1753064698940,2.2427685260772705,-3.7930140495300293,8.298901557922363
1753064698990,1.8046295642852783,,
1753064698991,2.1709423065185547,-4.578312397003174,8.46170711517334
1753064699039,1.8309657573699951,,
1753064699040,1.7256208658218384,-4.111443042755127,7.827243804931641
1753064699089,1.7782933712005615,-4.465784549713135,8.631695747375488
1753064699139,2.3313539028167725,,
1753064699140,,-4.556764602661133,9.045892715454102
1753064699189,1.9243396520614624,,
1753064699190,,-4.298190593719482,8.504802703857422
1753064699239,2.079962730407715,-4.2957963943481445,
1753064699240,,-4.4274773597717285,8.770559310913086
1753064699289,1.613093376159668,-4.800972938537598,8.478466987609863
1753064699339,2.381632089614868,-4.154538631439209,9.007585525512695
1753064699389,1.809417963027954,-3.7235822677612305,
1753064699390,,,7.094618320465088
1753064699439,2.123058319091797,,
1753064699440,1.5197194814682007,-4.061164855957031,8.045116424560547
1753064699489,1.591545581817627,,
1753064699490,,-4.83209753036499,7.875127792358398
1753064699539,2.1493945121765137,-4.721964359283447,8.471283912658691
1753064699589,1.8261773586273193,-4.820126533508301,8.770559310913086
1753064699639,2.015319347381592,-4.822520732879639,8.811261177062988
1753064699689,1.6418237686157227,-5.217564105987549,8.892663955688477
1753064699739,2.0679917335510254,-4.307767391204834,8.67479133605957
1753064699789,1.8213889598846436,-4.250306606292725,7.863156795501709
1753064699839,2.032078742980957,,
1753064699840,1.68970787525177,,
1753064699843,,-4.800972938537598,9.12729549407959
1753064699889,1.7830817699432373,-4.587889194488525,8.126519203186035
1753064699939,1.6729484796524048,,
1753064699940,,-4.338891983032227,7.784148216247559
1753064699989,2.2834699153900146,-4.343680381774902,8.73225212097168
1753064700039,1.7591396570205688,-4.966172695159912,8.559869766235352
1753064700088,1.933916449546814,,
1753064700089,,-4.937442302703857,8.753800392150879
1753064700138,1.4598644971847534,-4.954201698303223,
1753064700139,,-4.750694751739502,8.193556785583496
1753064700188,1.6490063667297363,,
1753064700189,1.9794062376022339,-5.150526523590088,8.780136108398438
1753064700238,1.9363106489181519,,
1753064700239,,-4.688445568084717,8.509591102600098
1753064700289,2.137423515319824,-4.444236755371094,8.605359077453613
1753064700338,1.6777368783950806,-4.475361347198486,8.296507835388184
1753064700388,2.2451627254486084,-4.1641154289245605,8.653243064880371
1753064700438,2.147000312805176,-3.558382272720337,8.181585311889648
1753064700488,2.20924973487854,-3.335721492767334,8.004414558410645
1753064700538,2.580350875854492,-3.3261446952819824,8.638877868652344
1753064700587,1.9195512533187866,,
1753064700588,2.1517887115478516,-3.3883938789367676,8.289324760437012
1753064700638,2.9706058502197266,-3.512892484664917,8.825626373291016
1753064700687,2.316988706588745,,
1753064700688,2.233191728591919,-3.5440170764923096,8.938153266906738
1753064700737,2.9059622287750244,,
1753064700738,2.937086820602417,-2.964620351791382,8.995614051818848
1753064700787,3.0591912269592285,,
1753064700788,2.585139274597168,-3.1274259090423584,9.060257911682129
1753064700837,2.757521867752075,-2.761113166809082,
1753064700838,,,8.926182746887207
1753064700887,2.8365304470062256,-2.718017578125,
1753064700888,,,9.103353500366211
1753064700937,2.479794502258301,,
1753064700938,2.695272445678711,-2.65097975730896,9.07222843170166
1753064700987,2.9059622287750244,,
1753064700988,,-2.454655408859253,9.239823341369629
1753064701037,2.5324668884277344,-3.024475336074829,9.196727752685547
1753064701086,2.963423252105713,,
1753064701087,3.028066635131836,-3.113060712814331,9.328408241271973
1753064701137,2.7551276683807373,-3.158550500869751,9.800065994262695
1753064701187,2.455852508544922,,
1753064701188,,-2.387617588043213,8.648454666137695
1753064701237,2.980182647705078,-2.5528175830841064,9.589376449584961
1753064701287,2.62823486328125,-2.1098902225494385,8.804078102111816
1753064701337,2.7934348583221436,-2.2894554138183594,8.839991569519043
1753064701388,3.092710018157959,-2.3517045974731445,8.91181755065918
1753064701437,2.872443437576294,-2.057217836380005,8.559869766235352
1753064701487,3.5835213661193848,-2.6653449535369873,9.553462982177734
1753064701536,3.624222755432129,,
1753064701537,,-3.029263734817505,10.283695220947266
1753064701586,3.0759506225585938,-2.054823637008667,
1753064701587,,,8.346785545349121
1753064701638,3.090315818786621,-2.117072820663452,9.084199905395508
1753064701687,3.1693243980407715,,
1753064701688,,-1.932719349861145,8.966883659362793
1753064701737,3.0759506225585938,-2.0596120357513428,8.79928970336914
1753064701787,2.987365245819092,-1.66696298122406,8.116942405700684
1753064701837,3.839700937271118,-2.2870612144470215,
1753064701838,,-2.478597402572632,9.515155792236328
1753064701887,3.073556423187256,,
1753064701888,2.9897594451904297,-2.315791606903076,8.432976722717285
1753064701937,3.3033998012542725,,
1753064701938,,-2.8329391479492188,9.5223388671875
1753064701987,3.8780081272125244,-2.4809916019439697,10.020332336425781
1753064702037,2.848501443862915,,
1753064702038,,-2.030881643295288,8.727463722229004
1753064702086,3.4350810050964355,,
1753064702087,,-2.143409013748169,9.49121379852295
1753064702136,3.1046810150146484,,
1753064702137,2.829347848892212,-2.0667946338653564,8.579023361206055
1753064702186,3.777451753616333,,
1753064702187,3.6792895793914795,-2.186504602432251,9.869498252868652
1753064702237,2.8556840419769287,,
1753064702238,4.167706489562988,-2.6605565547943115,8.109759330749512
1753064702287,2.9490580558776855,,
1753064702288,,-3.421912670135498,8.98124885559082
1753064702337,2.7024552822113037,-3.7906198501586914,9.61571216583252
1753064702388,3.7630865573883057,-2.8808231353759766,10.396222114562988
1753064702439,3.4111387729644775,-2.3756465911865234,8.564658164978027
1753064702440,,,9.112930297851562
1753064702487,3.5930981636047363,-2.9502551555633545,9.443329811096191
1753064702537,3.1908724308013916,-1.975814938545227,8.942941665649414
1753064702588,3.715202569961548,,
1753064702589,,-2.1266496181488037,9.778518676757812
1753064702637,4.2730512619018555,-3.955819845199585,
1753064702638,,,10.250176429748535
1753064702688,2.2379801273345947,,
1753064702689,1.9458874464035034,-3.7930140495300293,9.124900817871094
1753064702738,3.6577415466308594,-3.8815994262695312,10.908581733703613
1753064702788,3.095104217529297,-2.210446834564209,
1753064702789,,,8.03075122833252
1753064702839,2.803011655807495,-1.8920178413391113,
1753064702840,,-1.63344407081604,8.047510147094727
1753064702891,3.1669301986694336,-2.052429437637329,8.691550254821777
1753064702938,3.250727415084839,,
1753064702939,2.338536500930786,-2.342127799987793,
1753064702940,,,8.58620548248291
1753064702986,3.581127166748047,,
1753064702987,,-3.18249249458313,9.800065994262695
1753064703036,4.557961463928223,,
1753064703037,4.146158695220947,-2.624643564224243,9.929352760314941
1753064703086,3.5452141761779785,-2.1481974124908447,8.782530784606934
1753064703136,3.3512837886810303,,
1753064703137,3.7415387630462646,-2.80899715423584,10.056245803833008
1753064703187,3.2986114025115967,-1.853710651397705,8.377910614013672
1753064703237,2.9753942489624023,-2.804208755493164,9.033921241760254
1753064703287,3.202843427658081,-3.002927541732788,9.330802917480469
1753064703336,3.1070752143859863,,
1753064703337,3.5835213661193848,-2.983773946762085,9.017162322998047
1753064703389,3.822941541671753,-2.7898435592651367,9.43375301361084
1753064703437,3.5452141761779785,,
1753064703438,,-2.4355015754699707,8.770559310913086
1753064703490,3.5476083755493164,,
1753064703491,3.7175967693328857,-2.5791537761688232,10.242993354797363
1753064703537,3.820547342300415,-2.5288755893707275,
1753064703538,,,9.481637001037598
1753064703587,3.375225782394409,-2.672527551651001,9.824007987976074
1753064703640,3.5260605812072754,-2.2152352333068848,9.258976936340332
1753064703690,3.071162223815918,-2.5264813899993896,8.679579734802246
1753064703736,2.9466638565063477,,
1753064703737,2.4127566814422607,-2.160168409347534,8.478466987609863
1753064703786,3.7630865573883057,-3.1417911052703857,10.247781753540039
1753064703836,2.587533473968506,-2.160168409347534,
1753064703837,,-3.1657330989837646,6.86716890335083
1753064703888,3.8827965259552,-3.354875087738037,11.370662689208984
1753064703937,1.754351258277893,-1.2360066175460815,5.205593109130859
1753064703986,4.196436882019043,,
1753064703987,,-1.9638439416885376,10.67634391784668
1753064704036,3.9234981536865234,,
1753064704037,,-1.8800468444824219,7.942165374755859
1753064704086,2.0895395278930664,-3.2591071128845215,9.8599214553833
1753064704136,2.1326351165771484,-2.3493103981018066,6.9677252769470215
1753064704186,4.194042682647705,-2.253542423248291,10.444106101989746
1753064704236,3.6122517585754395,-1.7627309560775757,7.911040782928467
1753064704289,3.3512837886810303,,
1753064704290,3.4087445735931396,,
1753064704291,,-2.497750997543335,9.812037467956543
1753064704292,,,9.563039779663086
1753064704336,3.4781765937805176,-2.0596120357513428,
1753064704337,,,9.381080627441406
1753064704388,3.3632547855377197,-2.2655134201049805,9.82640266418457
1753064704389,,,9.926959037780762
1753064704436,3.420715570449829,-2.095525026321411,9.189544677734375
1753064704486,3.3249475955963135,-2.564788579940796,9.43375301361084
1753064704536,2.853289842605591,-2.2415714263916016,8.500014305114746
1753064704586,3.111863613128662,-1.9925743341445923,8.883087158203125
1753064704636,3.3273417949676514,,
1753064704637,3.7008373737335205,-2.2248120307922363,8.851962089538574
1753064704687,3.6098575592041016,-2.100313425064087,9.244611740112305
1753064704736,3.358466386795044,,
1753064704738,3.2363622188568115,,
1753064704739,,-1.8058266639709473,8.808866500854492
1753064704786,3.030460834503174,-2.145803213119507,8.895057678222656
1753064704835,3.22678542137146,,
1753064704836,3.004124641418457,-2.3062148094177246,9.543886184692383
1753064704887,3.2196028232574463,-2.011728048324585,9.09377670288086
1753064704936,2.671330451965332,,
1753064704937,3.3848025798797607,-2.102707624435425,8.471283912658691
1753064704986,3.7846343517303467,,
1753064704987,3.339312791824341,-2.722805976867676,10.67634391784668
1753064705036,3.0855274200439453,-1.8369512557983398,8.40424633026123
1753064705087,3.181295394897461,-2.1290438175201416,9.361927032470703
1753064705136,2.9083564281463623,,
1753064705137,,-1.8417396545410156,9.0051908493042
1753064705186,2.8987796306610107,,
1753064705187,3.1884782314300537,-1.8010382652282715,8.830414772033691
1753064705236,3.334524393081665,-1.8082208633422852,9.778518676757812
1753064705286,3.3728315830230713,-1.7004817724227905,9.242217063903809
1753064705335,2.647388458251953,-1.6310498714447021,
1753064705336,,,9.01476764678955
1753064705387,2.4582467079162598,,
1753064705388,3.140594005584717,-1.4586673974990845,7.975684642791748
1753064705437,2.8006174564361572,-1.8273744583129883,9.594164848327637
1753064705487,2.4127566814422607,-1.5616180896759033,8.447341918945312
1753064705537,2.9418752193450928,-1.6717513799667358,9.551069259643555
1753064705586,2.3529016971588135,-1.4131776094436646,8.025962829589844
1753064705637,3.7846343517303467,-1.978209137916565,
1753064705638,,-1.8441338539123535,10.932523727416992
1753064705687,3.1932666301727295,,
1753064705688,,-1.5520412921905518,8.373122215270996
1753064705737,3.6098575592041016,-2.8999767303466797,11.406575202941895
1753064705787,2.853289842605591,-1.446696400642395,7.255029678344727
1753064705837,3.049614429473877,,
1753064705838,2.83174204826355,-2.1769278049468994,9.941324234008789
1753064705890,3.289034605026245,-1.913565754890442,8.262989044189453
1753064705937,3.2818520069122314,-1.8489222526550293,9.6803560256958
1753064705987,2.896385431289673,-1.6071078777313232,7.4752960205078125
1753064706037,3.073556423187256,-2.0667946338653564,9.967659950256348
1753064706086,3.487753391265869,-1.6549919843673706,
1753064706087,,,9.261370658874512
1753064706136,3.221997022628784,-1.5496470928192139,8.832808494567871
1753064706186,3.3656489849090576,,
1753064706187,3.7606923580169678,-2.050035238265991,9.261370658874512
1753064706236,3.3704373836517334,,
1753064706237,2.980182647705078,-1.6741455793380737,8.758588790893555
1753064706288,2.3912088871002197,,
1753064706289,2.692878246307373,-2.227206230163574,8.33481502532959
1753064706338,3.492541790008545,-1.5640122890472412,8.923788070678711
1753064706390,3.1860837936401367,-2.124255418777466,8.557475090026855
1753064706436,2.4630351066589355,,
1753064706437,2.9107506275177,-2.0452468395233154,7.927800178527832
1753064706487,3.2986114025115967,-2.581547975540161,10.015543937683105
1753064706536,3.2124202251434326,,
1753064706537,3.511695384979248,-1.6861165761947632,8.449736595153809
1753064706586,2.5468320846557617,-1.6238672733306885,
1753064706587,,-2.1769278049468994,8.3707275390625
1753064706637,3.9881415367126465,-2.2703018188476562,10.887033462524414
1753064706687,3.3297359943389893,-1.9039889574050903,8.095394134521484
1753064706740,4.143764495849609,-2.1912930011749268,
1753064706741,,-2.0045454502105713,11.131241798400879
1753064706789,3.557185173034668,,
1753064706790,3.490147590637207,-2.0021512508392334,8.45931339263916
1753064706841,3.1860837936401367,,
1753064706842,2.5971102714538574,-1.7268179655075073,9.68274974822998
1753064706894,3.008913040161133,,
1753064706895,,-2.16495680809021,8.772953987121582
1753064706943,3.7415387630462646,,
1753064706944,2.5923218727111816,-2.667739152908325,10.769718170166016
1753064706990,3.181295394897461,-2.5025393962860107,8.966883659362793
1753064707040,2.8197710514068604,-2.344521999359131,8.76337718963623
1753064707091,2.7455508708953857,-3.5296518802642822,9.165602684020996
1753064707140,1.754351258277893,-4.089895248413086,8.768165588378906
1753064707190,1.9387048482894897,-4.5423994064331055,8.775347709655762
1753064707191,,,9.905410766601562
1753064707241,2.7479450702667236,-4.197634220123291,
1753064707242,,-4.092289447784424,9.630077362060547
1753064707291,1.4167689085006714,-4.226364612579346,8.013991355895996
1753064707342,2.963423252105713,-3.3261446952819824,9.661202430725098
1753064707393,2.9538464546203613,-4.219182014465332,9.510367393493652
1753064707442,3.0328550338745117,-3.352480888366699,
1753064707443,,-3.824138641357422,8.09778881072998
1753064707495,1.6633716821670532,-3.910329818725586,8.253412246704102
1753064707541,2.9203274250030518,-4.611831188201904,9.807249069213867
1753064707542,,,6.950965881347656
1753064707591,1.9889830350875854,-4.291007995605469,8.777742385864258
1753064707641,2.407968282699585,-4.144961833953857,8.974066734313965
1753064707690,2.5899276733398438,,
1753064707691,2.8628666400909424,-4.063559055328369,8.82323169708252
1753064707740,3.049614429473877,-3.802590847015381,9.484031677246094
1753064707790,2.738368272781372,-3.266289710998535,9.55825138092041
1753064707841,3.9019501209259033,-3.354875087738037,10.240599632263184
1753064707890,3.380014181137085,-2.425924777984619,9.48882007598877
1753064707940,2.9777884483337402,-2.3133974075317383,8.387487411499023
1753064707990,4.00729513168335,,
1753064707991,3.2866404056549072,-2.3564929962158203,10.458471298217773
1753064708040,2.7982232570648193,-2.234388828277588,7.226299285888672
1753064708090,2.604292869567871,-3.29502010345459,9.946112632751465
1753064708091,,,10.3148193359375
1753064708140,3.7702691555023193,-2.567182779312134,9.812037467956543
1753064708190,3.176506996154785,-2.586336374282837,9.445724487304688
1753064708239,2.9682116508483887,,
1753064708240,3.205237627029419,-2.940678119659424,9.041104316711426
1753064708290,3.269881010055542,-2.3062148094177246,8.85675048828125
1753064708340,2.714426279067993,-2.586336374282837,8.622118949890137
1753064708390,2.692878246307373,-2.44747257232666,7.791330814361572
1753064708440,2.764704465866089,-2.60548996925354,8.737040519714355
1753064708489,2.78625226020813,-2.452261209487915,8.09778881072998
1753064708539,2.652176856994629,-2.296638011932373,8.576628684997559
1753064708589,3.418321371078491,-3.022081136703491,9.610923767089844
1753064708638,3.0208840370178223,-2.9502551555633545,9.776124000549316
1753064708688,3.135805606842041,-2.2391772270202637,9.59177017211914
1753064708738,3.662529945373535,-2.5480291843414307,9.378686904907227
1753064708788,3.138199806213379,,
1753064708789,,-3.132214307785034,9.967659950256348
1753064708838,2.453458309173584,-2.7922377586364746,8.167220115661621
1753064708888,3.3081881999969482,-2.868852138519287,9.359533309936523
1753064708938,2.7287914752960205,-2.739565372467041,8.437765121459961
1753064708988,2.3145945072174072,-2.6174609661102295,8.15524959564209
1753064709037,3.0352492332458496,,
1753064709038,3.109469413757324,-2.253542423248291,8.284536361694336
1753064709087,3.2842462062835693,,
1753064709088,,-2.892794132232666,9.299677848815918
1753064709138,2.494159698486328,-2.986168146133423,8.806472778320312
1753064709189,3.267486810684204,-2.7898435592651367,9.34037971496582
1753064709238,3.119046211242676,-2.9502551555633545,9.627683639526367
1753064709287,2.671330451965332,,
1753064709288,2.932298421859741,-2.6222493648529053,9.012373924255371
1753064709338,3.22678542137146,-2.2607250213623047,8.569446563720703
1753064709387,2.9969420433044434,,
1753064709388,,-2.9023709297180176,9.723451614379883
1753064709437,2.6809072494506836,-2.739565372467041,8.959701538085938
1753064709438,,,9.5223388671875
1753064709487,2.893991231918335,-2.4905683994293213,8.540716171264648
1753064709537,3.2555158138275146,-2.983773946762085,9.70429801940918
1753064709586,2.963423252105713,,
1753064709587,2.6856956481933594,-3.1034839153289795,9.70429801940918
1753064709637,2.757521867752075,-2.212841033935547,8.318055152893066
1753064709689,3.1286230087280273,-3.1202433109283447,9.955689430236816
1753064709738,2.9059622287750244,,
1753064709739,2.652176856994629,-2.6605565547943115,9.30925464630127
1753064709788,3.0328550338745117,-2.7012581825256348,
1753064709836,3.5284547805786133,-2.6366145610809326,9.929352760314941
1753064709868,3.135805606842041,-3.0364463329315186,10.870274543762207
1753064709938,2.5133132934570312,,
1753064709939,2.9514522552490234,-3.026869535446167,10.18792724609375
1753064710005,3.087921619415283,,
1753064710006,,-2.667739152908325,9.73781681060791
1753064710073,3.487753391265869,-3.3189620971679688,11.310807228088379
1753064710141,2.5468320846557617,-2.6150667667388916,8.294113159179688
1753064710207,2.8341362476348877,,
1753064710208,1.6059107780456543,-2.1362264156341553,7.678803443908691
1753064710272,3.360860586166382,,
1753064710273,,-2.8856115341186523,11.238981246948242
1753064710340,2.206855535507202,-2.0428526401519775,7.324461460113525
1753064710406,2.654571056365967,,
1753064710407,3.399167776107788,-1.6956933736801147,7.130531311035156
1753064710474,2.4390928745269775,-3.1058781147003174,10.8319673538208
1753064710540,2.6186580657958984,,
1753064710541,2.3050177097320557,-2.097919225692749,8.483255386352539
1753064710607,3.205237627029419,-2.9718029499053955,10.204686164855957
1753064710672,1.613093376159668,,
1753064710673,2.034472942352295,-3.0101101398468018,8.909422874450684
1753064710740,3.755903959274292,,
1753064710741,3.087921619415283,-2.536058187484741,10.468048095703125
1753064710807,2.7048494815826416,-3.247136116027832,11.1072998046875
1753064710808,,,10.3363676071167
1753064710873,3.557185173034668,,
1753064710874,3.1453824043273926,-2.7084407806396484,10.013150215148926
1753064710938,2.5037364959716797,,
1753064710939,,-3.2615013122558594,10.154407501220703
1753064711006,2.896385431289673,,
1753064711007,,-2.3253684043884277,9.311649322509766
1753064711074,3.640982151031494,-2.361281394958496,10.144830703735352
1753064711138,2.2236149311065674,-2.050035238265991,7.5782470703125
1753064711139,,,9.608530044555664
1753064711206,3.863642930984497,-2.9718029499053955,11.203068733215332
1753064711272,0.4878185987472534,,
1753064711273,,-2.5552117824554443,6.407482147216797
1753064711338,-0.09876082092523575,-0.07960720360279083,1.9183541536331177
1753064711406,0.06643909960985184,-4.018068790435791,12.881403923034668
1753064711472,2.4582467079162598,-3.4602200984954834,9.938929557800293
1753064711538,2.8221652507781982,-1.913565754890442,8.179191589355469
1753064711606,2.2164323329925537,,
1753064711607,2.278681516647339,-2.780266761779785,9.534309387207031
1753064711673,2.42472767829895,-2.653373956680298,9.287707328796387
1753064711738,2.9538464546203613,,
1753064711739,,-2.6557681560516357,9.934141159057617
1753064711807,2.5971102714538574,-2.9215245246887207,10.180744171142578
1753064711874,3.1238346099853516,-2.5767595767974854,9.3643217086792
1753064711939,2.561197280883789,-2.698863983154297,
1753064711940,,-2.4378957748413086,9.922170639038086
1753064712007,3.0807390213012695,,
1753064712008,3.2387564182281494,-2.6821043491363525,9.687539100646973
1753064712074,2.7263972759246826,-2.6222493648529053,9.610923767089844
1753064712139,3.3417069911956787,-3.089118719100952,10.863091468811035
1753064712210,2.386420488357544,-2.382829189300537,8.832808494567871
1753064712274,2.932298421859741,-2.1577742099761963,8.796895980834961
1753064712338,2.5707740783691406,,
1753064712339,,-3.4745852947235107,10.386645317077637
1753064712407,2.649782657623291,-2.1314380168914795,7.810484409332275
1753064712473,2.1709423065185547,,
1753064712474,,-2.935889720916748,9.30686092376709
1753064712539,2.5923218727111816,-2.895188331604004,10.005967140197754
1753064712606,1.5077484846115112,,
1753064712607,2.6402058601379395,-2.8377275466918945,8.27974796295166
1753064712673,2.539649486541748,-2.610278367996216,10.3148193359375
1753064712738,2.5731682777404785,-2.9981391429901123,10.199897766113281
1753064712806,3.1717185974121094,,
1753064712807,,-2.4163479804992676,9.3427734375
1753064712873,2.1350293159484863,-2.919130325317383,9.07222843170166
1753064712938,2.8820202350616455,-2.1769278049468994,8.562263488769531
1753064713006,3.0855274200439453,-2.801814556121826,10.408193588256836
1753064713072,2.963423252105713,,
1753064713073,,-2.1745336055755615,9.876680374145508
1753064713138,2.5564088821411133,-3.1968579292297363,10.171167373657227
1753064713206,3.157353401184082,-2.23199462890625,8.909422874450684
1753064713273,3.095104217529297,,
1753064713274,2.0632033348083496,-2.9215245246887207,10.884639739990234
1753064713338,3.1046810150146484,,
1753064713339,,-2.6198551654815674,10.360309600830078
1753064713407,2.5252842903137207,-3.3955764770507812,10.910975456237793
1753064713473,2.601898670196533,-2.2248120307922363,
1753064713474,,,8.36833381652832
1753064713539,1.9147628545761108,-2.847304344177246,8.416217803955078
1753064713607,2.762310266494751,-2.5025393962860107,9.783307075500488
1753064713674,3.200449228286743,-2.7778725624084473,
1753064713675,,,11.315595626831055
1753064713739,2.520495891571045,-3.1944637298583984,9.926959037780762
1753064713807,3.602674961090088,-3.0364463329315186,12.155961036682129
1753064713875,3.001730442047119,,
1753064713876,2.5707740783691406,-2.7778725624084473,10.817602157592773
1753064713939,2.7551276683807373,-3.0771477222442627,10.456077575683594
1753064714005,2.8341362476348877,,
1753064714006,2.518101692199707,-2.7275943756103516,10.178350448608398
1753064714073,2.5707740783691406,-3.201646327972412,
1753064714074,,-3.002927541732788,9.881468772888184
1753064714140,2.2451627254486084,,
1753064714141,,-2.145803213119507,8.267777442932129
1753064714206,3.4278981685638428,-2.8425159454345703,11.363479614257812
1753064714207,,,8.421006202697754
1753064714272,2.4438812732696533,,
1753064714273,2.8413188457489014,-2.7515363693237305,10.118494987487793
1753064714339,2.913144826889038,,
1753064714340,2.2906525135040283,-2.1553800106048584,7.664438247680664
1753064714405,3.0424318313598633,-2.610278367996216,10.458471298217773
1753064714472,2.1326351165771484,,
1753064714473,,-2.674921751022339,9.369110107421875
1753064714540,3.1286230087280273,-3.0579941272735596,9.6803560256958
1753064714604,2.1709423065185547,,
1753064714605,3.559579372406006,-2.2703018188476562,8.200738906860352
1753064714674,2.053626537322998,-3.199252128601074,10.266935348510742
1753064714740,2.367266893386841,-1.3964180946350098,
1753064714741,,,8.389881134033203
1753064714805,2.5971102714538574,,
1753064714806,5.0703206062316895,-2.8353333473205566,10.513538360595703
1753064714874,-0.5919663906097412,-2.102707624435425,4.053982257843018
1753064714939,0.8684966564178467,,
1753064714940,,-2.205658197402954,7.09222412109375
1753064715006,2.0392613410949707,-3.7235822677612305,13.211803436279297
1753064715074,2.431910276412964,-2.27748441696167,6.548740386962891
1753064715141,0.7583633661270142,-2.433107376098633,5.413888454437256
1753064715206,3.959411144256592,-3.510498285293579,
1753064715207,,,13.630788803100586
1753064715276,3.310582399368286,-1.7986440658569336,7.511209487915039
1753064715338,3.2531216144561768,,
1753064715339,2.609081268310547,-3.383605480194092,9.907805442810059
1753064715405,0.3345896899700165,,
1753064715406,,-2.0931308269500732,6.134543418884277
1753064715473,2.9275100231170654,,
1753064715474,,-3.18249249458313,11.303625106811523
1753064715540,2.6833014488220215,-3.5679590702056885,
1753064715541,,-3.110666513442993,12.613252639770508
1753064715606,3.7630865573883057,-2.564788579940796,10.846332550048828
1753064715674,2.388814687728882,-1.9231425523757935,8.016386032104492
1753064715741,2.3457190990448,-1.896806240081787,6.4817023277282715
1753064715805,2.230797529220581,,
1753064715806,,-2.387617588043213,10.329184532165527
1753064715873,1.3784615993499756,-2.6629507541656494,7.547122478485107
1753064715874,,,8.167220115661621
1753064715940,2.2403743267059326,-2.5767595767974854,8.24383544921875
1753064716006,2.561197280883789,-2.9311013221740723,10.846332550048828
1753064716074,2.429516077041626,,
1753064716075,2.0464439392089844,-2.7706899642944336,9.122507095336914
1753064716140,2.381632089614868,-3.400364875793457,8.753800392150879
1753064716206,2.6449942588806152,,
1753064716207,,-2.9095535278320312,9.970054626464844
1753064716274,3.6361937522888184,-1.5879542827606201,7.408258438110352
1753064716340,2.2834699153900146,-3.469796895980835,9.1632080078125
1753064716341,,,9.0051908493042
1753064716405,3.7654807567596436,,
1753064716406,0.6482301354408264,-3.2567129135131836,11.887809753417969
1753064716474,2.8149826526641846,-2.2679076194763184,9.323619842529297
1753064716475,,,9.697115898132324
1753064716541,2.4606409072875977,-3.0436289310455322,9.096170425415039
1753064716607,-4.393958568572998,-4.875193119049072,1.489791989326477
1753064716673,1.9243396520614624,-6.429029941558838,15.203779220581055
1753064716739,4.704007625579834,,
1753064716740,-0.9056068062782288,-4.468178749084473,11.143213272094727
1753064716807,5.221155166625977,-1.7818846702575684,9.656414031982422
1753064716873,3.930680751800537,-2.1338322162628174,10.396222114562988
1753064716940,2.2236149311065674,-2.5456349849700928,6.227917194366455
1753064717006,2.668936252593994,-1.9734207391738892,
1753064717007,,,8.526350975036621
1753064717071,3.135805606842041,,
1753064717072,,-1.9806033372879028,9.302072525024414
1753064717140,2.5085248947143555,-1.511339783668518,6.577470779418945
1753064717205,3.928286552429199,,
1753064717206,,-1.5879542827606201,9.297284126281738
1753064717271,3.997718334197998,-2.9311013221740723,11.1072998046875
1753064717339,1.1653777360916138,,
1753064717340,4.739920616149902,-2.121861219406128,6.405087947845459
1753064717406,5.039196014404297,-2.0691888332366943,10.616488456726074
1753064717471,2.0655975341796875,,
1753064717472,,-3.3716344833374023,8.717886924743652
1753064717539,4.996100425720215,-2.6174609661102295,10.128071784973145
1753064717609,1.9913772344589233,-3.223194122314453,7.379528045654297
1753064717671,3.0998926162719727,-4.599860191345215,
1753064717672,,,8.387487411499023
1753064717739,2.036867141723633,,
1753064717740,1.6442179679870605,-3.891176223754883,8.389881134033203
1753064717806,2.1805191040039062,,
1753064717807,,-4.932653903961182,9.436147689819336
1753064717872,1.8596961498260498,,
1753064717873,,-4.032433986663818,8.715493202209473
1753064717940,2.4845829010009766,-6.134543418884277,10.025120735168457
1753064718006,4.455010890960693,-4.930259704589844,11.95484733581543
1753064718071,1.7615338563919067,,
1753064718072,1.974617838859558,-4.010886192321777,7.867945194244385
1753064718139,2.2379801273345947,-3.7044286727905273,8.207921981811523
1753064718206,2.271498918533325,-4.063559055328369,8.255805969238281
1753064718273,0.518943190574646,-2.871246337890625,4.966172695159912
1753064718340,3.7894227504730225,-4.113837242126465,
1753064718341,,-4.92307710647583,11.234192848205566
1753064718407,2.601898670196533,,
1753064718408,1.6178817749023438,-2.6868927478790283,6.68520975112915
1753064718475,2.7910406589508057,-3.026869535446167,6.405087947845459
1753064718540,3.0424318313598633,-4.386775970458984,10.661978721618652
1753064718541,,,8.45931339263916
1753064718608,2.829347848892212,-4.635773181915283,9.989208221435547
1753064718672,2.5468320846557617,,
1753064718673,2.1924901008605957,-3.0627825260162354,7.460930824279785
1753064718741,2.09672212600708,-4.001309394836426,7.750629425048828
1753064718806,2.6785130500793457,,
1753064718807,2.846107244491577,-3.5511996746063232,8.926182746887207
1753064718873,2.321777105331421,-3.869628429412842,8.782530784606934
1753064718939,3.1669301986694336,,
1753064718940,,-4.6740803718566895,8.918999671936035
1753064719006,2.6833014488220215,,
1753064719007,2.7096378803253174,-4.4490251541137695,9.235034942626953
1753064719071,3.4374752044677734,,
1753064719072,4.091092109680176,-2.847304344177246,9.112930297851562
1753064719140,4.301782131195068,-2.138620615005493,9.572616577148438
1753064719209,3.200449228286743,,
1753064719210,,-3.5009214878082275,9.52473258972168
1753064719272,2.032078742980957,,
1753064719273,3.2555158138275146,-3.3859996795654297,7.858368396759033
1753064719340,4.840477466583252,,
1753064719341,6.197989463806152,-2.890399932861328,9.697115898132324
1753064719408,5.896320343017578,-1.755548357963562,12.012308120727539
1753064719473,1.7926585674285889,-2.943072557449341,9.661202430725098
1753064719474,,,10.333972930908203
1753064719538,3.578732967376709,,
1753064719539,,-2.320580005645752,8.622118949890137
1753064719606,2.563591480255127,,
1753064719607,3.27227520942688,-2.2679076194763184,9.725846290588379
1753064719672,3.71280837059021,-2.3349452018737793,9.785700798034668
1753064719738,3.578732967376709,-2.44747257232666,9.337985038757324
1753064719806,3.1956608295440674,-2.2176294326782227,8.315661430358887
1753064719873,4.189254283905029,-2.689286947250366,10.791265487670898
1753064719938,4.033631324768066,-2.8353333473205566,9.747393608093262
1753064720006,3.9258923530578613,-2.205658197402954,8.782530784606934
1753064720072,3.736750364303589,,
1753064720073,,-2.337339401245117,8.30129623413086
1753064720138,3.904344320297241,-1.9806033372879028,9.191938400268555
1753064720207,3.911526918411255,,
1753064720208,4.869207859039307,-2.8568811416625977,9.881468772888184
1753064720273,3.0208840370178223,-2.387617588043213,
1753064720274,,,7.903858184814453
1753064720339,4.3855791091918945,-1.9279309511184692,9.275735855102539
1753064720407,3.9857473373413086,-2.911947727203369,
1753064720408,,,9.452906608581543
1753064720474,3.581127166748047,-2.500145196914673,
1753064720475,,,8.923788070678711
1753064720538,2.6641478538513184,,
1753064720539,3.9857473373413086,-2.670133352279663,7.920617580413818
1753064720608,3.092710018157959,-2.8113913536071777,9.304466247558594
1753064720673,3.4350810050964355,-2.8592753410339355,
1753064720674,,-2.0715830326080322,10.140042304992676
1753064720739,2.913144826889038,-3.113060712814331,9.220669746398926
1753064720807,3.0639796257019043,-2.670133352279663,8.588600158691406
1753064720873,2.7958290576934814,,
1753064720874,,-3.160944700241089,9.053074836730957
1753064720938,3.044826030731201,,
1753064720939,2.6785130500793457,,
1753064720940,,-3.0101101398468018,10.360309600830078
1753064721007,4.799776077270508,,
1753064721008,3.6385879516601562,,
1753064721009,,-2.8185739517211914,10.130465507507324
1753064721073,4.289810657501221,-3.1274259090423584,11.236587524414062
1753064721139,3.1046810150146484,-3.0579941272735596,9.062651634216309
1753064721208,2.805405855178833,-2.0236990451812744,7.846397399902344
1753064721273,2.7263972759246826,-1.513733983039856,
1753064721274,,,7.990049839019775
1753064721338,4.198831081390381,,
1753064721339,3.049614429473877,-2.691681146621704,10.149619102478027
1753064721406,4.275445461273193,,
1753064721407,,-2.145803213119507,10.259753227233887
1753064721473,3.2818520069122314,-1.8824410438537598,8.33720874786377
1753064721538,3.154959201812744,-2.0452468395233154,8.262989044189453
1753064721606,3.0208840370178223,-1.8393454551696777,8.737040519714355
1753064721673,4.409521102905273,-2.0859482288360596,10.149619102478027
1753064721738,3.5500025749206543,-2.562394380569458,9.800065994262695
1753064721806,3.64577054977417,-1.8249802589416504,8.377910614013672
1753064721872,3.3081881999969482,,
1753064721873,,-1.6406266689300537,8.523956298828125
1753064721938,4.117428302764893,,
1753064721939,4.730343818664551,-2.227206230163574,10.494384765625
1753064722007,2.7958290576934814,-1.245583415031433,7.348403453826904
1753064722073,3.1214404106140137,,
1753064722074,,-2.0620062351226807,8.435371398925781
1753064722140,4.409521102905273,-2.385223388671875,
1753064722141,,,10.214262962341309
1753064722209,3.176506996154785,-2.3301568031311035,10.140042304992676
1753064722275,4.136581897735596,-2.1984755992889404,9.922170639038086
1753064722340,3.8971617221832275,,
1753064722341,3.9450459480285645,-1.6645687818527222,8.650849342346191
1753064722406,3.420715570449829,-2.143409013748169,
1753064722407,,,9.302072525024414
1753064722474,4.225167274475098,-2.320580005645752,9.914987564086914
1753064722540,3.0400376319885254,-1.3796586990356445,7.6979570388793945
1753064722606,3.468599796295166,-1.63344407081604,8.55268669128418
1753064722673,3.183689594268799,,
1753064722674,,-2.009333848953247,8.830414772033691
1753064722739,2.5540146827697754,,
1753064722740,,-1.7866730690002441,7.79372501373291
1753064722806,3.1286230087280273,-1.3844470977783203,7.992444038391113
1753064722873,3.162141799926758,,
1753064722874,,-2.562394380569458,10.070611000061035
1753064722941,3.4805707931518555,-1.810615062713623,9.201516151428223
1753064723006,2.9706058502197266,-1.8584990501403809,8.169614791870117
1753064723076,3.4063503742218018,-2.076371431350708,
1753064723077,,-1.777096152305603,9.258976936340332
1753064723140,3.6385879516601562,,
1753064723141,3.293823003768921,-2.0404584407806396,9.43375301361084
1753064723206,3.0184898376464844,-1.999756932258606,9.134477615356445
1753064723276,3.9163153171539307,,
1753064723277,3.3895909786224365,-2.27748441696167,10.233416557312012
1753064723340,3.1310172080993652,-2.1098902225494385,
1753064723341,,-2.275090217590332,9.050681114196777
1753064723406,3.691260576248169,-1.2910733222961426,8.868721961975098
1753064723473,3.2148144245147705,-1.7292121648788452,8.394669532775879
1753064723540,2.58274507522583,-2.3540987968444824,8.646060943603516
1753064723609,2.8796260356903076,-1.4131776094436646,
1753064723610,,-1.427542805671692,7.628525257110596
1753064723673,3.243544816970825,,
1753064723674,3.267486810684204,-2.076371431350708,9.318831443786621
1753064723739,3.3177649974823,,
1753064723740,2.6833014488220215,-1.9877859354019165,9.371503829956055
1753064723806,3.7654807567596436,-1.8177976608276367,
1753064723807,,,9.486425399780273
1753064723873,3.2986114025115967,-1.877652645111084,
1753064723874,,,9.440936088562012
1753064723940,3.3464953899383545,,
1753064723941,3.2746694087982178,-1.3198037147521973,8.471283912658691
1753064724005,3.183689594268799,-2.2463598251342773,9.172784805297852
1753064724073,3.0352492332458496,,
1753064724074,,-1.4227544069290161,7.906252384185791
1753064724140,3.2603042125701904,-2.2439656257629395,9.282918930053711
1753064724205,2.3337481021881104,-1.6166846752166748,7.753023624420166
1753064724273,3.7870285511016846,-1.8680758476257324,9.88386344909668
1753064724339,3.6314053535461426,-1.8417396545410156,10.051457405090332
1753064724405,3.976170539855957,-1.834557056427002,10.561422348022461
1753064724473,4.136581897735596,,
1753064724474,4.0863037109375,-2.7563247680664062,10.920552253723145
1753064724539,2.630629062652588,-0.6135141849517822,6.230311393737793
1753064724605,3.178901195526123,-1.5161281824111938,8.962095260620117
1753064724673,3.487753391265869,,
1753064724674,0.7487865686416626,-3.096301317214966,10.420164108276367
1753064724740,4.84287166595459,-1.5616180896759033,9.998785018920898
1753064724805,3.2746694087982178,,
1753064724806,,-2.1697452068328857,8.571840286254883
1753064724873,4.39036750793457,,
1753064724874,,-2.1912930011749268,10.793660163879395
1753064724939,3.1717185974121094,,
1753064724940,3.5500025749206543,-1.755548357963562,8.207921981811523
1753064725006,4.241926670074463,,
1753064725007,,-1.6765397787094116,10.283695220947266
1753064725073,2.695272445678711,-1.3102269172668457,8.107365608215332
1753064725141,2.6617536544799805,-2.1697452068328857,9.900622367858887
1753064725207,3.293823003768921,,
1753064725208,3.2387564182281494,-1.6023194789886475,8.82083797454834
1753064725273,3.1238346099853516,-1.590348482131958,8.119336128234863
1753064725339,3.6361937522888184,,
1753064725340,2.956240653991699,-2.2631192207336426,9.982025146484375
1753064725406,2.7934348583221436,,
1753064725407,,-2.5145103931427,9.445724487304688
1753064725472,3.296217203140259,-1.0420763492584229,8.241440773010254
1753064725540,6.717531204223633,-2.7347769737243652,
1753064725541,,,15.158289909362793
1753064725610,5.242702960968018,-2.4594438076019287,10.518326759338379
1753064725676,4.8500542640686035,-1.3557167053222656,9.227851867675781
1753064725740,-0.42197805643081665,-0.8720879554748535,3.4817678928375244
1753064725807,3.5500025749206543,,
1753064725808,3.581127166748047,-0.9654618501663208,9.405022621154785
1753064725872,0.9929951429367065,,
1753064725873,,-2.8425159454345703,8.06666374206543
1753064725940,3.7702691555023193,,
1753064725942,0.7296329736709595,-2.6007015705108643,
1753064725943,,-1.2216414213180542,10.88942813873291
1753064726006,2.0225019454956055,-2.100313425064087,
1753064726007,,,10.051457405090332
1753064726072,5.757456302642822,,
1753064726073,,-4.061164855957031,14.406510353088379
1753064726140,3.6577415466308594,-2.16495680809021,8.308478355407715
1753064726207,3.049614429473877,-1.4993687868118286,8.296507835388184
1753064726271,2.6114754676818848,,
1753064726272,1.1629834175109863,-2.208052635192871,8.737040519714355
1753064726339,4.488529682159424,,
1753064726340,2.889202833175659,-2.1338322162628174,
1753064726341,,,11.148001670837402
1753064726406,5.077503204345703,-2.102707624435425,12.093710899353027
1753064726472,2.403179883956909,,
1753064726473,4.380790710449219,-1.7866730690002441,6.656479358673096
1753064726539,1.3593080043792725,-1.247977614402771,6.280589580535889
1753064726579,1.371279001235962,-0.3190273642539978,4.777030944824219
1753064726646,3.576338768005371,,
1753064726647,2.2834699153900146,-3.3045969009399414,11.91893482208252
1753064726710,3.935469150543213,,
1753064726711,2.2643163204193115,-1.954267144203186,8.686761856079102
1753064726777,4.215590476989746,-1.614290475845337,9.73781681060791
1753064726842,4.352060317993164,-2.667739152908325,11.442488670349121
1753064726910,2.367266893386841,-1.3605051040649414,6.77618932723999
1753064726977,2.8580782413482666,-1.2288240194320679,
1753064726978,,,8.768165588378906
1753064735633,2.2020668983459473,,
1753064735634,3.02327823638916,-2.390011787414551,9.053074836730957
1753064735635,2.9921536445617676,-2.7467479705810547,10.748169898986816
1753064735640,3.0137014389038086,-1.9662381410598755,9.575011253356934
1753064735641,3.3225533962249756,-2.184110403060913,9.685144424438477
1753064735701,2.62823486328125,-1.446696400642395,8.272565841674805
1753064735769,3.535637378692627,-1.9207483530044556,
1753064735770,,,9.622895240783691
1753064737346,3.4853591918945312,-2.227206230163574,10.015543937683105
1753064737358,2.4127566814422607,-2.117072820663452,8.581417083740234
1753064737428,2.7527334690093994,-2.8113913536071777,10.238204956054688
1753064737495,2.5947160720825195,-2.6366145610809326,9.00279712677002
1753064738476,3.4829649925231934,,
1753064738477,2.8796260356903076,-3.362057685852051,11.064204216003418
1753064738489,2.5061306953430176,,
1753064738490,2.563591480255127,-3.1705214977264404,8.8878755569458
1753064738560,2.4366986751556396,,
1753064738561,,-2.964620351791382,8.653243064880371
1753064738626,2.7958290576934814,,
1753064738627,3.332130193710327,-3.132214307785034,9.517550468444824
1753064738692,2.4869771003723145,,
1753064738693,2.5540146827697754,-3.5440170764923096,9.326014518737793
1753064745405,2.0608091354370117,,
1753064745406,2.7503392696380615,-2.787449359893799,7.942165374755859
1753064745407,,,8.588600158691406
1753064745411,3.7247793674468994,-2.847304344177246,10.918158531188965
1753064745481,2.58274507522583,-2.2655134201049805,8.207921981811523
1753064756370,2.9083564281463623,-2.100313425064087,
1753064756371,3.008913040161133,-3.4985272884368896,8.942941665649414
1753064756372,2.0679917335510254,-3.819350242614746,9.845556259155273
1753064756373,2.0009541511535645,-4.532822132110596,
1753064756375,1.787870168685913,-4.192845821380615,7.855974197387695
1753064756438,1.6825252771377563,-4.8704047203063965,9.00279712677002
1753064756504,1.6226701736450195,,
1753064756505,,-4.0563764572143555,7.518392086029053
1753064756567,1.809417963027954,-5.751471042633057,10.843937873840332
1753064756630,1.6514005661010742,,
1753064756631,1.5939397811889648,-4.573523998260498,8.140884399414062
1753064756695,1.9865888357162476,-5.847239017486572,9.390657424926758
1753064756763,1.0528502464294434,-6.170456409454346,9.73542308807373
1753064756829,2.4366986751556396,,
1753064756830,,-3.1465795040130615,8.22228717803955
1753064756895,2.606687068939209,,
1753064756896,2.609081268310547,-2.138620615005493,7.583035469055176
1753064761224,2.6641478538513184,-1.8058266639709473,
1753064761225,1.9841946363449097,-1.9063831567764282,7.4537482261657715
1753064761233,1.9602526426315308,-4.836885929107666,9.0051908493042
1753064761301,1.933916449546814,,
1753064761302,1.6585832834243774,-4.245518207550049,8.753800392150879
1753064761369,1.7806875705718994,,
1753064761370,1.5029600858688354,,
1753064761371,1.6083049774169922,-4.5639472007751465,8.51916790008545
1753064761435,1.8692729473114014,,
1753064761436,,-5.066729545593262,8.51677417755127
1753064761501,1.8501193523406982,,
1753064761502,,-4.298190593719482,8.452130317687988
1753064761569,1.4838064908981323,-4.9350481033325195,7.731475830078125
1753064762592,1.7280150651931763,,
1753064762593,,-5.01405668258667,8.540716171264648
1753064762597,2.230797529220581,-3.9223008155822754,8.51677417755127
1753064762662,2.5324668884277344,,
1753064762663,2.6593594551086426,-3.9845502376556396,8.559869766235352
1753064762727,2.5324668884277344,-3.931877851486206,
1753064762728,,-4.04201078414917,8.780136108398438
1753064770375,1.933916449546814,,
1753064770376,2.233191728591919,-4.322132587432861,
1753064770377,1.9841946363449097,-3.3955764770507812,
1753064770378,,-4.109048843383789,8.959701538085938
1753064770379,2.6162638664245605,,
1753064770381,2.3457190990448,-3.8815994262695312,
1753064770445,2.204461097717285,-4.8273091316223145,9.407417297363281
1753064770510,1.8261773586273193,-3.6302082538604736,7.726687431335449
1753064781794,2.20924973487854,-3.467402696609497,
1753064781795,2.0057425498962402,-3.6302082538604736,8.423399925231934
1753064781796,2.072780132293701,-3.8528690338134766,7.93019437789917
1753064781797,2.058414936065674,-4.61661958694458,8.579023361206055
1753064781804,2.630629062652588,-4.693233966827393,9.814431190490723
1753064781872,2.3098061084747314,,
1753064781873,,-4.499303340911865,9.287707328796387
1753064781939,1.977012038230896,-3.510498285293579,7.796119213104248
1753064782005,2.058414936065674,-4.073135852813721,8.442553520202637
1753064782072,1.854907751083374,,
1753064782073,1.8405425548553467,-3.5895068645477295,7.8296380043029785
1753064782139,2.029684543609619,-3.951031446456909,
1753064782140,,-3.6733038425445557,8.51677417755127
1753064782205,2.939481019973755,-4.166509628295898,9.730634689331055
1753064782272,2.278681516647339,-3.20404052734375,
1753064782273,,-3.378817081451416,7.853579998016357
1753064782340,2.3744494915008545,,
1753064782341,,-4.0084919929504395,8.485649108886719
1753064782405,1.8022353649139404,-3.469796895980835,7.966107368469238
1753064782473,2.2858641147613525,,
1753064782474,2.20924973487854,-3.8073792457580566,8.265382766723633
1753064782539,1.8740613460540771,,
1753064782540,1.8022353649139404,-3.958214044570923,8.025962829589844
1753064782605,2.2619221210479736,-4.444236755371094,9.158419609069824
1753064782672,2.4366986751556396,,
1753064782673,1.9674352407455444,-5.167285919189453,9.237428665161133
1753064782739,1.8142063617706299,,
1753064782740,,-5.117007732391357,8.727463722229004
1753064782805,2.1254525184631348,,
1753064782806,,-4.61661958694458,8.294113159179688
1753064782872,1.670554280281067,,
1753064782873,,-4.7171759605407715,7.860762596130371
1753064782938,2.0248961448669434,,
1753064782939,2.09672212600708,-4.329315185546875,8.10018253326416
1753064783008,1.933916449546814,-4.853645324707031,8.440159797668457
1753064783072,2.115875720977783,-4.314949989318848,8.021174430847168
1753064783139,2.1709423065185547,-5.229535102844238,
1753064783140,,-4.6285905838012695,9.378686904907227
1753064783205,2.2403743267059326,-4.777030944824219,9.637260437011719
1753064783272,2.5683798789978027,-4.398746967315674,8.638877868652344
1753064783340,1.6514005661010742,-4.037222385406494,8.18876838684082
1753064783405,1.7208324670791626,-3.840898036956787,8.152854919433594
1753064783473,2.1039047241210938,-4.032433986663818,8.353968620300293
1753064783539,2.101510524749756,-4.101866245269775,8.727463722229004
1753064783605,1.8596961498260498,-4.298190593719482,9.060257911682129
1753064783671,2.1781249046325684,-4.343680381774902,8.260594367980957
1753064783738,2.228403329849243,,
1753064783739,2.3529016971588135,-4.2550950050354,8.681973457336426
1753064783805,2.0608091354370117,-3.752312660217285,8.456918716430664
1753064783872,1.931522250175476,-4.314949989318848,8.646060943603516
1753064783939,2.249951124191284,,
1753064783941,,-3.979761838912964,8.691550254821777
1753064784007,2.211643934249878,-4.3628339767456055,9.103353500366211
1753064784071,2.271498918533325,,
1753064784072,2.410362482070923,-3.6302082538604736,8.672396659851074
1753064784142,2.7527334690093994,-4.192845821380615,9.220669746398926
1753064784206,2.1062989234924316,-3.510498285293579,8.138489723205566
1753064784273,2.1709423065185547,-3.639785051345825,8.241440773010254
1753064784339,2.058414936065674,-3.4075474739074707,8.069058418273926
1753064784408,2.3481132984161377,-3.845686435699463,
1753064784409,,,8.744223594665527
1753064784472,2.1805191040039062,-3.759495258331299,8.325238227844238
1753064784473,,,8.449736595153809
1753064784539,2.558803081512451,,
1753064784540,,-4.140173435211182,8.921394348144531
1753064784605,2.206855535507202,,
1753064784606,,-4.298190593719482,8.796895980834961
1753064784671,2.056020736694336,-4.183269023895264,8.399457931518555
1753064784740,1.7711106538772583,-4.2957963943481445,7.745841026306152
1753064784806,1.931522250175476,-4.556764602661133,8.071452140808105
1753064784872,1.5867571830749512,,
1753064784873,,-4.413112163543701,7.721899032592773
1753064784940,1.9626468420028687,,
1753064784941,2.252345323562622,-4.666897773742676,8.79928970336914
1753064785005,1.955464243888855,-3.4961330890655518,6.917447090148926
1753064785071,0.7870938181877136,-5.981314182281494,8.085817337036133
1753064785139,2.319382905960083,-4.75308895111084,9.498396873474121
1753064785205,2.2020668983459473,,
1753064785206,1.7830817699432373,-4.092289447784424,7.949347972869873
1753064785271,1.3808557987213135,,
1753064785272,,-4.556764602661133,7.132925510406494
1753064785338,1.5556325912475586,,
1753064785339,1.7423802614212036,-4.975749492645264,8.076240539550781
1753064785405,0.5692214369773865,,
1753064785406,1.4742296934127808,-4.147356033325195,6.424241542816162
1753064785471,2.7718870639801025,-6.115389823913574,10.681132316589355
1753064785539,1.7950527667999268,-6.170456409454346,9.725846290588379
1753064785606,1.9913772344589233,,
1753064785607,,-4.7602715492248535,8.576628684997559
1753064785673,1.6873136758804321,-4.800972938537598,7.6333136558532715
1753064785740,1.0169371366500854,-4.808155536651611,7.685986042022705
1753064785806,1.6514005661010742,,
1753064785807,,-4.808155536651611,8.471283912658691
1753064785872,1.6753426790237427,-4.556764602661133,
1753064785873,,-4.3173441886901855,7.946953773498535
1753064785940,1.2300211191177368,-4.573523998260498,7.88470458984375
1753064786007,1.6944962739944458,-5.088277339935303,8.432976722717285
1753064786072,2.2906525135040283,-4.597465991973877,8.789712905883789
1753064786139,1.9243396520614624,-4.906317710876465,8.665214538574219
1753064786207,1.8237831592559814,,
1753064786208,,-5.473743438720703,8.990825653076172
1753064786274,1.6657658815383911,-4.84406852722168,8.421006202697754
1753064786339,1.548449993133545,,
1753064786340,1.6154875755310059,-4.283825397491455,7.515997886657715
1753064786410,1.7160440683364868,-4.334103584289551,8.58381175994873
1753064786474,1.7256208658218384,-4.920682907104492,8.231863975524902
1753064786539,1.9961656332015991,,
1753064786540,1.5795745849609375,-4.92307710647583,7.88470458984375
1753064786607,1.8189947605133057,,
1753064786608,2.161365509033203,-4.8919525146484375,8.289324760437012
1753064786673,1.9698294401168823,,
1753064786674,,-5.200804710388184,8.741828918457031
1753064786738,1.613093376159668,,
1753064786739,1.3305776119232178,-4.9350481033325195,8.15764331817627
1753064786807,1.7998411655426025,-5.897517204284668,9.033921241760254
1753064786873,1.5508441925048828,-4.7602715492248535,8.124124526977539
1753064786874,,,8.160037994384766
1753064786939,1.7160440683364868,-4.721964359283447,7.504026889801025
1753064787007,1.68970787525177,,
1753064787008,1.668160080909729,-4.939836502075195,7.568670272827148
1753064787073,1.5412673950195312,-5.629366874694824,8.085817337036133
1753064787139,1.5101426839828491,,
1753064787141,,-5.231929302215576,7.798513412475586
1753064787227,1.6561890840530396,-5.564723491668701,
1753064787228,,-5.71316385269165,8.380304336547852
1753064787296,1.5819687843322754,-4.982932090759277,7.542334079742432
1753064787365,1.0791864395141602,,
1753064787366,1.3617022037506104,-5.67964506149292,7.9182233810424805
1753064787429,1.3569138050079346,-5.674856662750244,7.815272808074951
1753064787497,1.4933832883834839,-5.198410511016846,7.504026889801025
1753064787563,1.73519766330719,-5.14813232421875,8.047510147094727
1753064787631,1.5843629837036133,,
1753064787632,,-4.78660774230957,7.855974197387695
1753064788203,1.9075802564620972,,
1753064788204,,-5.184045314788818,8.485649108886719
1753064788215,1.6825252771377563,-4.540005207061768,8.06427001953125
1753064788284,2.0464439392089844,,
1753064788285,1.7519570589065552,-4.834491729736328,8.061875343322754
1753064788351,1.9578584432601929,-4.568735599517822,8.219893455505371
1753064788417,1.974617838859558,-5.061941146850586,8.902240753173828
1753064789469,2.0033483505249023,,
1753064789470,1.8213889598846436,-4.568735599517822,8.200738906860352
1753064789476,1.8189947605133057,-5.452195644378662,8.344391822814941
1753064789539,1.323395013809204,-5.7993550300598145,8.148066520690918
1753064789607,1.4000093936920166,-5.404311656951904,7.717110633850098
1753064789672,1.6394295692443848,-5.696404457092285,8.061875343322754
1753064790208,1.9219454526901245,-5.186439514160156,
1753064790209,,,7.712322235107422
1753064790219,1.3832499980926514,-5.526416301727295,8.04272174835205
1753064790290,2.029684543609619,-5.0691237449646,8.267777442932129
1753064790354,2.1110873222351074,,
1753064790355,2.0871453285217285,-4.961384296417236,8.306084632873535
1753064790421,1.4862006902694702,,
1753064790422,,-5.124190330505371,8.258200645446777
1753064790631,1.148618221282959,-5.090671539306641,8.002020835876465
1753064790700,2.0225019454956055,-5.100248336791992,8.239047050476074
1753064790766,1.9674352407455444,-4.554370403289795,
1753064790767,,,8.31326675415039
1753064790833,1.9889830350875854,,
1753064790834,,-4.683657169342041,8.55268669128418
1753064790900,1.8070237636566162,,
1753064790901,,-4.324526786804199,8.018779754638672
1753064790966,2.0871453285217285,-4.724358558654785,7.8056960105896
1753064791109,1.4191631078720093,-4.666897773742676,
1753064791110,,-4.992508888244629,7.458536624908447
1753064791178,1.3377602100372314,,
1753064791179,1.4095861911773682,-5.452195644378662,7.638102054595947
1753064791244,0.6913257241249084,-5.983708381652832,7.597400665283203
1753064791312,1.081580638885498,-6.266224384307861,
1753064791313,,,8.174403190612793
1753064791379,0.6721721291542053,-6.110601425170898,8.011597633361816
1753064791784,1.3521254062652588,-5.943006992340088,
1753064791785,,-5.782595634460449,7.882310390472412
1753064791786,0.6721721291542053,-6.390722751617432,7.879916191101074
1753064791856,0.8325836658477783,-6.091447830200195,7.659649848937988
1753064791924,1.146224021911621,-6.048352241516113,
1753064791925,,,7.755417823791504
1753064791989,1.4790180921554565,-5.648520469665527,7.614160060882568
1753064792523,1.1749545335769653,,
1753064792525,1.3329718112945557,-5.387552261352539,7.626131057739258
1753064792535,2.012925148010254,-4.08510684967041,8.49283218383789
1753064792604,2.036867141723633,,
1753064792605,2.5779566764831543,-3.9486372470855713,8.045116424560547
1753064792672,1.9243396520614624,-4.415506362915039,8.131307601928711
1753064792737,2.190095901489258,,
1753064792738,1.9075802564620972,-4.903923511505127,8.8878755569458
1753064794531,1.5269020795822144,-4.61661958694458,8.210315704345703
1753064794545,1.9722236394882202,,
1753064794546,,-4.118625640869141,9.242217063903809
1753064794615,1.9195512533187866,,
1753064794616,,-4.547187805175781,8.073846817016602
1753064794681,1.6992846727371216,,
1753064794682,,-3.4554316997528076,7.48726749420166
1753064794748,2.182913303375244,-4.257489204406738,
1753064794749,,-3.687669277191162,9.242217063903809
1753064794815,1.756745457649231,-4.401141166687012,
1753064794816,,,8.986037254333496
1753064794880,2.0057425498962402,,
1753064794881,1.9051860570907593,,
1753064794882,,-3.934272050857544,8.205527305603027
1753064796671,2.501342296600342,-3.7906198501586914,8.332420349121094
1753064796672,2.4630351066589355,,
1753064796681,2.1996726989746094,-4.032433986663818,8.231863975524902
1753064796750,1.7591396570205688,,
1753064796751,,-3.4410665035247803,7.128137111663818
1753064796818,2.3552958965301514,-4.015674591064453,8.772953987121582
1753064796883,2.120664119720459,-3.910329818725586,8.904634475708008
1753064799335,2.058414936065674,,
1753064799336,2.3936030864715576,-4.216787815093994,8.796895980834961
1753064799342,1.2731167078018188,-4.978143692016602,7.65725564956665
1753064799404,0.8182184100151062,,
1753064799405,,-5.825691223144531,8.236652374267578
1753064799473,1.5508441925048828,-4.982932090759277,
1753064799474,,,8.059481620788574
1753064799537,0.945111095905304,,
1753064799538,,-5.94061279296875,7.836820602416992
1753064805663,1.670554280281067,,
1753064805664,1.6873136758804321,,
1753064805665,1.1414356231689453,-6.230311393737793,9.021950721740723
1753064805666,1.1534066200256348,,8.291719436645508
1753064805669,1.955464243888855,-4.693233966827393,7.923011779785156
1753064805731,1.4502876996994019,-5.837662220001221,9.021950721740723
1753064805799,2.163759708404541,-4.26706600189209,8.749011993408203
1753064805864,2.520495891571045,,
1753064805865,1.8022353649139404,-3.8049850463867188,8.842385292053223
1753064805931,-0.6446388363838196,-9.845556259155273,11.009138107299805
1753064805997,4.428674697875977,-5.339668273925781,11.4448823928833
1753064807552,2.0392613410949707,-2.5121161937713623,8.13370132446289
1753064807553,1.569997787475586,-4.619013786315918,9.053074836730957
1753064807563,2.824559450149536,,
1753064807564,2.118269920349121,-4.243124008178711,9.033921241760254
1753064807633,2.0488381385803223,,
1753064807634,2.3289597034454346,-4.365228176116943,8.533533096313477
1753064807700,2.015319347381592,-4.298190593719482,7.927800178527832
1753064807765,1.9434932470321655,,
1753064807766,,-4.439448356628418,8.51677417755127
1753064809563,1.811812162399292,-4.523245334625244,8.672396659851074
1753064809565,0.3010708689689636,-6.036381244659424,7.642890453338623
1753064809633,1.2994530200958252,-6.2398881912231445,7.915829181671143
1753064809700,1.8860323429107666,-6.096236228942871,7.647678852081299
1753064809767,0.39205053448677063,-5.811326026916504,7.8727335929870605
1753064814348,1.5532383918762207,-5.4210710525512695,
1753064814349,,-5.653308868408203,8.30129623413086
1753064814350,0.8924387097358704,-5.576694488525391,7.520786285400391
1753064814360,0.6721721291542053,-6.156091213226318,7.48726749420166
1753064814432,0.3585317134857178,-5.660491466522217,6.9677252769470215
1753064814495,0.4495113790035248,-5.983708381652832,6.927023887634277
1753064814563,0.3106476664543152,-6.5942301750183105,7.441777229309082
1753064814629,0.6458359360694885,-6.613383769989014,
1753064814630,,-7.041945934295654,7.405864238739014
1753064814695,0.166995570063591,-7.106589317321777,7.942165374755859
1753064814763,-0.18734627962112427,,
1753064814764,0.6434416770935059,-6.8144965171813965,7.504026889801025
1753064814829,0.20051439106464386,,
1753064814830,,-6.713940143585205,7.1903862953186035
1753064814896,0.9283517003059387,-7.051522731781006,
1753064814897,,,7.717110633850098
1753064814964,0.3321954905986786,-7.448959827423096,8.241440773010254
1753064815030,0.5261258482933044,-6.790554523468018,7.027580738067627
1753064815096,0.2579752206802368,-6.541557788848877,7.140108108520508
1753064815097,,,7.853579998016357
1753064815163,0.36092591285705566,-7.5447282791137695,7.978078842163086
1753064815231,-0.23523031175136566,-7.4322004318237305,7.415441036224365
1753064815296,-0.09636662155389786,,
1753064815297,0.06883329898118973,-5.27263069152832,5.923853397369385
1753064815363,0.6745663285255432,,
1753064815364,,-6.634931564331055,7.889492988586426
1753064815431,-0.03890577703714371,-6.955754280090332,7.144896507263184
1753064815496,1.0743980407714844,-6.3069257736206055,8.150461196899414
1753064815567,0.23403321206569672,-6.110601425170898,8.00680923461914
1753064815630,1.0169371366500854,,
1753064815631,0.71766197681427,-5.789778232574463,7.413046836853027
1753064815696,0.7511807680130005,-5.514444828033447,
1753064815697,,,7.949347972869873
1753064815763,0.8038532137870789,,
1753064815764,,-5.531204700469971,7.04673433303833
1753064817623,1.2348095178604126,-5.260659694671631,6.8791399002075195
1753064817624,-0.1538274586200714,,
1753064817629,-1.427542805671692,-7.451354026794434,5.655703067779541
1753064817692,-0.21128830313682556,,
1753064817693,,-7.891887187957764,6.488884925842285
1753064817726,0.801459014415741,,
1753064817727,,-9.045892715454102,7.04673433303833
1753064817791,1.2994530200958252,-7.585429668426514,
1753064817792,,,7.456142425537109
1753064817839,0.3728969097137451,-10.144830703735352,9.220669746398926
1753064817859,-2.586336374282837,,
1753064817860,,-10.295665740966797,7.1688385009765625
1753064817879,-3.1298201084136963,-9.857526779174805,6.21115779876709
1753064823795,-1.2551602125167847,-8.440159797668457,
1753064823796,-0.02214636653661728,-7.609371662139893,6.905476093292236
1753064823797,1.8213889598846436,-7.537545680999756,10.295665740966797
1753064823799,1.1893197298049927,-6.608595371246338,7.767388820648193
1753064823850,1.4167689085006714,-6.294954776763916,7.5016326904296875
1753064823916,1.323395013809204,-6.2614359855651855,6.871957302093506
1753064823971,0.6051344871520996,-6.606201171875,7.142502307891846
1753064823982,1.0073603391647339,-6.124966621398926,7.329249858856201
1753064841781,1.3210008144378662,,
1753064841782,0.9714473485946655,,
1753064841783,0.6051344871520996,,
1753064841784,-0.9678560495376587,,
1753064841785,-0.2687491476535797,-5.938218593597412,
1753064841786,,-5.6221842765808105,
1753064841787,,-7.867945194244385,7.336432456970215
1753064841788,-0.35254621505737305,,7.202357292175293
1753064841851,-0.42197805643081665,-8.85435676574707,
1753064841852,,,4.111443042755127
1753064841918,-0.4531026780605316,-8.792107582092285,4.073135852813721
1753064841984,-0.48901569843292236,-8.952518463134766,4.018068790435791
1753064842051,-0.4578910768032074,,
1753064842052,-0.5153518915176392,-8.899846076965332,3.9917328357696533
1753064842120,-0.7068880796432495,,
1753064842121,,-8.995614051818848,3.9917328357696533
1753064842184,-0.6997054219245911,-8.883087158203125,3.9486372470855713
1753064842251,-0.517746090888977,-8.950124740600586,4.1425676345825195
1753064842318,-0.44352585077285767,,
1753064842319,,-8.816049575805664,3.998915433883667
1753064842386,-0.3429693877696991,-8.851962089538574,3.9821560382843018
1753064842453,-0.6661866307258606,,
1753064842455,-0.9032126069068909,-8.950124740600586,3.7882256507873535
1753064842518,-0.8768763542175293,,
1753064842519,-0.4531026780605316,-9.084199905395508,4.101866245269775
1753064842584,-0.6733692288398743,,
1753064842585,-0.2064998894929886,-9.165602684020996,3.998915433883667
1753064842651,-0.4842272996902466,-8.67718505859375,4.269460201263428
1753064842720,-0.5129576921463013,-9.096170425415039,3.9270894527435303
1753064842785,-0.23283611238002777,,
1753064842786,-0.07003039866685867,-8.844779968261719,4.6285905838012695
1753064842853,-0.1586158573627472,,
1753064842854,-0.3477577865123749,-8.480860710144043,4.453813552856445
1753064842922,-1.0540473461151123,-8.811261177062988,4.202422618865967
1753064842986,-1.1953052282333374,-8.605359077453613,4.724358558654785
1753064843051,-0.6925228238105774,,
1753064843052,-0.6015431880950928,-8.296507835388184,4.822520732879639
1753064843122,-0.6590040326118469,-8.51677417755127,4.930259704589844
1753064843186,-0.4411316514015198,-8.73225212097168,5.440224647521973
1753064843228,-0.5512649416923523,-8.131307601928711,
1753064843229,,-8.160037994384766,5.447407245635986
1753064843290,-0.19692309200763702,,
1753064843291,-0.3669114112854004,-8.274959564208984,5.4426188468933105
1753064843359,-0.6877344250679016,-8.614935874938965,6.07468843460083
1753064843424,0.020949264988303185,-7.66922664642334,5.938218593597412
1753064843490,0.33698388934135437,,
1753064843491,,-7.434594631195068,6.735487937927246
1753064843659,-1.2336124181747437,,
1753064843662,-1.4850035905838013,-6.986878871917725,5.3995232582092285
1753064843675,-1.2120646238327026,-7.075464725494385,5.8209028244018555
1753064843725,-0.03172317147254944,,
1753064843726,0.17657238245010376,-7.192780494689941,6.790554523468018
1753064843790,0.10474632680416107,,
1753064843791,,-7.120954513549805,6.77618932723999
1753064843858,-0.7858967185020447,-6.95814847946167,6.412270545959473
1753064843925,-1.269525408744812,-7.161655902862549,5.978919982910156
1753064843991,-0.24480712413787842,-7.302913665771484,6.352415561676025
1753064844058,0.12868833541870117,,
1753064844059,0.1430535465478897,-7.312490463256836,6.73069953918457
1753064844128,-0.46986207365989685,,
1753064844129,,-7.712322235107422,6.170456409454346
1753064844190,-0.7954735159873962,,
1753064844191,,-7.492055892944336,5.880757808685303
1753064844259,-0.5129576921463013,-7.3005194664001465,5.9525837898254395
1753064844325,-0.49140989780426025,,
1753064844326,,-7.549516677856445,6.488884925842285
1753064844396,-0.4124012291431427,-7.408258438110352,6.249464988708496
1753064844458,-0.9989806413650513,-7.8511857986450195,6.206369400024414
1753064844526,0.26994624733924866,-7.724293231964111,6.721122741699219
1753064844592,-0.2687491476535797,-7.49923849105835,5.962160587310791
1753064844658,-0.5728127360343933,,
1753064844659,-0.44831427931785583,-7.62373685836792,5.9956793785095215
1753064844725,0.05686229094862938,-7.465719223022461,6.227917194366455
1753064844791,0.09516951441764832,-7.554305076599121,6.462548732757568
1753064844862,-0.3190273642539978,,
1753064844863,-0.5392939448356628,-7.314884662628174,6.524798393249512
1753064844926,-0.4531026780605316,-7.298125267028809,6.51522159576416
1753064844991,-0.26396074891090393,-7.372345447540283,6.433818340301514
1753064845058,-0.23044191300868988,-7.374739646911621,
1753064845059,,,6.275801181793213
1753064845127,-0.4315548539161682,-7.511209487915039,6.014833450317383
1753064845191,-0.5776011347770691,-7.750629425048828,6.1752448081970215
1753064845258,-0.345363587141037,-7.640496253967285,6.012439250946045
1753064845326,0.0736217051744461,-7.496844291687012,6.397905349731445
1753064845392,-0.35494041442871094,-7.527968883514404,6.055534839630127
1753064845457,-0.414795458316803,,
1753064845458,,-7.621342658996582,6.0411696434021
1753064845526,-0.3645172119140625,-7.549516677856445,6.230311393737793
1753064845592,-0.5464765429496765,,
1753064845593,-0.41958385705947876,-7.671620845794678,6.213551998138428
1753064845657,0.03531447425484657,,
1753064845658,-0.1107318252325058,-7.484873294830322,6.486490726470947
1753064845725,-0.17298106849193573,-7.468113422393799,
1753064845726,,-7.568670272827148,5.902305603027344
1753064845792,-0.28311434388160706,,
1753064845793,-0.16579847037792206,-7.580641269683838,6.259041786193848
1753064845858,0.11911153793334961,-7.372345447540283,6.30213737487793
1753064845925,0.22685061395168304,-7.140108108520508,
1753064845926,,,6.220734596252441
1753064845992,0.24839842319488525,-7.355586051940918,6.565499782562256
1753064846058,-0.055665191262960434,-7.31967306137085,6.606201171875
1753064846127,0.04967968538403511,-7.219116687774658,6.421847343444824
1753064846192,-0.30945056676864624,-7.041945934295654,6.6828155517578125
1753064846258,-0.09636662155389786,-7.3867106437683105,6.927023887634277
1753064846314,-0.3884592354297638,,
1753064846315,-0.4794389009475708,-7.240664482116699,
1753064846316,,,6.421847343444824
1753064846317,,,6.6612677574157715
1753064846456,-0.39803603291511536,,
1753064846457,-0.5560533404350281,-7.267000675201416,6.737882137298584
1753064846525,0.4279635548591614,,
1753064846526,0.4495113790035248,-7.0802531242370605,6.874351501464844
1753064846592,0.0017956512747332454,,
1753064846593,,-7.101800918579102,6.922235488891602
1753064846658,-0.04369417950510979,,
1753064846659,-0.02454056777060032,-7.068282127380371,6.9940619468688965
1753064846727,-0.5680243372917175,-6.927023887634277,6.266224384307861
1753064846793,-0.3932476341724396,-6.972513675689697,6.998850345611572
1753064846858,-0.2256535142660141,,
1753064846859,-0.32620999217033386,-6.737882137298584,6.740276336669922
1753064846928,-0.12270283699035645,-7.1257429122924805,6.570288181304932
1753064846992,-0.46507367491722107,-7.231087684631348,6.115389823913574
1753064847058,0.15263035893440247,,
1753064847059,,-7.381922245025635,6.139331817626953
1753064847128,-0.048482585698366165,-7.860762596130371,5.969343185424805
1753064847193,-0.12509703636169434,-7.573458671569824,6.0435638427734375
1753064847258,-0.7882909178733826,,
1753064847259,-0.7523778676986694,-8.021174430847168,5.682039260864258
1753064847328,0.04489128291606903,,
1753064847329,0.13826514780521393,-7.956530570983887,6.148908615112305
1753064847393,0.18614917993545532,,
1753064847394,,-7.108983516693115,6.172850608825684
1753064847460,0.08798690885305405,-7.4752960205078125,6.048352241516113
1753064847526,-0.4842272996902466,,
1753064847527,-0.28072014451026917,-7.815272808074951,5.966948986053467
1753064847593,0.23403321206569672,-7.832032203674316,6.1991868019104
1753064847594,,,6.038775444030762
1753064847659,-0.1586158573627472,,
1753064847660,-0.6446388363838196,-8.150461196899414,5.641337871551514
1753064847726,-0.9151836037635803,-8.31326675415039,5.322908878326416
1753064847727,,,4.846462726593018
1753064847793,-1.2096704244613647,-9.103353500366211,5.27263069152832
1753064847860,-0.8170213103294373,-8.689156532287598,
1753064847861,,,4.551976203918457
1753064847926,-0.5273229479789734,,
1753064847927,0.15502455830574036,-8.885480880737305,4.846462726593018
1753064847993,0.7272387742996216,-8.456918716430664,4.774636745452881
1753064847994,,,5.150526523590088
1753064848059,0.6530185341835022,-8.411429405212402,
1753064848060,,,4.22157621383667
1753064848128,0.020949264988303185,,
1753064848129,-0.6111199855804443,-8.871115684509277,4.214393615722656
1753064848194,-0.37409400939941406,-8.770559310913086,4.434659957885742
1753064848260,0.535702645778656,,
1753064848261,0.6338648796081543,-8.430583000183105,4.623802185058594
1753064848326,0.9906009435653687,-8.081028938293457,4.688445568084717
1753064848396,-0.5536591410636902,-8.270171165466309,4.168903827667236
1753064848460,-0.5943605899810791,-9.043498039245605,4.8895583152771
1753064848525,-0.9199720025062561,-7.8296380043029785,
1753064848526,,,4.185663223266602
1753064848708,-0.6015431880950928,,
1753064848709,,-8.148066520690918,4.743512153625488
1753064848778,-0.7930793166160583,-8.610147476196289,5.176862716674805
1753064848845,0.08798690885305405,-8.909422874450684,5.368398666381836
1753064848846,,,4.52803373336792
1753064848911,-0.25677812099456787,-8.083423614501953,
1753064848912,,,4.769848346710205
1753064848977,-0.3884592354297638,,
1753064848978,-0.6661866307258606,-8.488043785095215,4.540005207061768
1753064849043,-0.6925228238105774,,
1753064849044,,-8.744223594665527,4.480149745941162
1753064849112,-0.4818331003189087,-8.624512672424316,
1753064849113,,-8.64366626739502,4.468178749084473
1753064849178,-0.37888240814208984,-8.547898292541504,4.6501383781433105
1753064849179,,,4.659715175628662
1753064849244,-0.517746090888977,-8.557475090026855,
1753064849245,,-8.538321495056152,4.513668537139893
1753064849312,-0.32620999217033386,,
1753064849313,,-8.567051887512207,4.805761337280273
1753064849378,-1.0205284357070923,-8.571840286254883,4.472967147827148
1753064849444,-0.4578910768032074,-8.737040519714355,4.592677593231201
1753064849513,-0.3597288131713867,-8.737040519714355,4.719570159912109
1753064849581,-0.5273229479789734,-8.61972427368164,4.745906352996826
1753064849645,-0.6326677799224854,-8.423399925231934,4.599860191345215
1753064849712,-0.900818407535553,,
1753064849713,-0.9965864419937134,-8.454524993896484,4.7602715492248535
1753064849778,-1.1689690351486206,-8.397064208984375,4.774636745452881
1753064849845,-0.6494272351264954,-8.67718505859375,5.0715179443359375
1753064849913,-0.7571662664413452,-8.358757019042969,
1753064849914,,,4.970961093902588
1753064849979,-0.8194155097007751,-8.303689956665039,4.808155536651611
1753064850045,-0.7906851172447205,-8.418611526489258,4.942230701446533
1753064850113,-0.7284358739852905,-8.260594367980957,4.966172695159912
1753064850178,-0.9175778031349182,,
1753064850179,-0.9391255974769592,-8.318055152893066,4.942230701446533
1753064850243,-0.9654618501663208,,
1753064850244,-1.0157400369644165,-8.353968620300293,4.927865505218506
1753064850312,-1.006163239479065,-8.377910614013672,5.0499701499938965
1753064851484,-0.7547720670700073,-8.42579460144043,5.140949726104736
1753064851485,,,5.035604953765869
1753064851495,-1.1139023303985596,,
1753064851496,-0.7595604658126831,-8.291719436645508,5.241506099700928
1753064851566,-0.5225345492362976,-8.045116424560547,5.205593109130859
1753064851631,-0.838569164276123,-8.193556785583496,
1753064851632,,,5.28460168838501
1753064857294,-0.9941922426223755,-8.318055152893066,
1753064857295,1.6873136758804321,-3.5727474689483643,
1753064857296,,-7.992444038391113,5.322908878326416
1753064857301,1.182137131690979,-7.9613189697265625,5.2271409034729
1753064857361,2.321777105331421,,
1753064857362,2.475006103515625,-7.700351238250732,5.761047840118408
1753064857429,2.079962730407715,,
1753064857430,,-7.863156795501709,5.497685432434082
1753064859303,0.7200561761856079,,
1753064859304,,-7.62373685836792,4.360439777374268
1753064859309,4.021660327911377,,
1753064859310,2.7120320796966553,-10.721834182739258,0.01975216343998909
1753064859372,3.8301241397857666,-10.147225379943848,1.2575544118881226
1753064859419,0.4638765752315521,,
1753064859420,,-7.075464725494385,-2.0177135467529297
1753064859484,2.915539026260376,,
1753064859485,4.332906723022461,-11.322778701782227,1.856104850769043
1753064859551,1.8429367542266846,-7.477690696716309,1.1929110288619995
1753064859618,3.470993995666504,-12.170326232910156,1.1857284307479858
1753064859792,3.9187095165252686,-9.333196640014648,5.871181011199951
1753064859797,0.15741875767707825,,
1753064859798,,-8.775347709655762,-0.20769700407981873
1753064859860,-0.3357867896556854,-8.727463722229004,1.6502034664154053
1753064859861,,,1.4586673974990845
1753064859928,0.5237316489219666,-8.859145164489746,1.6310498714447021
1753064859994,-1.4012064933776855,,
1753064859995,-1.3341689109802246,-8.983643531799316,1.688510775566101
1753064860060,0.4495113790035248,-8.76337718963623,3.0795419216156006
1753064860129,1.6585832834243774,-14.274828910827637,
1753064860130,,,7.508815288543701
1753064860195,10.110115051269531,-4.070741653442383,-4.244320869445801
1753064860261,1.1605892181396484,,
1753064860262,-0.3908534348011017,-12.400169372558594,6.273406982421875
1753064860329,1.3952209949493408,-9.601346969604492,-0.861314058303833
1753064860395,1.1893197298049927,-9.3427734375,0.74040687084198
1753064860461,1.1558008193969727,-9.689932823181152,
1753064860462,,,1.18094003200531
1753064860529,1.933916449546814,,
1753064860530,1.8501193523406982,-9.673172950744629,0.04369417950510979
1753064860595,2.2858641147613525,,
1753064860596,2.625840663909912,-9.857526779174805,0.9870096445083618
1753064860669,2.3529016971588135,,
1753064860670,2.3122003078460693,,
1753064860673,,-9.64923095703125,0.6374561786651611
1753064860727,2.3122003078460693,-9.570222854614258,0.8744821548461914
1753064860796,2.3313539028167725,,
1753064860797,,-9.369110107421875,0.6829460263252258
1753064860860,1.953070044517517,-9.914987564086914,0.44352585077285767
1753064860929,1.028908133506775,,
1753064860930,,-9.6803560256958,0.6661866307258606
1753064860994,2.190095901489258,-9.512762069702148,
1753064860995,,,0.12509703636169434
1753064861059,1.7591396570205688,,
1753064861060,1.7663222551345825,-9.517550468444824,0.6709750294685364
1753064861128,1.368884801864624,-9.637260437011719,0.3621230125427246
1753064861198,1.5316904783248901,-9.692327499389648,-0.497395396232605
1753064861233,1.103128433227539,-9.97484302520752,-0.4902127981185913
1753064861262,0.6913257241249084,-9.64923095703125,-0.6649895310401917
1753064861327,0.5524620413780212,-9.656414031982422,
1753064861328,,-9.955689430236816,0.47225627303123474
1753064861395,0.518943190574646,,
1753064861396,,-9.819219589233398,0.16340427100658417
1753064861460,1.3617022037506104,-9.416994094848633,-0.08080431073904037
1753064861461,,,0.6254851818084717
1753064861527,1.7806875705718994,-9.79288387298584,0.5081692934036255
1753064861528,,,0.6805518269538879
1753064861598,2.3098061084747314,,
1753064861599,,-9.55585765838623,0.7284358739852905
1753064861660,1.490989089012146,,
1753064861661,1.301847219467163,-9.800065994262695,0.28072014451026917
1753064861730,1.4574702978134155,-9.658807754516602,0.11552023142576218
1753064861797,1.1294646263122559,,
1753064861798,1.0887632369995117,-9.711481094360352,-0.10235211998224258
1753064861860,1.0001777410507202,,
1753064861861,,-9.814431190490723,0.2687491476535797
1753064861929,1.2731167078018188,-9.627683639526367,0.4507084786891937
1753064861995,0.9858125448226929,,
1753064861996,,-9.713874816894531,0.41958385705947876
1753064862060,1.2515689134597778,,
1753064862061,,-9.644442558288574,0.6805518269538879
1753064862129,1.3449428081512451,,
1753064862130,1.246780514717102,-9.57979965209961,-0.09516951441764832
1753064862196,1.1390414237976074,-9.663596153259277,
1753064862197,,,0.012569558806717396
1753064862262,1.3569138050079346,,
1753064862263,,-9.77133560180664,0.4626794755458832
1753064862330,0.8684966564178467,-9.37389850616455,
1753064862331,,-9.519944190979004,-0.41120412945747375
1753064862395,0.444722980260849,-10.211869239807129,0.14903905987739563
1753064862461,1.912368655204773,,
1753064862462,1.5628151893615723,-9.780912399291992,-0.3321954905986786
1753064862529,1.1558008193969727,-10.082581520080566,0.6254851818084717
1753064862597,2.1422119140625,,
1753064862598,1.7160440683364868,-9.742605209350586,0.21368250250816345
1753064862663,0.8206126093864441,-9.462483406066895,-1.103128433227539
1753064862729,0.945111095905304,-9.598953247070312,-0.3082534670829773
1753064862797,1.426345705986023,,
1753064862798,,-9.869498252868652,0.26156654953956604
1753064862861,1.5005658864974976,-9.608530044555664,
1753064862862,,,0.67815762758255
1753064862928,0.8158242106437683,-9.869498252868652,
1753064862929,,,0.2783259451389313
1753064862995,1.1366472244262695,,
1753064862996,,-9.689932823181152,-0.2651578485965729
1753064863061,1.026513934135437,,
1753064863062,,-9.479243278503418,-0.3106476664543152
1753064863127,1.514931082725525,-9.867103576660156,0.26156654953956604
1753064863195,1.569997787475586,-9.780912399291992,0.6350619792938232
1753064863261,0.9115923047065735,,
1753064863262,0.7751228213310242,-9.70429801940918,0.09876082092523575
1753064863327,0.8134300112724304,,
1753064863328,1.227626919746399,-9.651625633239746,-0.1430535465478897
1753064863395,1.2755109071731567,-9.742605209350586,-0.13826514780521393
1753064863461,1.2443863153457642,,
1753064863462,0.8254010081291199,-9.809642791748047,5.985504249110818E-4
1753064863527,1.2563573122024536,,
1753064863528,,-9.654019355773926,0.292691171169281
1753064863595,1.0313023328781128,-9.55825138092041,-0.23163901269435883
1753064863662,1.4191631078720093,-9.807249069213867,-0.06165069341659546
1753064863727,1.2755109071731567,,
1753064863728,,-9.742605209350586,0.16579847037792206
1753064863798,0.7751228213310242,-9.627683639526367,0.2687491476535797
1753064863861,2.0703859329223633,,
1753064863862,2.1517887115478516,-9.46487808227539,0.38127660751342773
1753064863930,0.8277952671051025,-9.876680374145508,-0.08319851011037827
1753064863996,1.225232720375061,-9.661202430725098,-0.4255693554878235
1753064864063,0.9115923047065735,-9.586981773376465,-0.4423287510871887
1753064864130,1.1127052307128906,-9.685144424438477,-0.17417816817760468
1753064864195,1.7639280557632446,-9.783307075500488,-0.21966800093650818
1753064864262,1.469441294670105,-9.835979461669922,
1753064864263,,,-0.13347674906253815
1753064864327,1.4718354940414429,,
1753064864328,,-9.598953247070312,-0.3585317134857178
1753064864395,0.9882067441940308,,
1753064864396,,-9.718663215637207,-0.32022446393966675
1753064864462,1.3281834125518799,-9.82879638671875,-0.07122749835252762
1753064864529,1.184531331062317,,
1753064864530,1.1917139291763306,-9.644442558288574,-0.13826514780521393
1753064864596,1.3832499980926514,-9.654019355773926,
1753064864597,,-9.6803560256958,-0.2795230448246002
1753064864662,1.2731167078018188,,
1753064864663,1.1174936294555664,-9.718663215637207,-0.36571431159973145
1753064864731,1.1749545335769653,-9.713874816894531,-0.3776853084564209
1753064864801,1.2970588207244873,-9.725846290588379,-0.4183867573738098
1753064864864,1.3353660106658936,-9.675567626953125,-0.3274070918560028
1753064864932,1.567603588104248,-9.625288963317871,-0.31783026456832886
1753064864997,1.5580267906188965,-9.689932823181152,-0.26755204796791077
1753064865065,1.2874820232391357,-9.723451614379883,
1753064865066,,,-0.3705027103424072
1753064865132,1.20368492603302,,
1753064865133,1.1007342338562012,-9.663596153259277,-0.45669397711753845
1753064865197,1.270722508430481,,
1753064865198,1.227626919746399,-9.663596153259277,-0.3968389332294464
1753064865264,1.2611457109451294,,
1753064865265,1.2970588207244873,-9.713874816894531,-0.2364274114370346
1753064865331,1.2300211191177368,,
1753064865332,,-9.692327499389648,-0.2579752206802368
1753064865400,1.24917471408844,-9.701904296875,-0.20530278980731964
1753064865464,1.2395979166030884,,
1753064865465,,-9.692327499389648,-0.26755204796791077
1753064865531,1.323395013809204,-9.661202430725098,-0.2890998423099518
1753064865596,1.2779051065444946,,
1753064865597,1.2515689134597778,-9.699509620666504,-0.3082534670829773
1753064865665,1.270722508430481,,
1753064865666,1.2779051065444946,-9.694721221923828,-0.2172738015651703
1753064865732,1.3952209949493408,-9.685144424438477,-0.27473464608192444
1753064865801,1.3521254062652588,-9.64923095703125,
1753064865802,,,-0.3585317134857178
1753064865864,1.347337007522583,,
1753064865865,,-9.6803560256958,-0.3321954905986786
1753064865933,1.2994530200958252,-9.733028411865234,-0.2124854028224945
1753064865999,1.4000093936920166,,
1753064866000,1.5580267906188965,-9.639654159545898,-0.21966800093650818
1753064866064,1.4957774877548218,-9.687539100646973,-0.4183867573738098
1753064866131,1.2156559228897095,-9.663596153259277,-0.4183867573738098
1753064866198,1.3210008144378662,-9.67077922821045,-0.3345896899700165
1753064866265,1.653794765472412,,
1753064866266,1.7256208658218384,-9.764153480529785,0.0293289702385664
1753064866331,1.5340847969055176,,
1753064866332,,-9.61331844329834,-0.0065840547904372215
1753064866397,1.775899052619934,,
1753064866398,1.833359956741333,-9.644442558288574,0.02454056777060032
1753064866464,1.7208324670791626,,
1753064866465,1.6466121673583984,-9.67077922821045,0.050876785069704056
1753064866531,1.0911574363708496,,
1753064866532,,-9.740211486816406,-0.22445641458034515
1753064866599,0.15502455830574036,-9.922170639038086,-0.3800795078277588
1753064866664,-0.17298106849193573,,
1753064866665,,-9.773730278015137,-0.518943190574646
1753064866731,0.595557689666748,-9.70429801940918,-0.46627077460289
1753064866800,1.2443863153457642,-9.728240013122559,
1753064866863,1.567603588104248,-9.709086418151855,0.11312603205442429
1753064866930,1.4574702978134155,,
1753064866931,,-9.6803560256958,0.28790274262428284
1753064866998,1.0935516357421875,-9.618106842041016,-0.05686229094862938
1753064867064,0.9307458996772766,-9.75936508178711,-0.11911153793334961
1753064867132,1.0073603391647339,-9.73542308807373,-0.11671733111143112
1753064867199,1.083974838256836,,
1753064867200,,-9.752182006835938,-0.06643909960985184
1753064867264,1.083974838256836,,
1753064867265,,-9.687539100646973,-0.04249707981944084
1753064867331,1.1749545335769653,,
1753064867332,1.146224021911621,-9.742605209350586,-0.08319851011037827
1753064867398,1.2611457109451294,-9.75936508178711,5.985504249110818E-4
1753064867399,,,-0.004189853090792894
1753064867463,1.2970588207244873,,
1753064867464,,-9.718663215637207,-0.10235211998224258
1753064867532,1.0432734489440918,-9.744999885559082,-0.04489128291606903
1753064867598,1.2204443216323853,-9.563039779663086,0.07960720360279083
1753064867664,1.368884801864624,,
1753064867665,1.304241418838501,-9.75936508178711,-0.05446808785200119
1753064867733,0.8182184100151062,-9.780912399291992,-0.284311443567276
1753064867801,1.2108675241470337,,
1753064867802,1.1701661348342896,-9.73781681060791,-0.3274070918560028
1753064867864,1.2300211191177368,-9.718663215637207,-0.08559270948171616
1753064867932,1.2731167078018188,-9.713874816894531,
1753064867933,,,-0.09277531504631042
1753064867999,1.0935516357421875,-9.685144424438477,-0.166995570063591
1753064868064,0.9283517003059387,-9.701904296875,-0.29628247022628784
1753064868133,1.0360907316207886,-9.718663215637207,-0.03292027488350868
1753064868199,1.5556325912475586,-9.677961349487305,
1753064868200,,,0.09636662155389786
1753064868265,1.4407109022140503,-9.694721221923828,-0.2172738015651703
1753064868333,1.1079168319702148,-9.685144424438477,-0.11432313174009323
1753064868398,1.392826795578003,,
1753064868399,1.4574702978134155,-9.701904296875,-0.06165069341659546
1753064868465,1.4862006902694702,,
1753064868466,1.3976151943206787,-9.752182006835938,-0.23403321206569672
1753064868533,1.2419921159744263,-9.639654159545898,
1753064868534,,-9.596558570861816,-0.29149407148361206
1753064868599,1.3880383968353271,-9.59177017211914,
1753064868600,,-9.6803560256958,-0.3824737071990967
1753064868665,1.2324153184890747,-9.744999885559082,
1753064868666,,,0.16340427100658417
1753064868731,1.1893197298049927,-9.73781681060791,-0.18614917993545532
1753064868800,1.1342530250549316,-9.627683639526367,-0.22445641458034515
1753064868864,1.1342530250549316,-9.812037467956543,-0.15023615956306458
1753064868930,1.2659341096878052,,
1753064868931,1.349731206893921,-9.668384552001953,-0.3274070918560028
1753064868999,1.2108675241470337,-9.742605209350586,-0.18375498056411743
1753064869065,1.2874820232391357,-9.642048835754395,-0.26994624733924866
1753064869131,1.423951506614685,-9.725846290588379,-0.13108254969120026
1753064869199,1.5221136808395386,,
1753064869200,,-9.723451614379883,-0.20530278980731964
1753064869268,1.6825252771377563,-9.711481094360352,-0.41359832882881165
1753064869331,2.161365509033203,,
1753064869332,2.963423252105713,-9.835979461669922,0.23523031175136566
1753064869398,1.2395979166030884,-9.637260437011719,-0.679354727268219
1753064869464,0.43993455171585083,,
1753064869465,0.8086416125297546,-9.407417297363281,-0.8732850551605225
1753064869531,2.278681516647339,-9.895833969116211,-0.5620388388633728
1753064869599,0.9786299467086792,,
1753064869600,,-9.203909873962402,-0.31783026456832886
1753064869665,-0.28550854325294495,-10.410587310791016,-0.8110358119010925
1753064869730,0.22445641458034515,,
1753064869731,0.3130418658256531,-9.481637001037598,-1.8836381435394287
1753064869800,0.5524620413780212,-9.812037467956543,-0.8110358119010925
1753064869866,0.5764040350914001,-9.804854393005371,-0.4016273319721222
1753064869923,1.5269020795822144,-9.689932823181152,-0.2124854028224945
1753064869988,1.3952209949493408,,
1753064869989,1.1366472244262695,-9.634865760803223,-0.11671733111143112
1753064870056,1.0360907316207886,-9.776124000549316,
1753064870057,,,0.08200141042470932
1753064870122,1.3784615993499756,-9.661202430725098,0.14185644686222076
1753064870189,0.760757565498352,-9.716269493103027,-0.3585317134857178
1753064870255,0.6673837304115295,-9.776124000549316,-0.375291109085083
1753064870320,-0.07960720360279083,,
1753064870321,-0.08439560979604721,-9.79527759552002,-0.6865373253822327
1753064870389,-0.03890577703714371,-9.747393608093262,-0.5237316489219666
1753064870455,0.22206220030784607,-9.785700798034668,-0.4710591733455658
1753064870521,0.29628247022628784,,
1753064870522,0.353743314743042,-9.68274974822998,-0.3489548861980438
1753064870588,0.7416039705276489,,
1753064870589,,-9.903017044067383,0.02214636653661728
1753064870657,0.2172738015651703,-9.766547203063965,-0.3345896899700165
1753064870722,-0.13706804811954498,,
1753064870723,,-9.733028411865234,-0.2603694200515747
1753064870792,-0.414795458316803,-9.730634689331055,-0.6817489266395569
1753064870855,-0.6494272351264954,,
1753064870856,,-9.699509620666504,-0.8493430614471436
1753064870922,0.3034650683403015,-9.536704063415527,
1753064870923,,-9.323619842529297,-0.3561375141143799
1753064870988,1.392826795578003,,
1753064870989,0.983418345451355,-9.713874816894531,0.18974047899246216
1753064871057,0.5979518890380859,-9.586981773376465,-0.7966706156730652
1753064871122,-5.985504249110818E-4,,
1753064871123,-0.10594342648983002,-9.783307075500488,-0.21966800093650818
1753064871189,-0.07242459803819656,-9.651625633239746,-0.5668272376060486
1753064871256,-0.07481880486011505,,
1753064871257,0.23163901269435883,-9.819219589233398,-0.6961141228675842
1753064871323,0.2148796021938324,-9.891045570373535,-0.8086416125297546
1753064871388,0.38965633511543274,-9.824007987976074,-0.7679402232170105
1753064871457,0.34416648745536804,-9.879075050354004,-0.15981295704841614
1753064871522,1.2419921159744263,,
1753064871523,,-9.79527759552002,-0.15981295704841614
1753064871589,0.6961141228675842,-9.816825866699219,-0.22445641458034515
1753064871656,0.4495113790035248,,
1753064871657,0.3058592677116394,-9.730634689331055,-0.6362590789794922
1753064871722,0.15981295704841614,,
1753064871723,,-9.804854393005371,-0.6051344871520996
1753064871791,0.5237316489219666,-9.764153480529785,-0.3728969097137451
1753064871856,0.5021837949752808,,
1753064871857,0.5261258482933044,-9.70429801940918,-0.40880993008613586
1753064871923,0.4207809567451477,-9.831191062927246,-0.33698388934135437
1753064871990,0.05925649031996727,,
1753064871991,0.08798690885305405,-9.73542308807373,-0.5404910445213318
1753064872056,0.39205053448677063,,
1753064872057,,-9.768941879272461,-0.47824180126190186
1753064872122,0.08319851011037827,,
1753064872123,-0.17537526786327362,-9.790489196777344,-0.6051344871520996
1753064872189,-0.06763619929552078,-9.747393608093262,-0.18375498056411743
1753064872255,0.31543606519699097,-9.790489196777344,-0.27473464608192444
1753064872323,0.8684966564178467,-9.699509620666504,0.012569558806717396
1753064872388,0.5835866928100586,,
1753064872389,,-9.701904296875,-0.3082534670829773
1753064872456,-0.48901569843292236,-9.948506355285645,-0.27473464608192444
1753064872523,-0.37888240814208984,-9.816825866699219,-0.4638765752315521
1753064872588,0.030526071786880493,,
1753064872589,,-9.630077362060547,-0.8732850551605225
1753064872655,-0.09636662155389786,-9.768941879272461,
1753064872656,,-9.75936508178711,-0.45429977774620056
1753064872723,0.3250128924846649,-9.804854393005371,-0.2819172441959381
1753064872791,0.71766197681427,-9.610923767089844,
1753064872792,,,-0.3776853084564209
1753064872856,0.34656068682670593,-9.835979461669922,-0.1693897694349289
1753064872926,0.13587094843387604,-9.780912399291992,-0.18614917993545532
1753064872987,0.33698388934135437,,
1753064872988,0.23403321206569672,-9.706692695617676,-0.3968389332294464
1753064873056,0.04967968538403511,,
1753064873057,-0.046088382601737976,-9.744999885559082,-0.444722980260849
1753064873122,-0.12749123573303223,,
1753064873123,-0.10833762586116791,-9.816825866699219,-0.48063600063323975
1753064873189,0.17178396880626678,-9.845556259155273,-0.3321954905986786
1753064873256,0.0999579206109047,,
1753064873257,0.023343466222286224,-9.840767860412598,-0.43514615297317505
1753064873323,0.41120412945747375,-9.64923095703125,-0.26994624733924866
1753064873392,0.5596446394920349,-9.833584785461426,-0.20051439106464386
1753064873455,0.43993455171585083,,
1753064873456,,-9.608530044555664,-0.43275195360183716
1753064873522,0.07122749835252762,,
1753064873523,,-9.776124000549316,-0.6434416770935059
1753064873588,0.27234044671058655,,
1753064873589,0.34177228808403015,-9.725846290588379,-0.5931634902954102
1753064873655,0.4016273319721222,-9.756970405578613,-0.5668272376060486
1753064873722,0.25079262256622314,,
1753064873723,0.1454477459192276,-9.785700798034668,-0.43514615297317505
1753064873791,0.13347674906253815,-9.713874816894531,-0.5596446394920349
1753064873855,0.7032967209815979,-9.783307075500488,-0.3274070918560028
1753064873922,0.5883750915527344,-9.879075050354004,-0.076015904545784
1753064873989,0.4183867573738098,-9.802460670471191,-0.3298012912273407
1753064874056,0.22924481332302094,,
1753064874057,,-9.656414031982422,-0.6841431260108948
1753064874123,0.12389993667602539,-9.747393608093262,-0.6338648796081543
1753064874190,0.21966800093650818,-9.728240013122559,-0.5764040350914001
1753064874256,0.1454477459192276,,
1753064874257,,-9.665990829467773,-0.7918822169303894
1753064874323,0.17896658182144165,-9.809642791748047,-0.4279635548591614
1753064874389,0.6218938827514648,-9.706692695617676,-0.27234044671058655
1753064874390,,,-0.36092591285705566
1753064874454,-0.048482585698366165,-9.864709854125977,-0.36092591285705566
1753064874522,-0.18974047899246216,-9.718663215637207,-0.6937199234962463
1753064874589,0.04489128291606903,,
1753064874590,,-9.73542308807373,-0.5548562407493591
1753064874655,0.23163901269435883,-9.761758804321289,-0.444722980260849
1753064874721,0.3705027103424072,,
1753064874722,0.4207809567451477,-9.807249069213867,-0.46627077460289
1753064874790,0.4423287510871887,,
1753064874791,,-9.788095474243164,-0.4638765752315521
1753064874854,0.2651578485965729,-9.797672271728516,-0.5979518890380859
1753064874921,0.27473464608192444,,
1753064874922,0.20290859043598175,-9.812037467956543,-0.7200561761856079
1753064874988,0.2795230448246002,-9.778518676757812,-0.7487865686416626
1753064875053,0.1933317929506302,,
1753064875054,0.018555063754320145,-9.800065994262695,-0.6985083222389221
1753064875122,-0.07242459803819656,-9.747393608093262,-0.8469488620758057
1753064875175,-0.07721300423145294,,
1753064875176,,-9.754576683044434,-0.8373720645904541
1753064875240,-0.2041056901216507,,
1753064875241,-0.23762452602386475,-9.824007987976074,-0.7631517648696899
1753064875308,0.19812019169330597,-9.77133560180664,-0.7966706156730652
1753064875373,0.4638765752315521,-9.778518676757812,-0.5380968451499939
1753064875442,0.5835866928100586,-9.778518676757812,-0.641047477722168
1753064875508,0.48303020000457764,,
1753064875509,0.3968389332294464,-9.728240013122559,-0.6027402877807617
1753064875573,0.025737667456269264,-9.73781681060791,
1753064875574,,-9.744999885559082,-0.6673837304115295
1753064875641,-0.09397241473197937,-9.816825866699219,-0.6961141228675842
1753064875708,0.3010708689689636,-9.79527759552002,-0.7799112200737
1753064875775,0.36092591285705566,-9.716269493103027,
1753064875776,,-9.800065994262695,-0.6937199234962463
1753064875841,0.48303020000457764,-9.900622367858887,-0.6745663285255432
1753064875908,0.3082534670829773,-9.783307075500488,-0.7032967209815979
1753064875974,0.13347674906253815,-9.6803560256958,-0.7559691667556763
1753064876041,0.06165069341659546,-9.824007987976074,-0.5811924338340759
1753064876108,0.06165069341659546,-9.747393608093262,-0.406415730714798
1753064876173,-0.16101007163524628,,
1753064876174,-0.058059390634298325,-9.764153480529785,-0.41120412945747375
1753064876241,-0.046088382601737976,-9.785700798034668,-0.29149407148361206
1753064876310,-0.07481880486011505,-9.749788284301758,
1753064876311,,,-0.030526071786880493
1753064876373,-0.002992752008140087,,
1753064876374,-0.0867898091673851,-9.706692695617676,0.10594342648983002
1753064876443,-0.32381579279899597,-9.797672271728516,-0.08080431073904037
1753064876508,-0.2472013235092163,,
1753064876509,-0.3693056106567383,-9.622895240783691,-0.3705027103424072
1753064876575,-0.7571662664413452,-9.61571216583252,-0.25079262256622314
1753064876641,-0.9056068062782288,-9.721057891845703,-0.17417816817760468
1753064876708,-0.9941922426223755,,
1753064876709,-0.8649053573608398,-9.541492462158203,-0.4255693554878235
1753064876776,-0.9415197968482971,-9.699509620666504,-0.3106476664543152
1753064876841,-1.4538789987564087,-9.831191062927246,-0.27473464608192444
1753064876908,-1.3389573097229004,,
1753064876909,-1.3724761009216309,-9.867103576660156,-0.11432313174009323
1753064876974,-1.3772644996643066,,
1753064876975,-1.4299370050430298,-9.575011253356934,-0.3513490855693817
1753064877040,-1.0660183429718018,,
1753064877041,-1.1091139316558838,-9.658807754516602,0.058059390634298325
1753064877109,-1.0109516382217407,-9.625288963317871,0.18974047899246216
1753064877175,-1.1450269222259521,,
1753064877176,-1.0205284357070923,-9.867103576660156,0.2687491476535797
1753064877241,-1.1139023303985596,,
1753064877242,-1.0085574388504028,-9.6803560256958,0.2783259451389313
1753064877308,-1.061229944229126,,
1753064877309,-1.027711033821106,-9.706692695617676,0.16340427100658417
1753064877374,-0.9917980432510376,-9.687539100646973,0.1586158573627472
1753064877440,-1.3198037147521973,,
1753064877441,-1.1569979190826416,-9.761758804321289,-0.06643909960985184
1753064877508,-1.025316834449768,-9.903017044067383,0.1562216579914093
1753064877574,-0.5728127360343933,,
1753064877575,-1.1091139316558838,-9.816825866699219,-0.18375498056411743
1753064877641,-1.6023194789886475,-9.876680374145508,-0.17896658182144165
1753064877708,-0.8577227592468262,-9.661202430725098,-0.24839842319488525
1753064877775,-0.09397241473197937,-9.888651847839355,
1753064877776,,-9.907805442810059,-0.15981295704841614
1753064877840,-0.6302735805511475,-9.694721221923828,
1753064877841,,-9.656414031982422,0.38127660751342773
1753064877908,-0.14903905987739563,-9.692327499389648,-0.38486793637275696
1753064877975,-0.7140706777572632,-9.73781681060791,-0.17417816817760468
1753064878040,-1.0420763492584229,,
1753064878041,-0.7954735159873962,-9.689932823181152,-0.15981295704841614
1753064878108,-0.5704185366630554,,
1753064878109,,-9.824007987976074,-0.518943190574646
1753064878174,-0.4554968774318695,,
1753064878175,-0.3621230125427246,-9.79527759552002,0.03172317147254944
1753064878240,-0.07721300423145294,,
1753064878241,-1.027711033821106,-9.754576683044434,-0.23403321206569672
1753064878307,-0.4387374520301819,-9.852738380432129,
1753064878308,,-9.874286651611328,-0.1693897694349289
1753064878375,-1.470638394355774,-9.785700798034668,-0.4950011968612671
1753064878441,-0.6135141849517822,-9.833584785461426,-0.3058592677116394
1753064878508,-0.01496376097202301,-9.577404975891113,-0.17178396880626678
1753064878575,-0.055665191262960434,-9.867103576660156,-0.3274070918560028
1753064878640,-0.7451952695846558,,
1753064878641,,-9.766547203063965,-0.36092591285705566
1753064878709,-1.1617863178253174,-9.742605209350586,-0.3321954905986786
1753064878775,-1.1953052282333374,,
1753064878776,,-9.749788284301758,-0.4040215313434601
1753064878841,-0.5249287486076355,-9.773730278015137,-0.4255693554878235
1753064878908,-0.16340427100658417,,
1753064878909,,-9.773730278015137,0.01735796220600605
1753064878976,0.0520738884806633,-9.847949981689453,0.09157821536064148
1753064879042,-0.046088382601737976,-9.800065994262695,-0.03770867735147476
1753064879108,-0.40282443165779114,,
1753064879109,-0.39564183354377747,-9.730634689331055,-0.08080431073904037
1753064879176,-0.5752069354057312,,
1753064879177,-0.37648820877075195,-9.75936508178711,0.13946224749088287
1753064879243,-0.1322796493768692,-9.776124000549316,0.07721300423145294
1753064879308,-0.18974047899246216,-9.845556259155273,
1753064879309,,,0.0293289702385664
1753064879375,-0.7523778676986694,,
1753064879376,-0.9175778031349182,-9.656414031982422,-0.2124854028224945
1753064879442,0.028131870552897453,-9.776124000549316,-0.8493430614471436
1753064879508,0.8086416125297546,,
1753064879509,,-10.001178741455078,0.3190273642539978
1753064879576,1.0648212432861328,,
1753064879577,1.2132617235183716,-10.183138847351074,-0.17896658182144165
1753064879643,0.47584760189056396,-9.239823341369629,-0.6338648796081543
1753064879708,1.488594889640808,-9.79527759552002,1.470638394355774
1753064879709,,,1.3221979141235352
1753064879775,1.5771803855895996,,
1753064879776,1.4838064908981323,-9.998785018920898,1.0899603366851807
1753064879841,0.6673837304115295,-9.742605209350586,-0.3992331326007843
1753064879907,-0.30945056676864624,-9.546280860900879,-0.8541314601898193
1753064879974,-0.960673451423645,,
1753064879975,-1.489791989326477,-9.790489196777344,0.414795458316803
1753064880041,-2.5097219944000244,-10.288483619689941,1.492186188697815
1753064880107,-2.186504602432251,-11.080964088439941,2.9454667568206787
1753064880174,-1.9829975366592407,,
1753064880175,-2.0021512508392334,-9.266159057617188,1.7579425573349
1753064880241,-1.0732009410858154,-8.660426139831543,1.5520412921905518
1753064880308,-1.0684125423431396,-8.691550254821777,-0.36092591285705566
1753064880375,-1.853710651397705,-9.067440032958984,-0.9307458996772766
1753064880405,-1.8824410438537598,-10.444106101989746,1.3509283065795898
1753064880472,-1.5520412921905518,-10.197504043579102,0.9941922426223755
1753064880537,-0.8864531517028809,,
1753064880538,,-8.662819862365723,-1.0001777410507202
1753064880606,-0.2041056901216507,-11.487977981567383,2.121861219406128
1753064880673,1.9267338514328003,-10.322002410888672,
1753064880674,,-8.899846076965332,0.15143325924873352
1753064880739,0.27712884545326233,-9.335591316223145,0.6350619792938232
1753064880805,-0.22086510062217712,-11.207857131958008,1.425148606300354
1753064880873,1.4024035930633545,-8.775347709655762,-1.2084733247756958
1753064880937,1.3521254062652588,,
1753064880938,0.861314058303833,-10.089764595031738,
1753064880939,,,0.10115502029657364
1753064881005,2.4414870738983154,-9.551069259643555,-0.03531447425484657
1753064881073,1.7615338563919067,-9.601346969604492,-0.5907692909240723
1753064881139,0.7272387742996216,-9.893440246582031,-0.38486793637275696
1753064881206,2.0272903442382812,-9.594164848327637,-0.9355342984199524
1753064881274,1.1605892181396484,-9.634865760803223,
1753064881275,,,-0.5428852438926697
1753064881339,1.3952209949493408,-9.029132843017578,-1.206079125404358
1753064881406,2.431910276412964,-9.960477828979492,
1753064881407,,,0.8816647529602051
1753064881473,0.8852560520172119,-9.452906608581543,-0.7751228213310242
1753064881539,1.8213889598846436,-9.268553733825684,-1.7256208658218384
1753064881606,1.4502876996994019,,
1753064881607,1.148618221282959,-10.022727012634277,-0.43993455171585083
1753064881673,1.9818004369735718,,
1753064881674,1.8836381435394287,-9.979631423950195,-0.5069721937179565
1753064881740,0.6745663285255432,-10.18792724609375,-0.06404489278793335
1753064881805,0.15502455830574036,,
1753064881806,,-9.378686904907227,-0.025737667456269264
1753064881873,0.6386532783508301,,
1753064881874,0.6242880821228027,-9.601346969604492,-0.22685061395168304
1753064881939,1.8309657573699951,,
1753064881940,1.7016788721084595,-10.310030937194824,-0.5835866928100586
1753064882005,2.5109190940856934,-9.352350234985352,
1753064882006,,,0.4315548539161682
1753064882073,0.4207809567451477,,
1753064882074,-0.44592007994651794,-9.697115898132324,0.06763619929552078
1753064882140,0.7272387742996216,-10.446500778198242,1.1139023303985596
1753064882206,1.270722508430481,-10.580575942993164,0.060453593730926514
1753064882274,-0.536899745464325,-9.926959037780762,1.1402385234832764
1753064882340,-2.4187421798706055,-9.893440246582031,0.9319429993629456
1753064882405,-0.6542156338691711,-10.34833812713623,0.4818331003189087
1753064882474,-0.558447539806366,,
1753064882475,,-9.586981773376465,1.4850035905838013
1753064882539,0.23163901269435883,,
1753064882540,,-9.359533309936523,2.871246337890625
1753064882604,0.8924387097358704,,
1753064882605,0.5907692909240723,-9.450512886047363,3.333327293395996
1753064882673,0.2172738015651703,-8.868721961975098,3.2591071128845215
1753064882740,-0.23523031175136566,-8.727463722229004,3.472191095352173
1753064882741,,,3.1250317096710205
1753064882806,-0.44592007994651794,-8.303689956665039,3.4075474739074707
1753064882874,-0.1562216579914093,-8.406641006469727,3.97257924079895
1753064882940,2.0440497398376465,-9.481637001037598,4.161721229553223
1753064883004,0.7918822169303894,,
1753064883005,,-7.781754016876221,3.8576574325561523
1753064883073,0.7272387742996216,,
1753064883074,0.7248445749282837,-7.956530570983887,4.025251388549805
1753064883140,1.6154875755310059,-9.725846290588379,4.499303340911865
1753064883206,-0.2519897222518921,-9.421782493591309,4.592677593231201
1753064883277,-0.19452889263629913,-8.76577091217041,3.6278140544891357
1753064883340,1.4933832883834839,-9.43135929107666,3.029263734817505
1753064883406,0.7870938181877136,-9.814431190490723,4.939836502075195
1753064883473,2.982576847076416,,
1753064883474,2.9059622287750244,-7.580641269683838,3.936666250228882
1753064883540,2.4654293060302734,-7.846397399902344,4.4705729484558105
1753064883605,2.0632033348083496,,
1753064883606,,-7.834426403045654,4.200028419494629
1753064883673,0.557250440120697,,
1753064883674,0.2603694200515747,-7.944559574127197,4.451419353485107
1753064883739,0.5692214369773865,,
1753064883740,0.7224503755569458,-8.480860710144043,4.5423994064331055
1753064883805,0.4040215313434601,,
1753064883806,,-8.418611526489258,4.0994720458984375
1753064883872,0.3034650683403015,,
1753064883873,0.22685061395168304,-9.03631591796875,4.049193859100342
1753064883939,0.27473464608192444,-8.454524993896484,3.4578258991241455
1753064884006,-0.228047713637352,-8.720281600952148,3.752312660217285
1753064884072,-0.30705636739730835,-9.48882007598877,
1753064884073,,,3.912724018096924
1753064884140,-0.8122329115867615,,
1753064884142,,-9.335591316223145,3.3907880783081055
1753064884206,-0.32620999217033386,-9.510367393493652,4.425083160400391
1753064884274,-0.7332242727279663,-11.655572891235352,7.393893241882324
1753064884340,-4.733935356140137,,
1753064884341,-5.504868030548096,-4.8895583152771,-1.9267338514328003
1753064884405,2.5516204833984375,,
1753064884406,,-12.450447082519531,0.8505401611328125
1753064884473,-2.2008697986602783,-9.316437721252441,
1753064884474,,-9.287707328796387,1.1330559253692627
1753064884540,1.5221136808395386,,
1753064884541,1.809417963027954,-10.499173164367676,1.2575544118881226
1753064884607,0.7703344225883484,-8.98124885559082,2.07397723197937
1753064884672,0.8876502513885498,-9.914987564086914,2.16495680809021
1753064884740,0.7104793787002563,,
1753064884741,0.8541314601898193,-9.254188537597656,0.41718965768814087
1753064884807,0.8421604633331299,-10.458471298217773,0.4076128304004669
1753064884871,-0.17298106849193573,,
1753064884872,,-9.620500564575195,-0.6625953316688538
1753064884940,1.0576386451721191,-10.386645317077637,-0.6458359360694885
1753064885006,-0.6302735805511475,-9.359533309936523,-0.17178396880626678
1753064885072,0.5524620413780212,-10.28130054473877,-0.14065934717655182
1753064885139,0.5859808921813965,-10.389039993286133,-0.26755204796791077
1753064885206,0.45669397711753845,-10.992378234863281,-0.9666589498519897
1753064885274,-1.391629695892334,,
1753064885275,-2.390011787414551,-10.183138847351074,0.900818407535553
1753064885341,-1.3389573097229004,-10.501566886901855,-0.2867056429386139
1753064885408,-0.4578910768032074,-9.000402450561523,0.6422445774078369
1753064885472,0.9163807034492493,-9.984419822692871,-0.4926069974899292
1753064885540,0.11911153793334961,,
1753064885541,,-10.64282512664795,
1753064885542,,-10.628459930419922,-0.6889315247535706
1753064885608,1.5101426839828491,-10.645218849182129,
1753064885610,,,0.5273229479789734
1753064885648,0.24361002445220947,-9.393052101135254,0.8912416100502014
1753064885714,-0.7691373229026794,,
1753064885715,-1.1330559253692627,-8.715493202209473,0.7212532758712769
1753064885782,-0.6159083843231201,,
1753064885783,,-7.537545680999756,1.1139023303985596
1753064885848,-0.7380126714706421,-7.642890453338623,1.5855600833892822
1753064885915,1.447893500328064,,
1753064885916,1.3114240169525146,-9.239823341369629,4.939836502075195
1753064885984,0.9666589498519897,-10.729016304016113,5.684433460235596
1753064886050,0.8421604633331299,-7.192780494689941,3.3213562965393066
1753064886116,-1.9087773561477661,-8.485649108886719,0.40521863102912903
1753064886181,-6.345232963562012,-20.56439781188965,9.108141899108887
1753064886247,4.155735492706299,-3.510498285293579,-8.094197273254395
1753064886248,,,-3.1070752143859863
1753064886315,0.04728548228740692,-14.552556037902832,1.5855600833892822
1753064886381,-4.106654644012451,-8.136096000671387,1.4586673974990845
1753064886448,1.6825252771377563,,
1753064886449,1.1797429323196411,-10.051457405090332,1.0636241436004639
1753064886515,-0.8936358094215393,-8.909422874450684,
1753064886516,,,0.16101007163524628
1753064886580,-1.5999252796173096,,
1753064886581,-0.778714120388031,-10.58536434173584,1.9303251504898071
1753064886648,-1.061229944229126,,
1753064886649,-0.7380126714706421,-9.302072525024414,1.6980875730514526
1753064886715,0.15502455830574036,-9.563039779663086,
1753064886716,,,0.5033808946609497
1753064886783,-0.8768763542175293,-9.814431190490723,1.0660183429718018
1753064886848,-0.8529343605041504,,
1753064886849,,-9.70429801940918,0.618302583694458
1753064886916,-1.0779893398284912,-9.85034465789795,-0.04967968538403511
1753064886984,-1.0396820306777954,,
1753064887049,-0.6661866307258606,-9.6803560256958,
1753064887050,,,-0.3728969097137451
1753064887115,-1.4562731981277466,-9.924564361572266,-0.05686229094862938
1753064887181,-1.813009262084961,-9.345168113708496,-0.6338648796081543
1753064887247,-2.32297420501709,-9.833584785461426,0.9080010056495667
1753064887318,-1.2216414213180542,-9.294889450073242,-1.0001777410507202
1753064887382,-2.2703018188476562,-9.991601943969727,-0.7990648150444031
1753064887449,-2.1051018238067627,-9.57979965209961,
1753064887450,,-9.428964614868164,-0.7559691667556763
1753064887516,-2.2008697986602783,,
1753064887517,,-9.958083152770996,0.6087257862091064
1753064887581,-2.5312697887420654,-9.445724487304688,0.2495955228805542
1753064887649,-1.7818846702575684,,
1753064887650,,-9.64923095703125,-0.24600422382354736
1753064887715,-1.5592238903045654,,
1753064887716,,-9.584588050842285,0.30226796865463257
1753064887783,-2.454655408859253,-9.469666481018066,0.26156654953956604
1753064887849,-2.0667946338653564,-9.749788284301758,-0.20769700407981873
1753064887916,-3.5248634815216064,,
1753064887917,-3.6134488582611084,-9.75936508178711,0.8888474106788635
1753064887982,-2.449866771697998,,
1753064887983,,-9.622895240783691,1.3652935028076172
1753064888048,-1.7699135541915894,-9.40023422241211,1.0779893398284912
1753064888116,-2.449866771697998,-8.468890190124512,1.1929110288619995
1753064888183,-1.6382324695587158,-7.726687431335449,-1.8812439441680908
1753064888248,-6.038775444030762,-12.285247802734375,-0.8780734539031982
1753064888316,-2.16495680809021,,
1753064888317,0.9259575009346008,-10.954071044921875,0.6637924313545227
1753064888385,4.438251495361328,-9.37389850616455,1.6238672733306885
1753064888449,1.1941081285476685,-12.56536865234375,0.8313865661621094
1753064888516,-1.8824410438537598,-6.251859188079834,3.714005470275879
1753064888581,3.5260605812072754,,
1753064888582,2.1541829109191895,-11.301230430603027,2.4833858013153076
1753064888648,-1.346139907836914,-9.926959037780762,4.343680381774902
1753064888716,-0.9894038438796997,-7.202357292175293,2.540846586227417
1753064888783,-1.0157400369644165,,
1753064888784,-3.7020344734191895,-10.16637897491455,7.446565628051758
1753064888847,-1.4443022012710571,-7.3651628494262695,
1753064888848,,,8.18876838684082
1753064888916,-0.40282443165779114,,
1753064888917,-0.25438392162323,-8.18876838684082,4.446630954742432
1753064888982,-5.351639270782471,,
1753064888983,-8.40424633026123,-3.3213562965393066,-3.751115560531616
1753064889047,-5.126584529876709,,
1753064889048,-5.787384033203125,-15.943587303161621,-4.387973308563232
1753064889118,5.553949356079102,,
1753064889119,,-11.4448823928833,17.655441284179688
1753064889182,-1.470638394355774,-6.180033206939697,10.80084228515625
1753064889247,2.757521867752075,-7.954136371612549,-4.366425514221191
1753064889315,-5.042787551879883,-13.183073043823242,
1753064889316,,-13.671490669250488,1.9039889574050903
1753064889382,-1.0684125423431396,,
1753064889383,-1.5089455842971802,-8.002020835876465,-2.649782657623291
1753064889448,-1.7747019529342651,-10.484807968139648,-0.641047477722168
1753064889515,-0.8744821548461914,,
1753064889516,,-9.065046310424805,0.7954735159873962
1753064889582,-1.4634557962417603,-9.934141159057617,-0.3585317134857178
1753064889649,-4.324526786804199,-9.395445823669434,1.1713632345199585
1753064889715,-0.383670836687088,,
1753064889716,-1.568800687789917,-9.946112632751465,-2.271498918533325
1753064889782,-2.3086090087890625,-9.304466247558594,
1753064889783,,,0.30705636739730835
1753064889847,-2.672527551651001,-10.322002410888672,0.35733461380004883
1753064889915,-2.3684639930725098,-10.427347183227539,4.496909141540527
1753064889981,-5.662885665893555,-7.338826656341553,
1753064889982,,,2.2391772270202637
1753064890047,1.9961656332015991,-9.469666481018066,-0.4902127981185913
1753064890114,-2.081159830093384,,
1753064890115,,-6.9461774826049805,1.7052701711654663
1753064890181,-7.439383029937744,,
1753064890182,,-10.381856918334961,3.0101101398468018
1753064890254,-5.131372928619385,-13.77204704284668,9.46487808227539
1753064890313,1.9650410413742065,-8.598176956176758,
1753064890314,,,0.800261914730072
1753064890381,1.732803463935852,,
1753064890382,,-7.3651628494262695,0.5273229479789734
1753064890448,-4.6285905838012695,,
1753064890449,-9.725846290588379,-8.91181755065918,8.447341918945312
1753064890514,-0.02454056777060032,-10.482413291931152,
1753064890515,,,-3.8133647441864014
1753064890582,-2.5911247730255127,-7.346009254455566,0.536899745464325
1753064890647,-0.49619829654693604,,
1753064890648,,-9.029132843017578,-2.4151508808135986
1753064890713,-3.2998085021972656,,
1753064890714,-3.0651767253875732,-13.216591835021973,-0.7416039705276489
1753064890781,-2.452261209487915,,
1753064890782,,-8.191162109375,-1.2802993059158325
1753064890848,-1.8608932495117188,-10.444106101989746,-0.13826514780521393
1753064890907,-3.795408248901367,,
1753064890908,,-10.22144603729248,0.3860650360584259
1753064890973,-3.5224692821502686,-8.79928970336914,1.9806033372879028
1753064891039,-0.922366201877594,-9.802460670471191,0.42197805643081665
1753064891040,,,-0.08319851011037827
1753064891105,-3.4410665035247803,-9.869498252868652,1.2312182188034058
1753064891173,-4.180874824523926,-8.217498779296875,0.8026561141014099
1753064891240,-4.472967147827148,-9.493608474731445,1.427542805671692
1753064891305,-3.359663486480713,,
1753064891306,,-9.874286651611328,1.9662381410598755
1753064891373,-1.5017629861831665,-7.561487674713135,0.31184476613998413
1753064891440,-5.832873821258545,-8.456918716430664,2.0452468395233154
1753064891505,-5.0284223556518555,-9.086593627929688,
1753064891506,,,2.186504602432251
1753064891959,-4.666897773742676,,
1753064891960,,-8.272565841674805,3.048417329788208
1753064891966,-3.8528690338134766,-8.272565841674805,2.667739152908325
1753064892006,-3.3189620971679688,,
1753064892007,,-6.948571681976318,2.631826162338257
1753064892008,,,2.8425159454345703
1753064892030,-3.4793736934661865,-10.647613525390625,2.272696018218994
1753064892096,-4.192845821380615,-8.940547943115234,2.8329391479492188
1753064895819,-3.8361096382141113,,
1753064895820,,-8.830414772033691,2.780266761779785
1753064895823,-3.5679590702056885,-11.634024620056152,
1753064895824,,-12.761693954467773,3.553593873977661
1753064895891,1.148618221282959,,
1753064895892,-1.2958617210388184,-7.314884662628174,1.7268179655075073
1753064895958,-1.2288240194320679,,
1753064895959,,-5.337274074554443,1.0636241436004639
1753064896108,-3.132214307785034,,
1753064896109,,-13.788805961608887,7.436988830566406
1753064896153,-0.21607670187950134,,
1753064896154,-0.4554968774318695,-9.326014518737793,-0.7823054194450378
1753064896218,0.13826514780521393,-9.867103576660156,-0.2124854028224945
1753064896285,-2.0883424282073975,-10.381856918334961,0.02454056777060032
1753064896286,,,-0.1909375786781311
1753064896352,-2.0189106464385986,-9.108141899108887,0.28550854325294495
1753064896418,-1.1976994276046753,-10.262146949768066,-0.011372458189725876
1753064896486,-2.624643564224243,-9.405022621154785,1.0540473461151123
1753064896553,-2.825756549835205,-9.895833969116211,2.121861219406128
1753064896618,-1.3605051040649414,-8.85675048828125,0.40521863102912903
1753064896686,-3.714005470275879,,
1753064896687,,-8.521562576293945,0.4554968774318695
1753064896753,-1.8010382652282715,-10.140042304992676,-1.270722508430481
1753064896818,-4.152144432067871,,
1753064896819,-2.830544948577881,-7.8056960105896,-0.262763649225235
1753064896886,0.15502455830574036,-7.889492988586426,0.14903905987739563
1753064896956,-0.10354922711849213,-9.948506355285645,
1753064896957,,,1.6310498714447021
1753064897019,-6.656479358673096,,
1753064897020,,-7.62373685836792,6.864774703979492
1753064897087,-4.149750232696533,,
1753064897088,,-13.458406448364258,-2.9921536445617676
1753064897153,2.633023262023926,,
1753064897154,-0.2041056901216507,-8.873510360717773,-1.8261773586273193
1753064897219,-2.4139537811279297,,
1753064897220,-3.867234230041504,-11.86147403717041,-0.1885433793067932
1753064897287,-4.070741653442383,,
1753064897288,,-8.715493202209473,0.005386953707784414
1753064897354,0.2124854028224945,-9.965266227722168,0.25917232036590576
1753064897419,-2.0835540294647217,,
1753064897420,,-9.780912399291992,0.7236474752426147
1753064897489,-2.581547975540161,,
1753064897490,,-9.266159057617188,1.4203602075576782
1753064897553,-2.516904592514038,,
1753064897554,-1.0708067417144775,-9.797672271728516,-2.1302409172058105
1753064897619,-4.839280128479004,-10.324396133422852,2.9454667568206787
1753064897687,-3.579930067062378,-10.350732803344727,2.7682957649230957
1753064897753,-0.6446388363838196,,
1753064897754,,-7.954136371612549,-1.426345705986023
1753064897819,-3.469796895980835,,
1753064897820,,-8.579023361206055,0.3621230125427246
1753064897885,-3.0771477222442627,-8.61972427368164,1.1857284307479858
1753064897953,-3.397970676422119,-9.120112419128418,1.1330559253692627
1753064898022,-3.3668460845947266,-8.727463722229004,1.6502034664154053
1753064898085,-3.752312660217285,-8.662819862365723,
1753064898086,,,1.2336124181747437
1753064898306,-3.7403416633605957,-9.270947456359863,1.3174095153808594
1753064898311,-5.387552261352539,-9.630077362060547,0.18495208024978638
1753064898377,-5.794566631317139,-10.92534065246582,-0.04010287672281265
1753064898442,-2.361281394958496,,
1753064898443,-2.4019827842712402,-8.176796913146973,-0.518943190574646
1753064900380,-2.478597402572632,,
1753064900381,-2.1745336055755615,-10.113706588745117,-1.4838064908981323
1753064900390,-2.4905683994293213,-9.541492462158203,-0.4231751561164856
1753064900460,-2.7994203567504883,,
1753064900461,,-9.25179386138916,-1.0121487379074097
1753064900525,-2.411559581756592,-9.673172950744629,
1753064900526,,,-0.5333084464073181
1753064900693,-2.0213048458099365,,
1753064900694,-2.1936872005462646,-9.560646057128906,-0.6147112846374512
1753064900762,-1.8273744583129883,,
1753064900763,,-9.656414031982422,-0.6625953316688538
1753064900829,-1.003769040107727,-9.778518676757812,
1753064900830,,,-1.1773487329483032
1753064900895,-2.210446834564209,,
1753064900896,-1.367687702178955,-9.323619842529297,-0.18375498056411743
1753064900962,-1.5304933786392212,-9.749788284301758,
1753064900963,,-9.634865760803223,-1.182137131690979
1753064901030,-2.8832173347473145,-9.294889450073242,-0.6602011322975159
1753064901097,-0.5009866952896118,-9.8599214553833,
1753064901098,,,-1.445499300956726
1753064901163,-1.7842788696289062,,
1753064901164,,-9.639654159545898,-0.4854243993759155
1753064901231,-1.3772644996643066,-9.412205696105957,-1.206079125404358
1753064901299,-1.9159599542617798,-9.685144424438477,-0.6147112846374512
1753064901363,-3.4841620922088623,-8.638877868652344,-1.488594889640808
1753064901419,-1.6310498714447021,-10.015543937683105,-1.2443863153457642
1753064901483,-0.5728127360343933,-9.668384552001953,-1.148618221282959
1753064901551,-3.158550500869751,-9.656414031982422,0.30466216802597046
1753064901617,-0.517746090888977,-9.742605209350586,-1.0743980407714844
1753064901683,-2.7036523818969727,-9.450512886047363,-0.1215057373046875
1753064901751,-3.0771477222442627,,
1753064901752,-4.116231441497803,-10.887033462524414,0.7523778676986694
1753064901818,-6.694786548614502,-12.1008939743042,4.997297286987305
1753064901884,-5.4210710525512695,-7.542334079742432,
1753064901885,,-12.000337600708008,-1.002571940422058
1753064901952,2.429516077041626,-10.786477088928223,3.266289710998535
1753064902019,-3.1082723140716553,-5.236717700958252,1.8896236419677734
1753064902083,-4.228758811950684,,
1753064902084,,-6.766612529754639,2.4594438076019287
1753064902152,-5.0020856857299805,,
1753064902153,-5.251082897186279,-6.938994884490967,3.3285388946533203
1753064902218,-7.666832447052002,-13.254899024963379,5.270236492156982
1753064902285,-2.516904592514038,-4.348468780517578,-2.585139274597168
1753064902350,-3.1058781147003174,,
1753064902351,,-11.959635734558105,2.7084407806396484
1753064902419,-4.444236755371094,-7.120954513549805,3.883993625640869
1753064902484,-2.897582530975342,,
1753064902485,-2.7060465812683105,-9.582193374633789,3.024475336074829
1753064902550,-3.8121676445007324,-9.563039779663086,
1753064902551,,,0.08918401598930359
1753064902618,-2.2703018188476562,-9.725846290588379,0.9367313981056213
1753064906386,-2.205658197402954,,
1753064906387,-3.6733038425445557,-8.849568367004395,1.3365631103515625
1753064906397,-2.2391772270202637,,
1753064906398,,-9.421782493591309,0.14903905987739563
1753064906466,-1.6813281774520874,,
1753064906467,-1.8465280532836914,-9.290101051330566,-0.24839842319488525
1753064906533,-2.940678119659424,-9.563039779663086,1.0229226350784302
1753064906669,-1.0444705486297607,-9.601346969604492,-1.325789213180542
1753064906722,-2.1793220043182373,,
1753064906723,,-9.876680374145508,0.12030863761901855
1753064906785,-2.56000018119812,,
1753064906786,-1.547252893447876,-9.237428665161133,-0.9068039059638977
1753064906853,-1.4562731981277466,-9.366715431213379,-0.1215057373046875
1753064906920,-1.4395138025283813,-10.039485931396484,1.9231425523757935
1753064906986,-2.7730841636657715,,
1753064906987,-3.227982521057129,-9.893440246582031,1.4993687868118286
1753064907054,-3.1657330989837646,-8.94773006439209,2.030881643295288
1753064907120,-2.1051018238067627,-8.847173690795898,-0.34656068682670593
1753064907187,-2.519298791885376,-9.462483406066895,2.07397723197937
1753064907254,-2.1505916118621826,-8.935759544372559,1.2862848043441772
1753064907321,-3.539228677749634,,
1753064907322,,-8.904634475708008,2.2248120307922363
1753064907387,-3.089118719100952,-8.899846076965332,2.562394380569458
1753064907454,-3.759495258331299,-9.237428665161133,2.607884168624878
1753064907520,-3.3740286827087402,-8.629301071166992,2.648585557937622
1753064907587,-2.895188331604004,-8.143278121948242,2.691681146621704
1753064907654,-3.3213562965393066,,
1753064907655,,-8.916605949401855,2.9263129234313965
1753064907721,-4.147356033325195,-9.419387817382812,3.5655648708343506
1753064907788,-3.62302565574646,-8.298901557922363,1.9494787454605103
1753064907854,-4.451419353485107,-9.175179481506348,3.0627825260162354
1753064907920,-4.820126533508301,,
1753064907921,,-8.73225212097168,1.8201918601989746
1753064907987,-3.7427358627319336,-9.40023422241211,1.0684125423431396
1753064908054,-2.6414029598236084,-8.464101791381836,1.614290475845337
1753064908120,-2.8832173347473145,,
1753064908121,,-9.493608474731445,1.9734207391738892
1753064908187,-3.9031472206115723,-8.449736595153809,2.1338322162628174
1753064908253,-2.6653449535369873,-9.211092948913574,1.489791989326477
1753064908320,-3.2615013122558594,-8.830414772033691,2.3325510025024414
1753064908387,-1.896806240081787,-9.407417297363281,0.9654618501663208
1753064908452,-0.292691171169281,,
1753064908453,-0.5464765429496765,-10.226234436035156,-0.23163901269435883
1753064908520,-3.0603883266448975,,
1753064908521,,-9.242217063903809,1.4083890914916992
1753064908587,-2.255936622619629,-8.942941665649414,0.9487023949623108
1753064911926,0.4255693554878235,,
1753064911927,-3.4171242713928223,,
1753064911928,,-10.389039993286133,0.6159083843231201
1753064911936,-3.558382272720337,-11.210250854492188,4.963778495788574
1753064911980,-1.449090600013733,,
1753064911981,-1.1929110288619995,-12.936470031738281,0.12270283699035645
1753064912047,-3.352480888366699,-8.282142639160156,-0.11192893236875534
1753064912113,-2.361281394958496,-9.661202430725098,1.4443022012710571
1753064912180,-2.2679076194763184,-9.297284126281738,0.6326677799224854
1753064917781,-2.586336374282837,,
1753064917782,-3.3716344833374023,-9.452906608581543,
1753064917783,,-8.897452354431152,0.7284358739852905
1753064917784,,,2.8832173347473145
1753064917785,-3.1250317096710205,,
1753064917793,-3.7403416633605957,,
1753064917794,,-9.352350234985352,0.6254851818084717
1753064917840,-2.181716203689575,-9.40023422241211,0.9870096445083618
1753064917905,-3.400364875793457,-9.165602684020996,0.35254621505737305
1753064917971,-3.41951847076416,-8.974066734313965,0.1538274586200714
1753064917972,,,0.7356184720993042
1753064918038,-2.0236990451812744,-9.871891975402832,2.0452468395233154
1753064920514,-2.3540987968444824,-9.302072525024414,-0.10235211998224258
1753064920524,1.2874820232391357,-7.76020622253418,0.8912416100502014
1753064920594,-1.7794904708862305,-11.085752487182617,6.287772178649902
1753064920659,-3.838503837585449,,
1753064920660,,-9.52473258972168,2.5336639881134033
1753064924242,-1.8177976608276367,-9.603741645812988,
1753064924243,,-9.268553733825684,2.3540987968444824
1753064924252,-4.4825439453125,-8.751405715942383,1.1234791278839111
1753064924253,,,1.0779893398284912
1753064924305,-3.534440279006958,,
1753064924306,-4.082712650299072,-9.6803560256958,
1753064924307,,-9.998785018920898,1.4347254037857056
1753064924373,-4.310161590576172,-9.007585525512695,0.02693476900458336
1753064924441,-3.5200750827789307,-9.227851867675781,-0.4638765752315521
1753064924505,-1.8058266639709473,,
1753064924506,,-9.563039779663086,-0.24361002445220947
1753064924572,-2.7682957649230957,,
1753064924573,-2.8568811416625977,-9.642048835754395,5.985504249110818E-4
1753064926594,-1.0636241436004639,,
1753064926595,-1.9422961473464966,-9.335591316223145,-1.5508441925048828
1753064926600,-1.7363947629928589,,
1753064926601,-1.367687702178955,-9.045892715454102,-0.8565256595611572
1753064926662,-2.124255418777466,,
1753064926663,-3.539228677749634,-8.91421127319336,-1.2348095178604126
1753064926730,-1.1665748357772827,-11.030685424804688,
1753064926731,,-9.998785018920898,0.9487023949623108
1753064928448,-0.900818407535553,-8.950124740600586,-2.762310266494751
1753064928453,-4.2527008056640625,,
1753064928454,-4.159327030181885,-8.746617317199707,0.26396074891090393
1753064928517,-3.244741916656494,-8.918999671936035,-0.5165489912033081
1753064928583,-3.599083662033081,-8.523956298828125,0.314238965511322
1753064930484,-4.381987571716309,,
1753064930485,-4.118625640869141,-8.85675048828125,0.38127660751342773
1753064930492,-1.9015947580337524,-9.517550468444824,0.5201402902603149
1753064930553,-1.1139023303985596,,
1753064930554,,-9.730634689331055,0.9056068062782288
1753064930620,-1.1737574338912964,-9.716269493103027,
1753064930621,,-9.455301284790039,2.102707624435425
1753064936321,-1.8393454551696777,,
1753064936322,-1.6956933736801147,-9.450512886047363,1.391629695892334
1753064936323,-2.0691888332366943,-9.567828178405762,-0.9068039059638977
1753064936326,-1.2910733222961426,-9.756970405578613,
1753064936327,,,-0.3058592677116394
1753064936389,-0.7882909178733826,,
1753064936390,,-9.510367393493652,-0.3274070918560028
1753064936456,-0.26156654953956604,,
1753064936457,-0.2998737692832947,-9.242217063903809,-1.146224021911621
1753064940520,-0.28550854325294495,,
1753064940521,,-9.5223388671875,-0.8948329091072083
1753064940522,,,-0.7296329736709595
1753064940523,0.9091981053352356,,
1753064940524,,-9.479243278503418,
1753064940529,-2.646191358566284,,
1753064940530,,-14.447211265563965,3.4626142978668213
1753064940600,2.6617536544799805,-12.606070518493652,2.3924059867858887
1753064940665,-2.315791606903076,-11.4448823928833,-1.8620903491973877
1753064940859,1.6274585723876953,,
1753064940860,5.261856555938721,-10.046669006347656,3.66851544380188
1753064940861,1.4838064908981323,-15.730504035949707,5.998073577880859
1753064940862,,,-2.824559450149536
1753064940941,0.9882067441940308,,
1753064940942,0.5476736426353455,-15.088857650756836,-4.462193489074707
1753064940996,-0.4387374520301819,-7.93019437789917,-5.24030876159668
1753064940997,,,-5.297770023345947
1753064941061,-3.335721492767334,-8.76577091217041,-5.278616428375244
1753064941104,6.5283894538879395,-8.114547729492188,5.219958305358887
1753064941170,1.6609774827957153,,
1753064941171,-7.477690696716309,-2.562394380569458,-0.09038111567497253
1753064941184,-3.4626142978668213,,
1753064941185,,-3.493738889694214,6.886322498321533
1753064941248,0.7032967209815979,,
1753064941249,,-0.1454477459192276,12.422914505004883
1753064941321,-2.9454667568206787,-2.2906525135040283,10.705074310302734
1753064941383,-2.765901565551758,-1.7256208658218384,9.424176216125488
1753064941442,-0.12749123573303223,1.2216414213180542,10.10173511505127
1753064941444,-1.1103110313415527,1.0360907316207886,7.634510517120361
1753064941509,-0.8816647529602051,1.8046295642852783,5.425859451293945
1753064941577,-1.544858694076538,,
1753064941578,-0.6590040326118469,1.3126211166381836,9.632472038269043
1753064941644,-0.9139865040779114,1.9853917360305786,8.568249702453613
1753064941713,-0.7679402232170105,2.057217836380005,9.727043151855469
1753064941806,-0.619499683380127,1.425148606300354,11.365874290466309
1753064941897,-0.07721300423145294,2.3074119091033936,8.303689956665039
1753064941960,0.7846996188163757,2.759916067123413,9.946112632751465
1753064942010,1.512536883354187,1.7495628595352173,11.186308860778809
1753064942038,-0.2017114907503128,2.3576900959014893,9.189544677734375
1753064942096,-0.36332011222839355,2.1924901008605957,8.726266860961914
1753064942127,1.3796586990356445,3.162141799926758,
1753064942130,,,9.586981773376465
1753064942165,0.6542156338691711,2.934692621231079,9.633668899536133
1753064942202,0.48901569843292236,1.8381483554840088,9.831191062927246
1753064942263,-0.6817489266395569,1.4730325937271118,9.205106735229492
1753064942266,0.8182184100151062,3.2543187141418457,
1753064942267,,,9.446921348571777
1753064942334,0.6949170231819153,3.2172086238861084,9.86231517791748
1753064942398,0.33698388934135437,3.421912670135498,9.600150108337402
1753064942467,0.0077811554074287415,,
1753064942468,,3.109469413757324,9.9185791015625
1753064942534,-0.45429977774620056,3.311779499053955,9.171587944030762
1753064942600,-0.0077811554074287415,2.824559450149536,9.12849235534668
1753064942667,0.8134300112724304,3.1010897159576416,9.420584678649902
1753064942734,0.0017956512747332454,2.6402058601379395,9.537900924682617
1753064942800,-0.14065934717655182,2.7036523818969727,
1753064942801,,,10.274118423461914
1753064942866,-0.2495955228805542,3.06876802444458,
1753064942867,,,8.541913032531738
1753064942934,-0.4471171796321869,2.959831953048706,9.21707820892334
